﻿Artist,cnt
아이유(IU),652.0
성시경,558.0
버스커 버스커(Busker Busker),470.0
김건모,383.0
박효신,353.0
김동률,348.0
쿨(COOL),340.0
SG워너비,329.0
김범수,325.0
싸이(Psy),296.0
김연우,290.0
BIGBANG,285.0
씨스타(Sistar),284.0
프라이머리(Primary),273.0
어반 자카파(Urban Zakapa),269.0
케이윌(K.Will),253.0
노을,252.0
휘성,247.0
터보(Turbo),220.0
바이브(Vibe),217.0
브라운 아이즈(Brown Eyes),211.0
10cm(십센치),207.0
윤종신,203.0
브라운 아이드 소울(Brown Eyed Soul),201.0
스탠딩 에그(Standing Egg),189.0
나얼(Na-Ul),184.0
빈지노(Beenzino),184.0
제이벨(J BEL),180.0
에일리(Ailee),179.0
버즈(Buzz),175.0
거미,171.0
허각,170.0
토이(Toy),170.0
알리(Ali),163.0
이적,163.0
가을방학,162.0
에이핑크(Apink),162.0
투애니원(2NE1),161.0
다비치,161.0
박정현,161.0
임창정,161.0
조성모,157.0
럼블 피쉬(Rumble Fish),156.0
엄정화,151.0
리쌍(Leessang),151.0
G-DRAGON,151.0
원 모어 찬스(one more chance),146.0
린(LYn),145.0
지아(Zia),145.0
어쿠스틱 콜라보(Acoustic Collabo),144.0
부활,141.0
김현정,141.0
포맨,137.0
커피소년,137.0
소녀시대,136.0
로이킴,136.0
다이나믹 듀오(Dynamic Duo),135.0
윤하(Younha/ユンナ),132.0
임재범,132.0
엠씨 더 맥스(M.C the Max),131.0
이문세,131.0
걸스데이(Girl's Day),126.0
Zion.T,124.0
바닐라 어쿠스틱(Vanilla Acoustic),123.0
버벌진트(Verbal Jint),123.0
이선희,121.0
이소라,121.0
비스트(Beast),120.0
서영은,120.0
백지영,120.0
지누션(Jinusean),120.0
왁스(Wax),118.0
제이레빗(J Rabbit),118.0
정준일 [메이트],117.0
나윤권,116.0
정동하,113.0
S.E.S.,113.0
화요비,112.0
플라이 투 더 스카이(Fly To The Sky),111.0
이은미,109.0
보아(BoA),107.0
클래지콰이(Clazziquai),107.0
40(포티),106.0
박혜경,105.0
에피톤 프로젝트(Epitone Project),103.0
김종국,103.0
이승철,102.0
이승기,102.0
옥상달빛,102.0
포지션(Position),101.0
오렌지캬라멜(Orange Caramel),101.0
별,101.0
페퍼톤스(Peppertones),101.0
에프엑스(f(x)),101.0
DJ DOC,99.0
팀(Tim),99.0
정인,99.0
악동뮤지션(AKMU),99.0
2AM,97.0
가인 [브라운아이드걸스],97.0
울랄라세션(Ulala Session),96.0
브라운 아이드 걸스,95.0
윤도현,95.0
이기찬,95.0
노리플라이(no reply),94.0
Lucia(심규선),94.0
이승환,92.0
코요태,91.0
테이(Tei),90.0
이수영,89.0
라디(Ra.D),88.0
바비 킴(Bobby Kim),86.0
빅마마(Big Mama),86.0
에이오에이(AOA),85.0
긱스(Geeks),84.0
MC 몽,83.0
박진영,83.0
에픽 하이(Epik High),82.0
제이(J.ae),82.0
공일오비(015B),81.0
티아라(T-ara),79.0
소찬휘,78.0
이정현,77.0
김태우,77.0
EXID(이엑스아이디),77.0
지오디(god),75.0
브로콜리너마저,74.0
넬(Nell),74.0
양파,74.0
전람회,74.0
소란(Soran),73.0
요조(Yozoh),72.0
포스트맨(Postmen),72.0
박새별,72.0
애즈 원(As One),72.0
리즈(Leeds),71.0
스윗소로우(SWEET SORROW),70.0
김조한,70.0
BMK,70.0
박지윤,70.0
현아 [포미닛],70.0
캐스커(Casker),67.0
장혜진,67.0
유리상자,67.0
동방신기(TVXQ!),66.0
데이브레이크(daybreak),66.0
슈프림팀(Supreme Team),65.0
거북이,65.0
아이비(IVY),64.0
뱅크(Bank),64.0
레인보우(Rainbow),64.0
하림,64.0
장나라,63.0
원더걸스(Wonder Girls),62.0
신승훈,62.0
크레용팝(Crayon Pop),60.0
임정희,60.0
신용재 [4men],60.0
슈가볼(Sugarbowl),60.0
러브홀릭(Loveholic),60.0
먼데이 키즈(Monday Kiz),59.0
박재범(Jay Park),59.0
안녕 바다,59.0
스웨덴세탁소,58.0
박명수,58.0
유엔(UN),57.0
참깨와 솜사탕,57.0
윤건,57.0
하동균,57.0
짙은(Zitten),57.0
김윤아,57.0
장재인,56.0
에디킴,56.0
델리 스파이스(Deli Spice),56.0
소유,56.0
정키(Jung Key),56.0
EXO,55.0
포미닛(4minute),55.0
유희열,55.0
영턱스클럽(YTC),54.0
지나(G.NA),54.0
카라(Kara),54.0
시크릿(Secret),53.0
디어(d.ear),52.0
이효리,52.0
크러쉬(Crush),51.0
존 박(John Park),51.0
룰라(Roo'Ra),51.0
몽니(Monni),51.0
소심한 오빠들(Sosimboys),51.0
WINNER,50.0
루싸이트 토끼,50.0
솔리드(Solid),49.0
JUNIEL(주니엘),49.0
임현정,49.0
2PM,49.0
보보(Bobo),49.0
미쓰 에이(miss A),48.0
박미경,48.0
김광진,48.0
브이원 (V.One),47.0
더 원(The One),47.0
정기고(Junggigo),47.0
처진 달팽이(유재석 & 이적),46.0
언니네 이발관,46.0
레이디스 코드(LADIES' CODE),45.0
배치기,44.0
조장혁,44.0
랄라스윗(lalasweet),43.0
타루(Taru),43.0
허밍 어반 스테레오(Humming Urban Stereo),43.0
태양,43.0
자자(Zaza),42.0
YB,42.0
김현철,42.0
나인뮤지스(Nine Muses),42.0
박정운,42.0
폴킴(Paul Kim),42.0
산이(San E),42.0
에코(ECO),42.0
김장훈,41.0
더 클래식(The Classic),41.0
김지수,40.0
자우림(Jaurim),40.0
쥬얼리(Jewelry),40.0
베란다 프로젝트(Verandah Project),40.0
두번째 달,40.0
김현성,40.0
씨야(SeeYa),40.0
블락비(Block B),40.0
주영(JooYoung),39.0
CHEEZE,39.0
디셈버(December),38.0
박완규,38.0
투엘슨(2LSON),38.0
윈터플레이(Winterplay),38.0
혁오(hyukoh),38.0
딕펑스(Dick Punks),37.0
창민,36.0
좋아서 하는 밴드,36.0
양정승(Kiroy Y),36.0
이한철,36.0
스윙스(Swings),35.0
보드카 레인(Vodka Rain),35.0
이하이,35.0
어쿠루브(Acourve),35.0
조용필,35.0
루시드 폴(Lucid Fall),35.0
야다(Yada),34.0
디어 클라우드(Dear Cloud),34.0
윤한(Yoonhan),34.0
프리 스타일(Free Style),34.0
이루(Eru),34.0
조규찬,34.0
김민종,34.0
동경소녀,34.0
정재욱,33.0
유피(UP),33.0
써니힐(Sunny Hill),33.0
김정민,33.0
에메랄드 캐슬(Emerald Castle),33.0
"15&(박지민, 백예린)",33.0
달샤벳(Dal★shabet),33.0
해이(Hey),32.0
원티드(Wanted),32.0
박기영,32.0
한경일,31.0
박선주,31.0
이석훈 [SG워너비],31.0
로지 피피(RossyPP),31.0
에코 브릿지(Eco bridge),31.0
조관우,31.0
강타,31.0
홍대광,31.0
하이포(HIGH4),31.0
헤르쯔 아날로그(Herz Analog),31.0
김예림 [투개월],31.0
에이트(8Eight),31.0
서지원,30.0
마이티 마우스(Mighty Mouth),30.0
슈퍼주니어(Super Junior),30.0
알렉스(Alex) [클래지콰이],30.0
t윤미래,30.0
더 넛츠(The Nuts),30.0
양요섭 [비스트],30.0
스무살,29.0
채정안,29.0
김경호,29.0
주(Joo),29.0
재주소년,29.0
김진표(JP),29.0
곽진언,29.0
가비엔제이(Gavy N.J.),28.0
핑클(Fin.K.L),28.0
패닉(Panic),28.0
유승준,28.0
윤현상,28.0
인디고(Indigo),28.0
김광석,28.0
브리즈(The Breeze),28.0
스프링롤(Springloll),28.0
서연,28.0
박보람,28.0
양혜승,28.0
신해철,27.0
에릭남,27.0
플라워(Flower),27.0
베이비복스(Baby V.O.X),27.0
클론(Clon),27.0
검정치마,27.0
솔솔부는 봄바람,27.0
한소아,27.0
이영현,27.0
어반스페이스(Urbanspace),27.0
신화,26.0
트러블메이커(Troublemaker),26.0
벤,26.0
신재,26.0
강승윤 [WINNER],26.0
윤상,26.0
리아(Riaa),26.0
전기뱀장어,26.0
신혜성,26.0
테이크(Take),26.0
고유진(플라워),25.0
애프터 스쿨(After School) ,25.0
소울맨(Soulman),25.0
제이워크(J-Walk),25.0
최정철,25.0
엠투엠(M To M),25.0
DJ 소울스케이프(DJ Soulscape),25.0
비쥬(Bijou),25.0
이원진,25.0
이지훈,25.0
아소토 유니온(Asoto Union),24.0
조정현,24.0
비스윗(Besweet),24.0
손승연,24.0
디아(Dia) [키스 & 크라이],24.0
한충완,24.0
인순이,23.0
GG(박명수 & G-Dragon),23.0
샵(S#arp),23.0
달콤한 소금,23.0
유재하,23.0
롤러코스터(Rollercoaster),22.0
원타임(1TYM),22.0
이지형,22.0
비(Rain),22.0
틴 탑(Teen Top),22.0
자전거 탄 풍경,22.0
최호섭,22.0
웅산,22.0
소울스타(Soulstar),21.0
leeSA(리싸),21.0
리치(Rich),21.0
크루셜스타(Crucial Star),21.0
홍경민,21.0
소울라이츠(Soulights),20.0
젠틀 레인(Gentle Rain),20.0
B.A.P,20.0
빌리어코스티(Bily Acoustie),20.0
페이퍼컷 프로젝트(Papercut Project),20.0
안녕하신가영,20.0
브이오에스(V.O.S.),20.0
여행스케치,20.0
제이세라(J-Cera),20.0
유발이의 소풍,20.0
Unknown,19.0
이은하,19.0
이소은,19.0
김현식,19.0
H.O.T.,19.0
동물원,19.0
장리인,19.0
정엽,19.0
피노다인(Pinodyne),19.0
김그림,18.0
서인국,18.0
포이트리(Poetree),18.0
진주,18.0
나르샤 [브라운아이드걸스],18.0
한희정,18.0
라이너스의 담요(Linus' Blanket),18.0
소녀시대-태티서(Girls' Generation-TTS),18.0
알이에프(R.ef),18.0
우쿨렐레 피크닉(Ukulele Picnic),17.0
정은채 [배우],17.0
임세준,17.0
투빅(2BiC),17.0
박경환,17.0
레드애플(Led apple),17.0
메이트(Mate),17.0
넥스트(N.EX.T),17.0
네이브로(NeighBro.),17.0
네미시스(Nemesis),17.0
버블 시스터즈(Bubble Sisters),17.0
젝스키스(Sechs Kies),17.0
옥주현,16.0
체리필터(Cherry Filter),16.0
슬로우 쥰(Slow 6),16.0
보싸다방(Bossa Dabang),16.0
멜로 브리즈(Melo' Breeze),16.0
제리케이(Jerry. K),16.0
도원경,16.0
수상한 커튼,16.0
모이다 밴드(Moida Band),16.0
SG워너비 김진호,16.0
성훈 [Brown Eyed Soul],16.0
토이멜라(Toymela),16.0
이현 [에이트],16.0
디바(Diva),16.0
KCM,16.0
뜨거운 감자(Hot Potato),16.0
더 콰이엇(The Quiett),16.0
DMTN,15.0
손성제,15.0
임헌일 [메이트],15.0
마로니에(Maronnier),15.0
김종욱,15.0
에이치(H),15.0
수경 [빨간의자],15.0
문명진,15.0
김형석,15.0
베스티(BESTie),15.0
박광현,15.0
김형중,15.0
김수철,15.0
박상민,15.0
민경훈,15.0
하하,15.0
이진아,15.0
곰PD,15.0
투투(Two Two),15.0
고유비,15.0
줄라이(July) [뉴에이지],15.0
코지카페(Cozy Cafe),15.0
세븐데이즈(7Dayz),15.0
유성은,15.0
지브라(Zebra),14.0
청춘학개론,14.0
조원선,14.0
손담비,14.0
서울 전자 음악단,14.0
지나(Gina),14.0
송 오브 루나(Song Of Luna),14.0
샤프(Sharp),14.0
채연,14.0
스토리(Story) (솔로),14.0
녹색지대,14.0
라니아(Rania),14.0
더블케이(Double K),14.0
푸딩(Pudding),14.0
장지연 [인디],14.0
스컬&하하(Skull&Haha;),14.0
여울 [인디],14.0
올라이즈 밴드(All Lies Band),14.0
나겸 [아가톤],14.0
필(Feel),14.0
김연지,14.0
우주히피(Cosmos Hippie),14.0
우현 [인피니트],14.0
김부용,14.0
유(U),14.0
규현(KYUHYUN),14.0
유미,14.0
한선화 [시크릿],14.0
공기남녀,14.0
강희수,14.0
한효주,14.0
W & Whale(더블유 앤 웨일),14.0
SMTown,14.0
허소영,14.0
Laurel Music(로렐 뮤직),14.0
혜령,14.0
JK 김동욱,14.0
이재훈 ,14.0
히트(HITT),14.0
데이라이트(Daylight),14.0
재지팩트(Jazzyfact),14.0
박지헌,14.0
스테이트루(Staytrue),14.0
모리(Morrie),14.0
팬텀,14.0
키스 미 조이(Kiss Me Joy),14.0
키스(Kiss),14.0
아침(Achim) [듀오],14.0
태연 (Taeyeon),14.0
클로버(Clover) [남성솔로],14.0
백미현,14.0
정용화(Jung Yong Hwa),14.0
범키(Bumkey),14.0
마루마루,14.0
양양(YangYang),14.0
베리굿(Berry Good),14.0
레비 파티(LEVIPARTY),14.0
화이트(W.H.I.T.E.),13.0
FTISLAND(에프티 아일랜드),13.0
이현우,13.0
밀크티(Milktea),13.0
민설,13.0
써드코스트(3rd Coast),13.0
Davink(다빈크),13.0
정인호,13.0
철이와 미애,13.0
드렁큰 타이거(Drunken Tiger),13.0
변진섭,13.0
한동준,13.0
테테(Tete),13.0
포터블 그루브 나인(Portable Groove 09),13.0
로코베리(Rocoberry),13.0
술탄 오브 더 디스코(Sultan Of The Disco),13.0
아키버드(Aquibird),13.0
피터팬 컴플렉스(Peterpan Complex),13.0
다니엘(Daniel) [DMTN],13.0
사피에르(Saphier),13.0
사운디스트(SOUNDist),13.0
장연주,13.0
나비(Navi),13.0
장미여관,13.0
노라조,13.0
안치환,12.0
아이유 ＆ 나윤권,12.0
인광,12.0
인피니트(Infinite),12.0
아메리카노,12.0
원효로1가 13-25,12.0
이정석,12.0
벨 에포크(Belle Epoque),12.0
하와이,12.0
리드미스트(Rhythmist),12.0
마이 앤트 메리(My Aunt Mary),12.0
2스토리(2story),12.0
비스콜릿(Biscolate),12.0
박정수 [어덜트 컨템포러리],12.0
간미연,12.0
차호석,12.0
하우스 룰즈(House Rulez),12.0
백청강,12.0
김돈규,11.0
이진우 [인디],11.0
EXO-K(엑소케이),11.0
원투(Onetwo),11.0
원 펀치(One Punch),11.0
"S (강타, 신혜성, 이지훈)",11.0
환희,11.0
곽푸른하늘,11.0
하루(Haroo),11.0
푸디토리움(Pudditorium),11.0
더블에스501(SS501),11.0
헬로비너스(HELLOVENUS),11.0
권순관,11.0
씨엔블루(CNBLUE),11.0
소울라임(SouLime),11.0
언타이틀(Untitle),11.0
나인(Nine9),11.0
M.I.B(Most Incredible Busters),10.0
이태권,10.0
카니발(Carnival),10.0
꽃잠 프로젝트(GGot Jam Project),10.0
모세(Mose),10.0
미나,10.0
몽구스(Mongoose),10.0
장범준,10.0
김성호,10.0
커먼 그라운드(Common Ground),10.0
승리,10.0
스티(STi),10.0
봄여름가을겨울,10.0
하이투힘(Hi to him),10.0
란(Ran),10.0
하현곤,10.0
나희경 [Jazz],10.0
일락(一樂),9.0
이상순 ,9.0
줄리아 하트(Julia Hart),9.0
몽라(Monla/夢兒),9.0
라즈베리필드,9.0
오후만 있던 일요일,9.0
솔루션스(THE SOLUTIONS),9.0
플라스틱(Plastic),9.0
크라잉넛(Crying Nut),9.0
타샤니(Tashannie),9.0
엠스트리트(M.Street),9.0
허민,9.0
황규영,9.0
빅 베이비 드라이버(Big Baby Driver),9.0
이종현 [CNBLUE],9.0
주영훈,9.0
Ed.C,9.0
406호 프로젝트,9.0
Tamia(타미아),9.0
반반 프로젝트,9.0
조덕배,8.0
심현보,8.0
루아민,8.0
루머스(Rumors),8.0
곽은기,8.0
임종환,8.0
이브(Eve),8.0
조정치,8.0
윤민수,8.0
미스 미스터(Mis=Mr),8.0
투어리스트(The Tourist),8.0
박지혜 [인디],8.0
9와 숫자들,8.0
유키스(U-KISS),8.0
실루엣,8.0
레이디 제인(Lady Jane),8.0
클릭비(Click-B),8.0
전인권,8.0
소방차,8.0
로맨틱 펀치(Romantic Punch),8.0
김경록 [V.O.S],8.0
제아 [브라운 아이드 걸스],8.0
한기란 [와인루프],8.0
이정봉(Lee Jung Bong),8.0
Lasse Lindh(라쎄린드),8.0
악퉁(Achtung),7.0
다방(D'avant),7.0
Various Artists,7.0
The Papers,7.0
더 멜로디(The Melody),7.0
늦봄,7.0
앤(Ann),7.0
프롬(Fromm),7.0
전효성 [시크릿],7.0
리사(Lisa),7.0
XIA(준수),7.0
최영준 [체스],7.0
김정균 (a.k.a 김거지),7.0
뷰티핸섬(BeautyHandsome),7.0
Achordion(아코디언),7.0
블루파프리카(Bluepaprika),7.0
김상민(Kim SangMin),7.0
비바 소울(Viva Soul),7.0
그로칼랭(Gros-Calin),7.0
제다이(Jediii),7.0
한살차이,7.0
슈가버블(Sugar Bubble),7.0
권소영,7.0
샤이니(SHINee),7.0
와이케이(YK),7.0
조하문,7.0
미스터 투(Mr.2),7.0
정재형,7.0
주윤하 [보드카레인],7.0
김디지(Deegie) [트레블러],6.0
규원,6.0
대호(Daeho),6.0
대성,6.0
유열,6.0
듀크(Duke),6.0
권인하,6.0
장기하와 얼굴들,6.0
대니 정(Danny Jung),6.0
낭만유랑악단,6.0
원써겐(1sagain),6.0
다람(Daram),6.0
프린세스 디지즈(Princess Disease),6.0
고현욱,6.0
김소정,6.0
김승후,6.0
우재,6.0
한지혜 ,6.0
장세용,6.0
걸프렌즈(Girl Friends),6.0
강아솔,6.0
오키(Oki),6.0
영준 [Brown Eyed Soul],6.0
우이경,6.0
정경화,6.0
마리앤베리(Marie'n Berry),6.0
비돌스(B.Dolls),6.0
바람에 오르다,6.0
정준영,6.0
무한걸스,6.0
키스위치,6.0
신나는섬,6.0
카페모카,6.0
배따라기,6.0
마야(Maya),6.0
최성원,6.0
마더컨트리,6.0
브라더수(BrotherSu),6.0
앤디(Andy),6.0
쉐로(Cherot) [블루아일리즈],6.0
바른생활,6.0
세렝게티(Serengeti),6.0
빅스(VIXX),6.0
디제이 아키(DJ AKI),6.0
이덕진,6.0
이정,6.0
솔지 [EXID],6.0
살찐고양이,6.0
흐른,5.0
김재중,5.0
김우주,5.0
Glen Check(글렌체크),5.0
유이 [애프터 스쿨],5.0
박봄,5.0
한스밴드(Han's Band),5.0
G.고릴라,5.0
신은성,5.0
시와(Siwa),5.0
슬림(S.L.I.M),5.0
카피머신(Copy Machine),5.0
유승우,5.0
사운드샤워(Sound Shower),5.0
버나드박,5.0
흠(Heum),5.0
바스코(Vasco),5.0
초콜렛 박스(Chocolate Box),5.0
빅뱅(방승철) [Solo],5.0
긱스(Gigs),5.0
들국화,5.0
소수빈,5.0
신효범,5.0
재즈오텍(Jazzotheque),5.0
팔로알토(Paloalto),5.0
어반 코너(Urban Corner),5.0
어 모던(A Modern),5.0
양희은,5.0
로꼬(Loco),5.0
Simon Dominic(사이먼 도미닉),5.0
Y2K,5.0
달총 [CHEEZE],5.0
달어쿠스틱(Dalacoustic),5.0
은미(Eunmi),5.0
닥터심슨(Dr.Simpson),5.0
다비,5.0
얀(Yarn),5.0
앤드(And),5.0
PK 헤만(PK Heman),5.0
Michael Jackson(마이클 잭슨),5.0
마마무(Mamamoo),5.0
마이큐(MY-Q),5.0
플럭서스 보이시스,5.0
플랜더블유(Plan.W),5.0
이범학,5.0
크리스탈 레인(Crystal Rain) ,5.0
낯선 사람들,5.0
of 비스트(윤두준 & 이기광 & 용준형),5.0
아웃사이더(Outsider),5.0
이진성 [먼데이 키즈],4.0
유진 [S.E.S],4.0
인디언 팜(Indian Palm),4.0
이보람 [씨야],4.0
이상은(Lee Tzsche),4.0
이승열,4.0
해브어티(Have A Tea),4.0
이안,4.0
7공주,4.0
이푸름,4.0
업타운(UPT),4.0
메이랜드(Mayland),4.0
클로버(Clover),4.0
봄(Bom),4.0
리디아(Lydia),4.0
마르코(Marco) [힙합],4.0
비다로카(Vida Loca),4.0
아침(Achime),4.0
블루베리 [여자],4.0
하유진 ,4.0
메이비(MayBee),4.0
모든(Moden),4.0
투샤이(2Shai),4.0
못(Mot),4.0
박강수,4.0
신촌 블루스,4.0
케미(Kemi),4.0
박준하,4.0
제시(Jessi) [럭키제이],4.0
슬로우잼(Slow Jam),4.0
베베미뇽(BeBe Mignon),4.0
루나플라이(Lunafly),4.0
토마스 쿡(Thomas Cook),4.0
러블리벗(Lovelybut),4.0
지선(Jisun) ,4.0
김보경,4.0
주니퍼(Junyfore),4.0
산울림,4.0
김혜림,4.0
나원주,4.0
플랫핏(Flat Feet),4.0
오후(5Who),4.0
어쿠스틱 콰이어,4.0
최백호,4.0
낯선(Nassun),4.0
노사연,4.0
플라스틱 케이스(Plastic Case),4.0
프롬유(From. U),4.0
지현,4.0
에스트래직 비츠(Estraziq Beats) ,4.0
비원에이포(B1A4),4.0
언노운 피플(UKP),4.0
제이투엠(J2M),3.0
제이켠(J'Kyun) [럭키제이],3.0
황세옥,3.0
차수경 [Daisy],3.0
지마스타(G-Masta),3.0
임성은,3.0
컬투(Cultwo),3.0
홀린(Hlin),3.0
정지찬 [원모어찬스],3.0
키비(Kebee) [이루펀트],3.0
정민경 ['2010],3.0
태륜,3.0
페이지(Page),3.0
장윤주,3.0
해바라기,3.0
인피니트 H,3.0
하늘樂(락) 프로젝트,3.0
하비누아주(Ravie Nuage),3.0
칸토 [트로이],3.0
(핫펠트)예은 [원더걸스],3.0
소울사이어티(Soulciety),3.0
엑스틴(X-Teen),3.0
세븐(SE7EN),3.0
소규모 아카시아 밴드,3.0
김신우,3.0
소소한 프로젝트,3.0
솔리스트(Soliste),3.0
솔비,3.0
솔플라워(Sol' Flower),3.0
수니(Soonie),3.0
수연,3.0
슈퍼키드(SuperKidd),3.0
스맥스(S'Max),3.0
스윙체어(Swingchair),3.0
신문희(Moony),3.0
심신,3.0
썸피플(Sumpeople),3.0
아이씨사이다(Icycider),3.0
아프로디노(Afrodino),3.0
가다,3.0
에레나(Elena),3.0
성진환 [스윗소로우],3.0
선우정아(Sunwoojunga),3.0
서문탁,3.0
박성신,3.0
로로스(Loro's),3.0
마일스톤(Milestone),3.0
마지못해민트초코,3.0
말로(Malo),3.0
몽키즈(Monkeyz),3.0
디제이 렉스(DJ Wreckx),3.0
듀스(Deux),3.0
데일리노트(DailyNote),3.0
이이언(eAeon),3.0
김종환,3.0
반시(Vansy),3.0
백지웅,3.0
보니(Boni),3.0
불나방스타쏘세지클럽,3.0
뷰티풀 데이즈(Beautiful Days),3.0
노이즈(Noise),3.0
블랙넛(Black Nut),3.0
김지연,3.0
에스프레소(Espresso),3.0
로맨틱멜로디초비,3.0
오지은,3.0
육각수밴드,3.0
이용,3.0
이루펀트(Eluphant),3.0
이바디(Ibadi),3.0
이그나이트(Ignite),3.0
원우 [알앤비],3.0
MC 스나이퍼(MC Sniper),3.0
11시11분,3.0
원웨이(Oneway),3.0
원택,3.0
BGH4,3.0
사비나앤드론즈(Savina & Drones),2.0
3호선 버터플라이(3호선 Butterfly),2.0
음란소년,2.0
GRAY(그레이) [힙합],2.0
샤크라(Chakra),2.0
빨간의자,2.0
드로플렛(Droplet) [리퀴드],2.0
오! 부라더스(Oh! Brothers),2.0
ILLIONAIRE RECORDS(일리네어 레코즈),2.0
준잭(Jun Jack),2.0
성태,2.0
세도나,2.0
지영선,2.0
쿼트로코드(Quattro Code),2.0
주보라,2.0
민트그레이(Mintgray),2.0
김성규 [인피니트],2.0
혜지,2.0
김새한길,2.0
헤븐노우즈(HeavenKnows),2.0
BGH to,2.0
비트윈어스(Between Us),2.0
불독맨션(Bulldogmansion),2.0
더 씨야(The Seeya),2.0
배다해,2.0
최진영 [SKY],2.0
더 그랜드(The Grand),2.0
달빛요정역전만루홈런,2.0
더필름(The Film),2.0
이상민 ,2.0
다나 더 그레이스,2.0
최고은,2.0
부가킹즈(Buga Kingz),2.0
David Sanborn(데이빗 샌본),2.0
비오아이(B.O.I),2.0
박수진,2.0
노블레스(Noblesse),2.0
이치원(EachONE),2.0
채동하,2.0
노브레인(No Brain),2.0
블레스(Bless),2.0
차태현,2.0
나윤선,2.0
모닝(Morning),2.0
비비안(BBAhn),2.0
박태영 [보이스 코리아],2.0
JYJ,2.0
더 레이(The Ray),2.0
이예준,2.0
제국의아이들[ZE:A],2.0
신태권,2.0
자람 프로젝트(Jaram Project),2.0
티아라(소연),2.0
김경민 [재즈],2.0
왓위민원트(What Women Want),2.0
김사월X김해원,2.0
레트로 바이러스(Retro Virus),2.0
티아라 With 다비치,2.0
티라미스(Tiramisu),2.0
렌(Len),2.0
간종욱,2.0
이지혜,2.0
트랙스(Trax),2.0
아이라인(Eyeline),2.0
우은미,2.0
마인드 컴바인드(Mind Combined),2.0
안상수,2.0
강촌사람들,2.0
양수경,2.0
시로스카이(Shirosky),2.0
앤덥(Andup),2.0
Mike Goudreau & Friends,2.0
여하,2.0
로스 아미고스(Los Amigos),2.0
김사월,2.0
하이디,2.0
메인 스트릿(Main Street),2.0
숨의숲,2.0
키네틱플로우(K-Flow),2.0
NS Yoon-G ,2.0
매직플로우(Mazik Flow),2.0
루이 (긱스),2.0
루이비(Louis.B),2.0
스페이스 A(Space A),2.0
매드 소울 차일드(Mad Soul Child),2.0
WHOwho(후후),2.0
스피카(SPICA),2.0
마리오(Mario),2.0
트라이엄프(Triump),1.0
효빈,1.0
더 자두(The Jadu),1.0
로맨틱 사운드 드라이브(Romantic Sound Drive),1.0
316,1.0
포츈 쿠키(Fortune Cookie),1.0
트램폴린(Trampauline),1.0
돈 스파이크,1.0
레이지본(Lazybone),1.0
러브앤팝(Love & Pop),1.0
디스토리(D.Story),1.0
페일그레이(Pale Grey),1.0
파니핑크(Fanny Fink) ,1.0
파란(Paran),1.0
량현량하,1.0
디에스 커넥션(DS_Connexion),1.0
팝시클(Popsicle ),1.0
흑꼬,1.0
라임어택(RHYME-A-),1.0
람다(Ramda),1.0
도끼(Dok2),1.0
피타입,1.0
푸푸엘라(PoohPuella),1.0
고한우,1.0
김동희,1.0
김도연 [인디],1.0
김나영 [여성솔로],1.0
한국인 [우주히피],1.0
Ku Il Oh Trio(쿠일오 트리오),1.0
현빈,1.0
길구봉구,1.0
궐(Geol),1.0
권영찬,1.0
곽윤찬 With Brian McKnight,1.0
고찬용,1.0
김명주,1.0
한채윤 [인디],1.0
개코,1.0
강수지,1.0
강백수,1.0
햇빛촌,1.0
S.M. THE BALLAD,1.0
Red Velvet(레드벨벳),1.0
OK PUNK!,1.0
헨미(Henmi),1.0
헤리티지(Heritage),1.0
하찌와 TJ,1.0
현진영,1.0
더 네임(The Name),1.0
김원준,1.0
BNR(Brand New Radio),1.0
다섯손가락,1.0
GOT7,1.0
노블레스 ＆ 어쿠스틱콜라보 ,1.0
노룬산 프로젝트,1.0
나몰라 패밀리 TKO,1.0
김창남,1.0
피에스타(FIESTAR),1.0
홍채린,1.0
Goodbye Sadness 구정현,1.0
김완선,1.0
형돈이와 대준이,1.0
김영훈,1.0
하라소라(Harasora),1.0
Iconiq(아이코닉),1.0
로빈(Robbin),1.0
하비티(HavyT),1.0
혜이니(Heyne),1.0
하상규,1.0
형용돈죵 (정형돈 & G-Dragon),1.0
김박첼라,1.0
김민우,1.0
이정아(Lee Jung-Ah),1.0
커프러버튼(Couple Of Button),1.0
투아(TOA),1.0
로켓트리(Rockettree),1.0
에스진(S.Jin),1.0
에스더(Esther),1.0
언터쳐블,1.0
잼(Zam),1.0
양빛나라,1.0
앨리스 인 네버랜드(Alice In Neverland),1.0
전자양,1.0
애쉬(Ash) [R&B;],1.0
알레그로(Allegrow),1.0
정민아,1.0
정성하,1.0
아이돌(Idol),1.0
아미(A-Mi),1.0
아라 [인디],1.0
아날로그 소년,1.0
정재원(a.k.a 적재),1.0
씨스타19(Sistar 19),1.0
쏠라티(Solati),1.0
시진,1.0
시드 사운드(SID-Sound),1.0
제이니루즈(Zany Rouge),1.0
스텔라(Stellar),1.0
스타 러브 피쉬(Star Love Fish),1.0
제이에이(JA),1.0
술제이 인 어메이징 뮤직(Sool J In Amazing Music),1.0
조pd(ZoPD),1.0
조갑경,1.0
에이블(A-ble),1.0
에이투씨(A2C),1.0
엠&엔(M&N;),1.0
이경현,1.0
이지영,1.0
이예린 [인디팝],1.0
이예린,1.0
이영훈 [인디],1.0
이츠(it's),1.0
이영준,1.0
이성우 [나잇어클락],1.0
이상의날개,1.0
이매진(I:magine),1.0
이호석,1.0
익스(Ex),1.0
이나래 [알앤비],1.0
윤성기 [휴먼레이스],1.0
장미하관 (노홍철 & 장미여관),1.0
일기예보,1.0
유정균 [세렝게티],1.0
임상아,1.0
유영진,1.0
유근호,1.0
원미연,1.0
우효(Oohyo),1.0
우주빌리브러브(UZU Believe Luv),1.0
자미 소울(Jami Soul),1.0
우림프로젝트,1.0
오수민,1.0
오석준,1.0
수정선,1.0
송영주(JuJu Song),1.0
솔튼페이퍼(SALTNPAPER),1.0
메이크라인(Makeline),1.0
케이준(K Jun),1.0
코나(Kona),1.0
박강성,1.0
바버렛츠,1.0
코튼 팩토리(Cotton Factory),1.0
쿤타(Koonta),1.0
바나나보트(Banana Boat),1.0
민효린,1.0
미드나잇 램프,1.0
문차일드(Moon Child),1.0
무가당(舞歌黨),1.0
모노토이(Monotoi),1.0
메건리(Megan Lee),1.0
박신혜 [배우],1.0
매드 클라운(Mad Clown),1.0
킹스턴 루디스카(Kingston Rudieska),1.0
타블로(Tablo),1.0
만쥬한봉지,1.0
타우(Taw),1.0
태군,1.0
마호가니 킹(Mahogany King),1.0
태사비애,1.0
태사자,1.0
리코(Rico),1.0
리오 케이코아(Leo Kekoa),1.0
루그(Lug),1.0
박남정,1.0
박아셀,1.0
소유(So-U),1.0
차가운 체리(Cold Cherry),1.0
소울원(Soul One),1.0
죠리(Joe Rhee),1.0
죠앤(Joanne),1.0
세븐스 플로어(The 7th Floor),1.0
주석(Joosuc),1.0
주주 클럽(Juju Club),1.0
성심당 악단,1.0
샛별,1.0
사계절 정원,1.0
빨간머리앤,1.0
지플라(G.Fla),1.0
비투비(BTOB),1.0
블링 더 캐쉬(Bling The Cash),1.0
박정은,1.0
찬스(Chance),1.0
블랙펄(Black Pearl),1.0
블랙 스트라이크(Black Strike),1.0
브롤리(Brolly),1.0
브라운브레스(Brownbreath),1.0
보이(VOY),1.0
최신인기동요,1.0
베이식(Basick),1.0
벅(Buck),1.0
배장은,1.0
카모(Kamo),1.0
반광옥,1.0
힐링프로젝트(Healing Project),1.0
