﻿Artist,cnt
쿨(COOL),194.0
성시경,167.0
어반 자카파(Urban Zakapa),161.0
투애니원(2NE1),143.0
토이(Toy),136.0
아이유(IU),127.0
브라운 아이드 소울(Brown Eyed Soul),124.0
바이브(Vibe),122.0
싸이(Psy),120.0
김동률,120.0
리쌍(Leessang),119.0
클래지콰이(Clazziquai),106.0
버스커 버스커(Busker Busker),103.0
프라이머리(Primary),101.0
윤종신,100.0
10cm(십센치),100.0
이적,94.0
옥상달빛,94.0
부활,91.0
다이나믹 듀오(Dynamic Duo),88.0
페퍼톤스(Peppertones),85.0
씨스타(Sistar),85.0
브라운 아이즈(Brown Eyes),84.0
에피톤 프로젝트(Epitone Project),80.0
나얼(Na-Ul),80.0
스탠딩 에그(Standing Egg),77.0
김범수,75.0
제이레빗(J Rabbit),75.0
김건모,72.0
박정현,66.0
어쿠스틱 콜라보(Acoustic Collabo),65.0
노리플라이(no reply),63.0
루시드 폴(Lucid Fall),63.0
윤하(Younha/ユンナ),63.0
원 모어 찬스(one more chance),63.0
비스트(Beast),62.0
라디(Ra.D),62.0
소녀시대,62.0
바닐라 어쿠스틱(Vanilla Acoustic),62.0
버벌진트(Verbal Jint),61.0
거미,61.0
브로콜리너마저,60.0
BIGBANG,59.0
한경일,59.0
SG워너비,59.0
델리 스파이스(Deli Spice),58.0
캐스커(Casker),58.0
MC 몽,57.0
DJ DOC,57.0
재주소년,57.0
짙은(Zitten),56.0
하림,53.0
이선희,52.0
스윗소로우(SWEET SORROW),52.0
김연우,51.0
팀(Tim),51.0
전람회,51.0
빈지노(Beenzino),49.0
가을방학,49.0
소찬휘,49.0
자우림(Jaurim),49.0
버즈(Buzz),48.0
박효신,48.0
포지션(Position),47.0
데이브레이크(daybreak),47.0
다비치,47.0
휘성,47.0
조성모,45.0
G-DRAGON,45.0
커피소년,45.0
보아(BoA),45.0
이승기,45.0
유엔(UN),45.0
가인 [브라운아이드걸스],45.0
임창정,44.0
지아(Zia),44.0
포맨,44.0
에일리(Ailee),44.0
투엘슨(2LSON),43.0
인디고(Indigo),42.0
박진영,40.0
여행스케치,40.0
요조(Yozoh),40.0
원더걸스(Wonder Girls),40.0
김태우,39.0
박혜경,39.0
지오디(god),39.0
조정치,38.0
브라운 아이드 걸스,38.0
서영은,37.0
정기고(Junggigo),37.0
티아라(T-ara),37.0
제이벨(J BEL),35.0
엄정화,34.0
걸스데이(Girl's Day),34.0
시크릿(Secret),34.0
임재범,33.0
푸딩(Pudding),33.0
넬(Nell),33.0
러브홀릭(Loveholic),33.0
김윤아,32.0
유피(UP),32.0
한희정,32.0
몽니(Monni),32.0
울랄라세션(Ulala Session),32.0
코나(Kona),31.0
토마스 쿡(Thomas Cook),31.0
일기예보,31.0
쥬얼리(Jewelry),31.0
럼블 피쉬(Rumble Fish),30.0
이문세,30.0
지나(G.NA),30.0
블락비(Block B),30.0
린(LYn),30.0
공일오비(015B),30.0
이소라,29.0
거북이,29.0
헤르쯔 아날로그(Herz Analog),29.0
이지형,28.0
긱스(Geeks),28.0
서연,28.0
센티멘탈 시너리(Sentimental Scenery),28.0
조규찬,28.0
피노다인(Pinodyne),28.0
버블 시스터즈(Bubble Sisters),27.0
엠씨 더 맥스(M.C the Max),27.0
양파,27.0
2PM,27.0
정엽,27.0
레이디스 코드(LADIES' CODE),26.0
현아 [포미닛],26.0
백지영,26.0
플라워(Flower),25.0
Zion.T,25.0
에이핑크(Apink),25.0
유희열,25.0
제이(J.ae),25.0
카라(Kara),25.0
크레용팝(Crayon Pop),25.0
Various Artists,24.0
박완규,24.0
코요태,24.0
보드카 레인(Vodka Rain),24.0
더 레이(The Ray),24.0
유재하,24.0
허각,24.0
에프엑스(f(x)),23.0
룰라(Roo'Ra),23.0
이승철,23.0
벨 에포크(Belle Epoque),23.0
지누션(Jinusean),23.0
포미닛(4minute),23.0
마이티 마우스(Mighty Mouth),22.0
박기영,22.0
WINNER,22.0
도나웨일(Donawhale),22.0
동경소녀,22.0
테이(Tei),22.0
케이윌(K.Will),22.0
노라조,22.0
처진 달팽이(유재석 & 이적),21.0
왁스(Wax),21.0
신화,21.0
소란(Soran),21.0
레인보우(Rainbow),21.0
슈프림팀(Supreme Team),21.0
우쿨렐레 피크닉(Ukulele Picnic),21.0
동방신기(TVXQ!),21.0
에디(Eddie),21.0
듀스(Deux),21.0
태양,20.0
EXID(이엑스아이디),20.0
양빛나라,20.0
바비 킴(Bobby Kim),20.0
메이트(Mate),20.0
보보(Bobo),19.0
김현정,19.0
이정현,19.0
나루(Naru) [솔루션스],19.0
베란다 프로젝트(Verandah Project),19.0
피터팬 컴플렉스(Peterpan Complex),19.0
아이비(IVY),19.0
로이킴,18.0
허밍 어반 스테레오(Humming Urban Stereo),18.0
주영(JooYoung),18.0
플라이 투 더 스카이(Fly To The Sky),18.0
에코(ECO),18.0
슬로우 쥰(Slow 6),17.0
언니네 이발관,17.0
패닉(Panic),17.0
t윤미래,17.0
박미경,17.0
노을,17.0
박선주,17.0
스웨덴세탁소,17.0
나르샤 [브라운아이드걸스],17.0
박상민,16.0
산이(San E),16.0
박새별,16.0
디어 클라우드(Dear Cloud),16.0
애즈 원(As One),16.0
김경호,16.0
악동뮤지션(AKMU),16.0
이정아(Lee Jung-Ah),15.0
홍대광,15.0
검정치마,15.0
달콤한 소금,15.0
강승윤 [WINNER],15.0
더 멜로디(The Melody),15.0
타루(Taru),15.0
클론(Clon),15.0
제이워크(J-Walk),15.0
웅산,15.0
이기찬,15.0
조용필,14.0
더 넛츠(The Nuts),14.0
나비(Navi),14.0
of 비스트(윤두준 & 이기광 & 용준형),14.0
프리 스타일(Free Style),14.0
하와이,14.0
용감한 녀석들,14.0
MC 스나이퍼(MC Sniper),14.0
스몰오(Small O),14.0
에릭남,14.0
러블리벗(Lovelybut),14.0
Nat King Cole(냇 킹 콜),14.0
W & Whale(더블유 앤 웨일),14.0
이한철,14.0
어쿠루브(Acourve),14.0
이예린,14.0
박명수,14.0
원써겐(1sagain),14.0
박보람,14.0
러브앤팝(Love & Pop),14.0
나드(Nard),14.0
폴킴(Paul Kim),14.0
헤리티지(Heritage),14.0
아이 투 아이(Eye To Eye),14.0
베리굿(Berry Good),14.0
더 크로스(The Cross),14.0
장미여관,14.0
리즈(Leeds),14.0
김수철,14.0
유성은,14.0
매드 클라운(Mad Clown),14.0
조장혁,14.0
원타임(1TYM),14.0
신비,14.0
신성우,14.0
성훈 [Brown Eyed Soul],14.0
루머스(Rumors),14.0
정용화(Jung Yong Hwa),14.0
조원선,14.0
불나방스타쏘세지클럽,14.0
하우스 룰즈(House Rulez),14.0
2AM,14.0
이승환,13.0
뜨거운 감자(Hot Potato),13.0
두번째 달,13.0
프렐류드(Prelude),13.0
차호석,13.0
조정현,13.0
에이트(8Eight),13.0
베스티(BESTie),13.0
YB,13.0
인순이,13.0
걸프렌즈(Girl Friends),13.0
불독맨션(Bulldogmansion),13.0
먼데이 키즈(Monday Kiz),13.0
씨야(SeeYa),13.0
자자(Zaza),13.0
창민,13.0
백청강,12.0
솔리드(Solid),12.0
유이 [애프터 스쿨],12.0
마이 앤트 메리(My Aunt Mary),12.0
스프링롤(Springloll),12.0
김현철,12.0
네미시스(Nemesis),12.0
체리필터(Cherry Filter),12.0
B.A.P,12.0
투빅(2BiC),12.0
디바(Diva),12.0
소울맨(Soulman),12.0
야다(Yada),12.0
할라맨(Halla Man),12.0
마호가니 킹(Mahogany King),12.0
K2(김성면),12.0
이효리,12.0
한충완,12.0
박지윤,12.0
박학기,12.0
강타,11.0
헤븐 [솔로],11.0
고유진(플라워),11.0
신용재 [4men],11.0
비(Rain),11.0
하이투힘(Hi to him),11.0
윤한(Yoonhan),11.0
윤현상,11.0
유리상자,11.0
반반 프로젝트,11.0
김장훈,11.0
허민,11.0
인피니트(Infinite),11.0
이상순 ,11.0
에코 브릿지(Eco bridge),11.0
이바디(Ibadi),11.0
루싸이트 토끼,11.0
랄라스윗(lalasweet),11.0
주영훈,11.0
주형진,11.0
박한별,11.0
양양(YangYang),11.0
신치림(信治琳),10.0
스카이 하이(Sky High),10.0
엠투엠(M To M),10.0
씨엔블루(CNBLUE),10.0
옥주현,10.0
Caramel espreSSo(카라멜 에스프레소),10.0
디아(Dia) [키스 & 크라이],10.0
이태권,10.0
하은,10.0
크리스탈 레인(Crystal Rain) ,10.0
김현식,10.0
나인뮤지스(Nine Muses),10.0
남아스떼(男兒's 떼),10.0
로코베리(Rocoberry),10.0
정민아,10.0
자전거 탄 풍경,10.0
자미 소울(Jami Soul),10.0
미쓰 에이(miss A),10.0
장범준,10.0
브이오에스(V.O.S.),10.0
박준혁,10.0
이그나이트(Ignite),10.0
뱅크(Bank),10.0
라즈베리필드,9.0
포스트맨(Postmen),9.0
벅(Buck),9.0
CHEEZE,9.0
스윙스(Swings),9.0
유재석,9.0
양정승(Kiroy Y),9.0
JUUNO,9.0
참깨와 솜사탕,9.0
노민우,9.0
박재범(Jay Park),9.0
나윤권,9.0
더 원(The One),9.0
장윤주,9.0
배치기,9.0
김광석,9.0
소규모 아카시아 밴드,9.0
메이팝(Maypop),9.0
엠스트리트(M.Street),9.0
하하,9.0
이하이,9.0
투투(Two Two),9.0
틴 탑(Teen Top),9.0
튠(TUNE),9.0
알레그로(Allegrow),9.0
곰PD,8.0
봄(Bom),8.0
프린지(Pringe),8.0
김형중,8.0
변진섭,8.0
알리(Ali),8.0
김현성,8.0
앤드(And),8.0
토리 [인디],8.0
보니(Boni),8.0
윤민수,8.0
슈가볼(Sugarbowl),8.0
세븐데이즈(7Dayz),8.0
썸데이(Someday),8.0
오렌지캬라멜(Orange Caramel),8.0
영턱스클럽(YTC),8.0
샤크라(Chakra),8.0
인피니트 H,8.0
아소토 유니온(Asoto Union),8.0
임정희,8.0
임현정,8.0
재지팩트(Jazzyfact),8.0
카나리아 살롱(Canaria Salon),8.0
정인호,8.0
이브(Eve),8.0
정재욱,8.0
조pd(ZoPD),8.0
라이너스의 담요(Linus' Blanket),8.0
손성제,8.0
하울(HowL),8.0
신예원,8.0
파파야(Papaya),7.0
이수영,7.0
악퉁(Achtung),7.0
테테(Tete),7.0
크러쉬(Crush),7.0
컨츄리 꼬꼬(Country Kkokko),7.0
징고(Zingo) [슈퍼키드],7.0
존 박(John Park),7.0
장재인,7.0
일락(一樂),7.0
이지훈,7.0
이아립,7.0
최영준 [체스],7.0
힐링프로젝트(Healing Project),7.0
소울라이츠(Soulights),7.0
모리(Morrie),7.0
"15&(박지민, 백예린)",7.0
러브홀릭스(Loveholics),7.0
못(Mot),7.0
박정운,7.0
네스티요나(Nastyona),7.0
꽃잠 프로젝트(GGot Jam Project),7.0
늦봄,7.0
블록(Block),7.0
김상민(Kim SangMin),7.0
심현보,7.0
9와 숫자들,7.0
김진표(JP),7.0
머쉬룸즈(Mushru:ms),7.0
정키(Jung Key),6.0
무한궤도,6.0
모세(Mose),6.0
빅 베이비 드라이버(Big Baby Driver),6.0
카니발(Carnival),6.0
정하윤,6.0
김광진,6.0
김동희,6.0
마더컨트리,6.0
롤러코스터(Rollercoaster),6.0
스윗바이러스(Sweet Virus),6.0
일렉트로보이즈(ELECTRO BOYZ),6.0
워렌(Warren),6.0
시드 사운드(SID-Sound),6.0
박지헌,6.0
헬로비너스(HELLOVENUS),6.0
이루펀트(Eluphant),6.0
아이유 ＆ 나윤권,6.0
박주원,6.0
아톰북(Atombook),6.0
안녕하신가영,6.0
젝스키스(Sechs Kies),6.0
GG(박명수 & G-Dragon),6.0
이지엠(EZ'M),6.0
시와(Siwa),6.0
Kurt Bestor(커트 베스터),6.0
애프터스쿨 Blue,6.0
빌리어코스티(Bily Acoustie),6.0
네임리스(Nameless),6.0
주(Joo),5.0
주니퍼(Junyfore),5.0
씨스타19(Sistar 19),5.0
원티드(Wanted),5.0
리사(Lisa),5.0
마로니에(Maronnier),5.0
장혜진,5.0
달어쿠스틱(Dalacoustic),5.0
일렉 쿠키(Elec Cookie),5.0
문명진,5.0
인광,5.0
브이원 (V.One),5.0
바람에 오르다,5.0
이정,5.0
이오공감,5.0
이승열,5.0
이루(Eru),5.0
더 클래식(The Classic),5.0
선민(Sunmin),5.0
크라운 제이(Crown J),5.0
안녕 바다,5.0
야광토끼(Neon Bunny),5.0
강준하,5.0
구피(Goofy),5.0
파티스트릿(Party Street),5.0
그레이스(Grace),5.0
숙희,5.0
오종혁(OJ),5.0
Lucia(심규선),5.0
언터쳐블,5.0
소유(So-U),5.0
김우주,5.0
클릭비(Click-B),5.0
EXO,5.0
The Papers,5.0
신승훈,5.0
아키버드(Aquibird),5.0
엔알지(N.R.G),5.0
세인트(Saint),5.0
Christina Aguilera(크리스티나 아길레라),5.0
노브레인(No Brain),5.0
한효주,5.0
범키(Bumkey),5.0
백현수(Baek Hyun Soo),4.0
현진영,4.0
해이(Hey),4.0
이승우 [소울스타],4.0
하동균,4.0
미스틱 퍼즐(Mystic Puzzle) ,4.0
한소아,4.0
JUNIEL(주니엘),4.0
박성신,4.0
닥터심슨(Dr.Simpson),4.0
그루(GRU),4.0
프롬유(From. U),4.0
레이디 제인(Lady Jane),4.0
더 블루(The Blue),4.0
진주,4.0
녹색지대,4.0
채영재,4.0
라 벤타나(La Ventana),4.0
란(Ran),4.0
네이브로(NeighBro.),4.0
말로(Malo),4.0
정준일 [메이트],4.0
코쿤벨즈(Cocoon Bells),4.0
김하늘(로티플 스카이),4.0
써드코스트(3rd Coast),4.0
리나(Lina) [발라드],4.0
트리플 이펙트(Triple Effect),4.0
이상은(Lee Tzsche),4.0
루이비(Louis.B),4.0
소냐(Sonya),4.0
아침(Achime),4.0
소울사이어티(Soulciety),4.0
사준,4.0
비스윗(Besweet),4.0
에스파파(S.Papa.),4.0
이루마(Yiruma),4.0
윈터플레이(Winterplay),4.0
에보니힐(Ebonyhill),4.0
유승우,4.0
서지원,4.0
신효범,4.0
핑크 엘리펀트(Pink Elephant),3.0
하늘樂(락) 프로젝트,3.0
알렉스(Alex) [클래지콰이],3.0
동물원,3.0
샵(S#arp),3.0
EXO-K(엑소케이),3.0
달에닿아,3.0
정재일,3.0
로꼬(Loco),3.0
다방(D'avant),3.0
론리 하츠 클럽(Lonely Hearts Club),3.0
원웨이(Oneway),3.0
원효로1가 13-25,3.0
전효성 [시크릿],3.0
마리서사(Mary 敍事),3.0
해브어티(Have A Tea),3.0
오지은,3.0
하찌와 TJ,3.0
영준 [Brown Eyed Soul],3.0
푸디토리움(Pudditorium),3.0
수상한 커튼,3.0
트리탑스(Tritops),3.0
김그림,3.0
김민종,3.0
페이퍼컷 프로젝트(Papercut Project),3.0
김부용,3.0
김신우,3.0
타블로+페니(이터널 모닝),3.0
클로버(Clover) [남성솔로],3.0
김지연,3.0
강아솔,3.0
세렝게티(Serengeti),3.0
소울라임(SouLime),3.0
소심한 오빠들(Sosimboys),3.0
코지카페(Cozy Cafe),3.0
Y2K,3.0
Tommy Bolin(토미 볼린),3.0
플라스틱(Plastic),3.0
S.E.S.,3.0
칸토 [트로이],3.0
New Jack,3.0
마지못해민트초코,3.0
장세용,3.0
수호,3.0
박정수 [어덜트 컨템포러리],3.0
임종환,3.0
허소영,3.0
미스터 투(Mr.2),3.0
윤상,3.0
바른생활,3.0
육각수밴드,3.0
이덕진,3.0
몽키즈(Monkeyz),3.0
미스 미스터(Mis=Mr),3.0
윤도현,3.0
효기(Hyoki) [Jazz],3.0
황세옥,3.0
뷰티풀 데이즈(Beautiful Days),3.0
이원진,3.0
이은미,3.0
황규영,3.0
바닐라 유니티(Vanilla Unity),3.0
흐른,3.0
박준하,3.0
벤,3.0
장나라,3.0
3호선 버터플라이(3호선 Butterfly),3.0
흠(Heum),3.0
이범학,3.0
이소은,3.0
45알피엠(45RPM),3.0
메이랜드(Mayland),3.0
비쥬(Bijou),3.0
별,3.0
최진영 [SKY],2.0
이상민 ,2.0
316,2.0
스위티(Swi.T),2.0
선우정아(Sunwoojunga),2.0
NS Yoon-G ,2.0
브라운브레스(Brownbreath),2.0
이정봉(Lee Jung Bong),2.0
김형석,2.0
이지라이프(Ez-Life),2.0
노블레스(Noblesse),2.0
화요비,2.0
커먼 그라운드(Common Ground),2.0
핸섬피플(Handsome People),2.0
푸른새벽,2.0
술탄 오브 더 디스코(Sultan Of The Disco),2.0
티티마(T.T.Ma),2.0
그루브 올스타즈(Groove All Stars),2.0
트랙 마켓(Track Market),2.0
수경 [빨간의자],2.0
이석훈 [SG워너비],2.0
투어리스트(The Tourist),2.0
권순관,2.0
개인플레이(Gainplay),2.0
이능룡,2.0
타우(Taw),2.0
20세기 소년,2.0
강토(Kangto),2.0
슈가버블(Sugar Bubble),2.0
김조한,2.0
높은음자리,2.0
김지수,2.0
서태지와 아이들,2.0
서진영,2.0
윈터플레이 혜원,2.0
어반 코너(Urban Corner),2.0
정예경,2.0
비오아이(B.O.I),2.0
디스토리(D.Story),2.0
디제이 아키(DJ AKI),2.0
정인,2.0
블랙넛(Black Nut),2.0
진호,2.0
레이디 컬렉션(Lady Collection),2.0
앤(Ann),2.0
Delicat X Stally,2.0
한민규,2.0
제이에스(JS) [여성듀오],2.0
로맨틱 펀치(Romantic Punch),2.0
로스 아미고스(Los Amigos),2.0
제시(Jessi) [럭키제이],2.0
비비(B.B),2.0
애프터 스쿨(After School) ,2.0
사계절 정원,2.0
필(Feel),2.0
장연주,2.0
진보(Jinbo),2.0
줄라이(July) [뉴에이지],2.0
줄리엣(Juliet),2.0
더 콰이엇(The Quiett),2.0
장기하와 얼굴들,2.0
뎁인뎁쇼,2.0
406호 프로젝트,2.0
빅마마(Big Mama),2.0
지선(Jisun) ,2.0
고현욱,1.0
허니 패밀리(Honey In Honey Family),1.0
BMK,1.0
궐(Geol),1.0
구혜선,1.0
실루엣,1.0
David Sanborn(데이빗 샌본),1.0
ASHGRAY(애쉬그레이),1.0
9초(Nine Seconds),1.0
싸지타(Sagitta),1.0
Fool's Garden(풀스 가든),1.0
한스밴드(Han's Band),1.0
스피넬(SpinEL),1.0
씨유(See U),1.0
아마도이자람밴드,1.0
피쉬(Fish) [락],1.0
필베이(Feelbay),1.0
피비스(PB's),1.0
화나(FANA),1.0
PK 헤만(PK Heman),1.0
Simon Dominic(사이먼 도미닉),1.0
포이트리(Poetree),1.0
프리픽스(Prepix),1.0
스웨터(Sweater),1.0
Karrin Allyson(캐린 앨리슨),1.0
애쉬(Ash) [R&B;],1.0
시진,1.0
하이디,1.0
써니힐(Sunny Hill),1.0
이상(E.Sang),1.0
최재훈,1.0
술제이 인 어메이징 뮤직(Sool J In Amazing Music),1.0
샤이니(SHINee),1.0
만쥬한봉지,1.0
자화상,1.0
장리인,1.0
마이콜(Mycoll),1.0
마마무(Mamamoo),1.0
유니,1.0
잼(Zam),1.0
루나플라이(Lunafly),1.0
로지 피피(RossyPP),1.0
사비나앤드론즈(Savina & Drones),1.0
로맨틱 사운드 드라이브(Romantic Sound Drive),1.0
제이켠(J'Kyun) [럭키제이],1.0
사탕고래,1.0
조규만,1.0
산울림,1.0
비즈니즈(Bizniz),1.0
유영진,1.0
몸과마음,1.0
뷰티핸섬(BeautyHandsome),1.0
베이비복스(Baby V.O.X),1.0
이랑,1.0
이동건,1.0
박신혜 [배우],1.0
이안,1.0
바버렛츠,1.0
브라이언(Brian),1.0
무가당(舞歌黨),1.0
바나나보트(Banana Boat),1.0
밀크티(Milktea),1.0
민효린,1.0
브리즈(The Breeze),1.0
이호석,1.0
문차일드(Moon Child),1.0
조문근,1.0
서문탁,1.0
길미,1.0
들국화,1.0
소설,1.0
코멘트라이즈(Commentlize),1.0
코인,1.0
김태영,1.0
소울스타(Soulstar),1.0
크리스탈 [f(x)],1.0
김정은,1.0
타바코쥬스(Tobacco Juice),1.0
타이(Tie),1.0
김정민,1.0
에스제이(SJ) [Jazz],1.0
에스더(Esther),1.0
김사랑,1.0
투개월,1.0
투아(TOA),1.0
나오미(Naomi),1.0
나원주,1.0
나윤선,1.0
오현란,1.0
좋아서 하는 밴드,1.0
서울 전자 음악단,1.0
서인국,1.0
데이라이트(Daylight),1.0
옥수사진관,1.0
줄리아 하트(Julia Hart),1.0
오수민,1.0
캔디맨(Candyman),1.0
채연,1.0
엠&엔(M&N;),1.0
에픽 하이(Epik High),1.0
낯선(Nassun),1.0
카페모카,1.0
낭만유랑악단,1.0
신건,1.0
