﻿Artist,cnt
성시경,214.0
김동률,145.0
BIGBANG,141.0
바이브(Vibe),138.0
투애니원(2NE1),136.0
리쌍(Leessang),127.0
아이유(IU),121.0
프라이머리(Primary),118.0
싸이(Psy),116.0
이적,116.0
브라운 아이즈(Brown Eyes),113.0
다이나믹 듀오(Dynamic Duo),106.0
휘성,104.0
노을,102.0
G-DRAGON,101.0
윤하(Younha/ユンナ),98.0
어반 자카파(Urban Zakapa),96.0
윤종신,91.0
포맨,90.0
박효신,85.0
스탠딩 에그(Standing Egg),82.0
린(LYn),82.0
지오디(god),81.0
토이(Toy),74.0
옥상달빛,73.0
10cm(십센치),72.0
케이윌(K.Will),71.0
슈프림팀(Supreme Team),70.0
이문세,70.0
김범수,69.0
박정현,69.0
데이브레이크(daybreak),69.0
쿨(COOL),69.0
김연우,68.0
노리플라이(no reply),68.0
임창정,66.0
이승철,65.0
럼블 피쉬(Rumble Fish),65.0
제이레빗(J Rabbit),65.0
SG워너비,64.0
이수영,63.0
나윤권,62.0
이승기,60.0
클래지콰이(Clazziquai),60.0
조성모,58.0
빅마마(Big Mama),57.0
커피소년,56.0
박지윤,55.0
에피톤 프로젝트(Epitone Project),55.0
부활,55.0
브라운 아이드 소울(Brown Eyed Soul),54.0
빈지노(Beenzino),54.0
서영은,53.0
요조(Yozoh),53.0
페퍼톤스(Peppertones),52.0
임정희,52.0
이소라,52.0
에픽 하이(Epik High),52.0
거미,51.0
비스트(Beast),51.0
화요비,51.0
팀(Tim),50.0
허각,50.0
MC 몽,48.0
루싸이트 토끼,47.0
라디(Ra.D),47.0
에일리(Ailee),47.0
허밍 어반 스테레오(Humming Urban Stereo),46.0
엠씨 더 맥스(M.C the Max),45.0
조규찬,44.0
이은미,44.0
이기찬,44.0
2AM,44.0
알리(Ali),44.0
김태우,43.0
넬(Nell),43.0
인피니트(Infinite),43.0
러브홀릭(Loveholic),42.0
자전거 탄 풍경,42.0
김건모,42.0
장혜진,41.0
버스커 버스커(Busker Busker),41.0
양파,40.0
티아라(T-ara),40.0
긱스(Geeks),40.0
포지션(Position),40.0
소녀시대,40.0
스윗소로우(SWEET SORROW),38.0
BMK,38.0
원 모어 찬스(one more chance),38.0
가을방학,38.0
윤도현,38.0
제이(J.ae),38.0
어쿠스틱 콜라보(Acoustic Collabo),37.0
김진표(JP),37.0
공일오비(015B),37.0
하동균,37.0
t윤미래,36.0
터보(Turbo),35.0
알렉스(Alex) [클래지콰이],33.0
윤건,33.0
애즈 원(As One),33.0
임재범,33.0
미쓰 에이(miss A),33.0
전람회,32.0
에프엑스(f(x)),32.0
장윤주,32.0
장재인,32.0
두번째 달,32.0
버벌진트(Verbal Jint),32.0
브라운 아이드 걸스,32.0
정인,31.0
한희정,30.0
버즈(Buzz),30.0
리즈(Leeds),30.0
에코(ECO),30.0
조장혁,29.0
박새별,29.0
카라(Kara),29.0
달콤한 소금,29.0
네스티요나(Nastyona),28.0
자우림(Jaurim),28.0
씨스타(Sistar),28.0
레인보우(Rainbow),28.0
유엔(UN),28.0
플라이 투 더 스카이(Fly To The Sky),27.0
유리상자,27.0
한경일,26.0
캐스커(Casker),26.0
소규모 아카시아 밴드,26.0
젠틀 레인(Gentle Rain),26.0
이승환,26.0
타루(Taru),26.0
뜨거운 감자(Hot Potato),26.0
별,26.0
바비 킴(Bobby Kim),26.0
마이티 마우스(Mighty Mouth),25.0
프렐류드(Prelude),25.0
양요섭 [비스트],25.0
박진영,25.0
뱅크(Bank),25.0
지누션(Jinusean),25.0
다비치,25.0
정준일 [메이트],25.0
브이원 (V.One),25.0
나얼(Na-Ul),24.0
헤르쯔 아날로그(Herz Analog),24.0
이바디(Ibadi),24.0
김현정,24.0
바닐라 어쿠스틱(Vanilla Acoustic),24.0
블락비(Block B),24.0
유희열,24.0
라이너스의 담요(Linus' Blanket),24.0
김광석,24.0
몽니(Monni),24.0
아키버드(Aquibird),23.0
현아 [포미닛],23.0
백지영,23.0
보아(BoA),22.0
김윤아,22.0
2PM,22.0
40(포티),22.0
도나웨일(Donawhale),22.0
박혜경,22.0
타샤니(Tashannie),21.0
윤한(Yoonhan),21.0
DJ DOC,21.0
유미,21.0
정기고(Junggigo),21.0
원투(Onetwo),21.0
몰릭(MhOlic),21.0
상상밴드,21.0
델리 스파이스(Deli Spice),21.0
Zion.T,21.0
이효리,21.0
밀크티(Milktea),20.0
시크릿(Secret),20.0
브라더수(BrotherSu),20.0
코요태,20.0
존 박(John Park),20.0
DJ 소울스케이프(DJ Soulscape),20.0
아이유 ＆ 나윤권,20.0
인디고(Indigo),20.0
S.E.S.,20.0
장세용,20.0
배치기,19.0
씨야(SeeYa),19.0
Lucia(심규선),19.0
라즈베리필드,19.0
서울 전자 음악단,19.0
롤러코스터(Rollercoaster),19.0
보보(Bobo),19.0
투엘슨(2LSON),18.0
벨 에포크(Belle Epoque),18.0
주영(JooYoung),18.0
유재하,18.0
김현성,18.0
이소은,18.0
박완규,17.0
메이비(MayBee),17.0
엄정화,17.0
더필름(The Film),17.0
Laurent Voulzy(로랑 불지),17.0
원더걸스(Wonder Girls),17.0
프리 스타일(Free Style),17.0
플라워(Flower),17.0
지아(Zia),17.0
테이크(Take),17.0
크러쉬(Crush),17.0
이재훈 ,17.0
엠투엠(M To M),17.0
홍대광,17.0
란(Ran),16.0
해랑(Haerang) [재즈],16.0
정재형,16.0
디셈버(December),16.0
이지형,16.0
혜령,16.0
더 원(The One),16.0
애프터 스쿨(After School) ,16.0
김종국,15.0
베이비복스(Baby V.O.X),15.0
자자(Zaza),15.0
써니힐(Sunny Hill),15.0
스프링롤(Springloll),15.0
세븐데이즈(7Dayz),15.0
이상은(Lee Tzsche),15.0
언니네 이발관,15.0
바람에 오르다,15.0
스타 러브 피쉬(Star Love Fish),15.0
룰라(Roo'Ra),15.0
일기예보,15.0
김민우,14.0
박소유,14.0
조원선,14.0
진주,14.0
루시드 폴(Lucid Fall),14.0
박학기,14.0
추성훈,14.0
태연 (Taeyeon),14.0
버블 시스터즈(Bubble Sisters),14.0
포츈 쿠키(Fortune Cookie),14.0
샤프(Sharp),14.0
하림,14.0
하우스 룰즈(House Rulez),14.0
Glen Check(글렌체크),14.0
블루베리 [여자],14.0
CHEEZE,14.0
포이트리(Poetree),14.0
브랜뉴직(Brand Newjiq),14.0
신예원,14.0
몽라(Monla/夢兒),14.0
김현철,14.0
로이킴,14.0
오렌지캬라멜(Orange Caramel),14.0
안치환,14.0
이정현,14.0
이은하,14.0
장미여관,14.0
도원경,14.0
더 넛츠(The Nuts),14.0
미스티 블루(Misty Blue),14.0
씨스타19(Sistar 19),14.0
유진 [S.E.S],14.0
더 클래식(The Classic),13.0
드렁큰 타이거(Drunken Tiger),13.0
하키(Hockee),13.0
트리플 이펙트(Triple Effect),13.0
JUNIEL(주니엘),13.0
에이핑크(Apink),13.0
웅산,13.0
우쿨렐레 피크닉(Ukulele Picnic),13.0
허소영,13.0
왁스(Wax),13.0
안녕 바다,13.0
테테(Tete),13.0
조이 [알트리퍼],13.0
박봄,13.0
모리(Morrie),13.0
더 멜로디(The Melody),13.0
인스턴트 로맨틱 플로어(Instant Romantic Floor),13.0
크루셜스타(Crucial Star),13.0
아이 투 아이(Eye To Eye),13.0
김연지,13.0
코쿤벨즈(Cocoon Bells),13.0
김형중,13.0
코나(Kona),13.0
스웨덴세탁소,13.0
나희경 [Jazz],13.0
신용재 [4men],12.0
재지팩트(Jazzyfact),12.0
한효주,12.0
짙은(Zitten),12.0
조정현,12.0
줄라이(July) [뉴에이지],12.0
서인영,12.0
하나(Hana) [타이푼],12.0
브이오에스(V.O.S.),12.0
서인국,12.0
제이에스(JS) [여성듀오],12.0
신승훈,12.0
4-49(포포리나인),12.0
구혜선,12.0
마로니에(Maronnier),12.0
김민석 [트리오로그],11.0
EXID(이엑스아이디),11.0
브로콜리너마저,11.0
보드카 레인(Vodka Rain),11.0
권순관,11.0
주(Joo),11.0
보싸다방(Bossa Dabang),11.0
텐시러브(Tensi Love),11.0
스웨터(Sweater),11.0
쥬얼리(Jewelry),11.0
지나(G.NA),11.0
MC 스나이퍼(MC Sniper),11.0
네미시스(Nemesis),11.0
수퍼러너(Superrunner),11.0
해이(Hey),11.0
정재욱,11.0
스윙체어(Swingchair),11.0
윈터플레이 혜원,11.0
울랄라세션(Ulala Session),11.0
서지원,10.0
포미닛(4minute),10.0
알버트 주(Albert Joo),10.0
손성제,10.0
강타,10.0
김장훈,10.0
"15&(박지민, 백예린)",10.0
시와(Siwa),10.0
어반스페이스(Urbanspace),10.0
동방신기(TVXQ!),10.0
업타운(UPT),10.0
참깨와 솜사탕,10.0
심현보,10.0
Caramel espreSSo(카라멜 에스프레소),10.0
리아(Riaa),10.0
이루리 프로젝트,10.0
그린티(The Green Tea),10.0
FTISLAND(에프티 아일랜드),10.0
걸스데이(Girl's Day),10.0
최재훈,10.0
토마스 쿡(Thomas Cook),9.0
손담비,9.0
소울크라이(SoulCry),9.0
송광식,9.0
트램폴린(Trampauline),9.0
김돈규,9.0
MIWOO(미우),9.0
소란(Soran),9.0
나루(Naru) [솔루션스],9.0
슬로우 쥰(Slow 6),9.0
이정봉(Lee Jung Bong),9.0
더 콰이엇(The Quiett),9.0
Luis Mariano(루이즈 마리아노),9.0
피터팬 컴플렉스(Peterpan Complex),9.0
하와이,9.0
샤이니(SHINee),9.0
이선희,9.0
한동준,9.0
에레나(Elena),9.0
비(Rain),9.0
윤상,9.0
테이(Tei),9.0
온유(On.U) [발라드],8.0
임현정,8.0
씨엔블루(CNBLUE),8.0
조규만,8.0
정재일,8.0
나일론에세이(Nylon Essay),8.0
곽은기,8.0
더 젬(The Gem),8.0
이원진,8.0
어바노(Urbano),8.0
도로시밴드(Dorothy Band),8.0
영턱스클럽(YTC),8.0
스티(STi),8.0
오후만 있던 일요일,8.0
SG워너비 김진호,8.0
박미경,8.0
투나잇(Tonight),8.0
푸딩(Pudding),8.0
베란다 프로젝트(Verandah Project),8.0
수호,8.0
하이투힘(Hi to him),8.0
Ed.C,8.0
YB,8.0
솔루션스(THE SOLUTIONS),8.0
해브어티(Have A Tea),8.0
팔로알토(Paloalto),8.0
태인,8.0
블루앤블루(Blue & Blue),8.0
브라우니 스픽스(Brownie Speaks),8.0
거북이,8.0
네온스(Neons),7.0
장나라,7.0
나원주,7.0
이하이,7.0
장연주,7.0
이지훈,7.0
M시그널,7.0
데미캣(Demicat),7.0
포터블 그루브 나인(Portable Groove 09),7.0
Michael Buble(마이클 부블레),7.0
김정균 (a.k.a 김거지),7.0
언노운 피플(UKP),7.0
이랑,7.0
디아(Dia) [키스 & 크라이],7.0
유피(UP),7.0
영준 [Brown Eyed Soul],7.0
러브홀릭스(Loveholics),7.0
파인애플(Pineapple),7.0
스트로베리 레인(Strawberry Rain),7.0
수상한 커튼,7.0
술탄 오브 더 디스코(Sultan Of The Disco),7.0
송지은 [시크릿],7.0
젝스키스(Sechs Kies),7.0
천상혁,7.0
김광진,7.0
채연,7.0
트리-비(Tri-be),7.0
박선주,7.0
신화,7.0
파니핑크(Fanny Fink) ,6.0
서연,6.0
이안,6.0
이오스(E.O.S),6.0
헤리티지(Heritage),6.0
한성민,6.0
예민,6.0
비프리(B-Free),6.0
핸섬피플(Handsome People),6.0
로지 피피(RossyPP),6.0
Daniel Powter(다니엘 파우터),6.0
클로버(Clover) [남성솔로],6.0
카니발(Carnival),6.0
써드코스트(3rd Coast),6.0
스윗바이러스(Sweet Virus),6.0
제이세라(J-Cera),6.0
제이로직(Jay Logic),6.0
로맨틱 가든(Romantic Garden),6.0
이진우 [인디],6.0
로맨틱 펀치(Romantic Punch),6.0
김소정,6.0
메이트(Mate),6.0
김승후,6.0
랄라스윗(lalasweet),6.0
페이퍼컷 프로젝트(Papercut Project),6.0
패닉(Panic),6.0
조관우,6.0
소울맨(Soulman),6.0
크레파스,5.0
유승준,5.0
홍경민,5.0
딕펑스(Dick Punks),5.0
Shay(셰이),5.0
디어 클라우드(Dear Cloud),5.0
은미(Eunmi),5.0
긱스(Gigs),5.0
이석훈 [SG워너비],5.0
Jackson Browne(잭슨 브라운),5.0
Laurel Music(로렐 뮤직),5.0
더블케이(Double K),5.0
이정,5.0
Tama Rhodes(타마 로즈),5.0
김민종,5.0
팀(Team),5.0
재주소년,5.0
길미,5.0
브리즈(The Breeze),5.0
흐른,5.0
샵(S#arp),5.0
아서라 이그(Asra IG),5.0
미스티 아이드 걸(Misty-Eyed Girl),5.0
바다,5.0
마야(Maya),5.0
박경환,5.0
슈가볼(Sugarbowl),5.0
성수진,5.0
에스제이(SJ) [Jazz],5.0
불독맨션(Bulldogmansion),5.0
이상순 ,4.0
좋아서 하는 밴드,4.0
에스트래직 비츠(Estraziq Beats) ,4.0
키스(Kiss),4.0
더 네임(The Name),4.0
클린치(Clinch),4.0
박상민,4.0
스윙스(Swings),4.0
이상우,4.0
박명수,4.0
얼스(Earls),4.0
박기영,4.0
어쿠스틱 콰이어,4.0
화이트(W.H.I.T.E.),4.0
2YOON(포미닛 투윤),4.0
우은미,4.0
아소토 유니온(Asoto Union),4.0
제이에이(JA),4.0
아이엠(iM),4.0
모세(Mose),4.0
김조한,4.0
제국의아이들[ZE:A],4.0
정혜담,4.0
김형석,4.0
정경화,4.0
나비(Navi),4.0
더 레이(The Ray),4.0
강균성 [노을],4.0
애시드 하이(Acid high),4.0
John Pizzarelli(존 피자렐리),4.0
리디아(Lydia),4.0
라니아(Rania),4.0
오션(5tion),4.0
소녀시대-태티서(Girls' Generation-TTS),4.0
소울라이츠(Soulights),4.0
피리과(Pirigwa),4.0
유니,4.0
세하(Seha),4.0
박지헌,4.0
리오 케이코아(Leo Kekoa),4.0
Unknown,4.0
송 오브 루나(Song Of Luna),4.0
W & Whale(더블유 앤 웨일),4.0
핑클(Fin.K.L),4.0
정키(Jung Key),3.0
아침(Achim) [듀오],3.0
베베미뇽(BeBe Mignon),3.0
가인 [브라운아이드걸스],3.0
김현식,3.0
모던쥬스(Modern Juice),3.0
베이시스(Basis),3.0
아웃포스트(Outpost),3.0
비욘드(Beyond),3.0
멜로 브리즈(Melo' Breeze),3.0
메이팝(Maypop),3.0
알앤피(RNP),3.0
산이(San E),3.0
Martin Solveig(마틴 솔베이그),3.0
홍은희 [배우],3.0
NS Yoon-G ,3.0
박정운,3.0
강희수,3.0
The Finnn,3.0
빅스(VIXX),3.0
솔비,3.0
트러블메이커(Troublemaker),3.0
스프링쿨러(Sprinkler),3.0
카이,3.0
박광현,3.0
신성우,3.0
허민,3.0
바스코(Vasco),3.0
신재,3.0
지훈(Zi Hoon),3.0
허밍제이(Humming.J),3.0
타코앤제이형(Tako & J Hyung),3.0
비원에이포(B1A4),3.0
옥수사진관,3.0
동물원,3.0
원웨이(Oneway),3.0
데니스 프로젝트(Denis Project),3.0
러브앤팝(Love & Pop),3.0
동요나라,3.0
어퍼스케리(Aposcary) ,3.0
듀스(Deux),3.0
이병우,3.0
디제이 렉스(DJ Wreckx),3.0
이어부스(Earbooth),3.0
야광토끼(Neon Bunny),3.0
이지라이프(Ez-Life),3.0
오후(5Who),3.0
키비(Kebee) [이루펀트],2.0
고유진(플라워),2.0
클라우드 쿠쿠랜드(Cloud Cuckoo Land),2.0
크리스피 로즈(Crispy Rhodes),2.0
이루(Eru),2.0
키미 피에스타(Kimy Fiesta),2.0
인순이,2.0
마르코(Marco) [힙합],2.0
커먼 그라운드(Common Ground),2.0
태륜,2.0
도트(Dot),2.0
체리필터(Cherry Filter),2.0
이승열,2.0
처진 달팽이(유재석 & 이적),2.0
데이라이트(Daylight),2.0
이아레,2.0
차은주,2.0
지마스타(G-Masta),2.0
김그림,2.0
이영현,2.0
킹스턴 루디스카(Kingston Rudieska),2.0
술제이(SOOL J),2.0
태사자,2.0
은비 [발라드],2.0
블랙펄(Black Pearl),2.0
비다로카(Vida Loca),2.0
DMTN,2.0
비스윗(Besweet),2.0
오지은과 늑대들,2.0
한선화 [시크릿],2.0
하울(HowL),2.0
Janis Ian(재니스 이안),2.0
Landon Pigg(랜던 피그),2.0
오지은,2.0
원티드(Wanted),2.0
윈터플레이(Winterplay),2.0
세도나,2.0
세븐(SE7EN),2.0
NY 물고기,2.0
포스트맨(Postmen),2.0
라이머(Rhymer),2.0
센티멘탈 시너리(Sentimental Scenery),2.0
파탈(擺脫/Fatal),2.0
소설,2.0
루앤(Luanne),2.0
소울스타(Soulstar),2.0
솔리드(Solid),2.0
트레스패스(Trespass),2.0
디어(d.ear),2.0
토스티(Toastie),2.0
미드 타운 밴드(Mid Town Band),2.0
썸피플(Sumpeople),2.0
슈퍼주니어(Super Junior),2.0
김디지(Deegie) [트레블러],2.0
김우주,2.0
나비효과,2.0
정원영,2.0
남경윤,2.0
인디언 팜(Indian Palm),2.0
어 모던(A Modern),2.0
조pd(ZoPD),2.0
먼데이 키즈(Monday Kiz),2.0
다나 더 그레이스,2.0
매슬로(Maslo),2.0
장기하와 얼굴들,2.0
재즈홀릭(Jazzholic),2.0
이한철,2.0
김지수,2.0
양양(YangYang),2.0
이우창,2.0
양수경,2.0
정엽,2.0
악퉁(Achtung),2.0
조윤성,2.0
나무자전거,2.0
앤덥(Andup),2.0
아미(A-Mi),2.0
문명진,2.0
김혜림,2.0
옥주현,2.0
페이지(Page),1.0
나몰라 패밀리 TKO,1.0
모노토이(Monotoi),1.0
이채(Ich'e),1.0
자화상,1.0
원타임(1TYM),1.0
서지영,1.0
박준혁,1.0
피노다인(Pinodyne),1.0
프린세스 디지즈(Princess Disease),1.0
서진영,1.0
유브이(UV),1.0
프리키(Freaky),1.0
서후,1.0
알레그로(Allegrow),1.0
PK 헤만(PK Heman),1.0
로빈이 토끼란 사실을 알고 있었나?,1.0
반광옥,1.0
옆집 남자(A Boy Next Door),1.0
모노 다이어리(Mono Diary),1.0
푸디토리움(Pudditorium),1.0
하은,1.0
하비누아주(Ravie Nuage),1.0
4번출구,1.0
노이즈(Noise),1.0
로맨틱 소울(Romantic Soul),1.0
9와 숫자들,1.0
뷰티풀 데이즈(Beautiful Days),1.0
헨미(Henmi),1.0
5mg,1.0
다이스(D.I.C.E),1.0
레시피밴드(Recipe Band),1.0
브라운브레스(Brownbreath),1.0
인피니트 H,1.0
316,1.0
올드피쉬(Oldfish),1.0
효기(Hyoki) [Jazz],1.0
로맨틱멜로디초비,1.0
우림프로젝트,1.0
노라조,1.0
로맨틱 모먼트(Romantic Moment),1.0
오프스텝(Off Step),1.0
봄여름가을겨울,1.0
워렌(Warren),1.0
봄(Bom),1.0
사준,1.0
임헌일 [메이트],1.0
레이디 제인(Lady Jane),1.0
JK 김동욱,1.0
한강의 기적,1.0
살찐고양이,1.0
하찌와 TJ,1.0
보이(VOY),1.0
알케미스트(R★Chemist),1.0
더 버드(The Bird),1.0
유열,1.0
주영훈,1.0
루다(Ruda),1.0
도끼(Dok2),1.0
모이다 밴드(Moida Band),1.0
스맥스(S'Max),1.0
마지막 토스트(Lastoast),1.0
아이비(IVY),1.0
고호경,1.0
곰PD,1.0
케이준(K Jun),1.0
에네스 그레이(Eness Gray),1.0
못(Mot),1.0
캐비넷 싱얼롱즈(Cabinet Singalongs),1.0
김영훈,1.0
카말(Kamaal),1.0
궐(Geol),1.0
시로스카이(Shirosky),1.0
최백호,1.0
파리돼지앵(정형돈 & 정재형),1.0
조용필,1.0
마이 앤트 메리(My Aunt Mary),1.0
채정안,1.0
김보령,1.0
차가운 체리(Cold Cherry),1.0
신태권,1.0
신해철,1.0
진선(JinSun),1.0
이아립,1.0
지플라(G.Fla),1.0
김경민 [재즈],1.0
김민규 [스위트피],1.0
이영훈 [인디],1.0
문차일드(Moon Child),1.0
더 카(The Car),1.0
박솔 [솔루션스],1.0
인소윤,1.0
클론(Clon),1.0
전기뱀장어,1.0
틴 탑(Teen Top),1.0
Simon Dominic(사이먼 도미닉),1.0
소울원(Soul One),1.0
정성하,1.0
리사(Lisa),1.0
투앤비(2NB),1.0
디바(Diva),1.0
투빅(2BiC),1.0
솜사탕,1.0
Unlimit,1.0
디갈로(Degalo),1.0
송용창 쿼텟,1.0
마더컨트리,1.0
숙희,1.0
김현주,1.0
악동뮤지션(AKMU),1.0
은지원,1.0
이그나이트(Ignite),1.0
이지혜,1.0
태사비애,1.0
더 비(The Bee),1.0
드래곤플라이(Dragonfly),1.0
타우(Taw),1.0
강아솔,1.0
강우진,1.0
정지찬 [원모어찬스],1.0
키덜트(Kidult) [인디락],1.0
이루펀트(Eluphant),1.0
앤(Ann),1.0
