﻿Artist,cnt
성시경,311.0
박효신,186.0
아이유(IU),177.0
어반 자카파(Urban Zakapa),145.0
SG워너비,145.0
포맨,137.0
프라이머리(Primary),134.0
김범수,130.0
브라운 아이드 소울(Brown Eyed Soul),127.0
신해철,123.0
김동률,122.0
브라운 아이즈(Brown Eyes),113.0
김연우,111.0
토이(Toy),110.0
쿨(COOL),104.0
케이윌(K.Will),96.0
김건모,90.0
에피톤 프로젝트(Epitone Project),89.0
부활,88.0
휘성,87.0
바이브(Vibe),85.0
별,81.0
10cm(십센치),80.0
다비치,79.0
럼블 피쉬(Rumble Fish),78.0
원더걸스(Wonder Girls),76.0
노을,76.0
박정현,74.0
버스커 버스커(Busker Busker),74.0
이문세,73.0
이은미,72.0
씨스타(Sistar),70.0
윤종신,70.0
이소라,70.0
서태지와 아이들,69.0
유재하,69.0
조성모,68.0
이적,68.0
2AM,68.0
윤건,66.0
싸이(Psy),65.0
넥스트(N.EX.T),64.0
이승철,63.0
엠씨 더 맥스(M.C the Max),62.0
나얼(Na-Ul),57.0
임재범,56.0
임창정,56.0
김태우,56.0
플라이 투 더 스카이(Fly To The Sky),55.0
터보(Turbo),55.0
윤도현,54.0
이승환,54.0
화요비,54.0
에픽 하이(Epik High),53.0
MC 몽,53.0
이승기,52.0
노리플라이(no reply),52.0
브라운 아이드 걸스,51.0
리쌍(Leessang),51.0
린(LYn),51.0
공일오비(015B),50.0
넬(Nell),50.0
거미,49.0
장혜진,46.0
왁스(Wax),45.0
테이(Tei),45.0
윤상,45.0
지아(Zia),44.0
이수영,44.0
울랄라세션(Ulala Session),43.0
정엽,42.0
에이핑크(Apink),41.0
나윤권,41.0
소녀시대,41.0
스윗소로우(SWEET SORROW),41.0
티아라(T-ara),41.0
백지영,40.0
포지션(Position),40.0
이선희,39.0
장나라,39.0
나르샤 [브라운아이드걸스],39.0
이기찬,38.0
팀(Tim),38.0
동방신기(TVXQ!),38.0
박기영,38.0
원 모어 찬스(one more chance),37.0
이루(Eru),37.0
핑클(Fin.K.L),37.0
박지윤,37.0
루시드 폴(Lucid Fall),37.0
버즈(Buzz),36.0
박새별,36.0
정준일 [메이트],35.0
김광석,35.0
정재욱,35.0
언니네 이발관,35.0
김현정,35.0
버벌진트(Verbal Jint),34.0
지오디(god),34.0
유희열,32.0
G-DRAGON,32.0
아이비(IVY),32.0
하림,32.0
유리상자,31.0
라디(Ra.D),31.0
김지수,31.0
가을방학,31.0
푸디토리움(Pudditorium),31.0
에이트(8Eight),30.0
서지원,30.0
전람회,30.0
신승훈,30.0
브로콜리너마저,30.0
임정희,30.0
인피니트(Infinite),30.0
정동하,30.0
신성우,30.0
웅산,29.0
포스트맨(Postmen),29.0
슈가볼(Sugarbowl),29.0
윤현상,28.0
알렉스(Alex) [클래지콰이],28.0
한경일,28.0
더 원(The One),28.0
푸른 하늘,27.0
조규찬,27.0
데이브레이크(daybreak),27.0
세븐데이즈(7Dayz),27.0
김현식,27.0
소심한 오빠들(Sosimboys),26.0
김성호,26.0
에이오에이(AOA),26.0
보아(BoA),26.0
윤민수,26.0
투애니원(2NE1),25.0
더 클래식(The Classic),25.0
재주소년,25.0
박혜경,25.0
존 박(John Park),25.0
윤하(Younha/ユンナ),25.0
보보(Bobo),24.0
조장혁,24.0
여행스케치,24.0
트러블메이커(Troublemaker),24.0
Lucia(심규선),23.0
비스트(Beast),23.0
현아 [포미닛],23.0
윈터플레이(Winterplay),23.0
요조(Yozoh),23.0
어쿠스틱 콜라보(Acoustic Collabo),23.0
양희은,22.0
KCM,22.0
한희정,22.0
변진섭,22.0
박진영,22.0
소유,21.0
t윤미래,21.0
김종국,21.0
서영은,21.0
패닉(Panic),21.0
더 블루(The Blue),21.0
브이원 (V.One),21.0
홍경민,21.0
조정현,21.0
알리(Ali),20.0
젝스키스(Sechs Kies),20.0
커피소년,20.0
애즈 원(As One),20.0
옥상달빛,20.0
델리 스파이스(Deli Spice),20.0
제이워크(J-Walk),19.0
아소토 유니온(Asoto Union),19.0
버블 시스터즈(Bubble Sisters),19.0
오렌지캬라멜(Orange Caramel),19.0
BIGBANG,19.0
김진표(JP),19.0
제이(J.ae),19.0
이지형,18.0
달콤한 소금,18.0
동물원,18.0
임현정,18.0
스웨덴세탁소,17.0
무한궤도,17.0
빅마마(Big Mama),17.0
바비 킴(Bobby Kim),17.0
지누션(Jinusean),17.0
리사(Lisa),17.0
크루셜스타(Crucial Star),17.0
빈지노(Beenzino),16.0
다이나믹 듀오(Dynamic Duo),16.0
김예림 [투개월],16.0
김정민,16.0
소찬휘,16.0
영턱스클럽(YTC),16.0
김조한,16.0
정키(Jung Key),16.0
더 레이(The Ray),16.0
김현철,16.0
조관우,16.0
태양,16.0
EXO,16.0
강수지,15.0
페퍼톤스(Peppertones),15.0
박지헌,15.0
이진아,15.0
긱스(Geeks),15.0
민경훈,15.0
장필순,15.0
이아립,15.0
김보경,15.0
씨야(SeeYa),15.0
신용재 [4men],15.0
슈퍼주니어(Super Junior),15.0
디어(d.ear),15.0
이상은(Lee Tzsche),15.0
BMK,15.0
거북이,14.0
씨엔블루(CNBLUE),14.0
장윤주,14.0
태연 (Taeyeon),14.0
폴킴(Paul Kim),14.0
규현(KYUHYUN),14.0
아낌없이 주는 나무,14.0
도로시밴드(Dorothy Band),14.0
강희수,14.0
환희,14.0
어쿠루브(Acourve),14.0
에디킴,14.0
박혜영,14.0
40(포티),14.0
박정운,14.0
EXID(이엑스아이디),14.0
처진 달팽이(유재석 & 이적),14.0
소울스타(Soulstar),14.0
디제이 아키(DJ AKI),14.0
최용준,14.0
딕펑스(Dick Punks),14.0
이하이,14.0
카밀라(Camilla),14.0
린애,14.0
레이디스 코드(LADIES' CODE),14.0
도나웨일(Donawhale),13.0
에메랄드 캐슬(Emerald Castle),13.0
가인 [브라운아이드걸스],13.0
크러쉬(Crush),13.0
박재범(Jay Park),13.0
자전거 탄 풍경,13.0
김광진,13.0
전기뱀장어,13.0
카니발(Carnival),13.0
도원경,13.0
현진영,13.0
허각,13.0
HITCHHIKER (히치하이커),13.0
흑꼬,12.0
하동균,12.0
브리즈(The Breeze),12.0
유엔(UN),12.0
길미,12.0
안치환,12.0
"S (강타, 신혜성, 이지훈)",12.0
고유진(플라워),12.0
수경 [빨간의자],12.0
WINNER,12.0
클래지콰이(Clazziquai),12.0
클린치(Clinch),12.0
리즈(Leeds),12.0
더블에스501(SS501),12.0
메이트(Mate),12.0
박미경,12.0
네미시스(Nemesis),12.0
로이킴,12.0
에릭남,11.0
안녕 바다,11.0
스프링롤(Springloll),11.0
문명진,11.0
하울(HowL),11.0
강승윤 [WINNER],11.0
이원진,11.0
화이트(W.H.I.T.E.),11.0
재즈홀릭(Jazzholic),11.0
산이(San E),11.0
타루(Taru),11.0
김돈규,11.0
이정,11.0
뱅크(Bank),11.0
이현 [에이트],11.0
디아(Dia) [키스 & 크라이],11.0
원티드(Wanted),11.0
H.O.T.,11.0
리치(Rich),11.0
양파,11.0
먼데이 키즈(Monday Kiz),10.0
이지영,10.0
자화상,10.0
김우주,10.0
이호석,10.0
노매드(Nomad),10.0
강토(Kangto),10.0
이영미 [뮤지컬],10.0
김장훈,10.0
노블레스(Noblesse),10.0
프렐류드(Prelude),10.0
신화,10.0
알레그로(Allegrow),10.0
검정치마,10.0
Various Artists,10.0
정원영,10.0
시크릿(Secret),10.0
레드애플(Led apple),10.0
베란다 프로젝트(Verandah Project),10.0
장세용,10.0
316,10.0
미스터 투(Mr.2),10.0
에이치(H),10.0
비(Rain),9.0
소울크라이(SoulCry),9.0
양정승(Kiroy Y),9.0
불나방스타쏘세지클럽,9.0
정인,9.0
"15&(박지민, 백예린)",9.0
M.I.B(Most Incredible Busters),9.0
견우,9.0
다니엘(Daniel) [DMTN],9.0
봄여름가을겨울,9.0
해이(Hey),9.0
룰라(Roo'Ra),9.0
나원주,9.0
스탠딩 에그(Standing Egg),9.0
손성훈,9.0
Ab 에비뉴,9.0
이용,9.0
Stay [심태윤],9.0
자자(Zaza),9.0
흐른,9.0
빈티지 블루(Vintage Blue),9.0
빌리어코스티(Bily Acoustie),9.0
이그나이트(Ignite),8.0
캔(Can),8.0
소방차,8.0
코나(Kona),8.0
러브홀릭(Loveholic),8.0
최호섭,8.0
하와이,8.0
DJ DOC,8.0
김민종,8.0
언타이틀(Untitle),8.0
Atlantic Starr(아틀란틱 스타),8.0
보이스원(Voice One),8.0
나윤선,8.0
페이지(Page),8.0
정기고(Junggigo),8.0
전인권,8.0
푸딩(Pudding),8.0
빛과 소금,8.0
파티스트릿(Party Street),8.0
팀(Team),8.0
한영애,8.0
샵(S#arp),8.0
서인국,8.0
선데이 선셋(Sunday Sunset),8.0
미카엘 밴드(Michael Band),7.0
네이브로(NeighBro.),7.0
제이레빗(J Rabbit),7.0
트랙 마켓(Track Market),7.0
레인보우(Rainbow),7.0
오종혁(OJ),7.0
보드카 레인(Vodka Rain),7.0
네스티요나(Nastyona),7.0
동경소녀,7.0
이수,7.0
마이 앤트 메리(My Aunt Mary),7.0
모세(Mose),7.0
이종현 [CNBLUE],7.0
나희경 [Jazz],7.0
더필름(The Film),7.0
솔리드(Solid),7.0
좋아서 하는 밴드,7.0
이오공감,7.0
비욘드(Beyond),7.0
루싸이트 토끼,7.0
캐스커(Casker),7.0
크레용팝(Crayon Pop),7.0
플랩(Flap),7.0
엠스트리트(M.Street),7.0
더 넛츠(The Nuts),6.0
디바(Diva),6.0
2PM,6.0
컬투(Cultwo),6.0
두번째 달,6.0
데이라이트(Daylight),6.0
노이즈(Noise),6.0
김혜림,6.0
에코 브릿지(Eco bridge),6.0
롤러코스터(Rollercoaster),6.0
걸스데이(Girl's Day),6.0
S.E.S.,6.0
이정현,6.0
가비엔제이(Gavy N.J.),6.0
XIA(준수),6.0
투개월,6.0
일렉트로보이즈(ELECTRO BOYZ),6.0
임세준,6.0
임종환,6.0
염따(YumDDa),6.0
조규만,6.0
젠틀 레인(Gentle Rain),6.0
소란(Soran),6.0
구본승,6.0
MC 스나이퍼(MC Sniper),6.0
권진원,6.0
제이벨(J BEL),6.0
이가희,6.0
오션(5tion),5.0
박준하,5.0
정인호,5.0
나비(Navi),5.0
"바이루피타(Bye, Lupita)",5.0
투엘슨(2LSON),5.0
일기예보,5.0
옥주현,5.0
마이큐(MY-Q),5.0
몽실이 시스터즈,5.0
건휘,5.0
온유(On.U) [발라드],5.0
이정석,5.0
보이(VOY),5.0
주영(JooYoung),5.0
한소아,5.0
소울맨(Soulman),5.0
악동뮤지션(AKMU),5.0
한효주 With 브로콜리너마저,5.0
써니힐(Sunny Hill),5.0
토마스 쿡(Thomas Cook),5.0
신조음계(Sinzo Eumke),5.0
씨에스피(CSP) [크리스피 크런치],5.0
시인과 촌장,5.0
아메리카노,5.0
드렁큰 타이거(Drunken Tiger),5.0
G.O(지오) [엠블랙],5.0
S.M. The Ballad '제규종지',5.0
스윗바이러스(Sweet Virus),5.0
하우스 룰즈(House Rulez),5.0
채정안,5.0
김재중,5.0
리드미스트(Rhythmist),5.0
창민,5.0
루그(Lug),5.0
김사랑,5.0
줄리아 하트(Julia Hart),4.0
한충완,4.0
코요태,4.0
프리 스타일(Free Style),4.0
제아(브라운 아이드 걸스) ＆ 지오(엠블랙),4.0
우이경,4.0
우연주,4.0
투빅(2BiC),4.0
창고,4.0
유미,4.0
유발이의 소풍,4.0
투샤이(2Shai),4.0
유정균 [세렝게티],4.0
카라(Kara),4.0
케미(Kemi),4.0
한동준,4.0
흠(Heum),4.0
leeSA(리싸),4.0
Peggy Lee(페기 리),4.0
아이유 ＆ 나윤권,4.0
가희,4.0
손담비,4.0
뷰티핸섬(BeautyHandsome),4.0
안녕하신가영,4.0
드라마틱스(Dramatics),4.0
Yael Naim(야엘 나임),4.0
소울라이츠(Soulights),4.0
소규모 아카시아 밴드,4.0
Susan Jacks(수잔 잭스),4.0
박선주,4.0
박시후 ,4.0
들국화,4.0
아이리쉬 커피(Irish Coffee),4.0
성제 [초신성],4.0
심현보,4.0
배치기,4.0
김은태,4.0
Caramel espreSSo(카라멜 에스프레소),4.0
김윤아,4.0
보싸다방(Bossa Dabang),4.0
시애나(Siaena),4.0
스맥스(S'Max),4.0
G.고릴라,4.0
신혜성,4.0
매드 클라운(Mad Clown),4.0
슈프림팀(Supreme Team),3.0
나인 스트릿(9th STREET),3.0
이승훈 [발라드],3.0
다비,3.0
바닐라 어쿠스틱(Vanilla Acoustic),3.0
봄(Bom),3.0
조원선,3.0
이소은,3.0
남경윤,3.0
더 멜로디(The Melody),3.0
렌(Len),3.0
비쥬(Bijou),3.0
빅 베이비 드라이버(Big Baby Driver),3.0
지영선,3.0
지플라(G.Fla),3.0
차지연,3.0
블랙펄(Black Pearl),3.0
로지 피피(RossyPP),3.0
이효리,3.0
더 스토리(T.H.E. Story),3.0
지나(G.NA),3.0
브라이언(Brian),3.0
서인영,3.0
라이너스의 담요(Linus' Blanket),3.0
이주미,3.0
셀로판리버(Cellophane River),3.0
11시11분,3.0
김지연,3.0
백지웅,3.0
앤썸(Anthem),3.0
엄정화,3.0
하이디,3.0
바람꽃,3.0
양요섭 [비스트],3.0
Simon Dominic(사이먼 도미닉),3.0
우은미,3.0
언터쳐블,3.0
JYJ,3.0
에보니힐(Ebonyhill),3.0
W & Whale(더블유 앤 웨일),3.0
혁오(hyukoh),3.0
혜령,3.0
DMTN,3.0
오소영,3.0
정재형,3.0
미스티 블루(Misty Blue),3.0
바다,3.0
김종찬,3.0
비비(B.B),3.0
모자이크,3.0
전효성 [시크릿],3.0
베이지(Beige),3.0
프롬(Fromm),3.0
이병우,3.0
김종서,3.0
유열,3.0
몽니(Monni),3.0
아이 투 아이(Eye To Eye),3.0
리트머스(Litmus),3.0
가다,3.0
강타,3.0
김경호,3.0
김그림,3.0
배철수,3.0
마로니에(Maronnier),2.0
제이켠(J'Kyun) [럭키제이],2.0
미드 타운 밴드(Mid Town Band),2.0
쥬얼리(Jewelry),2.0
마르코(Marco) [힙합],2.0
말로(Malo),2.0
몽라(Monla/夢兒),2.0
조용필,2.0
영준 [Brown Eyed Soul],2.0
진주,2.0
참깨와 솜사탕,2.0
3월의 토끼,2.0
ASHGRAY(애쉬그레이),2.0
BNR(Brand New Radio),2.0
K2(김성면),2.0
하이포(HIGH4),2.0
피아노(Piano) [남자듀오],2.0
플라워(Flower),2.0
강아솔,2.0
강촌사람들,2.0
곰PD,2.0
곽푸른하늘,2.0
김동희,2.0
티아라(소연),2.0
김사월,2.0
김사월X김해원,2.0
김종욱,2.0
태원(TaeOne),2.0
김형중,2.0
내추럴(Natural),2.0
대니 정(Danny Jung),2.0
쿼트로코드(Quattro Code),2.0
코쿤벨즈(Cocoon Bells),2.0
컨츄리 꼬꼬(Country Kkokko),2.0
디헤븐,2.0
레비 파티(LEVIPARTY),2.0
천상지희 더 그레이스(天上智喜 The Grace),2.0
레트로 바이러스(Retro Virus),2.0
제이 킴(Jay Kim),2.0
스토리(Story) (솔로),2.0
인순이,2.0
장재인,2.0
왓위민원트(What Women Want),2.0
유승준,2.0
브라더수(BrotherSu),2.0
장기하와 얼굴들,2.0
블락비(Block B),2.0
윤사라,2.0
빅뱅(방승철) [Solo],2.0
야다(Yada),2.0
사비나앤드론즈(Savina & Drones),2.0
송지은 [시크릿],2.0
원웨이(Oneway),2.0
솔루션스(THE SOLUTIONS),2.0
이영현,2.0
손승연,2.0
아웃사이더(Outsider),2.0
서문탁,2.0
아프로디노(Afrodino),2.0
서태지,2.0
소울컴퍼니(Soul Company),2.0
스웨터(Sweater),2.0
소울사이어티(Soulciety),2.0
박보람,2.0
정은채 [배우],2.0
에코(ECO),2.0
여하,2.0
신문희(Moony),2.0
오지은,2.0
윤한(Yoonhan),2.0
에프엑스(f(x)),2.0
박상민,2.0
시노(Cino),2.0
정지찬 [원모어찬스],2.0
이바디(Ibadi),2.0
엔젤(Enjel) [채은정],2.0
티오(T.O),1.0
가리나 프로젝트(Garina Project),1.0
유채영,1.0
아일랜드 기타(Island Guitar),1.0
유승찬,1.0
티지어스(Tgus),1.0
페이퍼컷 프로젝트(Papercut Project),1.0
김민기,1.0
아미(A-Mi),1.0
실루엣,1.0
김민규 [스위트피],1.0
개코,1.0
은지원,1.0
곽윤찬 With Brian McKnight,1.0
쏠라티(Solati),1.0
포미닛(4minute),1.0
팬텀,1.0
그루브 올스타즈(Groove All Stars),1.0
권은지 [Ballad],1.0
정태우,1.0
유소라,1.0
현빈,1.0
엄브렐라 스탠드(Umbrella Stand),1.0
JUNIEL(주니엘),1.0
해랑(Haerang) [재즈],1.0
해브어티(Have A Tea),1.0
햇빛촌,1.0
FTISLAND(에프티 아일랜드),1.0
FOLEY(폴리),1.0
Le Blanc & Carr(르 블랑 & 카),1.0
EXO-K(엑소케이),1.0
엑스오(XO),1.0
엔오케이(NOK),1.0
CHEEZE,1.0
오석준,1.0
3호선 버터플라이(3호선 Butterfly),1.0
Ku Il Oh Trio(쿠일오 트리오),1.0
어른아이(Adultchild),1.0
플레이트(Plate),1.0
신도영,1.0
피노다인(Pinodyne),1.0
안재욱,1.0
피에스타(FIESTAR),1.0
애인(Ayn),1.0
YB,1.0
하라소라(Harasora),1.0
애프터 레인(After Rain),1.0
한기란 [와인루프],1.0
하예나,1.0
Unknown,1.0
THEY 2010,1.0
앨리스 인 네버랜드(Alice In Neverland),1.0
하하,1.0
어떤날,1.0
김박첼라,1.0
이브(Eve),1.0
이나래 [알앤비],1.0
지선(Jisun) ,1.0
매드 소울 차일드(Mad Soul Child),1.0
죠리(Joe Rhee),1.0
주(Joo),1.0
부가킹즈(Buga Kingz),1.0
줄라이(July) [뉴에이지],1.0
블루앤블루(Blue & Blue),1.0
임헌일 [메이트],1.0
김수철,1.0
로켓트리(Rockettree),1.0
사람과 나무,1.0
짙은(Zitten),1.0
차가운 체리(Cold Cherry),1.0
일락(一樂),1.0
사이포디아즈(Psypodias),1.0
조하문,1.0
메이비(MayBee),1.0
모던쥬스(Modern Juice),1.0
보니(Boni),1.0
벤,1.0
모리(Morrie),1.0
모카(Mocca),1.0
영지(버블시스터즈),1.0
조(Jo),1.0
박남정,1.0
미남오빠,1.0
정재원(a.k.a 적재),1.0
정준영,1.0
제이니루즈(Zany Rouge),1.0
믹스프레소(Mixpresso),1.0
밀크티(Milktea),1.0
제리케이(Jerry. K),1.0
생각의 여름,1.0
로빈(Robbin),1.0
채환,1.0
클릭비(Click-B),1.0
김완선,1.0
김용준 [SG 워너비],1.0
슬로우 쥰(Slow 6),1.0
투 로맨스(To Romance),1.0
김재석 [원티드],1.0
테이크(Take),1.0
제국의아이들[ZE:A],1.0
스피캣(Speakat),1.0
이석훈 [SG워너비],1.0
김현성,1.0
태사비애,1.0
타블로(Tablo),1.0
스무살,1.0
이승열,1.0
수호,1.0
이현욱,1.0
솔지 [EXID],1.0
손성제,1.0
소히(Sorri),1.0
더블케이(Double K),1.0
데미캣(Demicat),1.0
돈 스파이크,1.0
듀스(Deux),1.0
세븐(SE7EN),1.0
성훈 [Brown Eyed Soul],1.0
뜨거운 감자(Hot Potato),1.0
카모(Kamo),1.0
란(Ran),1.0
러브시티(LoveCity),1.0
이현우,1.0
못(Mot),1.0
