﻿Artist,cnt
성시경,223.0
아이유(IU),208.0
쿨(COOL),185.0
버스커 버스커(Busker Busker),182.0
김범수,161.0
김동률,146.0
브라운 아이즈(Brown Eyes),144.0
어반 자카파(Urban Zakapa),129.0
휘성,115.0
에피톤 프로젝트(Epitone Project),112.0
싸이(Psy),109.0
박효신,102.0
포맨,101.0
윤종신,99.0
G-DRAGON,92.0
김건모,92.0
럼블 피쉬(Rumble Fish),89.0
이문세,88.0
거미,88.0
바이브(Vibe),86.0
임창정,86.0
나얼(Na-Ul),84.0
이승철,81.0
가을방학,81.0
스탠딩 에그(Standing Egg),77.0
서영은,76.0
브라운 아이드 소울(Brown Eyed Soul),76.0
노을,76.0
제이레빗(J Rabbit),74.0
리쌍(Leessang),73.0
씨스타(Sistar),72.0
린(LYn),72.0
이소라,72.0
신승훈,71.0
토이(Toy),70.0
빈지노(Beenzino),69.0
윤하(Younha/ユンナ),67.0
버벌진트(Verbal Jint),66.0
임재범,65.0
넬(Nell),63.0
이적,61.0
플라이 투 더 스카이(Fly To The Sky),60.0
테이(Tei),60.0
이선희,60.0
김연우,60.0
정재욱,59.0
이수영,59.0
장혜진,58.0
이기찬,58.0
임정희,56.0
박혜경,54.0
화요비,54.0
엠씨 더 맥스(M.C the Max),53.0
SG워너비,52.0
나윤권,52.0
프라이머리(Primary),52.0
김광진,47.0
커피소년,46.0
10cm(십센치),46.0
양파,45.0
지오디(god),45.0
왁스(Wax),44.0
다이나믹 듀오(Dynamic Duo),44.0
윤도현,43.0
에픽 하이(Epik High),43.0
2AM,41.0
바비 킴(Bobby Kim),41.0
케이윌(K.Will),41.0
유재하,41.0
허각,40.0
프리 스타일(Free Style),40.0
부활,40.0
백지영,40.0
티아라(T-ara),39.0
한희정,39.0
공일오비(015B),38.0
김종국,38.0
이승환,37.0
t윤미래,37.0
더 클래식(The Classic),37.0
요조(Yozoh),36.0
정인,36.0
장재인,35.0
전람회,35.0
박정현,35.0
브로콜리너마저,35.0
K2(김성면),35.0
리즈(Leeds),35.0
투애니원(2NE1),34.0
카라(Kara),34.0
슈프림팀(Supreme Team),33.0
박기영,33.0
별,33.0
40(포티),33.0
다비치,32.0
재주소년,32.0
스웨덴세탁소,32.0
러브홀릭(Loveholic),31.0
알리(Ali),31.0
버즈(Buzz),31.0
원 모어 찬스(one more chance),31.0
마로니에(Maronnier),31.0
빅마마(Big Mama),30.0
페퍼톤스(Peppertones),30.0
에이핑크(Apink),30.0
박새별,30.0
김지수,29.0
김현정,29.0
손승연,29.0
이은미,29.0
제이(J.ae),29.0
클래지콰이(Clazziquai),28.0
김광석,28.0
에이오에이(AOA),28.0
유미,28.0
유리상자,28.0
보보(Bobo),28.0
크레용팝(Crayon Pop),27.0
짙은(Zitten),27.0
악동뮤지션(AKMU),27.0
어쿠스틱 콜라보(Acoustic Collabo),27.0
터보(Turbo),27.0
BMK,27.0
박선주,27.0
BIGBANG,27.0
캐스커(Casker),27.0
헤르쯔 아날로그(Herz Analog),26.0
보드카 레인(Vodka Rain),26.0
마이 앤트 메리(My Aunt Mary),26.0
MC 몽,25.0
샵(S#arp),25.0
아이비(IVY),25.0
걸스데이(Girl's Day),25.0
버블 시스터즈(Bubble Sisters),25.0
노리플라이(no reply),25.0
애즈 원(As One),25.0
조규만,25.0
델리 스파이스(Deli Spice),24.0
정준일 [메이트],24.0
에코(ECO),24.0
랄라스윗(lalasweet),24.0
강우진,24.0
나르샤 [브라운아이드걸스],24.0
젝스키스(Sechs Kies),23.0
옥주현,23.0
코요태,23.0
최호섭,23.0
포지션(Position),23.0
바닐라 어쿠스틱(Vanilla Acoustic),22.0
소울라이츠(Soulights),22.0
서지원,22.0
산이(San E),22.0
스윙스(Swings),22.0
혁오(hyukoh),22.0
장나라,22.0
김조한,22.0
로이킴,22.0
더 원(The One),22.0
윤건,21.0
검정치마,21.0
박미경,21.0
이승기,21.0
오렌지캬라멜(Orange Caramel),21.0
이정,21.0
김현식,21.0
롤러코스터(Rollercoaster),20.0
라디(Ra.D),20.0
자자(Zaza),20.0
아소토 유니온(Asoto Union),20.0
이원진,20.0
김형중,20.0
뱅크(Bank),20.0
이소은,20.0
지아(Zia),20.0
엄정화,20.0
박진영,19.0
박완규,19.0
태양,19.0
포스트맨(Postmen),19.0
Zion.T,19.0
레이디스 코드(LADIES' CODE),19.0
윈터플레이(Winterplay),18.0
참깨와 솜사탕,18.0
조용필,18.0
제이벨(J BEL),18.0
JYJ,18.0
브라운 아이드 걸스,17.0
양희은,17.0
유희열,17.0
먼데이 키즈(Monday Kiz),17.0
동물원,17.0
긱스(Geeks),17.0
동방신기(TVXQ!),17.0
써니힐(Sunny Hill),17.0
존 박(John Park),17.0
원타임(1TYM),17.0
브이원 (V.One),17.0
컨츄리 꼬꼬(Country Kkokko),16.0
루시드 폴(Lucid Fall),16.0
조장혁,16.0
모던쥬스(Modern Juice),16.0
김현철,16.0
패닉(Panic),16.0
해이(Hey),16.0
KCM,16.0
고유진(플라워),16.0
세븐데이즈(7Dayz),16.0
디어 클라우드(Dear Cloud),16.0
엠투엠(M To M),16.0
이정봉(Lee Jung Bong),16.0
나인뮤지스(Nine Muses),16.0
인순이,16.0
최재훈,15.0
소란(Soran),15.0
박정운,15.0
신효범,15.0
처진 달팽이(유재석 & 이적),15.0
정키(Jung Key),15.0
이그나이트(Ignite),15.0
곰PD,15.0
비(Rain),15.0
자전거 탄 풍경,15.0
베란다 프로젝트(Verandah Project),15.0
키네틱플로우(K-Flow),15.0
팀(Tim),15.0
알이에프(R.ef),15.0
Lucia(심규선),15.0
울랄라세션(Ulala Session),15.0
하동균,15.0
Ab 에비뉴,14.0
정재형,14.0
소유,14.0
정지찬 [원모어찬스],14.0
조정현,14.0
혜령,14.0
장혜리,14.0
아이유 ＆ 나윤권,14.0
아이 투 아이(Eye To Eye),14.0
유엔(UN),14.0
비바 소울(Viva Soul),14.0
박지윤,14.0
주(Joo),14.0
양혜승,14.0
정용화(Jung Yong Hwa),14.0
이영현,14.0
야다(Yada),14.0
이재훈 ,14.0
조관우,14.0
XIA(준수),14.0
카밀라(Camilla),14.0
더 레이(The Ray),14.0
김민우,14.0
페이지(Page),14.0
바다,14.0
김지호 ,14.0
트랙 마켓(Track Market),14.0
하이포(HIGH4),14.0
렉시(Lexy),14.0
규현(KYUHYUN),14.0
Tommy Page(토미 페이지),14.0
김그림,14.0
라이너스의 담요(Linus' Blanket),13.0
테테(Tete),13.0
스무살,13.0
소울맨(Soulman),13.0
벤,13.0
오현란,13.0
비스윗(Besweet),13.0
보아(BoA),13.0
길미,13.0
필(Feel),13.0
한동준,13.0
엠포(M4),13.0
나윤선,12.0
유(U),12.0
장리인,12.0
권순관,12.0
웅산,12.0
주영(JooYoung),12.0
Karrin Allyson(캐린 앨리슨),12.0
마망,12.0
비스트(Beast),12.0
조성모,12.0
에프엑스(f(x)),12.0
히트(HITT),12.0
김우주,12.0
카니발(Carnival),12.0
조규찬,12.0
범키(Bumkey),11.0
현아 [포미닛],11.0
YB,11.0
사준,11.0
송지은 [시크릿],11.0
신혜성,11.0
이용,11.0
선민(Sunmin),11.0
노이즈(Noise),11.0
몽니(Monni),11.0
알렉스(Alex) [클래지콰이],11.0
에스더(Esther),11.0
에이치(H),11.0
샤이니(SHINee),11.0
매드 클라운(Mad Clown),11.0
여울 [인디],11.0
세이(Say),11.0
김부용,10.0
디어(d.ear),10.0
제이에이(JA),10.0
EXID(이엑스아이디),10.0
진주,10.0
이지훈,10.0
메이트(Mate),10.0
달샤벳(Dal★shabet),10.0
곽진언,10.0
윤상,10.0
줄라이(July) [뉴에이지],10.0
강타,10.0
데이브레이크(daybreak),10.0
오세준,10.0
이하이,9.0
솔리드(Solid),9.0
허소영,9.0
정슬기,9.0
에일리(Ailee),9.0
김동희,9.0
에스파파(S.Papa.),9.0
트리플 이펙트(Triple Effect),9.0
EXO-K(엑소케이),9.0
씨엔블루(CNBLUE),9.0
간미연,9.0
써드코스트(3rd Coast),9.0
알레그로(Allegrow),9.0
박정수 [어덜트 컨템포러리],9.0
김현성,9.0
김태우,9.0
블락비(Block B),9.0
에디킴,9.0
이한진 밴드,9.0
2PM,9.0
리치(Rich),9.0
정경화,8.0
양요섭 [비스트],8.0
피터팬 컴플렉스(Peterpan Complex),8.0
민경훈,8.0
나비(Navi),8.0
소설,8.0
Blee(블리),8.0
이효리,8.0
이지형,8.0
앤(Ann),8.0
김경호,8.0
FTISLAND(에프티 아일랜드),8.0
Unknown,8.0
들국화,8.0
뜨거운 감자(Hot Potato),8.0
에스프레소(금석균),7.0
에코 브릿지(Eco bridge),7.0
나겸 [아가톤],7.0
언니네 이발관,7.0
정엽,7.0
김진표(JP),7.0
실루엣,7.0
보싸다방(Bossa Dabang),7.0
정예경,7.0
제다이(Jediii),7.0
박재범(Jay Park),7.0
박주원,7.0
배치기,7.0
마루마루,7.0
좋아서 하는 밴드,7.0
크러쉬(Crush),7.0
러블리벗(Lovelybut),7.0
러브홀릭스(Loveholics),7.0
와이케이(YK),7.0
옥상달빛,7.0
브랜뉴직(Brand Newjiq),7.0
손성훈,7.0
달콤한 소금,7.0
소울스타(Soulstar),7.0
소울사이어티(Soulciety),7.0
토마스 쿡(Thomas Cook),6.0
슌(Shoon),6.0
S.E.S.,6.0
더 넛츠(The Nuts),6.0
WINNER,6.0
슈퍼주니어(Super Junior),6.0
가인 [브라운아이드걸스],6.0
김윤아,6.0
루싸이트 토끼,6.0
Le Blanc & Carr(르 블랑 & 카),6.0
지나(G.NA),6.0
황규영,6.0
지누션(Jinusean),6.0
모리(Morrie),6.0
솔지 [EXID],6.0
인피니트(Infinite),6.0
하은,6.0
SAT,6.0
일기예보,6.0
이한철,6.0
여진(Yeo Jin),6.0
우주히피(Cosmos Hippie),6.0
타블로(Tablo),6.0
클론(Clon),6.0
시크릿(Secret),6.0
조원선,6.0
규원,6.0
조(Jo),6.0
태빈(Taebin),6.0
Iconiq(아이코닉),6.0
쉐로(Cherot) [블루아일리즈],6.0
곽푸른하늘,6.0
원투(Onetwo),6.0
디제이 아키(DJ AKI),6.0
2스토리(2story),5.0
여행스케치,5.0
이석훈 [SG워너비],5.0
언타이틀(Untitle),5.0
김재석 [원티드],5.0
포이트리(Poetree),5.0
플라스틱(Plastic),5.0
유성은,5.0
업타운(UPT),5.0
견우,5.0
고한우,5.0
김원준,5.0
바스코(Vasco),5.0
Maximilian Hecker(막시밀리안 헤커),5.0
네이브로(NeighBro.),5.0
애프터 레인(After Rain),5.0
브리즈(The Breeze),5.0
소녀시대,5.0
브라더수(BrotherSu),5.0
더 그랜드(The Grand),5.0
달총 [CHEEZE],5.0
룰라(Roo'Ra),5.0
변진섭,5.0
스프링롤(Springloll),5.0
허밍 어반 스테레오(Humming Urban Stereo),5.0
장윤주,5.0
신은성,5.0
심현보,5.0
재즈홀릭(Jazzholic),5.0
쥬얼리(Jewelry),5.0
허민,5.0
CMYK(씨엠와이케이),5.0
안녕 바다,5.0
임종환,5.0
팀(Team),5.0
멜로 브리즈(Melo' Breeze),5.0
JC지은,5.0
하하,5.0
자우림(Jaurim),5.0
4-49(포포리나인),4.0
태사비애,4.0
조덕배,4.0
박보람,4.0
그린티(The Green Tea),4.0
타우(Taw),4.0
블루베리 [여자],4.0
플랫핏(Flat Feet),4.0
박상민,4.0
MC 한새(MC haNsAi),4.0
레이디 제인(Lady Jane),4.0
타루(Taru),4.0
뷰티풀 데이즈(Beautiful Days),4.0
주영훈,4.0
이안,4.0
고현욱,4.0
Westlife(웨스트라이프),4.0
조하문,4.0
미스터 투(Mr.2),4.0
류시원,4.0
W & Whale(더블유 앤 웨일),4.0
캔디맨(Candyman),4.0
406호 프로젝트,4.0
Lyrical D,4.0
JK 김동욱,4.0
이상은(Lee Tzsche),4.0
일락(一樂),4.0
투어리스트(The Tourist),4.0
포미닛(4minute),4.0
애니밴드(Anyband),4.0
안녕하신가영,4.0
어 모던(A Modern),4.0
이현우,4.0
한경일,4.0
신용재 [4men],4.0
시계태엽오렌지(Orange Clockwork),4.0
트러블메이커(Troublemaker),4.0
다방(D'avant),4.0
투엘슨(2LSON),4.0
스윗소로우(SWEET SORROW),4.0
닥터심슨(Dr.Simpson),4.0
슈가볼(Sugarbowl),4.0
정민경 ['2010],4.0
장연주,4.0
엠스트리트(M.Street),4.0
오지은,4.0
하울(HowL),4.0
테이크(Take),4.0
더 멜로디(The Melody),4.0
소요,4.0
더블케이(Double K),4.0
소규모 아카시아 밴드,4.0
영턱스클럽(YTC),4.0
포스티노(Postino),4.0
이루펀트(Eluphant),3.0
이범학,3.0
이상순 ,3.0
임주연,3.0
체리필터(Cherry Filter),3.0
파티스트릿(Party Street),3.0
자화상,3.0
하림,3.0
인디언 수니(Indian Soonie),3.0
타블로+페니(이터널 모닝),3.0
푸딩(Pudding),3.0
코지카페(Cozy Cafe),3.0
투개월,3.0
제펫(Jeppet),3.0
키스(Kiss),3.0
태완(C-Luv),3.0
힐링미(Healing Me),3.0
이덕진,3.0
스페이스 A(Space A),3.0
김동욱,3.0
애프터 스쿨(After School) ,3.0
꽃잠 프로젝트(GGot Jam Project),3.0
보이(VOY),3.0
더 자두(The Jadu),3.0
썸피플(Sumpeople),3.0
더더(THETHE),3.0
심신,3.0
데프콘(Defconn),3.0
드래곤플라이(Dragonfly),3.0
드렁큰 타이거(Drunken Tiger),3.0
라즈베리필드,3.0
로맨틱멜로디초비,3.0
어쿠루브(Acourve),3.0
로코베리(Rocoberry),3.0
마끼아또,3.0
마더컨트리,3.0
모자이크,3.0
소소한 프로젝트,3.0
소녀시대-태티서(Girls' Generation-TTS),3.0
미스티 블루(Misty Blue),3.0
밀크티(Milktea),3.0
바른생활,3.0
서울 전자 음악단,3.0
박한별,3.0
산울림,3.0
어반스페이스(Urbanspace),3.0
다비,3.0
원효로1가 13-25,3.0
Stay [심태윤],3.0
DJ DOC,3.0
윤한(Yoonhan),3.0
GG(박명수 & G-Dragon),3.0
유피(UP),3.0
H.O.T.,3.0
Luis Mariano(루이즈 마리아노),3.0
MC 스나이퍼(MC Sniper),3.0
원써겐(1sagain),3.0
Priscilla Ahn(프리실라 안),3.0
우쿨렐레 피크닉(Ukulele Picnic),3.0
옐로우 몬스터즈(Yellow Monsters),3.0
변재원,3.0
에릭남,3.0
노사연,2.0
갈릭스(Garlixx),2.0
메이트리(Maytree),2.0
프롬(Fromm),2.0
몽구스(Mongoose),2.0
미스 미스터(Mis=Mr),2.0
강승윤 [WINNER],2.0
Glen Check(글렌체크),2.0
플라워(Flower),2.0
최예나,2.0
이바디(Ibadi),2.0
현진영,2.0
하비누아주(Ravie Nuage),2.0
진보(Jinbo),2.0
박지혜 [인디],2.0
박태영 [보이스 코리아],2.0
홍인성,2.0
316,2.0
반시(Vansy),2.0
줄리엣(Juliet),2.0
베이시스(Basis),2.0
마마무(Mamamoo),2.0
코나(Kona),2.0
Kurt Bestor(커트 베스터),2.0
leeSA(리싸),2.0
네이쳐(Nature),2.0
파란(Paran),2.0
"하이 미스터 메모리(Hi, Mr. Memory)",2.0
팔드로(8Dro),2.0
더필름(The Film),2.0
Silvio Rodriguez(실비오 로드리게즈),2.0
The Papers,2.0
Y2K,2.0
디셈버(December),2.0
딕펑스(Dick Punks),2.0
NY 물고기,2.0
해브어티(Have A Tea),2.0
로꼬(Loco),2.0
클린치(Clinch),2.0
가비엔제이(Gavy N.J.),2.0
꽃별(Ccotbyel),2.0
크루셜스타(Crucial Star),2.0
로퀜스(Loquence) ,2.0
코쿤벨즈(Cocoon Bells),2.0
가리온(Garion),2.0
미쓰 에이(miss A),2.0
써클(Circle),2.0
소심한 오빠들(Sosimboys),2.0
수경 [빨간의자],2.0
숙희,2.0
스웨터(Sweater),2.0
스윙체어(Swingchair),2.0
"15&(박지민, 백예린)",2.0
시인과 촌장,2.0
장미여관,2.0
씨유(See U),2.0
아이라인(Eyeline),2.0
아키버드(Aquibird),2.0
아프로디노(Afrodino),2.0
안상수,2.0
알엔제이(R&J;),2.0
앤덥(Andup),2.0
인피니트 H,2.0
에디(Eddie),2.0
에이프릴(April),2.0
엑스오(XO),2.0
이정현,2.0
영준 [Brown Eyed Soul],2.0
용원,2.0
원웨이(Oneway),2.0
유발이의 소풍,2.0
유소라,2.0
유승준,2.0
유정균 [세렝게티],2.0
윤민수,2.0
윤현상,2.0
음란소년,2.0
솔리스츠(Solist),2.0
스피넬(SpinEL),2.0
세븐(SE7EN),2.0
서인영,2.0
제이켠(J'Kyun) [럭키제이],2.0
세 개의 시선,2.0
성훈 [Brown Eyed Soul],2.0
비욘드(Beyond),2.0
센티멘탈 시너리(Sentimental Scenery),2.0
젠틀 레인(Gentle Rain),2.0
벗님들,1.0
핑클(Fin.K.L),1.0
빌리어코스티(Bily Acoustie),1.0
연륜,1.0
사계절 정원,1.0
피쉬(Fish) [락],1.0
이호석,1.0
플랜더블유(Plan.W),1.0
익스(Ex),1.0
어바노(Urbano),1.0
소울 트로닉(Soul Tronik),1.0
강아솔,1.0
양양(YangYang),1.0
플라스틱 피플(Plastic People),1.0
주윤하 [보드카레인],1.0
조갑경,1.0
프렐류드(Prelude),1.0
골든팝스(Golden Pops),1.0
프라이머리 스쿨(Primary Skool),1.0
권영찬,1.0
권인하,1.0
긱스(Gigs),1.0
앰프(Amp),1.0
김만희 [CCM],1.0
김명주,1.0
주주 클럽(Juju Club),1.0
하이투힘(Hi to him),1.0
Simon Dominic(사이먼 도미닉),1.0
비다로카(Vida Loca),1.0
조정치,1.0
희영(Hee Young),1.0
CHEEZE,1.0
효빈,1.0
은초(Eun Cho),1.0
DJ 소울스케이프(DJ Soulscape),1.0
이상엽,1.0
FOLEY(폴리),1.0
불독맨션(Bulldogmansion),1.0
윤제(Yunje),1.0
봄여름가을겨울,1.0
ILLIONAIRE RECORDS(일리네어 레코즈),1.0
비육일이(B612),1.0
보니(Boni),1.0
Lasse Lindh(라쎄린드),1.0
주보라,1.0
베이지(Beige),1.0
이영훈 [인디],1.0
원미연,1.0
한국인 [우주히피],1.0
Red Velvet(레드벨벳),1.0
S.M. THE BALLAD,1.0
우효(Oohyo),1.0
김정민,1.0
김송이,1.0
지선(Jisun) ,1.0
페일그레이(Pale Grey),1.0
슈가버블(Sugar Bubble),1.0
라임어택(RHYME-A-),1.0
차태현,1.0
란(Ran),1.0
레일로드(Railroad),1.0
키스위치,1.0
스패로우,1.0
로맨틱 펀치(Romantic Punch),1.0
클릭비(Click-B),1.0
스윗바이러스(Sweet Virus),1.0
클라우드 쿠쿠랜드(Cloud Cuckoo Land),1.0
클라우댄서(Cloudancer),1.0
슈가(Sugar),1.0
펄스데이(Pearl's Day),1.0
류석원,1.0
크라잉넛(Crying Nut),1.0
리사(Lisa),1.0
숨의숲,1.0
수와 진,1.0
정인호,1.0
컬트(Cult),1.0
마야(Maya),1.0
망각화,1.0
메이커슬(Makustle),1.0
모든(Moden),1.0
타이키즈(Tykeys),1.0
장필순,1.0
슬로우 쥰(Slow 6),1.0
시와(Siwa),1.0
소유(So-U),1.0
나몰라 패밀리 TKO,1.0
지영선,1.0
나인(Nine9),1.0
낯선(Nassun),1.0
틴 탑(Teen Top),1.0
네미시스(Nemesis),1.0
박준하,1.0
트리탑스(Tritops),1.0
성심당 악단,1.0
박봄,1.0
다소니(Dasoni),1.0
다이아(Dia),1.0
씨야(SeeYa),1.0
더 콰이엇(The Quiett),1.0
블랙넛(Black Nut),1.0
심성락,1.0
데이라이트(Daylight),1.0
박강성,1.0
돈 스파이크,1.0
동경소녀,1.0
차은주,1.0
태연 (Taeyeon),1.0
블루파프리카(Bluepaprika),1.0
