﻿Artist,cnt
성시경,247.0
버스커 버스커(Busker Busker),246.0
바이브(Vibe),154.0
브라운 아이즈(Brown Eyes),142.0
김범수,131.0
에피톤 프로젝트(Epitone Project),131.0
아이유(IU),131.0
김동률,131.0
프라이머리(Primary),122.0
싸이(Psy),116.0
어반 자카파(Urban Zakapa),110.0
이승철,102.0
박정현,101.0
투애니원(2NE1),95.0
휘성,95.0
이소라,94.0
씨스타(Sistar),91.0
김건모,90.0
MC 몽,86.0
노을,84.0
BIGBANG,83.0
김연우,81.0
10cm(십센치),79.0
토이(Toy),77.0
나윤권,76.0
제이(J.ae),70.0
포맨,68.0
임창정,67.0
럼블 피쉬(Rumble Fish),65.0
넬(Nell),65.0
가을방학,64.0
박효신,64.0
케이윌(K.Will),61.0
나얼(Na-Ul),61.0
윤하(Younha/ユンナ),61.0
스탠딩 에그(Standing Egg),58.0
슈프림팀(Supreme Team),58.0
이적,58.0
비스트(Beast),56.0
루싸이트 토끼,55.0
다이나믹 듀오(Dynamic Duo),55.0
지아(Zia),55.0
브라운 아이드 소울(Brown Eyed Soul),54.0
악동뮤지션(AKMU),54.0
짙은(Zitten),53.0
하림,52.0
리쌍(Leessang),52.0
제이레빗(J Rabbit),52.0
쿨(COOL),50.0
웅산,49.0
카라(Kara),49.0
어쿠스틱 콜라보(Acoustic Collabo),49.0
윈터플레이(Winterplay),49.0
윤종신,48.0
한희정,48.0
공일오비(015B),48.0
데이브레이크(daybreak),48.0
페퍼톤스(Peppertones),48.0
루시드 폴(Lucid Fall),47.0
브로콜리너마저,46.0
린(LYn),46.0
타루(Taru),46.0
박혜경,45.0
라디(Ra.D),44.0
베란다 프로젝트(Verandah Project),43.0
별,43.0
다비치,43.0
몽니(Monni),43.0
이지형,43.0
임재범,42.0
노리플라이(no reply),41.0
버벌진트(Verbal Jint),41.0
허밍 어반 스테레오(Humming Urban Stereo),41.0
이승환,41.0
에픽 하이(Epik High),41.0
이선희,41.0
부활,40.0
이문세,40.0
빅마마(Big Mama),39.0
박진영,39.0
델리 스파이스(Deli Spice),39.0
임정희,39.0
유희열,38.0
김윤아,37.0
검정치마,36.0
라이너스의 담요(Linus' Blanket),36.0
클래지콰이(Clazziquai),35.0
서영은,35.0
빈지노(Beenzino),35.0
화요비,34.0
t윤미래,34.0
알렉스(Alex) [클래지콰이],34.0
신승훈,34.0
전람회,34.0
소란(Soran),34.0
존 박(John Park),33.0
프리 스타일(Free Style),33.0
MC 스나이퍼(MC Sniper),33.0
지오디(god),33.0
거미,33.0
코요태,32.0
양양(YangYang),32.0
자전거 탄 풍경,32.0
DJ DOC,32.0
허각,32.0
가인 [브라운아이드걸스],32.0
언니네 이발관,31.0
잠바(Jamba),31.0
보아(BoA),30.0
푸디토리움(Pudditorium),30.0
더 원(The One),30.0
Glen Check(글렌체크),29.0
포지션(Position),29.0
이은미,28.0
임현정,28.0
김조한,28.0
하동균,28.0
자우림(Jaurim),28.0
SG워너비,28.0
커피소년,28.0
이석훈 [SG워너비],28.0
에이핑크(Apink),28.0
이바디(Ibadi),28.0
박기영,28.0
아키버드(Aquibird),27.0
두번째 달,27.0
문명진,27.0
2AM,27.0
바비 킴(Bobby Kim),27.0
투엘슨(2LSON),27.0
YB,27.0
김종국,27.0
S.E.S.,27.0
해이(Hey),26.0
지나(G.NA),26.0
양파,26.0
조성모,26.0
소녀시대,26.0
이수영,25.0
크리스피 로즈(Crispy Rhodes),25.0
플라워(Flower),25.0
재주소년,25.0
박새별,25.0
박재범(Jay Park),25.0
원 모어 찬스(one more chance),25.0
알리(Ali),24.0
윤한(Yoonhan),23.0
바람에 오르다,23.0
메이트(Mate),23.0
먼데이 키즈(Monday Kiz),23.0
빅 베이비 드라이버(Big Baby Driver),23.0
조장혁,23.0
엠씨 더 맥스(M.C the Max),22.0
정키(Jung Key),22.0
장혜진,22.0
김광석,22.0
보보(Bobo),22.0
러브홀릭(Loveholic),22.0
씨엔블루(CNBLUE),22.0
트러블메이커(Troublemaker),22.0
Ennio Morricone(엔니오 모리꼬네),21.0
에메랄드 캐슬(Emerald Castle),21.0
쥬얼리(Jewelry),21.0
스프링롤(Springloll),21.0
이승기,21.0
야다(Yada),21.0
테이(Tei),21.0
버블 시스터즈(Bubble Sisters),21.0
박지윤,21.0
티아라(T-ara),20.0
포스트맨(Postmen),20.0
인피니트(Infinite),20.0
이아립,20.0
버즈(Buzz),20.0
하우스 룰즈(House Rulez),19.0
더 넛츠(The Nuts),19.0
심현보,19.0
긱스(Geeks),19.0
박미경,19.0
울랄라세션(Ulala Session),19.0
정엽,19.0
더 클래식(The Classic),19.0
윤상,19.0
솔리드(Solid),19.0
에코 브릿지(Eco bridge),19.0
화이트(W.H.I.T.E.),18.0
스윙체어(Swingchair),18.0
김현정,18.0
BMK,18.0
알레그로(Allegrow),18.0
앨리스 인 네버랜드(Alice In Neverland),18.0
조규찬,18.0
박선주,18.0
포미닛(4minute),18.0
디어(d.ear),17.0
유미,17.0
오지은,17.0
스웨터(Sweater),17.0
우쿨렐레 피크닉(Ukulele Picnic),17.0
양정승(Kiroy Y),17.0
시크릿(Secret),17.0
40(포티),17.0
모리(Morrie),17.0
정준일 [메이트],17.0
브이원 (V.One),16.0
최정철,16.0
G-DRAGON,16.0
애즈 원(As One),16.0
남예지,16.0
아소토 유니온(Asoto Union),16.0
김연지,16.0
백지영,15.0
김민종,15.0
소규모 아카시아 밴드,15.0
왁스(Wax),15.0
조pd(ZoPD),15.0
정경화,15.0
제리케이(Jerry. K),15.0
CHEEZE,15.0
옥상달빛,15.0
브라운 아이드 걸스,15.0
애프터 스쿨(After School) ,15.0
동방신기(TVXQ!),15.0
리즈(Leeds),15.0
도원경,15.0
키네틱플로우(K-Flow),15.0
엄정화,15.0
마이큐(MY-Q),15.0
태양,15.0
여행스케치,15.0
토마스 쿡(Thomas Cook),14.0
클릭비(Click-B),14.0
김현철,14.0
배치기,14.0
언터쳐블,14.0
조규만,14.0
필(Feel),14.0
터보(Turbo),14.0
에릭남,14.0
Travis(트래비스),14.0
에프엑스(f(x)),14.0
이상은(Lee Tzsche),14.0
하지원,14.0
영턱스클럽(YTC),14.0
지나(Gina),14.0
디제이 아키(DJ AKI),14.0
노드 플루(Nord Plue),14.0
킹스턴 루디스카(Kingston Rudieska),14.0
오렌지캬라멜(Orange Caramel),14.0
나희경 [Jazz],14.0
와이제이 패밀리(YJ Family),14.0
신성우,14.0
요조(Yozoh),14.0
아이유 ＆ 나윤권,14.0
규현(KYUHYUN),14.0
로이킴,14.0
스윗소로우(SWEET SORROW),14.0
김현식,14.0
리나(Lina),14.0
JUNIEL(주니엘),14.0
매드 클라운(Mad Clown),14.0
루나플라이(Lunafly),14.0
로지 피피(RossyPP),14.0
내추럴(Natural),14.0
창민,14.0
캔디맨(Candyman),14.0
제이에스(JS) [여성듀오],14.0
씨스타19(Sistar 19),14.0
윤도현,13.0
주니퍼(Junyfore),13.0
고유진(플라워),13.0
박상민,13.0
미스 미스터(Mis=Mr),13.0
리아(Riaa),13.0
조용필,13.0
이효리,13.0
Lucia(심규선),13.0
조덕배,13.0
소울사이어티(Soulciety),13.0
JK 김동욱,13.0
소울맨(Soulman),13.0
주윤하 [보드카레인],12.0
곰PD,12.0
장재인,12.0
이한철,12.0
샤이니(SHINee),12.0
모노토이(Monotoi),12.0
박명수,12.0
러브앤팝(Love & Pop),12.0
패닉(Panic),12.0
김현성,12.0
투빅(2BiC),12.0
허소영,12.0
틴 탑(Teen Top),12.0
팀(Tim),12.0
라즈베리필드,12.0
씨야(SeeYa),11.0
차은주,11.0
원써겐(1sagain),11.0
김태우,11.0
유재하,11.0
크러쉬(Crush),11.0
원더걸스(Wonder Girls),11.0
장윤주,11.0
아톰북(Atombook),11.0
캐스커(Casker),11.0
생각의 여름,11.0
옥수사진관,11.0
마이티 마우스(Mighty Mouth),11.0
보드카 레인(Vodka Rain),11.0
산이(San E),11.0
316,11.0
하리(Hari),11.0
메론씨,10.0
요술당나귀,10.0
신예원,10.0
미스티 블루(Misty Blue),10.0
아지아틱스(AZIATIX),10.0
그린티(The Green Tea),10.0
인피니트 H,10.0
수상한 커튼,10.0
더 멜로디(The Melody),10.0
Air Supply(에어 서플라이),10.0
블락비(Block B),10.0
드린지 오(Dringe Augh),10.0
소찬휘,10.0
벨 에포크(Belle Epoque),10.0
앤(Ann),10.0
달콤한 소금,10.0
하유진 ,10.0
김광진,10.0
마야(Maya),10.0
김정민,10.0
박라온,10.0
레인보우(Rainbow),10.0
이하이,10.0
써드코스트(3rd Coast),10.0
더필름(The Film),10.0
콩나물(Bean Sprouts),9.0
클로버(Clover) [남성솔로],9.0
이재훈 ,9.0
시와(Siwa),9.0
키스 미 조이(Kiss Me Joy),9.0
김보경,9.0
Port Of Notes(포트 오브 노츠),9.0
Laurel Music(로렐 뮤직),9.0
메이비(MayBee),9.0
레이디스 코드(LADIES' CODE),9.0
권진원,9.0
아일랜드 기타(Island Guitar),9.0
바닐라 어쿠스틱(Vanilla Acoustic),9.0
강균성 [노을],9.0
소울크라이(SoulCry),9.0
유니크-쉐도우(Unique-Shadow),9.0
BGH to,9.0
미쓰 에이(miss A),9.0
김형석,9.0
이영현,9.0
유리상자,9.0
테테(Tete),8.0
머쉬멜로우,8.0
장필순,8.0
프렐류드(Prelude),8.0
마이 앤트 메리(My Aunt Mary),8.0
말로(Malo),8.0
Landon Pigg(랜던 피그),8.0
룰라(Roo'Ra),8.0
손담비,8.0
다비,8.0
에스트래직 비츠(Estraziq Beats) ,8.0
랄라스윗(lalasweet),8.0
조문근,8.0
김지수,8.0
젝스키스(Sechs Kies),8.0
CMYK(씨엠와이케이),8.0
양빛나라,8.0
이안,8.0
더 콰이엇(The Quiett),8.0
카니발(Carnival),8.0
더더(THETHE),8.0
전기뱀장어,8.0
김형중,8.0
오지은과 늑대들,7.0
디아(Dia) [키스 & 크라이],7.0
리사(Lisa),7.0
디어 클라우드(Dear Cloud),7.0
하와이,7.0
가비엔제이(Gavy N.J.),7.0
안경은오형,7.0
Tony Orlando & Dawn(토니 올란도 앤드 던),7.0
세븐(SE7EN),7.0
김그림,7.0
정용화(Jung Yong Hwa),7.0
더 캔버스(The Canvas),7.0
Nat King Cole(냇 킹 콜),7.0
더 크로스(The Cross),7.0
스티(STi),7.0
카페모카,7.0
산울림,7.0
데미캣(Demicat),7.0
유민지,7.0
파니핑크(Fanny Fink) ,7.0
강아솔,7.0
에레나(Elena),6.0
지누션(Jinusean),6.0
영준 [Brown Eyed Soul],6.0
젠틀 레인(Gentle Rain),6.0
딕펑스(Dick Punks),6.0
아이비(IVY),6.0
비쥬(Bijou),6.0
디제이 와사(DJ Wasa),6.0
W & Whale(더블유 앤 웨일),6.0
김사랑,6.0
이정현,6.0
Simon Dominic(사이먼 도미닉),6.0
김돈규,6.0
NY 물고기,6.0
허민,6.0
롤러코스터(Rollercoaster),6.0
더 네임(The Name),6.0
정인,6.0
2PM,6.0
아날로그 소년,6.0
장나라,6.0
시로스카이(Shirosky),6.0
권인하,6.0
나루(Naru) [솔루션스],6.0
로맨틱 펀치(Romantic Punch),6.0
나르샤 [브라운아이드걸스],6.0
정재욱,6.0
채정안,6.0
밀크티(Milktea),6.0
제아 [브라운 아이드 걸스],6.0
소히(Sorri),6.0
우재,6.0
여울 [인디],5.0
우주히피(Cosmos Hippie),5.0
테이크(Take),5.0
영지(버블시스터즈),5.0
하젤(Hajel),5.0
코지카페(Cozy Cafe),5.0
몽라(Monla/夢兒),5.0
장연주,5.0
메이팝(Maypop),5.0
몰릭(MhOlic),5.0
시나코완 트리오(SinaKowan Trio),5.0
라-듀오(La-Duo),5.0
스윗바이러스(Sweet Virus),5.0
미드 타운 밴드(Mid Town Band),5.0
미선이,5.0
민설,5.0
솔솔부는 봄바람,5.0
채연,5.0
배따라기,5.0
소녀시대-태티서(Girls' Generation-TTS),5.0
제이에이(JA),5.0
파티스트릿(Party Street),5.0
뉴욕 러브 다이어리(Newyork Love Diry),5.0
"15&(박지민, 백예린)",5.0
조원선,5.0
크루셜스타(Crucial Star),5.0
얀(Yarn),5.0
나인(Nine9),5.0
이채(Ich'e),5.0
줄라이(July) [뉴에이지],5.0
언노운 피플(UKP),5.0
크리스탈 레인(Crystal Rain) ,5.0
이현 [에이트],5.0
현아 [포미닛],5.0
한선화 [시크릿],5.0
리딤(Riddim),5.0
일기예보,5.0
주영(JooYoung),5.0
프린세스 디지즈(Princess Disease),5.0
브이오에스(V.O.S.),5.0
주형진,5.0
DJ 소울스케이프(DJ Soulscape),5.0
조아혜,4.0
한동준,4.0
이선행(Sunhang Lee),4.0
이은하,4.0
지애 [태사비애],4.0
지현우,4.0
제이세라(J-Cera),4.0
장기호(Kio),4.0
화접몽 밴드,4.0
타블로(Tablo),4.0
플라스틱 케이스(Plastic Case),4.0
클로버(Clover),4.0
이지훈,4.0
한소아,4.0
히나인(Heenain),4.0
란(Ran),4.0
김장훈,4.0
신혜성,4.0
슈퍼주니어(Super Junior),4.0
에코(ECO),4.0
에일리(Ailee),4.0
Sara Bareilles(사라 바렐리스),4.0
로맨틱 가든(Romantic Garden),4.0
양요섭 [비스트],4.0
루앤(Luanne),4.0
손지연,4.0
마이티 코알라,4.0
보이(VOY),4.0
강타,4.0
시베리안허스키(Siberian Husky),4.0
신촌 블루스,4.0
살찐고양이,4.0
루이비(Louis.B),4.0
송 오브 루나(Song Of Luna),4.0
신해철,4.0
비스콜릿(Biscolate),4.0
워킹 디스 플래닛(Walking This Planet),4.0
윤건,4.0
유엔(UN),4.0
서인국,4.0
서지원,4.0
드렁큰 타이거(Drunken Tiger),4.0
듀크(Duke),4.0
FTISLAND(에프티 아일랜드),4.0
뎁인뎁쇼,4.0
더 레이(The Ray),4.0
데이라이트(Daylight),4.0
소울라임(SouLime),4.0
재즈파크 빅밴드(Jazzpark Bigband),3.0
라 벤타나(La Ventana),3.0
장지영,3.0
신치림(信治琳),3.0
클론(Clon),3.0
디갈로(Degalo),3.0
비(Rain),3.0
스웨덴세탁소,3.0
로로스(Loro's),3.0
소심한 오빠들(Sosimboys),3.0
서태지와 아이들,3.0
김종욱,3.0
뉴튼(Newton),3.0
제이워크(J-Walk),3.0
김진표(JP),3.0
정민경 ['2010],3.0
자자(Zaza),3.0
키미 피에스타(Kimy Fiesta),3.0
보싸다방(Bossa Dabang),3.0
헬로비너스(HELLOVENUS),3.0
Olivia(올리비아) [보사노바],3.0
Michael Buble(마이클 부블레),3.0
Merian 프로젝트,3.0
오소영,3.0
Lasse Lindh(라쎄린드),3.0
John Pizzarelli(존 피자렐리),3.0
뮤직스트릿,3.0
원웨이(Oneway),3.0
신효범,3.0
EXID(이엑스아이디),3.0
황미영,3.0
차호석,3.0
Achordion(아코디언),3.0
흐른,3.0
흑꼬,3.0
윤석철 트리오(SC Yun's Trio),3.0
이이언(eAeon),3.0
박소윤,3.0
엑스틴(X-Teen),3.0
플라이 투 더 스카이(Fly To The Sky),3.0
보니(Boni),3.0
베이시스(Basis),3.0
프라이머리 스코어(Primary Score),3.0
걸스데이(Girl's Day),3.0
아날로그숲(ANALOgSOOp),3.0
코쿤벨즈(Cocoon Bells),3.0
마망,3.0
플레이밍 스타(Flaming Star),3.0
명인희,3.0
VEN(벤) [힙합],3.0
박솔 [솔루션스],3.0
하이투힘(Hi to him),3.0
랍티미스트(Loptimist),2.0
모든(Moden),2.0
못(Mot),2.0
문샤이너스(Moonshiners),2.0
몽구스(Mongoose),2.0
이기찬,2.0
구창모 ,2.0
뜨거운 감자(Hot Potato),2.0
감성다락방,2.0
황혜정,2.0
GRAY(그레이) [힙합],2.0
해랑(Haerang) [재즈],2.0
SG워너비 김진호,2.0
Sendyou,2.0
하비누아주(Ravie Nuage),2.0
Tama Rhodes(타마 로즈),2.0
핑클(Fin.K.L),2.0
피터팬 컴플렉스(Peterpan Complex),2.0
leeSA(리싸),2.0
간종욱,2.0
푸딩(Pudding),2.0
대성,2.0
고현욱,2.0
공CD,2.0
포이트리(Poetree),2.0
이루펀트(Eluphant),2.0
국카스텐(Guckkasten),2.0
파이브돌스(F-ve Dolls),2.0
티블루(T-Blue),2.0
티라미스(Tiramisu),2.0
넥스트(N.EX.T),2.0
트랙 마켓(Track Market),2.0
노블레스(Noblesse),2.0
민트그레이(Mintgray),2.0
민효린,2.0
신용재 [4men],2.0
뱅크(Bank),2.0
엠투엠(M To M),2.0
이예린,2.0
서태지,2.0
샵(S#arp),2.0
비스윗(Besweet),2.0
양혜승,2.0
엔오케이(NOK),2.0
주주 클럽(Juju Club),2.0
애쉬(Ash),2.0
안녕 바다,2.0
정기고(Junggigo),2.0
이병헌 [배우],2.0
박완규,2.0
박경환,2.0
지선(Jisun) ,2.0
신태권,2.0
아카시아(AcAciA),1.0
에디(Eddie),1.0
하이디,1.0
썸데이(Someday),1.0
하은,1.0
에스프레소(금석균),1.0
씨비 매스(CB Mass),1.0
하울(HowL),1.0
Script(스크립트),1.0
어른아이(Adultchild),1.0
이푸름,1.0
Unlimit,1.0
어 모던(A Modern),1.0
W(Where The Story Ends),1.0
걸(Girl),1.0
아루앤폴(Aroo N Paul),1.0
인스턴트 로맨틱 플로어(Instant Romantic Floor),1.0
앤덥(Andup),1.0
아웃사이더(Outsider),1.0
이정,1.0
Masta Wu,1.0
엘리카(Elika),1.0
헬프미(Help Me),1.0
이상한 나라의 달리스,1.0
유승준,1.0
유발이의 소풍,1.0
원티드(Wanted),1.0
B.A.P,1.0
이성우 [나잇어클락],1.0
Ed.C,1.0
홍채린,1.0
홀린(Hlin),1.0
형돈이와 대준이,1.0
이소은,1.0
온유(On.U) [발라드],1.0
하키(Hockee),1.0
옥주현,1.0
Gazebo(가제보),1.0
Goodbye Sadness 구정현,1.0
오후만 있던 일요일,1.0
오후(5Who),1.0
해브어티(Have A Tea),1.0
옆집 남자(A Boy Next Door),1.0
해금,1.0
M.I.B(Most Incredible Busters),1.0
한채윤 [인디],1.0
푸른새벽,1.0
푸푸엘라(PoohPuella),1.0
바람을 가르고(Untouched Wind),1.0
심수봉,1.0
장기하와 얼굴들,1.0
드라마틱스(Dramatics),1.0
태군,1.0
서브웨이(Subway),1.0
디에스 커넥션(DS_Connexion),1.0
상상밴드,1.0
비원에이포(B1A4),1.0
라디오맨,1.0
락스톤(Rockstone),1.0
주석(Joosuc),1.0
클레오(Cleo),1.0
브리즈(The Breeze),1.0
불독맨션(Bulldogmansion),1.0
봄(Bom),1.0
줄리아 하트(Julia Hart),1.0
리치(Rich),1.0
마로니에(Maronnier),1.0
지니어스디(Genius D),1.0
매직플로우(Mazik Flow),1.0
백아연,1.0
박정아,1.0
진호,1.0
차가운 체리(Cold Cherry),1.0
박봄,1.0
찬스(Chance),1.0
처진 달팽이(유재석 & 이적),1.0
선데이 선셋(Sunday Sunset),1.0
도나웨일(Donawhale),1.0
선우정아(Sunwoojunga),1.0
나윤선,1.0
포터블 그루브 나인(Portable Groove 09),1.0
신화,1.0
쟈스민 [알앤비],1.0
김경민 [재즈],1.0
포니테일(Ponytail),1.0
스타 러브 피쉬(Star Love Fish),1.0
펄스데이(Pearl's Day),1.0
스윙스(Swings),1.0
김진엽,1.0
스위티(Swi.T),1.0
나몰라 패밀리 TKO,1.0
낭만유랑악단,1.0
세븐데이즈(7Dayz),1.0
정민아,1.0
슈가볼(Sugarbowl),1.0
숨의숲,1.0
솔튼페이퍼(SALTNPAPER),1.0
노민우,1.0
솔루션스(THE SOLUTIONS),1.0
투샤이(2Shai),1.0
제시(Jessi) [럭키제이],1.0
토이멜라(Toymela),1.0
소울스타(Soulstar),1.0
소울 다이브(Soul Dive),1.0
재지팩트(Jazzyfact),1.0
