﻿Artist,cnt
성시경,279.0
휘성,238.0
아이유(IU),197.0
김동률,158.0
김범수,151.0
터보(Turbo),146.0
이승환,139.0
박정현,137.0
브라운 아이드 소울(Brown Eyed Soul),137.0
김건모,131.0
어반 자카파(Urban Zakapa),130.0
임재범,126.0
김광석,123.0
박효신,119.0
토이(Toy),106.0
쿨(COOL),101.0
이소라,99.0
리쌍(Leessang),99.0
바이브(Vibe),98.0
김연우,98.0
SG워너비,96.0
지오디(god),94.0
별,94.0
케이윌(K.Will),93.0
엠씨 더 맥스(M.C the Max),92.0
노을,89.0
유아시대,87.0
브라운 아이즈(Brown Eyes),87.0
임창정,86.0
소녀시대,86.0
김현철,84.0
이기찬,80.0
투애니원(2NE1),79.0
코요태,78.0
싸이(Psy),77.0
S.E.S.,77.0
10cm(십센치),76.0
린(LYn),74.0
럼블 피쉬(Rumble Fish),73.0
신승훈,73.0
마이티 마우스(Mighty Mouth),73.0
장나라,73.0
이수영,72.0
유엔(UN),71.0
조성모,71.0
미스터 투(Mr.2),68.0
프리 스타일(Free Style),67.0
DJ DOC,67.0
슈퍼주니어(Super Junior),66.0
넬(Nell),64.0
나얼(Na-Ul),63.0
포맨,61.0
에피톤 프로젝트(Epitone Project),61.0
루싸이트 토끼,61.0
윤상,60.0
애프터 스쿨(After School) ,59.0
김진표(JP),59.0
김민종,58.0
김윤아,58.0
핑클(Fin.K.L),57.0
박지헌,55.0
다이나믹 듀오(Dynamic Duo),55.0
디바(Diva),54.0
t윤미래,53.0
김태우,53.0
윈터플레이(Winterplay),52.0
동방신기(TVXQ!),52.0
플라이 투 더 스카이(Fly To The Sky),50.0
서영은,50.0
제이(J.ae),49.0
제이레빗(J Rabbit),49.0
티아라(T-ara),49.0
박지윤,49.0
캔(Can),48.0
라디(Ra.D),48.0
샵(S#arp),47.0
서지원,46.0
부활,46.0
조관우,46.0
윤건,46.0
슈프림팀(Supreme Team),43.0
김조한,43.0
이승기,43.0
빈지노(Beenzino),42.0
이적,42.0
지아(Zia),42.0
이루(Eru),41.0
BIGBANG,41.0
화요비,40.0
팀(Tim),40.0
G-DRAGON,39.0
신화,39.0
짙은(Zitten),39.0
데이브레이크(daybreak),39.0
테이(Tei),38.0
빅마마(Big Mama),38.0
애즈 원(As One),38.0
강수지,38.0
지누션(Jinusean),38.0
바비 킴(Bobby Kim),37.0
프라이머리(Primary),37.0
나윤권,37.0
거미,36.0
스윗소로우(SWEET SORROW),36.0
브로콜리너마저,36.0
이승철,36.0
재주소년,36.0
HITCHHIKER (히치하이커),35.0
영턱스클럽(YTC),35.0
서태지와 아이들,34.0
더블에스501(SS501),34.0
포지션(Position),34.0
윤종신,34.0
왁스(Wax),34.0
바닐라 어쿠스틱(Vanilla Acoustic),34.0
허각,34.0
티오(T.O),33.0
노리플라이(no reply),33.0
패닉(Panic),32.0
다니엘(Daniel) [DMTN],32.0
클래지콰이(Clazziquai),32.0
루시드 폴(Lucid Fall),31.0
윤하(Younha/ユンナ),31.0
에스프레소(Espresso),30.0
캐스커(Casker),30.0
보아(BoA),30.0
가인 [브라운아이드걸스],30.0
장혜진,30.0
이은미,30.0
알렉스(Alex) [클래지콰이],29.0
정인,29.0
인피니트(Infinite),29.0
알리(Ali),29.0
김경호,28.0
엄정화,28.0
양요섭 [비스트],28.0
카라(Kara),28.0
오렌지캬라멜(Orange Caramel),27.0
정준일 [메이트],27.0
박완규,27.0
공일오비(015B),27.0
Lucia(심규선),26.0
젝스키스(Sechs Kies),26.0
H-유진,26.0
스웨덴세탁소,26.0
버벌진트(Verbal Jint),25.0
양파,25.0
박선주,25.0
시크릿(Secret),25.0
김종국,25.0
장필순,25.0
푸른 하늘,24.0
MC 몽,24.0
유리상자,24.0
에일리(Ailee),24.0
박진영,24.0
악동뮤지션(AKMU),24.0
YB,24.0
먼데이 키즈(Monday Kiz),23.0
델리 스파이스(Deli Spice),23.0
뱅크(Bank),23.0
씨스타(Sistar),23.0
H.O.T.,23.0
서인국,22.0
백지영,22.0
미쓰 에이(miss A),22.0
정재욱,22.0
조규찬,21.0
에픽 하이(Epik High),21.0
버블 시스터즈(Bubble Sisters),21.0
아소토 유니온(Asoto Union),21.0
에코(ECO),20.0
7공주,20.0
러브홀릭(Loveholic),20.0
간미연,20.0
스탠딩 에그(Standing Egg),19.0
이정현,19.0
나비(Navi),19.0
리즈(Leeds),19.0
이문세,19.0
W & Whale(더블유 앤 웨일),18.0
Ab 에비뉴,18.0
안녕 바다,18.0
제이워크(J-Walk),18.0
솔리드(Solid),17.0
라이너스의 담요(Linus' Blanket),17.0
박혜경,17.0
2PM,17.0
노이즈(Noise),17.0
김돈규,17.0
주(Joo),17.0
다비치,17.0
한희정,16.0
장재인,16.0
자전거 탄 풍경,16.0
주영(JooYoung),16.0
전람회,16.0
인순이,16.0
Naomi & Goro(나오미 앤 고로),16.0
에이핑크(Apink),16.0
박재범(Jay Park),16.0
조장혁,16.0
하림,16.0
두번째 달,16.0
정키(Jung Key),16.0
더 멜로디(The Melody),15.0
이지형,15.0
오션(5tion),15.0
김형석,15.0
자우림(Jaurim),15.0
이정,15.0
투투(Two Two),15.0
마야(Maya),15.0
어쿠스틱 콜라보(Acoustic Collabo),15.0
요조(Yozoh),15.0
에이트(8Eight),15.0
유미,15.0
정엽,15.0
지나(G.NA),15.0
서인영,14.0
네스티요나(Nastyona),14.0
이오공감,14.0
박시후 ,14.0
신예원,14.0
스윙스(Swings),14.0
제이에스(JS) [여성듀오],14.0
Olivia(올리비아) [보사노바],14.0
EXO,14.0
김광진,14.0
박기영,14.0
성제 [초신성],14.0
성훈 [Brown Eyed Soul],14.0
EXID(이엑스아이디),14.0
MC 스나이퍼(MC Sniper),14.0
리사(Lisa),14.0
유열,14.0
더 캔버스(The Canvas),14.0
트러블메이커(Troublemaker),14.0
타루(Taru),14.0
고유진(플라워),14.0
윤민수,14.0
더 블루(The Blue),14.0
규현(KYUHYUN),14.0
윤한(Yoonhan),14.0
화이트(W.H.I.T.E.),14.0
커피소년,14.0
원타임(1TYM),14.0
디제이 아키(DJ AKI),14.0
줄라이(July) [뉴에이지],13.0
산울림,13.0
유재하,13.0
조용필,13.0
박아셀,13.0
쥬얼리(Jewelry),13.0
디어 클라우드(Dear Cloud),13.0
아이비(IVY),13.0
야다(Yada),13.0
피노다인(Pinodyne),13.0
강타,13.0
가희,13.0
이상은(Lee Tzsche),13.0
긱스(Geeks),13.0
소울 커넥션(Soul Connection),12.0
이아립,12.0
디어(d.ear),12.0
이재훈 ,12.0
정성하,12.0
메이트(Mate),12.0
앤(Ann),12.0
리오 케이코아(Leo Kekoa),12.0
BMK,12.0
에스파파(S.Papa.),12.0
더 클래식(The Classic),12.0
비쥬(Bijou),12.0
언터쳐블,12.0
백아연,11.0
드렁큰 타이거(Drunken Tiger),11.0
Simon Dominic(사이먼 도미닉),11.0
마이큐(MY-Q),11.0
윤도현,11.0
투샤이(2Shai),11.0
정기고(Junggigo),11.0
동물원,11.0
소란(Soran),11.0
김현식,11.0
업타운(UPT),11.0
이한철,11.0
박새별,11.0
레드애플(Led apple),11.0
가을방학,11.0
룰라(Roo'Ra),11.0
봄(Bom),10.0
원 모어 찬스(one more chance),10.0
홍경민,10.0
벤,10.0
투개월,10.0
소찬휘,10.0
헤르쯔 아날로그(Herz Analog),10.0
푸디토리움(Pudditorium),10.0
존 박(John Park),10.0
수호,10.0
김장훈,10.0
배치기,10.0
SMTown,10.0
W(Where The Story Ends),10.0
동경소녀,10.0
XIA(준수),10.0
가비엔제이(Gavy N.J.),10.0
브라이언(Brian),9.0
걸스데이(Girl's Day),9.0
파인애플(Pineapple),9.0
티아라 With 다비치,9.0
더더(THETHE),9.0
CHEEZE,9.0
이영현,9.0
내추럴(Natural),9.0
유희열,9.0
앤드(And),9.0
조규만,9.0
옐로우 몬스터즈(Yellow Monsters),9.0
신성우,9.0
나르샤 [브라운아이드걸스],9.0
김우주,9.0
허민,9.0
정지찬 [원모어찬스],9.0
오지은,9.0
임현정,9.0
권순관,9.0
디아(Dia) [키스 & 크라이],8.0
장세용,8.0
서연,8.0
녹색지대,8.0
정재형,8.0
박미경,8.0
김혜림,8.0
클릭비(Click-B),8.0
노블레스(Noblesse),8.0
김민우,8.0
알이에프(R.ef),8.0
김정민,8.0
비비(B.B),8.0
에보니힐(Ebonyhill),8.0
렉시(Lexy),8.0
피터팬 컴플렉스(Peterpan Complex),8.0
백동우,8.0
B.A.P,8.0
해이(Hey),8.0
에코 브릿지(Eco bridge),8.0
40(포티),8.0
송재호,7.0
조정현,7.0
2AM,7.0
써니힐(Sunny Hill),7.0
메이랜드(Mayland),7.0
미스티 블루(Misty Blue),7.0
남준봉 [여행스케치],7.0
조준프로젝트,7.0
이정석,7.0
혁오(hyukoh),7.0
C-CLOWN(씨클라운),7.0
브라운 아이드 걸스,7.0
전영록,7.0
시와(Siwa),7.0
허밍 어반 스테레오(Humming Urban Stereo),7.0
이원진,7.0
육각수밴드,7.0
페퍼톤스(Peppertones),7.0
테테(Tete),7.0
DJ 소울스케이프(DJ Soulscape),7.0
리드미스트(Rhythmist),7.0
한기란 [와인루프],7.0
안재욱,7.0
Sound Providers(사운드 프로바이더스),7.0
로이킴,7.0
비스트(Beast),7.0
이선희,7.0
언타이틀(Untitle),7.0
반시(Vansy),7.0
아메리카노,7.0
한경일,7.0
영준 [Brown Eyed Soul],6.0
모이다 밴드(Moida Band),6.0
스타 러브 피쉬(Star Love Fish),6.0
유키스(U-KISS),6.0
더 네임(The Name),6.0
앤디(Andy),6.0
닥터 레게(Dr. Reggae),6.0
더 넛츠(The Nuts),6.0
드라마틱스(Dramatics),6.0
이바디(Ibadi),6.0
멜로 브리즈(Melo' Breeze),6.0
원티드(Wanted),6.0
도원경,6.0
원더걸스(Wonder Girls),6.0
엠투엠(M To M),6.0
투엘슨(2LSON),6.0
보이스원(Voice One),6.0
고유비,6.0
좋아서 하는 밴드,6.0
"S (강타, 신혜성, 이지훈)",6.0
조은(Cho Eun),6.0
비돌스(B.Dolls),6.0
제이벨(J BEL),6.0
Zion.T,6.0
KCM,6.0
솔플라워(Sol' Flower),6.0
정원영,6.0
파스텔블루(Pastel Blue),6.0
숄(Sol),6.0
하이투힘(Hi to him),6.0
언니네 이발관,5.0
포니테일(Ponytail),5.0
더 콰이엇(The Quiett),5.0
티라미슈,5.0
박준혁,5.0
더하이라이츠(The Hi-Lites),5.0
김은태,5.0
리미와 감자,5.0
레드락(Red-Roc),5.0
한동준,5.0
웅산,5.0
한소현,5.0
에스더(Esther),5.0
버즈(Buzz),5.0
Achordion(아코디언),5.0
뜨거운 감자(Hot Potato),5.0
현아 [포미닛],5.0
홀린(Hlin),5.0
브이원 (V.One),5.0
흠(Heum),5.0
견우,5.0
이소은,5.0
니콜,5.0
치즈가몽키(Cheeze Ga Monkey),5.0
모던쥬스(Modern Juice),5.0
김종욱,5.0
구혜선,5.0
마로니에(Maronnier),5.0
Stay [심태윤],5.0
현빈,4.0
장현승 [비스트],4.0
임정희,4.0
남경윤,4.0
김현성,4.0
자화상,4.0
울랄라세션(Ulala Session),4.0
이치원(EachONE),4.0
김동희,4.0
이지영,4.0
돕선(Dopesun),4.0
오윤혜,4.0
S.M. The Ballad '제규종지',4.0
내일 (2011),4.0
하찌와 TJ,4.0
하동균,4.0
차가운 체리(Cold Cherry),4.0
데이라이트(Daylight),4.0
하늘해,4.0
채연,4.0
프렐류드(Prelude),4.0
푸른새벽,4.0
Glen Check(글렌체크),4.0
카니발(Carnival),4.0
베란다 프로젝트(Verandah Project),4.0
키비(Kebee) [이루펀트],4.0
티아(Tia) ,4.0
이루펀트(Eluphant),4.0
장윤주,4.0
베니(Venny),4.0
비욘드(Beyond),4.0
벗님들,4.0
미씽 아일랜드(Missing Island),4.0
신건,4.0
손담비,4.0
얀(Yarn),4.0
소울원(Soul One),4.0
소울스타(Soulstar),4.0
보보(Bobo),4.0
스테이튠(Stay Tune),4.0
벨 에포크(Belle Epoque),4.0
불독맨션(Bulldogmansion),4.0
메이비(MayBee),4.0
브랜뉴직(Brand Newjiq),4.0
알레그로(Allegrow),4.0
수상한 커튼,4.0
셰인(Shayne),4.0
블락비(Block B),4.0
백청강,4.0
선데이 선셋(Sunday Sunset),4.0
스윗바이러스(Sweet Virus),4.0
비(Rain),4.0
플라워(Flower),3.0
피리과(Pirigwa),3.0
몽니(Monni),3.0
엔알지(N.R.G),3.0
김현정,3.0
하루(Haroo),3.0
박혜민,3.0
모노리드(Monolead),3.0
이주미,3.0
이정열,3.0
신용재 [4men],3.0
하울(HowL),3.0
이안,3.0
브롤리(Brolly),3.0
씨야(SeeYa),3.0
신나는섬,3.0
정슬기,3.0
재즈홀릭(Jazzholic),3.0
소울 다이브(Soul Dive),3.0
클린치(Clinch),3.0
Unknown,3.0
코나(Kona),3.0
가비퀸즈(Gavy Queens),3.0
박정은,3.0
바다,3.0
참깨와 솜사탕,3.0
샤이니(SHINee),3.0
건휘,3.0
산이(San E),3.0
지기 펠라즈(Jiggy Fellaz),3.0
소울라임(SouLime),3.0
푸딩(Pudding),3.0
구피(Goofy),3.0
조pd(ZoPD),3.0
엠쓰리(M3),3.0
손승연,3.0
팔로알토(Paloalto),3.0
솔비,3.0
삐삐밴드,3.0
정인호,3.0
김사랑,3.0
정시로 [뱅크],3.0
빈티지 블루(Vintage Blue),3.0
아이리쉬 커피(Irish Coffee),3.0
일기예보,3.0
원준희,3.0
들국화,3.0
로지 피피(RossyPP),3.0
보드카 레인(Vodka Rain),3.0
에이오에이(AOA),3.0
버스커 버스커(Busker Busker),3.0
와이낫?(Ynot?),3.0
벅(Buck),3.0
더필름(The Film),3.0
라이머(Rhymer),3.0
우쿨렐레 피크닉(Ukulele Picnic),3.0
예민,3.0
달빛요정역전만루홈런,3.0
혜령,3.0
에스트래직 비츠(Estraziq Beats) ,3.0
디에스 커넥션(DS_Connexion),3.0
에디킴,3.0
6月엔 UFO가 온다,3.0
이브(Eve),3.0
에니악(Eniac),3.0
렌(Len),3.0
위퍼(Weeper),3.0
롤러코스터(Rollercoaster),3.0
룸메이트(Roommate),3.0
연진,3.0
용원,2.0
김두수,2.0
옥수사진관,2.0
조정치,2.0
파이브(F-IV),2.0
사이포디아즈(Psypodias),2.0
페이지(Page),2.0
구본승,2.0
팔로(FarLaw),2.0
돕선앤로직스(Dopesun & LogicX),2.0
페일그레이(Pale Grey),2.0
박지혜 [인디],2.0
길건,2.0
미카엘 밴드(Michael Band),2.0
사비나앤드론즈(Savina & Drones),2.0
4-49(포포리나인),2.0
에릭남,2.0
한민규,2.0
민경훈,2.0
NY 물고기,2.0
THEY 2010,2.0
태양,2.0
태하,2.0
디셈버(December),2.0
클로버(Clover) [남성솔로],2.0
선민(Sunmin),2.0
여행스케치,2.0
세렝게티(Serengeti),2.0
Yerim,2.0
토마스 쿡(Thomas Cook),2.0
디즈(Deez),2.0
박수진,2.0
최재훈,2.0
천사(1004),2.0
팀(Team),2.0
채정안,2.0
흑꼬,2.0
밀크티(Milktea),2.0
흐른,2.0
새바람이 오는 그늘,2.0
지서련,2.0
듀스(Deux),2.0
러브피쉬 프로젝트(LoveFish_Project),2.0
소심한 오빠들(Sosimboys),2.0
Mike Goudreau & Friends,2.0
이석훈 [SG워너비],2.0
틴 탑(Teen Top),2.0
오태호,2.0
주형진,2.0
송지은 [시크릿],2.0
더 씨야(The Seeya),2.0
김종서,2.0
나비효과,2.0
피플 크루(People Crew),2.0
써드코스트(3rd Coast),2.0
시인과 촌장,2.0
이현욱,2.0
블록(Block),2.0
포미닛(4minute),2.0
이하이,2.0
더 레이(The Ray),2.0
하와이,2.0
이지연,2.0
이장우,2.0
루나플라이(Lunafly),2.0
이장혁,2.0
이종현 [CNBLUE],2.0
나미,2.0
달파란,2.0
안치환,2.0
야광토끼(Neon Bunny),2.0
노라조,2.0
슈퍼키드(SuperKidd),2.0
송크라이(SongCry),2.0
마이노스 인 뉴올(Minos In Nuol),2.0
전자양,2.0
윈디시티(Windy City),2.0
도끼(Dok2),2.0
이승열,2.0
데니안(Ahn Danny),2.0
한충완,2.0
FTISLAND(에프티 아일랜드),2.0
블레스(Bless),2.0
스윙체어(Swingchair),2.0
어떤날,2.0
장기하와 얼굴들,2.0
장미여관,2.0
하이포(HIGH4),1.0
하상규,1.0
백재아,1.0
태연 (Taeyeon),1.0
박상민,1.0
블랙 라벨(Black Label) ,1.0
박소윤,1.0
하우스 룰즈(House Rulez),1.0
Susan Jacks(수잔 잭스),1.0
해바라기,1.0
투빅(2BiC),1.0
브이오에스(V.O.S.),1.0
빌리어코스티(Bily Acoustie),1.0
서엘(SEOEL),1.0
Caramel espreSSo(카라멜 에스프레소),1.0
포스트맨(Postmen),1.0
Julienne Taylor(줄리언 테일러),1.0
포터블 그루브 나인(Portable Groove 09),1.0
Karla Bonoff(칼라 보노프),1.0
G.고릴라,1.0
현진영,1.0
FOLEY(폴리),1.0
비비안(BBAhn),1.0
환희,1.0
M.I.S(Made In Soul) ,1.0
백현진,1.0
베이비복스(Baby V.O.X),1.0
타샤니(Tashannie),1.0
보싸다방(Bossa Dabang),1.0
CMYK(씨엠와이케이),1.0
M시그널,1.0
블루베리 [여자],1.0
봄여름가을겨울,1.0
NS Yoon-G ,1.0
트랙스(Trax),1.0
타이키즈(Tykeys),1.0
젠(Zen),1.0
타블로(Tablo),1.0
신해철,1.0
마이 앤트 메리(My Aunt Mary),1.0
이승우 [소울스타],1.0
노바소닉(Novasonic),1.0
넥스트(N.EX.T),1.0
이영미 [뮤지컬],1.0
머쉬멜로우,1.0
썸피플(Sumpeople),1.0
심현보,1.0
이은하,1.0
이정봉(Lee Jung Bong),1.0
키스(Kiss),1.0
나루(Naru) [솔루션스],1.0
이혁 [노라조],1.0
이현 [에이트],1.0
이호석,1.0
임세준,1.0
시로스카이(Shirosky),1.0
스페이스 A(Space A),1.0
모세(Mose),1.0
김정호,1.0
마끼아또,1.0
린애,1.0
이보람 [씨야],1.0
이병우,1.0
디피(DP),1.0
오르프제겐 뮤직,1.0
옥상달빛,1.0
와이(Y),1.0
러브홀릭스(Loveholics),1.0
에메랄드 캐슬(Emerald Castle),1.0
원써겐(1sagain),1.0
원효로1가 13-25,1.0
로로스(Loro's),1.0
유사라,1.0
더블케이(Double K),1.0
유영진,1.0
로켓트리(Rockettree),1.0
더 원(The One),1.0
윤사라,1.0
루그(Lug),1.0
달에닿아,1.0
이동원,1.0
이범학,1.0
장기하,1.0
못(Mot),1.0
문차일드(Moon Child),1.0
주영훈,1.0
줄리아 하트(Julia Hart),1.0
걸(Girl),1.0
거북이,1.0
강세윤 [액티브],1.0
강산에,1.0
차여울,1.0
철이와 미애,1.0
체리필터(Cherry Filter),1.0
최호섭,1.0
소규모 아카시아 밴드,1.0
셀로판리버(Cellophane River),1.0
센티멘탈 시너리(Sentimental Scenery),1.0
Youn Woo Park Trio(박윤우 트리오),1.0
컬투(Cultwo),1.0
박강수,1.0
크레용팝(Crayon Pop),1.0
박경환,1.0
키네틱플로우(K-Flow),1.0
박광현,1.0
검정치마,1.0
주니퍼(Junyfore),1.0
슈가버블(Sugar Bubble),1.0
고은(Goeun),1.0
11월,1.0
김완선,1.0
쟈크와 래미(Zac & Lemi),1.0
김신우,1.0
전효성 [시크릿],1.0
김수근,1.0
김성재,1.0
김범룡,1.0
송골매,1.0
솔지 [EXID],1.0
제국의아이들[ZE:A],1.0
김나영 [여성솔로],1.0
김규민,1.0
길 (Of 리쌍),1.0
제이제이(JJ) [여성],1.0
구창모 ,1.0
소유,1.0
곽진언,1.0
조혜원,1.0
노사연,1.0
