﻿Artist,cnt
성시경,756.0
브라운 아이즈(Brown Eyes),510.0
김동률,459.0
투애니원(2NE1),421.0
브라운 아이드 소울(Brown Eyed Soul),403.0
아이유(IU),376.0
리쌍(Leessang),375.0
바이브(Vibe),357.0
김범수,315.0
싸이(Psy),314.0
포맨,312.0
10cm(십센치),300.0
린(LYn),299.0
쿨(COOL),278.0
BIGBANG,278.0
이적,267.0
에피톤 프로젝트(Epitone Project),262.0
김연우,257.0
어반 자카파(Urban Zakapa),256.0
박정현,251.0
넬(Nell),248.0
토이(Toy),233.0
클래지콰이(Clazziquai),228.0
윤하(Younha/ユンナ),226.0
휘성,224.0
에픽 하이(Epik High),223.0
럼블 피쉬(Rumble Fish),223.0
김건모,218.0
러브홀릭(Loveholic),216.0
이승철,212.0
박효신,210.0
부활,207.0
MC 몽,205.0
SG워너비,201.0
박혜경,200.0
거미,197.0
서영은,197.0
다이나믹 듀오(Dynamic Duo),193.0
임재범,188.0
윤종신,185.0
테이(Tei),181.0
엠씨 더 맥스(M.C the Max),179.0
나윤권,170.0
스윗소로우(SWEET SORROW),168.0
신승훈,166.0
이소라,163.0
G-DRAGON,159.0
지오디(god),158.0
소녀시대,158.0
임창정,154.0
라디(Ra.D),153.0
루시드 폴(Lucid Fall),153.0
노을,152.0
별,151.0
애즈 원(As One),150.0
나얼(Na-Ul),150.0
임정희,146.0
씨엔블루(CNBLUE),145.0
슈프림팀(Supreme Team),142.0
카라(Kara),142.0
프리 스타일(Free Style),140.0
t윤미래,137.0
윤건,136.0
박기영,135.0
전람회,131.0
비스트(Beast),130.0
재주소년,129.0
가을방학,128.0
옥상달빛,128.0
박지윤,127.0
이승환,127.0
조장혁,127.0
이수영,125.0
유재하,125.0
화요비,125.0
백지영,124.0
루싸이트 토끼,124.0
노리플라이(no reply),124.0
조성모,122.0
바비 킴(Bobby Kim),121.0
티아라(T-ara),120.0
김태우,120.0
이기찬,118.0
델리 스파이스(Deli Spice),116.0
이승기,113.0
이은미,112.0
정인,112.0
케이윌(K.Will),112.0
이문세,111.0
빅마마(Big Mama),109.0
장혜진,109.0
페퍼톤스(Peppertones),108.0
윤도현,107.0
버즈(Buzz),107.0
지나(G.NA),104.0
김광석,103.0
보아(BoA),103.0
포지션(Position),101.0
김현철,100.0
스탠딩 에그(Standing Egg),100.0
동방신기(TVXQ!),100.0
자전거 탄 풍경,100.0
요조(Yozoh),98.0
김종국,97.0
마이티 마우스(Mighty Mouth),97.0
공일오비(015B),94.0
터보(Turbo),94.0
한희정,91.0
버벌진트(Verbal Jint),91.0
이바디(Ibadi),90.0
플라이 투 더 스카이(Fly To The Sky),90.0
이지형,89.0
야다(Yada),89.0
허밍 어반 스테레오(Humming Urban Stereo),88.0
팀(Tim),88.0
알렉스(Alex) [클래지콰이],87.0
다비치,85.0
하림,83.0
코요태,83.0
데이브레이크(daybreak),82.0
버블 시스터즈(Bubble Sisters),82.0
리즈(Leeds),80.0
박진영,79.0
타루(Taru),78.0
장나라,77.0
시크릿(Secret),77.0
2AM,76.0
허각,75.0
왁스(Wax),75.0
MC 스나이퍼(MC Sniper),74.0
김진표(JP),74.0
유희열,74.0
일기예보,74.0
양파,73.0
캐스커(Casker),73.0
브로콜리너마저,73.0
원 모어 찬스(one more chance),72.0
푸딩(Pudding),72.0
브라운 아이드 걸스,71.0
유엔(UN),70.0
더 넛츠(The Nuts),69.0
이상은(Lee Tzsche),69.0
해이(Hey),69.0
젝스키스(Sechs Kies),69.0
라이너스의 담요(Linus' Blanket),68.0
정재욱,68.0
메이트(Mate),67.0
짙은(Zitten),67.0
제이레빗(J Rabbit),67.0
미쓰 에이(miss A),67.0
엄정화,67.0
긱스(Geeks),66.0
씨스타(Sistar),66.0
언니네 이발관,65.0
인피니트(Infinite),63.0
자우림(Jaurim),63.0
서지원,62.0
임현정,62.0
비(Rain),62.0
유리상자,62.0
알리(Ali),62.0
김윤아,61.0
나르샤 [브라운아이드걸스],61.0
김현정,61.0
플라워(Flower),61.0
조규찬,61.0
BMK,60.0
웅산,60.0
샵(S#arp),60.0
지아(Zia),60.0
유미,59.0
제이(J.ae),59.0
뜨거운 감자(Hot Potato),58.0
DJ DOC,58.0
여행스케치,58.0
애프터 스쿨(After School) ,58.0
이선희,57.0
진주,57.0
카니발(Carnival),57.0
박완규,56.0
에코(ECO),56.0
조규만,56.0
이아립,56.0
하우스 룰즈(House Rulez),55.0
박선주,54.0
원더걸스(Wonder Girls),53.0
쥬얼리(Jewelry),53.0
베란다 프로젝트(Verandah Project),53.0
윈터플레이(Winterplay),53.0
김경호,53.0
하동균,53.0
정엽,52.0
KCM,52.0
K2(김성면),52.0
고유진(플라워),52.0
보드카 레인(Vodka Rain),52.0
영턱스클럽(YTC),52.0
브이원 (V.One),51.0
디제이 아키(DJ AKI),51.0
롤러코스터(Rollercoaster),51.0
패닉(Panic),51.0
신성우,50.0
더 원(The One),50.0
김광진,50.0
토마스 쿡(Thomas Cook),50.0
코나(Kona),49.0
더 클래식(The Classic),49.0
이재훈 ,49.0
마로니에(Maronnier),49.0
김형중,49.0
장세용,48.0
불독맨션(Bulldogmansion),47.0
서인영,47.0
룰라(Roo'Ra),47.0
JK 김동욱,47.0
박새별,46.0
두번째 달,46.0
몽니(Monni),46.0
유피(UP),46.0
이루(Eru),46.0
디셈버(December),45.0
커피소년,45.0
슈퍼주니어(Super Junior),45.0
김현식,45.0
박미경,44.0
국카스텐(Guckkasten),43.0
장윤주,43.0
이한철,43.0
에프엑스(f(x)),43.0
S.E.S.,43.0
써드코스트(3rd Coast),43.0
네미시스(Nemesis),43.0
더 레이(The Ray),43.0
핑클(Fin.K.L),43.0
이소은,42.0
씨야(SeeYa),42.0
뱅크(Bank),42.0
이효리,42.0
디바(Diva),42.0
도나웨일(Donawhale),42.0
벨 에포크(Belle Epoque),41.0
클론(Clon),41.0
나비(Navi),40.0
아소토 유니온(Asoto Union),40.0
소규모 아카시아 밴드,40.0
소울크라이(SoulCry),40.0
동물원,39.0
소찬휘,39.0
디어 클라우드(Dear Cloud),39.0
마이 앤트 메리(My Aunt Mary),39.0
우쿨렐레 피크닉(Ukulele Picnic),39.0
솔리드(Solid),39.0
2PM,38.0
푸디토리움(Pudditorium),38.0
김장훈,38.0
메이비(MayBee),38.0
윤상,37.0
정인호,37.0
장재인,37.0
거북이,37.0
W & Whale(더블유 앤 웨일),37.0
혜령,36.0
랄라스윗(lalasweet),36.0
김현성,36.0
Lucia(심규선),36.0
원타임(1TYM),36.0
렉시(Lexy),35.0
스웨터(Sweater),35.0
클로버(Clover) [남성솔로],35.0
페이지(Page),34.0
원투(Onetwo),34.0
헤리티지(Heritage),34.0
김돈규,34.0
손담비,34.0
신화,34.0
노블레스(Noblesse),34.0
박명수,33.0
부가킹즈(Buga Kingz),33.0
라즈베리필드,33.0
보보(Bobo),33.0
더 멜로디(The Melody),33.0
신효범,33.0
세븐데이즈(7Dayz),33.0
지누션(Jinusean),33.0
안치환,32.0
서연,32.0
김민종,32.0
조pd(ZoPD),32.0
이승훈 [발라드],32.0
이정,31.0
조원선,31.0
에이트(8Eight),31.0
처진 달팽이(유재석 & 이적),31.0
현아 [포미닛],30.0
러브앤팝(Love & Pop),30.0
박봄,30.0
이예린,30.0
박지헌,30.0
도원경,30.0
리사(Lisa),30.0
정용화(Jung Yong Hwa),29.0
유아시대,29.0
조관우,29.0
에메랄드 캐슬(Emerald Castle),29.0
이정봉(Lee Jung Bong),29.0
최재훈,29.0
검정치마,29.0
몽라(Monla/夢兒),28.0
현빈,28.0
김보경,28.0
홍경민,28.0
W(Where The Story Ends),28.0
아이유 ＆ 나윤권,28.0
아침(Achime),28.0
불나방스타쏘세지클럽,28.0
태연 (Taeyeon),28.0
씨스타19(Sistar 19),28.0
마이큐(MY-Q),28.0
더 크로스(The Cross),28.0
엠투엠(M To M),28.0
리나(Lina),28.0
자자(Zaza),28.0
오션(5tion),28.0
에코 브릿지(Eco bridge),27.0
제이에스(JS) [여성듀오],27.0
상상밴드,27.0
오지은,27.0
먼데이 키즈(Monday Kiz),27.0
스프링롤(Springloll),26.0
브라더수(BrotherSu),26.0
소울라이츠(Soulights),26.0
박상민,26.0
더필름(The Film),26.0
젠틀 레인(Gentle Rain),26.0
슈가버블(Sugar Bubble),26.0
줄라이(July) [뉴에이지],25.0
장필순,25.0
아키버드(Aquibird),25.0
조정현,25.0
그린티(The Green Tea),25.0
Martin Solveig(마틴 솔베이그),25.0
비쥬(Bijou),24.0
이지훈,24.0
달콤한 소금,24.0
윤한(Yoonhan),24.0
키네틱플로우(K-Flow),24.0
김우주,24.0
오렌지캬라멜(Orange Caramel),23.0
네스티요나(Nastyona),23.0
하울(HowL),23.0
화이트(W.H.I.T.E.),23.0
정재형,23.0
야광토끼(Neon Bunny),23.0
미스터 투(Mr.2),23.0
아이비(IVY),23.0
이원진,22.0
하찌와 TJ,22.0
데이라이트(Daylight),22.0
드렁큰 타이거(Drunken Tiger),22.0
팀(Team),22.0
허민,22.0
에디(Eddie),22.0
멜로우이어(Mellowyear),22.0
앤(Ann),21.0
이현 [에이트],21.0
한동준,21.0
고현욱,21.0
창민,21.0
신예원,21.0
봄(Bom),21.0
나루(Naru) [솔루션스],21.0
딕펑스(Dick Punks),21.0
반반 프로젝트,21.0
소울스타(Soulstar),21.0
스타 러브 피쉬(Star Love Fish),20.0
간미연,20.0
소울사이어티(Soulciety),20.0
내추럴(Natural),20.0
마망,20.0
베이비복스(Baby V.O.X),20.0
로지 피피(RossyPP),20.0
김조한,20.0
캔디맨(Candyman),19.0
버스커 버스커(Busker Busker),19.0
Nat King Cole(냇 킹 콜),19.0
옥주현,19.0
YB,19.0
박주원,19.0
7공주,19.0
김혜림,19.0
이정현,19.0
견우,19.0
미스티 블루(Misty Blue),19.0
장기하와 얼굴들,19.0
강수지,19.0
언타이틀(Untitle),18.0
듀스(Deux),18.0
한경일,18.0
주니퍼(Junyfore),18.0
일락(一樂),18.0
푸른 하늘,18.0
더블에스501(SS501),18.0
규현(KYUHYUN),18.0
컨츄리 꼬꼬(Country Kkokko),18.0
가인 [브라운아이드걸스],18.0
옥수사진관,18.0
도로시밴드(Dorothy Band),18.0
못(Mot),18.0
길미,18.0
박학기,18.0
노라조,18.0
카나리아 살롱(Canaria Salon),18.0
이안,18.0
바닐라 어쿠스틱(Vanilla Acoustic),18.0
정지찬 [원모어찬스],17.0
장연주,17.0
심현보,17.0
차태현,17.0
프라이머리(Primary),17.0
수호,17.0
Olivia(올리비아) [보사노바],17.0
벅(Buck),17.0
안재욱,16.0
Glen Check(글렌체크),16.0
재즈홀릭(Jazzholic),16.0
파인애플(Pineapple),16.0
클린치(Clinch),16.0
Ab 에비뉴,16.0
인디고(Indigo),16.0
캔(Can),15.0
노이즈(Noise),15.0
미스 미스터(Mis=Mr),15.0
샤이니(SHINee),15.0
투샤이(2Shai),15.0
HITCHHIKER (히치하이커),15.0
김민석 [트리오로그],15.0
사준,15.0
피터팬 컴플렉스(Peterpan Complex),15.0
스페이스 A(Space A),15.0
와이제이 패밀리(YJ Family),15.0
시와(Siwa),15.0
론리 하츠 클럽(Lonely Hearts Club),15.0
주영훈,15.0
리아(Riaa),15.0
9와 숫자들,15.0
가비엔제이(Gavy N.J.),15.0
좋아서 하는 밴드,15.0
해랑(Haerang) [재즈],15.0
타샤니(Tashannie),15.0
엠알제이(MRJ),15.0
머쉬멜로우,15.0
브랜뉴직(Brand Newjiq),15.0
전유나,14.0
김지호 ,14.0
존 박(John Park),14.0
권진원,14.0
민설,14.0
구창모 ,14.0
조덕배,14.0
세 개의 시선,14.0
성훈 [Brown Eyed Soul],14.0
김정민,14.0
슈퍼키드(SuperKidd),14.0
김진우,14.0
임종환,14.0
씨유(See U),14.0
마야(Maya),14.0
멜로 브리즈(Melo' Breeze),14.0
에이프릴(April),14.0
에이핑크(Apink),14.0
모리(Morrie),14.0
여미,14.0
러브홀릭스(Loveholics),14.0
란(Ran),14.0
라-듀오(La-Duo),14.0
울랄라세션(Ulala Session),14.0
유진 [S.E.S],14.0
윤민수,14.0
더 블루(The Blue),14.0
문차일드(Moon Child),14.0
달샤벳(Dal★shabet),14.0
성제 [초신성],14.0
노드 플루(Nord Plue),14.0
나희경 [Jazz],14.0
지퍼,14.0
다니엘(Daniel) [DMTN],14.0
강우진,14.0
Atlantic Starr(아틀란틱 스타),14.0
바람에 오르다,14.0
프렐류드(Prelude),14.0
티오(T.O),14.0
GG(박명수 & G-Dragon),14.0
박시후 ,14.0
빛과 소금,14.0
하은,14.0
트러블메이커(Troublemaker),14.0
브리즈(The Breeze),14.0
테이크(Take),14.0
킹스턴 루디스카(Kingston Rudieska),14.0
하지원,14.0
Ennio Morricone(엔니오 모리꼬네),14.0
크라잉넛(Crying Nut),14.0
바다,14.0
포미닛(4minute),14.0
of 비스트(윤두준 & 이기광 & 용준형),14.0
흑꼬,14.0
현진영,14.0
철싸(노홍철 & 싸이),14.0
Stay [심태윤],14.0
카밀라(Camilla),14.0
코쿤벨즈(Cocoon Bells),14.0
추성훈,14.0
316,13.0
혜지,13.0
원웨이(Oneway),13.0
하와이,13.0
반시(Vansy),13.0
브이오에스(V.O.S.),13.0
어바노(Urbano),13.0
예민,13.0
박아셀,13.0
에스파파(S.Papa.),13.0
에스프레소(Espresso),13.0
달빛요정역전만루홈런,13.0
양희은,13.0
파티스트릿(Party Street),13.0
조이 [알트리퍼],13.0
이채(Ich'e),13.0
가희,13.0
서인국,13.0
SAT,13.0
크리스피 로즈(Crispy Rhodes),13.0
인순이,13.0
이지엠(EZ'M),13.0
빈티지 블루(Vintage Blue),13.0
차은주,12.0
흐른,12.0
강토(Kangto),12.0
Westlife(웨스트라이프),12.0
에스더(Esther),12.0
잠바(Jamba),12.0
러브피쉬 프로젝트(LoveFish_Project),12.0
더 네임(The Name),12.0
더더(THETHE),12.0
수퍼러너(Superrunner),11.0
정재일,11.0
이승우 [소울스타],11.0
녹색지대,11.0
리치(Rich),11.0
양양(YangYang),11.0
비욘드(Beyond),11.0
H-유진,11.0
그루브 올스타즈(Groove All Stars),11.0
인스턴트 로맨틱 플로어(Instant Romantic Floor),11.0
에이치(H),11.0
박준혁,11.0
윈터플레이 혜원,11.0
김종욱,11.0
강승윤 [WINNER],11.0
다비,11.0
정기고(Junggigo),10.0
정경화,10.0
노매드(Nomad),10.0
드라마틱스(Dramatics),10.0
Michael Buble(마이클 부블레),10.0
앨리스 인 네버랜드(Alice In Neverland),10.0
포츈 쿠키(Fortune Cookie),10.0
옐로우 페인트(Yellow Paint),10.0
김창완 밴드(Kim Chang Wan Band),10.0
변진섭,10.0
써니힐(Sunny Hill),10.0
빅뱅(방승철) [Solo],10.0
스카이 하이(Sky High),10.0
센티멘탈 시너리(Sentimental Scenery),10.0
서문탁,10.0
오지은과 늑대들,9.0
이오공감,9.0
엔오케이(NOK),9.0
콩나물(Bean Sprouts),9.0
Fesure Native(페셔네이티브),9.0
Robbie Williams(로비 윌리암스),9.0
티아라 With 다비치,9.0
Dreamhouse,9.0
스윙체어(Swingchair),9.0
조이락,9.0
펄스데이(Pearl's Day),9.0
이현우,9.0
미카엘 밴드(Michael Band),9.0
정예경,9.0
Michael Franks(마이클 프랭스),9.0
서태지와 아이들,9.0
레드소울(Redsoul),9.0
강민경 [다비치],9.0
이브(Eve),9.0
아미(A-Mi),9.0
모이다 밴드(Moida Band),9.0
알레그로(Allegrow),9.0
지영선,8.0
Funny Powder(퍼니 파우더),8.0
컬트(Cult),8.0
이오스(E.O.S),8.0
선데이 선셋(Sunday Sunset),8.0
나일론에세이(Nylon Essay),8.0
이상(E.Sang),8.0
H.O.T.,8.0
나윤선,8.0
엔알지(N.R.G),8.0
김효진 [배우],8.0
앤드(And),8.0
몰릭(MhOlic),8.0
문명진,8.0
우이경,8.0
전영진,8.0
구피(Goofy),8.0
클릭비(Click-B),8.0
장동건,8.0
건휘,8.0
서태지,7.0
유민지,7.0
스트로베리 레인(Strawberry Rain),7.0
푸른새벽,7.0
투 체어스(Two Chairs),7.0
데미캣(Demicat),7.0
JYJ,7.0
스핏 파이어(Spit Fire),7.0
파파야(Papaya),7.0
투앤비(2NB),7.0
John Pizzarelli(존 피자렐리),7.0
투투(Two Two),7.0
오종혁(OJ),7.0
이영현,7.0
이석훈 [SG워너비],7.0
산이(San E),7.0
타바코쥬스(Tobacco Juice),7.0
비비(B.B),7.0
나비효과,7.0
맹유나(Kikiyuna),7.0
세븐(SE7EN),7.0
손성훈,7.0
걸프렌즈(Girl Friends),7.0
세븐스 플로어(The 7th Floor),7.0
허쉬(Hush),7.0
김상민(Kim SangMin),7.0
하젤(Hajel),7.0
안경은오형,7.0
하유진 ,7.0
블록(Block),7.0
소히(Sorri),7.0
모노토닉(Monotonik),7.0
남준봉 [여행스케치],7.0
아일랜드 기타(Island Guitar),7.0
이치원(EachONE),7.0
보싸다방(Bossa Dabang),7.0
김그림,7.0
소울맨(Soulman),7.0
플랩(Flap),7.0
에스프레소(금석균),7.0
유브이(UV),6.0
샘 리(Sam Lee),6.0
조(Jo),6.0
조은(Cho Eun),6.0
구혜선,6.0
정하윤,6.0
이가희,6.0
체리필터(Cherry Filter),6.0
문샤이너스(Moonshiners),6.0
김원준,6.0
강타,6.0
사피에르(Saphier),6.0
수상한 커튼,6.0
숄(Sol),6.0
슈가볼(Sugarbowl),6.0
나원주,6.0
이승열,6.0
세렝게티(Serengeti),6.0
"S (강타, 신혜성, 이지훈)",6.0
일단은 준석이들,6.0
김태영,6.0
달에닿아,6.0
솔플라워(Sol' Flower),6.0
샤크라(Chakra),6.0
네임리스(Nameless),6.0
뎁인뎁쇼,6.0
제이로직(Jay Logic),6.0
Merian 프로젝트,6.0
보이스원(Voice One),6.0
신해철,6.0
하이디,6.0
영준 [Brown Eyed Soul],6.0
Le Blanc & Carr(르 블랑 & 카),6.0
디제이 와사(DJ Wasa),6.0
오소영,6.0
베이시스(Basis),6.0
Maximilian Hecker(막시밀리안 헤커),6.0
이동건,5.0
라임버스(Rhyme Bus),5.0
낭만유랑악단,5.0
틴틴 파이브,5.0
리미와 감자,5.0
김재석 [원티드],5.0
비스윗(Besweet),5.0
크라운 제이(Crown J),5.0
레드락(Red-Roc),5.0
FTISLAND(에프티 아일랜드),5.0
Shay(셰이),5.0
김지수,5.0
이수,5.0
비프리(B-Free),5.0
한소현,5.0
주형진,5.0
Keri Noble(케리 노블),5.0
양정승(Kiroy Y),5.0
손성제,5.0
이덕진 프로젝트 밴드,5.0
모던쥬스(Modern Juice),5.0
김민우,5.0
피비스(PB's),5.0
부티끄 나인(Boutique 9),5.0
더하이라이츠(The Hi-Lites),5.0
성진우,5.0
루그(Lug),5.0
11월,5.0
소유(So-U),5.0
애니밴드(Anyband),5.0
김성호,5.0
CMYK(씨엠와이케이),5.0
김동희,5.0
미스티 아이드 걸(Misty-Eyed Girl),5.0
DJ 소울스케이프(DJ Soulscape),5.0
싸지타(Sagitta),4.0
리나(Lina) [발라드],4.0
류시원,4.0
하하,4.0
송지은 [시크릿],4.0
베니(Venny),4.0
G.고릴라,4.0
어떤날,4.0
민경훈,4.0
걸(Girl),4.0
줄리엣(Juliet),4.0
미씽 아일랜드(Missing Island),4.0
궐(Geol),4.0
마스코타 블루(Mascota Blue),4.0
조동진,4.0
민들레 [가요],4.0
미스틱 퍼즐(Mystic Puzzle) ,4.0
허윤아,4.0
링크(Link),4.0
김용준 [SG 워너비],4.0
앤비(N.B),4.0
그루(GRU),4.0
장리인,4.0
박광현,4.0
멜로위치(Mellowitch),4.0
주영(JooYoung),4.0
박지혜 [인디],4.0
안녕 바다,4.0
한효주,4.0
한민규,4.0
하나(Hana) [타이푼],4.0
피리과(Pirigwa),4.0
Kricc(크릭),4.0
칵스(THE KOXX),4.0
뮤직페이스,4.0
타우(Taw),4.0
러브송(Love Song),4.0
산울림,4.0
스왈로우(Swallow),4.0
파니핑크(Fanny Fink) ,4.0
LPG Loves 래피,4.0
더블케이(Double K),4.0
워킹 디스 플래닛(Walking This Planet),4.0
올라이즈 밴드(All Lies Band),4.0
Placido Domingo(플라시도 도밍고),4.0
트리탑스(Tritops),4.0
트랜스픽션(Trans Fixion),4.0
M.I.S(Made In Soul) ,4.0
우연주,4.0
타이푼,4.0
더 캔버스(The Canvas),4.0
들국화,4.0
강산에,4.0
채영재,4.0
Gregory Alan Isakov,4.0
차가운 체리(Cold Cherry),4.0
내일 (2011),4.0
Iconiq(아이코닉),4.0
Jinny,4.0
원티드(Wanted),4.0
연진,4.0
넥스트(N.EX.T),4.0
MC 한새(MC haNsAi),4.0
태양,4.0
태원(TaeOne),4.0
홍은희 [배우],3.0
배장은 트리오(Jangeun Bae Trio),3.0
테테(Tete),3.0
소란(Soran),3.0
제이세라(J-Cera),3.0
태빈(Taebin),3.0
타블로+페니(이터널 모닝),3.0
6月엔 UFO가 온다,3.0
Morten Harket(모튼 하켓),3.0
민효린,3.0
주(Joo),3.0
바람꽃,3.0
Tommy Bolin(토미 볼린),3.0
지훈(Zi Hoon),3.0
피아노(Piano) [남자듀오],3.0
선율(旋律) [발라드],3.0
지니(Geenie),3.0
개구장애,3.0
Y2K,3.0
밀크티(Milktea),3.0
바닐라 유니티(Vanilla Unity),3.0
사랑을 만드는 사람들,3.0
코코어(Cocore),3.0
파란(Paran),3.0
게으른 오후,3.0
피플 크루(People Crew),3.0
크루셜스타(Crucial Star),3.0
클라우드 쿠쿠랜드(Cloud Cuckoo Land),3.0
Luis Mariano(루이즈 마리아노),3.0
아웃사이더(Outsider),3.0
흠(Heum),3.0
뮤직스트릿,3.0
모노리드(Monolead),3.0
나인 스트릿(9th STREET),3.0
어쿠스틱 콜라보(Acoustic Collabo),3.0
언터쳐블,3.0
스프링쿨러(Sprinkler),3.0
자화상,3.0
에세이(sA'),3.0
용원,3.0
모노(Mono),3.0
임헌일 [메이트],3.0
라이머(Rhymer),3.0
오태호,3.0
수경 [빨간의자],3.0
모자이크,3.0
영지(버블시스터즈),3.0
데프콘(Defconn),3.0
드래곤플라이(Dragonfly),3.0
이현도(=D.O),3.0
유익종,3.0
메이랜드(Mayland),3.0
마로니에 걸즈(Maronie Girls),3.0
마술모자 퍼레이드,3.0
아톰북(Atombook),3.0
김민규 [스위트피],3.0
달파란,3.0
이능룡,2.0
S.M. The Ballad '제규종지',2.0
이부영,2.0
랍티미스트(Loptimist),2.0
오윤혜,2.0
이병헌 [배우],2.0
시인과 촌장,2.0
티티마(T.T.Ma),2.0
태사자,2.0
티모시,2.0
태하,2.0
이뉴(Enue),2.0
더 준(The Jun),2.0
사비나앤드론즈(Savina & Drones),2.0
투나잇(Tonight),2.0
데니안(Ahn Danny),2.0
몽구스(Mongoose),2.0
도트(Dot),2.0
우수(Woosoo) [남성솔로],2.0
유승준,2.0
페일그레이(Pale Grey),2.0
비원에이포(B1A4),2.0
메이다니(Maydoni),2.0
20세기 소년,2.0
3호선 버터플라이(3호선 Butterfly),2.0
메이트리(Maytree),2.0
ASHGRAY(애쉬그레이),2.0
BN옴니버스,2.0
박준하,2.0
얀(Yarn),2.0
한성민,2.0
써클(Circle),2.0
양혜승,2.0
박정운,2.0
어른아이(Adultchild),2.0
"하이 미스터 메모리(Hi, Mr. Memory)",2.0
어반 코너(Urban Corner),2.0
루이비(Louis.B),2.0
필(Feel),2.0
에보니힐(Ebonyhill),2.0
피쉬(Fish) [락],2.0
싱스(Sings),2.0
로맨틱 펀치(Romantic Punch),2.0
비스콜릿(Biscolate),2.0
레비 파티(LEVIPARTY),2.0
엔젤(Enjel) [채은정],2.0
바닐라시티(Vanila City),2.0
엠스트리트(M.Street),2.0
포터블 그루브 나인(Portable Groove 09),2.0
박경원,2.0
정슬기,2.0
송광식,2.0
김성재,2.0
김바다,2.0
조동익,2.0
이지혜,2.0
선민(Sunmin),2.0
미드 타운 밴드(Mid Town Band),2.0
이지라이프(Ez-Life),2.0
술탄 오브 더 디스코(Sultan Of The Disco),2.0
이진성 [먼데이 키즈],2.0
이정열,2.0
소울컴퍼니(Soul Company),2.0
전철,2.0
김완선,2.0
이용,2.0
조정치,2.0
Unknown,2.0
최예나,2.0
김종서,2.0
커먼 그라운드(Common Ground),2.0
솔리스츠(Solist),2.0
임주연,2.0
꽃미남 주식회사,2.0
지애 [태사비애],2.0
높은음자리,2.0
SMTown,2.0
김창완,2.0
송 오브 루나(Song Of Luna),2.0
미선이,2.0
주주 클럽(Juju Club),2.0
어바날로그(Urbanalog),1.0
브이(V) [프로젝트그룹],1.0
리브가,1.0
Gazebo(가제보),1.0
고호경,1.0
루다(Ruda),1.0
블루 스프링(Blue Spring),1.0
임현기,1.0
피타입,1.0
심재준,1.0
민트비(Mint.B),1.0
룸메이트(Roommate),1.0
김정은,1.0
하리(Hari),1.0
소호대,1.0
FOLEY(폴리),1.0
골든팝스(Golden Pops),1.0
배치기,1.0
제이워크(J-Walk),1.0
메이커슬(Makustle),1.0
긱스(Gigs),1.0
후(吼/Hoo),1.0
황보(Hwang Bo),1.0
아침(Achim) [듀오],1.0
김동완,1.0
망각화,1.0
제시(Jessi) [럭키제이],1.0
홀리 가든(Holly Garden),1.0
마이콜(Mycoll),1.0
백재아,1.0
정태우,1.0
정준일 [메이트],1.0
헬프미(Help Me),1.0
조이프로젝트(ZOY Project),1.0
알이에프(R.ef),1.0
알케미스트(R★Chemist),1.0
애인(Ayn),1.0
정원영,1.0
앰프(Amp),1.0
해브어티(Have A Tea),1.0
모노 다이어리(Mono Diary),1.0
리오 케이코아(Leo Kekoa),1.0
조용필,1.0
한소아,1.0
Eva(에바),1.0
쥬비(Jubi),1.0
재지팩트(Jazzyfact),1.0
김송이,1.0
심성락,1.0
코멘트라이즈(Commentlize),1.0
레일로드(Railroad),1.0
김현주,1.0
도끼(Dok2),1.0
제이엔씨(JNC),1.0
바닐라 루시(Vanilla Lucy),1.0
태사비애,1.0
유영석,1.0
태무,1.0
유영진,1.0
타이(Tie),1.0
캐비넷 싱얼롱즈(Cabinet Singalongs),1.0
데미안더밴드(DEMIAN THE BAND),1.0
스타아트(Starart),1.0
윤사라,1.0
서울 전자 음악단,1.0
더 비(The Bee),1.0
은지원,1.0
더 버드(The Bird),1.0
슈퍼스타 K 2,1.0
이랑,1.0
이루펀트(Eluphant),1.0
클라우댄서(Cloudancer),1.0
Susan Jacks(수잔 잭스),1.0
이범학,1.0
컬투(Cultwo),1.0
베이지(Beige),1.0
이상한 나라의 달리스,1.0
서엘(SEOEL),1.0
다이아(Dia),1.0
노브레인(No Brain),1.0
서진영,1.0
사탕고래,1.0
남경윤,1.0
신태권,1.0
모모(Momo) [여성],1.0
비육일이(B612),1.0
연륜,1.0
Karla Bonoff(칼라 보노프),1.0
인공위성,1.0
지플라(G.Fla),1.0
옆집 남자(A Boy Next Door),1.0
신도영,1.0
바스코(Vasco),1.0
모카(Mocca),1.0
오석준,1.0
채환,1.0
윈디시티(Windy City),1.0
온유(On.U) [발라드],1.0
스피넬(SpinEL),1.0
서후,1.0
디피(DP),1.0
낯선 사람들,1.0
최고은,1.0
디아(Dia) [키스 & 크라이],1.0
디스코트럭,1.0
낯선(Nassun),1.0
최정철,1.0
돈 스파이크,1.0
위치스(Witches),1.0
길 (Of 리쌍),1.0
