﻿Artist,cnt
성시경,766.0
버스커 버스커(Busker Busker),605.0
바이브(Vibe),441.0
에피톤 프로젝트(Epitone Project),394.0
아이유(IU),380.0
어반 자카파(Urban Zakapa),362.0
포맨,344.0
김동률,336.0
브라운 아이즈(Brown Eyes),315.0
휘성,306.0
다이나믹 듀오(Dynamic Duo),306.0
임창정,295.0
브라운 아이드 소울(Brown Eyed Soul),292.0
싸이(Psy),288.0
박효신,280.0
토이(Toy),277.0
박정현,272.0
김건모,268.0
쿨(COOL),257.0
프라이머리(Primary),254.0
이적,252.0
투애니원(2NE1),243.0
이승철,243.0
김연우,233.0
김범수,232.0
리쌍(Leessang),229.0
제이레빗(J Rabbit),220.0
씨스타(Sistar),206.0
윤하(Younha/ユンナ),198.0
윤종신,197.0
노리플라이(no reply),191.0
이문세,189.0
클래지콰이(Clazziquai),186.0
부활,184.0
린(LYn),180.0
나윤권,180.0
럼블 피쉬(Rumble Fish),178.0
노을,177.0
이소라,174.0
버벌진트(Verbal Jint),171.0
김광석,168.0
10cm(십센치),168.0
엠씨 더 맥스(M.C the Max),164.0
나얼(Na-Ul),161.0
어쿠스틱 콜라보(Acoustic Collabo),160.0
SG워너비,157.0
BIGBANG,155.0
슈프림팀(Supreme Team),153.0
러브홀릭(Loveholic),153.0
페퍼톤스(Peppertones),150.0
요조(Yozoh),150.0
데이브레이크(daybreak),150.0
MC 몽,148.0
스탠딩 에그(Standing Egg),147.0
비스트(Beast),147.0
가을방학,143.0
유재하,141.0
임재범,140.0
스윗소로우(SWEET SORROW),139.0
티아라(T-ara),139.0
짙은(Zitten),137.0
빈지노(Beenzino),134.0
이승기,129.0
델리 스파이스(Deli Spice),127.0
하림,127.0
제이(J.ae),127.0
케이윌(K.Will),125.0
지오디(god),125.0
이승환,120.0
라디(Ra.D),119.0
박지윤,119.0
장혜진,119.0
넬(Nell),118.0
G-DRAGON,116.0
자우림(Jaurim),116.0
화요비,116.0
프리 스타일(Free Style),115.0
이수영,115.0
브라운 아이드 걸스,114.0
공일오비(015B),113.0
소녀시대,113.0
루시드 폴(Lucid Fall),112.0
박혜경,111.0
한희정,111.0
재주소년,111.0
전람회,109.0
코요태,108.0
다비치,108.0
정엽,108.0
라이너스의 담요(Linus' Blanket),107.0
임정희,106.0
허각,106.0
지아(Zia),105.0
신승훈,104.0
에픽 하이(Epik High),103.0
이지형,101.0
서영은,100.0
한경일,98.0
옥상달빛,97.0
인피니트(Infinite),96.0
윤상,94.0
정재욱,93.0
서태지와 아이들,93.0
팀(Tim),91.0
몽니(Monni),91.0
윤건,90.0
김윤아,90.0
별,90.0
양파,89.0
김진표(JP),87.0
시크릿(Secret),86.0
유희열,85.0
울랄라세션(Ulala Session),83.0
허밍 어반 스테레오(Humming Urban Stereo),82.0
조성모,81.0
웅산,81.0
윤한(Yoonhan),81.0
원 모어 찬스(one more chance),81.0
t윤미래,79.0
빅마마(Big Mama),79.0
루싸이트 토끼,79.0
긱스(Geeks),78.0
2AM,78.0
테이(Tei),78.0
메이트(Mate),77.0
존 박(John Park),76.0
랄라스윗(lalasweet),75.0
두번째 달,75.0
원더걸스(Wonder Girls),75.0
캐스커(Casker),74.0
조규찬,73.0
서지원,73.0
더 원(The One),72.0
마이티 마우스(Mighty Mouth),71.0
이기찬,70.0
샵(S#arp),68.0
백지영,67.0
커피소년,67.0
애즈 원(As One),66.0
정준일 [메이트],65.0
박기영,65.0
자전거 탄 풍경,65.0
김태우,65.0
조장혁,64.0
Lucia(심규선),63.0
나르샤 [브라운아이드걸스],63.0
보보(Bobo),63.0
바비 킴(Bobby Kim),62.0
브로콜리너마저,62.0
김광진,62.0
카라(Kara),61.0
검정치마,61.0
소란(Soran),61.0
포지션(Position),60.0
알리(Ali),60.0
해이(Hey),60.0
장나라,59.0
김형중,59.0
유리상자,58.0
라즈베리필드,58.0
언니네 이발관,58.0
정키(Jung Key),57.0
보아(BoA),57.0
롤러코스터(Rollercoaster),57.0
에코(ECO),56.0
트러블메이커(Troublemaker),56.0
줄라이(July) [뉴에이지],56.0
박진영,55.0
윈터플레이(Winterplay),55.0
씨엔블루(CNBLUE),55.0
소규모 아카시아 밴드,55.0
에코 브릿지(Eco bridge),55.0
김현철,55.0
김종국,55.0
패닉(Panic),54.0
거미,53.0
유미,53.0
디제이 아키(DJ AKI),53.0
왁스(Wax),52.0
박완규,52.0
아이비(IVY),52.0
리즈(Leeds),51.0
타루(Taru),50.0
장재인,50.0
매드 클라운(Mad Clown),50.0
김현식,50.0
미쓰 에이(miss A),50.0
마로니에(Maronnier),49.0
유엔(UN),49.0
김조한,49.0
플라이 투 더 스카이(Fly To The Sky),49.0
에일리(Ailee),48.0
먼데이 키즈(Monday Kiz),48.0
몽라(Monla/夢兒),48.0
일기예보,48.0
박새별,47.0
에프엑스(f(x)),46.0
프렐류드(Prelude),45.0
이한철,44.0
동방신기(TVXQ!),44.0
정재형,44.0
MC 스나이퍼(MC Sniper),44.0
이정,44.0
바람에 오르다,44.0
조정현,44.0
김지수,43.0
달콤한 소금,43.0
강타,43.0
바닐라 어쿠스틱(Vanilla Acoustic),43.0
정기고(Junggigo),43.0
버블 시스터즈(Bubble Sisters),43.0
토마스 쿡(Thomas Cook),42.0
터보(Turbo),42.0
브이원 (V.One),42.0
레인보우(Rainbow),42.0
장윤주,41.0
더 클래식(The Classic),41.0
정인,41.0
애프터 스쿨(After School) ,41.0
마이 앤트 메리(My Aunt Mary),41.0
포터블 그루브 나인(Portable Groove 09),41.0
쥬얼리(Jewelry),41.0
양빛나라,41.0
보드카 레인(Vodka Rain),41.0
신화,41.0
모리(Morrie),40.0
써니힐(Sunny Hill),40.0
박선주,40.0
스웨터(Sweater),40.0
포미닛(4minute),40.0
알렉스(Alex) [클래지콰이],40.0
네스티요나(Nastyona),40.0
스프링롤(Springloll),39.0
베란다 프로젝트(Verandah Project),39.0
이바디(Ibadi),39.0
나비(Navi),38.0
빅 베이비 드라이버(Big Baby Driver),38.0
조원선,38.0
더 블루(The Blue),38.0
조pd(ZoPD),38.0
원타임(1TYM),38.0
란(Ran),37.0
서연,37.0
김현정,37.0
하동균,37.0
푸른 하늘,37.0
임현정,37.0
나희경 [Jazz],36.0
더필름(The Film),36.0
뱅크(Bank),36.0
솔리드(Solid),36.0
디어 클라우드(Dear Cloud),36.0
양요섭 [비스트],36.0
더 넛츠(The Nuts),35.0
에이핑크(Apink),35.0
모던쥬스(Modern Juice),35.0
크레용팝(Crayon Pop),35.0
룰라(Roo'Ra),34.0
박미경,34.0
곰PD,33.0
야광토끼(Neon Bunny),33.0
뜨거운 감자(Hot Potato),33.0
스윙체어(Swingchair),33.0
걸스데이(Girl's Day),33.0
아키버드(Aquibird),32.0
영턱스클럽(YTC),32.0
젠틀 레인(Gentle Rain),32.0
현아 [포미닛],32.0
리사(Lisa),32.0
투투(Two Two),32.0
이은미,32.0
김민우,32.0
허민,31.0
엄정화,31.0
비(Rain),31.0
비쥬(Bijou),31.0
핑클(Fin.K.L),31.0
유피(UP),30.0
러브앤팝(Love & Pop),30.0
피노다인(Pinodyne),30.0
손성제,30.0
에이치(H),30.0
김민종,30.0
소울스타(Soulstar),30.0
샤이니(SHINee),29.0
모세(Mose),29.0
에이트(8Eight),29.0
김동희,29.0
신용재 [4men],29.0
버즈(Buzz),29.0
로맨틱 펀치(Romantic Punch),29.0
하와이,29.0
오현란,29.0
이석훈 [SG워너비],28.0
카밀라(Camilla),28.0
듀스(Deux),28.0
센티멘탈 시너리(Sentimental Scenery),28.0
스윗바이러스(Sweet Virus),28.0
서인국,28.0
씨야(SeeYa),28.0
도원경,28.0
노이즈(Noise),28.0
윤도현,28.0
이상순 ,28.0
인디고(Indigo),28.0
신해철,28.0
아이 투 아이(Eye To Eye),28.0
이효리,28.0
손승연,28.0
박학기,28.0
장세용,28.0
트랙 마켓(Track Market),27.0
브이오에스(V.O.S.),27.0
미스티 블루(Misty Blue),27.0
스웨덴세탁소,27.0
블루앤블루(Blue & Blue),27.0
이오공감,27.0
박주원,27.0
해브어티(Have A Tea),27.0
재지팩트(Jazzyfact),27.0
Simon Dominic(사이먼 도미닉),27.0
키네틱플로우(K-Flow),26.0
신성우,26.0
팔로알토(Paloalto),26.0
장연주,26.0
양양(YangYang),26.0
푸딩(Pudding),26.0
박보람,25.0
변진섭,25.0
Ab 에비뉴,25.0
혜령,25.0
모이다 밴드(Moida Band),25.0
김돈규,25.0
아워멜츠(Hourmelts) ,25.0
필(Feel),24.0
영준 [Brown Eyed Soul],24.0
데미캣(Demicat),24.0
김우주,24.0
린애,24.0
악동뮤지션(AKMU),24.0
동경소녀,24.0
Nat King Cole(냇 킹 콜),24.0
크루셜스타(Crucial Star),23.0
불독맨션(Bulldogmansion),23.0
코쿤벨즈(Cocoon Bells),23.0
화이트(W.H.I.T.E.),23.0
YB,23.0
하이투힘(Hi to him),23.0
젝스키스(Sechs Kies),23.0
S.E.S.,23.0
더더(THETHE),23.0
박명수,23.0
유아시대,23.0
아소토 유니온(Asoto Union),23.0
보싸다방(Bossa Dabang),23.0
아이유 ＆ 나윤권,23.0
제이워크(J-Walk),23.0
양정승(Kiroy Y),23.0
길미,23.0
이진우 [인디],23.0
소히(Sorri),22.0
클릭비(Click-B),22.0
W & Whale(더블유 앤 웨일),22.0
남경윤,22.0
DJ DOC,22.0
소울사이어티(Soulciety),22.0
이루펀트(Eluphant),22.0
최재훈,22.0
지나(G.NA),22.0
서인영,21.0
손담비,21.0
루그(Lug),21.0
신혜성,21.0
우쿨렐레 피크닉(Ukulele Picnic),21.0
Susan Jacks(수잔 잭스),21.0
김보경,21.0
오렌지캬라멜(Orange Caramel),21.0
알이에프(R.ef),21.0
Kricc(크릭),21.0
이상은(Lee Tzsche),21.0
4-49(포포리나인),21.0
차가운 체리(Cold Cherry),21.0
엠투엠(M To M),21.0
앨리스 인 네버랜드(Alice In Neverland),21.0
조규만,21.0
문명진,21.0
Caramel espreSSo(카라멜 에스프레소),20.0
비스윗(Besweet),20.0
이소은,20.0
자자(Zaza),20.0
하은,19.0
조하문,19.0
주(Joo),19.0
페이지(Page),19.0
주윤하 [보드카레인],19.0
주영(JooYoung),19.0
트리플 이펙트(Triple Effect),19.0
원티드(Wanted),19.0
디아(Dia) [키스 & 크라이],19.0
파티스트릿(Party Street),19.0
블록(Block),19.0
잠바(Jamba),19.0
투엘슨(2LSON),19.0
김그림,19.0
한충완,19.0
거북이,19.0
블락비(Block B),19.0
밀크티(Milktea),18.0
클라우드 쿠쿠랜드(Cloud Cuckoo Land),18.0
범키(Bumkey),18.0
컬투(Cultwo),18.0
유발이의 소풍,18.0
H.O.T.,18.0
로이킴,18.0
브라더수(BrotherSu),18.0
원써겐(1sagain),18.0
이루(Eru),18.0
동물원,18.0
40(포티),18.0
더 레이(The Ray),18.0
김현성,18.0
BMK,17.0
산이(San E),17.0
흐른,17.0
채연,17.0
체리필터(Cherry Filter),17.0
메이비(MayBee),17.0
심현보,17.0
코나(Kona),17.0
김민규 [스위트피],17.0
강수지,17.0
몰릭(MhOlic),17.0
도나웨일(Donawhale),16.0
주형진,16.0
좋아서 하는 밴드,16.0
조정치,16.0
소설,16.0
텐시러브(Tensi Love),16.0
엠스트리트(M.Street),16.0
라 벤타나(La Ventana),16.0
비원에이포(B1A4),16.0
김성호,16.0
이현우,16.0
여행스케치,16.0
인순이,16.0
수상한 커튼,16.0
박상민,16.0
생각의 여름,16.0
견우,16.0
라-듀오(La-Duo),15.0
하울(HowL),15.0
최용준,15.0
투개월,15.0
넥스트(N.EX.T),15.0
김정민,15.0
규현(KYUHYUN),15.0
포이트리(Poetree),15.0
테테(Tete),15.0
더블케이(Double K),15.0
Kentaro Takizawa(켄타로 타키자와),15.0
오지은,15.0
Unknown,15.0
더블에스501(SS501),15.0
강우진,15.0
키스(Kiss),15.0
문차일드(Moon Child),15.0
테이크(Take),15.0
알앤피(RNP),15.0
녹색지대,15.0
Glen Check(글렌체크),15.0
은휼,15.0
틴 탑(Teen Top),14.0
일렉트로보이즈(ELECTRO BOYZ),14.0
씨스타19(Sistar 19),14.0
앤(Ann),14.0
타샤니(Tashannie),14.0
소찬휘,14.0
선민(Sunmin),14.0
윤현상,14.0
원미연,14.0
장미여관,14.0
용감한 녀석들,14.0
엠포(M4),14.0
트랙스(Trax),14.0
장필순,14.0
장혜리,14.0
윤민수,14.0
클론(Clon),14.0
스페이스 A(Space A),14.0
이정아(Lee Jung-Ah),14.0
신비,14.0
이정현,14.0
에메랄드 캐슬(Emerald Castle),14.0
유니크-쉐도우(Unique-Shadow),14.0
신예원,14.0
성현주,14.0
클럼지(Clumsy),14.0
성진환 [스윗소로우],14.0
이하이,14.0
타블로(Tablo),14.0
박한별,14.0
Morris Albert(모리스 알버트),14.0
더 멜로디(The Melody),14.0
더 콰이엇(The Quiett),14.0
제이에스(JS) [여성듀오],14.0
그린티(The Green Tea),14.0
리치(Rich),14.0
강희수,14.0
조용필,14.0
도로시밴드(Dorothy Band),14.0
강채이,14.0
하나(Hana) [타이푼],14.0
Travis(트래비스),14.0
JUNIEL(주니엘),14.0
루머스(Rumors),14.0
Zion.T,14.0
HITCHHIKER (히치하이커),14.0
박지헌,14.0
Gwyneth Herbert(기네스 허버트),14.0
Martin Solveig(마틴 솔베이그),14.0
브랜뉴직(Brand Newjiq),14.0
Tommy Page(토미 페이지),14.0
Kenny Loggins(케니 로긴스),14.0
정경화,14.0
미스터 투(Mr.2),14.0
캔(Can),14.0
모카(Mocca),14.0
Laurent Voulzy(로랑 불지),14.0
NY 물고기,14.0
Naomi & Goro(나오미 앤 고로),14.0
메이크어위시 합창단,14.0
최호섭,14.0
박혜영,14.0
김혜림,14.0
비바 소울(Viva Soul),14.0
달에닿아,14.0
블루베리 [여자],14.0
제국의아이들[ZE:A],14.0
Andy Williams(앤디 윌리암스),14.0
배치기,13.0
리오(Leeo),13.0
투샤이(2Shai),13.0
Karrin Allyson(캐린 앨리슨),13.0
써드코스트(3rd Coast),13.0
온유(On.U) [발라드],13.0
이원진,13.0
백아연,13.0
지영선,13.0
김사랑,13.0
피터팬 컴플렉스(Peterpan Complex),13.0
2PM,13.0
조관우,13.0
파니핑크(Fanny Fink) ,13.0
20세기 소년,12.0
MC 한새(MC haNsAi),12.0
하우스 룰즈(House Rulez),12.0
브라이언(Brian),12.0
어바노(Urbano),12.0
타우(Taw),12.0
파스텔 오션(Pastel Ocean),12.0
수호,12.0
제리케이(Jerry. K),12.0
쟈크와 래미(Zac & Lemi),12.0
로로스(Loro's),12.0
H-유진,12.0
송지은 [시크릿],12.0
솔솔부는 봄바람,12.0
코지카페(Cozy Cafe),12.0
러블리벗(Lovelybut),12.0
임인건,12.0
JYJ,12.0
W(Where The Story Ends),12.0
마망,12.0
신치림(信治琳),12.0
김장훈,11.0
들국화,11.0
남아스떼(男兒's 떼),11.0
헤븐 [솔로],11.0
노민우,11.0
아톰북(Atombook),11.0
자미 소울(Jami Soul),11.0
한동준,11.0
레이디 제인(Lady Jane),11.0
고유진(플라워),11.0
말로(Malo),11.0
네미시스(Nemesis),11.0
JC지은,11.0
비프리(B-Free),11.0
저스트(Just),11.0
봄(Bom),11.0
포스티노(Postino),11.0
정재일,11.0
이그나이트(Ignite),11.0
박정운,11.0
문용(Moonyong),10.0
헤르쯔 아날로그(Herz Analog),10.0
옐로우 몬스터즈(Yellow Monsters),10.0
로맨틱 가든(Romantic Garden),10.0
이루리 프로젝트,10.0
조덕배,10.0
드린지 오(Dringe Augh),10.0
보이(VOY),10.0
DJ 소울스케이프(DJ Soulscape),10.0
팔드로(8Dro),10.0
알버트 주(Albert Joo),10.0
Air Supply(에어 서플라이),10.0
팀(Team),10.0
오세준,10.0
모리아(Moria),10.0
포츈 쿠키(Fortune Cookie),10.0
우은미,10.0
수경 [빨간의자],9.0
가리나 프로젝트(Garina Project),9.0
소울크라이(SoulCry),9.0
하늘 [그룹],9.0
슈가볼(Sugarbowl),9.0
해랑(Haerang) [재즈],9.0
Ennio Morricone(엔니오 모리꼬네),9.0
여울 [인디],9.0
Port Of Notes(포트 오브 노츠),9.0
이퍼블릭(E-Public),9.0
구혜선,9.0
일락(一樂),9.0
지누션(Jinusean),9.0
이루마(Yiruma),9.0
CMYK(씨엠와이케이),9.0
Luis Mariano(루이즈 마리아노),9.0
BGH to,9.0
EXO-K(엑소케이),9.0
MIWOO(미우),9.0
송 오브 루나(Song Of Luna),9.0
316,9.0
키스 미 조이(Kiss Me Joy),9.0
업타운(UPT),9.0
흠(Heum),9.0
송광식,9.0
스테이튠(Stay Tune),9.0
신세경,9.0
루다(Ruda),9.0
유재석,9.0
Karla Bonoff(칼라 보노프),9.0
손성훈,9.0
슈가버블(Sugar Bubble),9.0
원투(Onetwo),8.0
구본승,8.0
브라우니 스픽스(Brownie Speaks),8.0
브리즈(The Breeze),8.0
빛과 소금,8.0
김형석,8.0
징고(Zingo) [슈퍼키드],8.0
B.A.P,8.0
김경호,8.0
Kurt Bestor(커트 베스터),8.0
에스트래직 비츠(Estraziq Beats) ,8.0
디바(Diva),8.0
조문근,8.0
영지(버블시스터즈),8.0
시와(Siwa),8.0
오리엔탱고(Orientango),8.0
클린치(Clinch),8.0
차호석,8.0
Tama Rhodes(타마 로즈),8.0
플라워(Flower),8.0
박진혁,8.0
썸데이(Someday),8.0
프린지(Pringe),8.0
키비(Kebee) [이루펀트],8.0
메이팝(Maypop),8.0
유승준,8.0
스푸키 프로젝트(Spooky Project),8.0
백동우,8.0
내추럴(Natural),7.0
옥주현,7.0
크리스피 로즈(Crispy Rhodes),7.0
이란,7.0
FTISLAND(에프티 아일랜드),7.0
이승열,7.0
천상혁,7.0
육각수밴드,7.0
유앤러브앤마마(YouAndLovE & MAMA),7.0
태양,7.0
C-CLOWN(씨클라운),7.0
Tony Orlando & Dawn(토니 올란도 앤드 던),7.0
유이 [애프터 스쿨],7.0
9와 숫자들,7.0
애시드 하이(Acid high),7.0
네온스(Neons),7.0
안재욱,7.0
러브홀릭스(Loveholics),7.0
씨에스피(CSP) [크리스피 크런치],7.0
컨츄리 꼬꼬(Country Kkokko),7.0
프리키(Freaky),7.0
신효범,7.0
루앤(Luanne),7.0
리딤(Riddim),7.0
리오 케이코아(Leo Kekoa),7.0
1984,7.0
야다(Yada),7.0
모자이크,7.0
무한궤도,7.0
미드 타운 밴드(Mid Town Band),7.0
페일그레이(Pale Grey),7.0
슈퍼주니어(Super Junior),7.0
"바이루피타(Bye, Lupita)",7.0
트리-비(Tri-be),7.0
송재호,7.0
솔플라워(Sol' Flower),7.0
소울라임(SouLime),7.0
소울라이츠(Soulights),7.0
소리헤다,7.0
정예경,7.0
비비(B.B),7.0
빅뱅(방승철) [Solo],7.0
아미(A-Mi),7.0
모든(Moden),7.0
조은(Cho Eun),7.0
더 캔버스(The Canvas),7.0
조윤성,7.0
조준프로젝트,7.0
애프터 레인(After Rain),7.0
애프터스쿨 Blue,7.0
전영록,7.0
산울림,6.0
Enrico Pieranunzi(엔리코 피에라눈치),6.0
소냐(Sonya),6.0
앨리스 스마일(Alice Smile),6.0
시베리안허스키(Siberian Husky),6.0
Daniel Powter(다니엘 파우터),6.0
현진영,6.0
멜로 브리즈(Melo' Breeze),6.0
베이비복스(Baby V.O.X),6.0
홍경민,6.0
이주미,6.0
어른아이(Adultchild),6.0
민경훈,6.0
Five(파이브),6.0
G.O(지오) [엠블랙],6.0
슌(Shoon),6.0
윤스 다이어리(Yoon's Diary),6.0
윤대장,6.0
나루(Naru) [솔루션스],6.0
닥터 레게(Dr. Reggae),6.0
투나잇(Tonight),6.0
임종환,6.0
ASHGRAY(애쉬그레이),6.0
염따(YumDDa),6.0
핸섬피플(Handsome People),6.0
빨간의자,6.0
디에스 커넥션(DS_Connexion),6.0
가인 [브라운아이드걸스],6.0
서후,6.0
데이라이트(Daylight),6.0
람다(Ramda),6.0
유키스(U-KISS),6.0
한성민,6.0
에디(Eddie),6.0
파탈(擺脫/Fatal),6.0
이선희,6.0
BN옴니버스,6.0
이아립,5.0
이재훈 ,5.0
티라미슈,5.0
솔비,5.0
박준하,5.0
소울원(Soul One),5.0
다비,5.0
서울 전자 음악단,5.0
이영현,5.0
태연 (Taeyeon),5.0
뉴욕 러브 다이어리(Newyork Love Diry),5.0
성수진,5.0
비욘드(Beyond),5.0
조현아 [어반자카파],5.0
FOLEY(폴리),5.0
성훈 [Brown Eyed Soul],5.0
Christina Aguilera(크리스티나 아길레라),5.0
클로버(Clover) [남성솔로],5.0
최정철,5.0
Achordion(아코디언),5.0
크레파스,5.0
코코넛(Coconut),5.0
티아라 With 다비치,5.0
보니(Boni),5.0
뷰티풀 데이즈(Beautiful Days),5.0
알레그로(Allegrow),5.0
펑키 브라운(Funky Brown),5.0
Westlife(웨스트라이프),5.0
한효주,5.0
에스더(Esther),5.0
신조음계(Sinzo Eumke),5.0
아서라 이그(Asra IG),5.0
오종혁(OJ),5.0
리미와 감자,5.0
푸른새벽,5.0
시나코완 트리오(SinaKowan Trio),5.0
디제이 와사(DJ Wasa),5.0
푸디토리움(Pudditorium),5.0
우탄(Wu-Tan),5.0
가이아(Gaia) [아트록],5.0
스타리-아이드(Starry-Eyed),5.0
홍갑,5.0
몽실이 시스터즈,5.0
키미 피에스타(Kimy Fiesta),5.0
유성은,5.0
안녕 바다,5.0
숙희,5.0
앤덥(Andup),5.0
인스턴트 로맨틱 플로어(Instant Romantic Floor),5.0
바다,5.0
뎁인뎁쇼,5.0
바나나보트(Banana Boat),5.0
이채(Ich'e),5.0
하젤(Hajel),5.0
유니,5.0
에스제이(SJ) [Jazz],5.0
지애 [태사비애],4.0
지선(Jisun) ,4.0
이치원(EachONE),4.0
조아혜,4.0
전기뱀장어,4.0
지현우,4.0
이지엠(EZ'M),4.0
정민경 ['2010],4.0
이지(EG),4.0
정혜담,4.0
임주연,4.0
정원영,4.0
진보(Jinbo),4.0
이푸름,4.0
챔프온뮤직(Champon Music),4.0
주석(Joosuc),4.0
정지찬 [원모어찬스],4.0
장기호(Kio),4.0
차지연,4.0
제아(브라운 아이드 걸스) ＆ 지오(엠블랙),4.0
상상밴드,4.0
초콜렛 박스(Chocolate Box),4.0
서은,4.0
성제 [초신성],4.0
티아(Tia) ,4.0
세븐데이즈(7Dayz),4.0
셰인(Shayne),4.0
소요,4.0
더 네임(The Name),4.0
하늘달리기,4.0
하늘해,4.0
노블레스(Noblesse),4.0
소울맨(Soulman),4.0
숄(Sol),4.0
낭만유랑악단,4.0
술제이(SOOL J),4.0
슈가(Sugar),4.0
김하늘(로티플 스카이),4.0
스맥스(S'Max),4.0
스윙스(Swings),4.0
선데이 선셋(Sunday Sunset),4.0
파스텔블루(Pastel Blue),4.0
트래져 아일랜드,4.0
돈 스파이크,4.0
렌(Len),4.0
마이티 코알라,4.0
미선이,4.0
박꽃별,4.0
박라온,4.0
박솔 [솔루션스],4.0
박시후 ,4.0
플럭서스 보이시스,4.0
반반 프로젝트,4.0
딕펑스(Dick Punks),4.0
백청강,4.0
벗님들,4.0
피플 크루(People Crew),4.0
벨 에포크(Belle Epoque),4.0
보이스원(Voice One),4.0
드래곤플라이(Dragonfly),4.0
드라마틱스(Dramatics),4.0
스트로베리 레인(Strawberry Rain),4.0
나원주,4.0
스페이스카우보이(Space Cowboy),4.0
은지원,4.0
Peggy Lee(페기 리),4.0
NS Yoon-G ,4.0
엘피지(LPG),4.0
Lyrical D,4.0
JK 김동욱,4.0
헤리티지(Heritage),4.0
Ilona(일로나),4.0
가희,4.0
오션(5tion),4.0
화접몽 밴드,4.0
얼스(Earls),4.0
악퉁(Achtung),4.0
아일랜드 기타(Island Guitar),4.0
이선행(Sunhang Lee),4.0
고니,4.0
시계태엽오렌지(Orange Clockwork),4.0
투빅(2BiC),4.0
흑꼬,4.0
강민경 [다비치],4.0
이상우,4.0
드렁큰 타이거(Drunken Tiger),3.0
제인(Jane),3.0
레이지본(Lazybone),3.0
최진영 [SKY],3.0
조(Jo),3.0
피타입,3.0
GMB,3.0
환희,3.0
Stay [심태윤],3.0
데프콘(Defconn),3.0
The Finnn,3.0
도끼(Dok2),3.0
김지연,3.0
김종욱,3.0
리트머스(Litmus),3.0
김디지(Deegie) [트레블러],3.0
칵스(THE KOXX),3.0
고재근,3.0
네오 트래디셔널 재즈 트리오(Neo Traditional Jazz Trio),3.0
카이,3.0
허밍제이(Humming.J),3.0
간미연,3.0
더 비(The Bee),3.0
더 스토리(T.H.E. Story),3.0
가비퀸즈(Gavy Queens),3.0
XIA(준수),3.0
더 자두(The Jadu),3.0
카니발(Carnival),3.0
데니스 프로젝트(Denis Project),3.0
하찌와애리(Hachi&Eri;),3.0
VEN(벤) [힙합],3.0
루이비(Louis.B),3.0
이용,3.0
마리서사(Mary 敍事),3.0
어떤날,3.0
제이심포니(J-symphony),3.0
신나는섬,3.0
실루엣,3.0
임영일,3.0
아날로그숲(ANALOgSOOp),3.0
아웃포스트(Outpost),3.0
아티슨비츠(Artisan Beats),3.0
앤썸(Anthem),3.0
인디언 수니(Indian Soonie),3.0
앰프(Amp),3.0
얀(Yarn),3.0
어느하루,3.0
이현 [에이트],3.0
스니커버드(Sneaker Bird),3.0
어퍼스케리(Aposcary) ,3.0
언터쳐블,3.0
에니악(Eniac),3.0
엔오케이(NOK),3.0
이지훈,3.0
엠쓰리(M3),3.0
여훈민,3.0
예인,3.0
이지라이프(Ez-Life),3.0
유니파이밴드(Uni-Fi Band),3.0
이병우,3.0
이정열,3.0
자화상,3.0
신고은,3.0
장기하와 얼굴들,3.0
사피에르(Saphier),3.0
마이노스(Minos) [이루펀트],3.0
명인희,3.0
바닐라 유니티(Vanilla Unity),3.0
펄스데이(Pearl's Day),3.0
박혜민,3.0
이수,3.0
변재원,3.0
정슬기,3.0
블랙펄(Black Pearl),3.0
삐삐밴드,3.0
브롤리(Brolly),3.0
반시(Vansy),3.0
소울 다이브(Soul Dive),3.0
장지영,3.0
트리탑스(Tritops),3.0
재즈파크 빅밴드(Jazzpark Bigband),3.0
티라미스(Tiramisu),2.0
플라스틱 피플(Plastic People),2.0
휴먼레이스(Human Race),2.0
황혜정,2.0
투어리스트(The Tourist),2.0
하마가파우치(Hamagapouch),2.0
해빗(Habit),2.0
피아노(Piano) [남자듀오],2.0
티아라(소연),2.0
화나(FANA),2.0
팔로(FarLaw),2.0
킹스턴 루디스카(Kingston Rudieska),2.0
필베이(Feelbay),2.0
추천음악프로젝트,2.0
트레스패스(Trespass),2.0
티삼스,2.0
파이브돌스(F-ve Dolls),2.0
티블루(T-Blue),2.0
스피넬(SpinEL),2.0
철이와 미애,2.0
김효진 [배우],2.0
송크라이(SongCry),2.0
송희원,2.0
누빔,2.0
스위티(Swi.T),2.0
스토리(Story) (솔로),2.0
슬로우 쥰(Slow 6),2.0
나무자전거,2.0
시울,2.0
아스트로비츠(Astro Bits),2.0
오윤혜,2.0
아침(Achime),2.0
알엔제이(R&J;),2.0
김준선(Kim June Sun),2.0
앤드(And),2.0
어 모던(A Modern),2.0
김동욱 (2011),2.0
어쿠스틱 코어(Acoustic Core),2.0
길건,2.0
니케아(Nickea),2.0
소울맨 앤 마이노스(Soulman & Minos) ,2.0
세븐(SE7EN),2.0
서진영,2.0
미(MIIII),2.0
멘사(Mensa),2.0
메이다니(Maydoni),2.0
민효린,2.0
매슬로(Maslo),2.0
마이큐(MY-Q),2.0
벅(Buck),2.0
루나플라이(Lunafly),2.0
레이디 컬렉션(Lady Collection),2.0
사계절 정원,2.0
사비나앤드론즈(Savina & Drones),2.0
새바람이 오는 그늘,2.0
라이머(Rhymer),2.0
디헤븐,2.0
디즈(Deez),2.0
디스토리(D.Story),2.0
디셈버(December),2.0
에이알티(A.R.T),2.0
몽구스(Mongoose),2.0
SMTown,2.0
걸프렌즈(Girl Friends),2.0
감성다락방,2.0
감성파장,2.0
지니(Geenie),2.0
CHEEZE,2.0
이영훈 [인디],2.0
지요(G.Yo),2.0
5mg,2.0
처진 달팽이(유재석 & 이적),2.0
지오(Geo) [일렉트로니카],2.0
PK 헤만(PK Heman),2.0
윤사라,2.0
천사(1004),2.0
"S (강타, 신혜성, 이지훈)",2.0
유잔Q,2.0
제이티엘(JTL),2.0
고은(Goeun),2.0
공CD,2.0
윈터플레이 혜원,2.0
구창모 ,2.0
가비엔제이(Gavy N.J.),2.0
Club505(클럽505),1.0
러브시티(LoveCity),1.0
권은지 [Ballad],1.0
락스톤(Rockstone),1.0
피에스타(FIESTAR),1.0
렉시(Lexy),1.0
David Sanborn(데이빗 샌본),1.0
황규영,1.0
효기(Hyoki) [Jazz],1.0
마야(Maya),1.0
로맨티스코(Romantisco),1.0
로맨틱 소울(Romantic Soul),1.0
로지 피피(RossyPP),1.0
마스터 케이지(Master Kz),1.0
디피(DP),1.0
마이노스 인 뉴올(Minos In Nuol),1.0
프라이머리 스쿨(Primary Skool),1.0
A.T(에이티),1.0
메이랜드(Mayland),1.0
모노리드(Monolead),1.0
45알피엠(45RPM),1.0
EXID(이엑스아이디),1.0
더 골드(The Gold),1.0
Fool's Garden(풀스 가든),1.0
하예나,1.0
김보령,1.0
김용준 [SG 워너비],1.0
김재석 [원티드],1.0
걸(Girl),1.0
허니 패밀리(Honey In Honey Family),1.0
강아솔,1.0
못(Mot),1.0
김진엽,1.0
나몰라 패밀리 TKO,1.0
하유진 ,1.0
나윤선,1.0
낯선(Nassun),1.0
하비누아주(Ravie Nuage),1.0
Jackson Browne(잭슨 브라운),1.0
가리온(Garion),1.0
Youn Woo Park Trio(박윤우 트리오),1.0
노바소닉(Novasonic),1.0
하리(Hari),1.0
Michael Bolton(마이클 볼튼),1.0
다이스(D.I.C.E),1.0
Masta Wu,1.0
권인하,1.0
데니안(Ahn Danny),1.0
Lenka(렌카),1.0
듀크(Duke),1.0
Le Blanc & Carr(르 블랑 & 카),1.0
하찌와 TJ,1.0
보이프렌드(Boyfriend),1.0
미남오빠,1.0
이호석,1.0
크리스탈 [f(x)],1.0
이주원,1.0
이안,1.0
이상엽,1.0
클레오(Cleo),1.0
이동건,1.0
유승찬,1.0
유소라,1.0
우노(Uno) [댄스팝],1.0
엠씨 메타와 디제이 렉스(MC META & DJ WRECKX),1.0
엑스오(XO),1.0
에네스 그레이(Eness Gray),1.0
어반 코너(Urban Corner),1.0
태사비애,1.0
양희은,1.0
태원(TaeOne),1.0
애쉬(Ash),1.0
이지혜,1.0
장기하,1.0
미노(Mino) [프리스타일],1.0
쟈스민 [알앤비],1.0
천상지희 더 그레이스(天上智喜 The Grace),1.0
차은주,1.0
지플라(G.Fla),1.0
지서련,1.0
지니어스디(Genius D),1.0
줄리아 하트(Julia Hart),1.0
준(June),1.0
죠앤(Joanne),1.0
조갑경,1.0
조PD VS. Postino,1.0
젠(Zen),1.0
제이세라(J-Cera),1.0
제이독(J-DOGG),1.0
코인,1.0
정준영,1.0
정인호,1.0
전영세 트리오,1.0
아루앤폴(Aroo N Paul),1.0
썸머드레스(Summer Dress),1.0
투 로맨스(To Romance),1.0
심수봉,1.0
파리돼지앵(정형돈 & 정재형),1.0
비즈니즈(Bizniz),1.0
파이브(F-IV),1.0
블루 샤벳(Blue Sorbet),1.0
브라운브레스(Brownbreath),1.0
부가킹즈(Buga Kingz),1.0
최예나,1.0
베이지(Beige),1.0
베베퀸,1.0
팝레코드하우스(Pop Record House),1.0
팬텀,1.0
박정은,1.0
박재범(Jay Park),1.0
박아셀,1.0
페이퍼컷 프로젝트(Papercut Project),1.0
믹스프레소(Mixpresso),1.0
포니테일(Ponytail),1.0
서브웨이(Subway),1.0
서엘(SEOEL),1.0
티지어스(Tgus),1.0
술제이 인 어메이징 뮤직(Sool J In Amazing Music),1.0
신건,1.0
시애나(Siaena),1.0
시로스카이(Shirosky),1.0
스피캣(Speakat),1.0
스패로우,1.0
스티(STi),1.0
트램폴린(Trampauline),1.0
수와 진,1.0
티오(T.O),1.0
솜사탕,1.0
솔지 [EXID],1.0
소울 트로닉(Soul Tronik),1.0
세이(Say),1.0
선우 ,1.0
서지영,1.0
티엘(T.L) [Acoustic],1.0
희영(Hee Young),1.0
