﻿Artist,cnt
쿨(COOL),209.0
성시경,174.0
김동률,164.0
BIGBANG,153.0
브라운 아이즈(Brown Eyes),150.0
버스커 버스커(Busker Busker),140.0
에피톤 프로젝트(Epitone Project),131.0
바이브(Vibe),129.0
김범수,126.0
아이유(IU),111.0
포맨,104.0
씨스타(Sistar),103.0
다이나믹 듀오(Dynamic Duo),101.0
박효신,100.0
이승기,99.0
10cm(십센치),98.0
브라운 아이드 소울(Brown Eyed Soul),98.0
백지영,96.0
김건모,96.0
린(LYn),93.0
김연우,92.0
프라이머리(Primary),90.0
휘성,89.0
브라운 아이드 걸스,85.0
어반 자카파(Urban Zakapa),83.0
윤하(Younha/ユンナ),82.0
스탠딩 에그(Standing Egg),81.0
노리플라이(no reply),79.0
비스트(Beast),73.0
이승철,72.0
박명수,72.0
싸이(Psy),71.0
투애니원(2NE1),71.0
버벌진트(Verbal Jint),70.0
서영은,70.0
거북이,69.0
윤종신,67.0
에프엑스(f(x)),66.0
거미,65.0
플라이 투 더 스카이(Fly To The Sky),65.0
럼블 피쉬(Rumble Fish),63.0
에픽 하이(Epik High),62.0
제이레빗(J Rabbit),62.0
토이(Toy),60.0
소녀시대,59.0
어쿠스틱 콜라보(Acoustic Collabo),57.0
시크릿(Secret),55.0
SG워너비,54.0
가을방학,54.0
리쌍(Leessang),53.0
다비치,52.0
옥상달빛,50.0
서연,49.0
웅산,48.0
유희열,48.0
별,47.0
원 모어 찬스(one more chance),47.0
박혜경,47.0
나얼(Na-Ul),47.0
클래지콰이(Clazziquai),47.0
씨엔블루(CNBLUE),46.0
긱스(Geeks),46.0
G-DRAGON,46.0
유엔(UN),45.0
지나(G.NA),45.0
이적,45.0
박정현,45.0
라디(Ra.D),45.0
자우림(Jaurim),45.0
유피(UP),44.0
프리 스타일(Free Style),43.0
노을,42.0
김현정,42.0
국카스텐(Guckkasten),41.0
하림,41.0
러브홀릭(Loveholic),41.0
임재범,41.0
듀스(Deux),41.0
커피소년,41.0
버즈(Buzz),41.0
데이브레이크(daybreak),40.0
이선희,40.0
윈터플레이(Winterplay),40.0
슈프림팀(Supreme Team),40.0
부활,39.0
코요태,39.0
나윤권,38.0
페퍼톤스(Peppertones),38.0
마이티 마우스(Mighty Mouth),38.0
임창정,38.0
빈지노(Beenzino),37.0
정엽,36.0
인디고(Indigo),36.0
허각,35.0
캐스커(Casker),35.0
존 박(John Park),35.0
박선주,35.0
MC 몽,35.0
왁스(Wax),34.0
엄정화,34.0
허밍 어반 스테레오(Humming Urban Stereo),33.0
윤건,33.0
정인,33.0
지아(Zia),32.0
박기영,32.0
클론(Clon),32.0
쥬얼리(Jewelry),32.0
넬(Nell),31.0
엠씨 더 맥스(M.C the Max),31.0
케이윌(K.Will),31.0
두번째 달,30.0
하우스 룰즈(House Rulez),30.0
이수영,30.0
박지윤,29.0
지오디(god),29.0
나르샤 [브라운아이드걸스],29.0
정재욱,29.0
조성모,29.0
스윗소로우(SWEET SORROW),28.0
이은미,28.0
이정현,28.0
룰라(Roo'Ra),28.0
더 넛츠(The Nuts),28.0
김종국,28.0
이효리,28.0
델리 스파이스(Deli Spice),28.0
신화,27.0
브로콜리너마저,27.0
야다(Yada),27.0
신용재 [4men],27.0
조규찬,27.0
몽라(Monla/夢兒),27.0
문차일드(Moon Child),27.0
김장훈,27.0
짙은(Zitten),26.0
랄라스윗(lalasweet),26.0
화접몽 밴드,25.0
터보(Turbo),25.0
화요비,25.0
야광토끼(Neon Bunny),25.0
재주소년,24.0
인피니트(Infinite),24.0
김형중,24.0
40(포티),24.0
이한철,24.0
DJ DOC,23.0
젠틀 레인(Gentle Rain),23.0
애즈 원(As One),23.0
나희경 [Jazz],23.0
뜨거운 감자(Hot Potato),23.0
이승환,23.0
t윤미래,23.0
더블케이(Double K),23.0
김태우,22.0
요조(Yozoh),22.0
주(Joo),22.0
모세(Mose),22.0
Zion.T,22.0
타루(Taru),22.0
여행스케치,21.0
빅마마(Big Mama),21.0
팀(Tim),21.0
더 원(The One),21.0
스컬&하하(Skull&Haha;),21.0
걸스데이(Girl's Day),21.0
알리(Ali),21.0
동방신기(TVXQ!),21.0
정준일 [메이트],21.0
전람회,20.0
혜령,20.0
몽니(Monni),20.0
조장혁,20.0
일기예보,20.0
허소영,20.0
정기고(Junggigo),20.0
메이트(Mate),19.0
리즈(Leeds),19.0
리치(Rich),19.0
바닐라 어쿠스틱(Vanilla Acoustic),19.0
S.E.S.,19.0
김윤아,19.0
윤상,18.0
포지션(Position),18.0
포스트맨(Postmen),18.0
나비(Navi),18.0
루싸이트 토끼,18.0
박진영,18.0
디바(Diva),18.0
박재범(Jay Park),18.0
뱅크(Bank),17.0
원더걸스(Wonder Girls),17.0
바비 킴(Bobby Kim),17.0
울랄라세션(Ulala Session),17.0
소히(Sorri),17.0
스윗바이러스(Sweet Virus),17.0
보아(BoA),17.0
신승훈,17.0
티아라(T-ara),17.0
재지팩트(Jazzyfact),17.0
MC 스나이퍼(MC Sniper),17.0
카라(Kara),17.0
비(Rain),16.0
타샤니(Tashannie),16.0
애프터 스쿨(After School) ,16.0
이루펀트(Eluphant),16.0
크루셜스타(Crucial Star),16.0
아이비(IVY),16.0
슈퍼주니어(Super Junior),16.0
비원에이포(B1A4),16.0
스윙체어(Swingchair),16.0
박지헌,16.0
이하이,16.0
러브앤팝(Love & Pop),16.0
소란(Soran),15.0
배치기,15.0
토마스 쿡(Thomas Cook),15.0
양파,15.0
김광석,15.0
박봄,15.0
이바디(Ibadi),15.0
박정운,15.0
이정,15.0
솔리드(Solid),15.0
스웨덴세탁소,15.0
먼데이 키즈(Monday Kiz),15.0
부가킹즈(Buga Kingz),15.0
임정희,15.0
현아 [포미닛],15.0
엠포(M4),14.0
정인호,14.0
채연,14.0
태연 (Taeyeon),14.0
비스윗(Besweet),14.0
영준 [Brown Eyed Soul],14.0
주영(JooYoung),14.0
좋아서 하는 밴드,14.0
디셈버(December),14.0
임세준,14.0
포미닛(4minute),14.0
서인영,14.0
재즈홀릭(Jazzholic),14.0
신예원,14.0
리사(Lisa),14.0
현빈,14.0
모카(Mocca),14.0
손성제,14.0
손담비,14.0
이소라,14.0
디어(d.ear),14.0
소찬휘,14.0
소녀시대-태티서(Girls' Generation-TTS),14.0
보드카 레인(Vodka Rain),14.0
양요섭 [비스트],14.0
양혜승,14.0
에메랄드 캐슬(Emerald Castle),14.0
박미경,14.0
소울스타(Soulstar),13.0
블루앤블루(Blue & Blue),13.0
YB,13.0
에코(ECO),13.0
혜지,13.0
남경윤,13.0
김지수,13.0
제이에스(JS) [여성듀오],13.0
레비 파티(LEVIPARTY),13.0
디제이 아키(DJ AKI),13.0
이상은(Lee Tzsche),13.0
모이다 밴드(Moida Band),13.0
베란다 프로젝트(Verandah Project),13.0
유재하,12.0
조관우,12.0
윤한(Yoonhan),12.0
장세용,12.0
썸피플(Sumpeople),12.0
크라잉넛(Crying Nut),12.0
해이(Hey),12.0
이아립,12.0
서인국,12.0
에이핑크(Apink),12.0
채정안,12.0
멜로 브리즈(Melo' Breeze),12.0
Lucia(심규선),12.0
핑클(Fin.K.L),12.0
디어 클라우드(Dear Cloud),11.0
강희수,11.0
샵(S#arp),11.0
샤이니(SHINee),11.0
이기찬,11.0
도나웨일(Donawhale),11.0
박광현,11.0
흠(Heum),11.0
장연주,11.0
아침(Achim) [듀오],11.0
임현정,11.0
여진(Yeo Jin),11.0
슈퍼키드(SuperKidd),11.0
베이지(Beige),11.0
신재,11.0
웅산 With DJ Okawari,11.0
라이너스의 담요(Linus' Blanket),11.0
필(Feel),10.0
한효주,10.0
이문세,10.0
써니힐(Sunny Hill),10.0
스윙스(Swings),10.0
루시드 폴(Lucid Fall),10.0
앤(Ann),10.0
줄라이(July) [뉴에이지],10.0
BMK,10.0
노이즈(Noise),10.0
JK 김동욱,10.0
키스(Kiss),10.0
정키(Jung Key),10.0
제이(J.ae),10.0
김진표(JP),10.0
팔드로(8Dro),10.0
업타운(UPT),10.0
이지형,9.0
김조한,9.0
GG(박명수 & G-Dragon),9.0
렉시(Lexy),9.0
써드코스트(3rd Coast),9.0
조규만,9.0
Dreamhouse,9.0
더 네임(The Name),9.0
카피머신(Copy Machine),9.0
아워멜츠(Hourmelts) ,9.0
펄스데이(Pearl's Day),9.0
엠투엠(M To M),9.0
고유진(플라워),9.0
주윤하 [보드카레인],9.0
젝스키스(Sechs Kies),9.0
로맨틱 펀치(Romantic Punch),9.0
레드소울(Redsoul),9.0
김경록 [V.O.S],9.0
루그(Lug),9.0
소울크라이(SoulCry),9.0
에일리(Ailee),9.0
H.O.T.,9.0
원티드(Wanted),9.0
보이(VOY),9.0
헤리티지(Heritage),8.0
우쿨렐레 피크닉(Ukulele Picnic),8.0
진주,8.0
아미(A-Mi),8.0
아키버드(Aquibird),8.0
제이에이(JA),8.0
트러블메이커(Troublemaker),8.0
이루마(Yiruma),8.0
에이트(8Eight),8.0
앨리스 인 네버랜드(Alice In Neverland),8.0
포터블 그루브 나인(Portable Groove 09),8.0
언니네 이발관,8.0
유잔Q,8.0
신혜성,8.0
김필(Kim Feel),8.0
슈가버블(Sugar Bubble),8.0
서지원,8.0
박라온,8.0
롤러코스터(Rollercoaster),8.0
보보(Bobo),8.0
멜로우이어(Mellowyear),8.0
JYJ,8.0
소이,8.0
버블 시스터즈(Bubble Sisters),8.0
Achordion(아코디언),7.0
홍대광,7.0
한희정,7.0
알렉스(Alex) [클래지콰이],7.0
장윤주,7.0
권소영,7.0
선민(Sunmin),7.0
9와 숫자들,7.0
공일오비(015B),7.0
정예경,7.0
비바 소울(Viva Soul),7.0
수경 [빨간의자],7.0
검정치마,7.0
모노토닉(Monotonik),7.0
스핏 파이어(Spit Fire),7.0
투 체어스(Two Chairs),7.0
테이(Tei),7.0
2PM,7.0
마로니에(Maronnier),6.0
일락(一樂),6.0
바나나보트(Banana Boat),6.0
투투(Two Two),6.0
보싸다방(Bossa Dabang),6.0
허쉬(Hush),6.0
김돈규,6.0
보이프렌드(Boyfriend),6.0
참깨와 솜사탕,6.0
하찌와 TJ,6.0
고유비,6.0
Five(파이브),6.0
플라워(Flower),6.0
Simon Dominic(사이먼 도미닉),6.0
블락비(Block B),6.0
SG워너비 김진호,6.0
세 개의 시선,6.0
머쉬멜로우,6.0
레이디 제인(Lady Jane),6.0
하동균,6.0
마망,6.0
이지엠(EZ'M),6.0
김종욱,6.0
영턱스클럽(YTC),6.0
수호,6.0
레인보우(Rainbow),6.0
아이유 ＆ 나윤권,6.0
James Blunt(제임스 블런트),6.0
하나(Hana) [타이푼],6.0
베이비복스(Baby V.O.X),6.0
최성원,6.0
해랑(Haerang) [재즈],5.0
프렐류드(Prelude),5.0
옥주현,5.0
반반 프로젝트,5.0
Westlife(웨스트라이프),5.0
플럭서스 보이시스,5.0
불독맨션(Bulldogmansion),5.0
이지혜,5.0
W & Whale(더블유 앤 웨일),5.0
유발이의 소풍,5.0
레이디스 코드(LADIES' CODE),5.0
벨 에포크(Belle Epoque),5.0
원타임(1TYM),5.0
장혜진,5.0
가이아(Gaia) [아트록],5.0
조윤성,5.0
모리(Morrie),5.0
긱스(Gigs),5.0
김성호,5.0
솔솔부는 봄바람,5.0
NY 물고기,5.0
Michael Jackson(마이클 잭슨),5.0
Martin Solveig(마틴 솔베이그),5.0
크리스피 로즈(Crispy Rhodes),5.0
제이켠(J'Kyun) [럭키제이],5.0
소울라이츠(Soulights),5.0
소수빈,5.0
소설,5.0
카니발(Carnival),5.0
체리필터(Cherry Filter),5.0
그린티(The Green Tea),5.0
나윤선,5.0
키네틱플로우(K-Flow),5.0
구혜선,5.0
스웨터(Sweater),5.0
키스위치,5.0
조현아 [어반자카파],5.0
조용필,5.0
엔알지(N.R.G),5.0
투어리스트(The Tourist),5.0
달콤한 소금,5.0
더 콰이엇(The Quiett),5.0
아웃사이더(Outsider),5.0
이지훈,4.0
김민석 [트리오로그],4.0
하모하모(Hamohamo),4.0
Jinny,4.0
모든(Moden),4.0
더필름(The Film),4.0
리오 케이코아(Leo Kekoa),4.0
규현(KYUHYUN),4.0
코나(Kona),4.0
컨츄리 꼬꼬(Country Kkokko),4.0
파탈(擺脫/Fatal),4.0
피노다인(Pinodyne),4.0
최재훈,4.0
지현,4.0
낯선(Nassun),4.0
네미시스(Nemesis),4.0
네스티요나(Nastyona),4.0
곰PD,4.0
조덕배,4.0
드렁큰 타이거(Drunken Tiger),4.0
제리케이(Jerry. K),4.0
레이지본(Lazybone),4.0
시와(Siwa),4.0
아이엠(iM),4.0
미나,4.0
소규모 아카시아 밴드,4.0
유미,4.0
소울라임(SouLime),4.0
유리상자,4.0
CHEEZE,4.0
이석훈 [SG워너비],4.0
박꽃별,4.0
박경환,4.0
원투(Onetwo),4.0
Awa(아와),4.0
Gregory Alan Isakov,4.0
비쥬(Bijou),4.0
서태지,4.0
스페이스 A(Space A),4.0
에코 브릿지(Eco bridge),3.0
조정치,3.0
누보두(Nouveau Deux),3.0
서은,3.0
비투비(BTOB),3.0
빅뱅(방승철) [Solo],3.0
에레나(Elena),3.0
닥터심슨(Dr.Simpson),3.0
엘피지(LPG),3.0
조pd(ZoPD),3.0
브랜뉴직(Brand Newjiq),3.0
브라운브레스(Brownbreath),3.0
에릭남,3.0
나원주,3.0
지누션(Jinusean),3.0
낭만유랑악단,3.0
테테(Tete),3.0
트래져 아일랜드,3.0
트랙 마켓(Track Market),3.0
슈가볼(Sugarbowl),3.0
슈가(Sugar),3.0
씨야(SeeYa),3.0
아소토 유니온(Asoto Union),3.0
수니(Soonie),3.0
칵스(THE KOXX),3.0
권순관,3.0
양양(YangYang),3.0
Nat King Cole(냇 킹 콜),3.0
팔로알토(Paloalto),3.0
디아(Dia) [키스 & 크라이],3.0
남예지,3.0
정은채 [배우],3.0
김경호,3.0
딕펑스(Dick Punks),3.0
못(Mot),3.0
GMB,3.0
박완규,3.0
유니파이밴드(Uni-Fi Band),3.0
바닐라 유니티(Vanilla Unity),3.0
라즈베리필드,3.0
반광옥,3.0
하찌와애리(Hachi&Eri;),3.0
이승열,3.0
강타,3.0
태원(TaeOne),2.0
마리오(Mario),2.0
바닐라시티(Vanila City),2.0
바스코(Vasco),2.0
최정철,2.0
인디언 팜(Indian Palm),2.0
셀로판리버(Cellophane River),2.0
김광진,2.0
처진 달팽이(유재석 & 이적),2.0
손승연,2.0
나루(Naru) [솔루션스],2.0
마르코(Marco) [힙합],2.0
Oe,2.0
어바노(Urbano),2.0
윤도현,2.0
우수(Woosoo) [남성솔로],2.0
소울원(Soul One),2.0
김우주,2.0
안녕 바다,2.0
효기(Hyoki) [Jazz],2.0
Kricc(크릭),2.0
싱스(Sings),2.0
2AM,2.0
키비(Kebee) [이루펀트],2.0
키덜트(Kidult) [인디락],2.0
이오스(E.O.S),2.0
하이진(Hyejin),2.0
김성규 [인피니트],2.0
민설,2.0
KCM,2.0
민효린,2.0
크러쉬(Crush),2.0
언노운 피플(UKP),2.0
휴먼레이스(Human Race),2.0
악퉁(Achtung),2.0
아이 투 아이(Eye To Eye),2.0
패닉(Panic),2.0
달빛요정역전만루홈런,2.0
제이심포니(J-symphony),2.0
장필순,2.0
더 블루(The Blue),2.0
더 준(The Jun),2.0
라임어택(RHYME-A-),2.0
제이티엘(JTL),2.0
비다로카(Vida Loca),2.0
푸른새벽,2.0
라임버스(Rhyme Bus),2.0
제이세라(J-Cera),2.0
하하,2.0
오! 부라더스(Oh! Brothers),2.0
오렌지캬라멜(Orange Caramel),2.0
오지은,2.0
동경소녀,2.0
걸프렌즈(Girl Friends),2.0
플라스틱 피플(Plastic People),2.0
허민,2.0
들국화,2.0
SMTown,2.0
한경일,2.0
자자(Zaza),2.0
유승준,2.0
장재인,2.0
빅 베이비 드라이버(Big Baby Driver),2.0
유브이(UV),2.0
지선(Jisun) ,2.0
조윤채,2.0
포츈 쿠키(Fortune Cookie),2.0
누빔,2.0
선우정아(Sunwoojunga),2.0
루이비(Louis.B),2.0
반시(Vansy),2.0
에보니힐(Ebonyhill),2.0
자전거 탄 풍경,2.0
노브레인(No Brain),2.0
Unknown,1.0
황보(Hwang Bo),1.0
화나(FANA),1.0
황규영,1.0
하이투힘(Hi to him),1.0
티엘(T.L) [Acoustic],1.0
강민경 [다비치],1.0
간종욱,1.0
Y2K,1.0
강우진,1.0
고현욱,1.0
한소아,1.0
헤윰(Heyum),1.0
라니아(Rania),1.0
터치(Touch),1.0
이루(Eru),1.0
FTISLAND(에프티 아일랜드),1.0
브라더수(BrotherSu),1.0
베이식(Basick),1.0
윈디시티(Windy City),1.0
배장은,1.0
유정균 [세렝게티],1.0
바닐라 루시(Vanilla Lucy),1.0
매드 클라운(Mad Clown),1.0
이승우 [소울스타],1.0
문선(Moonsun),1.0
문샤이너스(Moonshiners),1.0
이승훈 [발라드],1.0
이예린,1.0
이은하,1.0
블루 샤벳(Blue Sorbet),1.0
서태지와 아이들,1.0
언타이틀(Untitle),1.0
Ed.C,1.0
Club505(클럽505),1.0
어느새,1.0
세하(Seha),1.0
아프로디노(Afrodino),1.0
솔플라워(Sol' Flower),1.0
송영주(JuJu Song),1.0
씨팍(Ssipak),1.0
술제이 인 어메이징 뮤직(Sool J In Amazing Music),1.0
심현보,1.0
스티(STi),1.0
신치림(信治琳),1.0
스페이스카우보이(Space Cowboy),1.0
스푸키 프로젝트(Spooky Project),1.0
이정봉(Lee Jung Bong),1.0
말로(Malo),1.0
김도연 [인디],1.0
김종서,1.0
노라조,1.0
지마스타(G-Masta),1.0
지플라(G.Fla),1.0
진보(Jinbo),1.0
천상지희 더 그레이스(天上智喜 The Grace),1.0
김현철,1.0
김연지,1.0
마스터 케이지(Master Kz),1.0
쿤타(Koonta),1.0
크레용팝(Crayon Pop),1.0
김사랑,1.0
킹스턴 루디스카(Kingston Rudieska),1.0
타블로(Tablo),1.0
태륜,1.0
니모(Ne;MO),1.0
JUNIEL(주니엘),1.0
다혜,1.0
조이프로젝트(ZOY Project),1.0
조아혜,1.0
더 클래식(The Classic),1.0
데미안더밴드(DEMIAN THE BAND),1.0
뎁인뎁쇼,1.0
동물원,1.0
정재형,1.0
듀크(Duke),1.0
정경화,1.0
신성우,1.0
장리인,1.0
장기하와 얼굴들,1.0
자화상,1.0
인피니트 H,1.0
Kentaro Takizawa(켄타로 타키자와),1.0
