﻿Artist,cnt
성시경,228.0
아이유(IU),223.0
김범수,159.0
휘성,141.0
김동률,127.0
브라운 아이드 소울(Brown Eyed Soul),126.0
10cm(십센치),119.0
박정현,114.0
클래지콰이(Clazziquai),109.0
프라이머리(Primary),107.0
바이브(Vibe),106.0
포맨,104.0
린(LYn),93.0
MC 몽,91.0
다비치,91.0
리쌍(Leessang),90.0
버스커 버스커(Busker Busker),89.0
박효신,84.0
토이(Toy),83.0
다이나믹 듀오(Dynamic Duo),82.0
싸이(Psy),81.0
에피톤 프로젝트(Epitone Project),79.0
어반 자카파(Urban Zakapa),77.0
BIGBANG,76.0
이승철,76.0
이적,76.0
임창정,76.0
애즈 원(As One),74.0
브라운 아이즈(Brown Eyes),73.0
허각,72.0
투애니원(2NE1),70.0
럼블 피쉬(Rumble Fish),70.0
이소라,69.0
박지윤,69.0
버벌진트(Verbal Jint),67.0
나얼(Na-Ul),65.0
에픽 하이(Epik High),63.0
엠씨 더 맥스(M.C the Max),62.0
쿨(COOL),62.0
루시드 폴(Lucid Fall),59.0
재주소년,59.0
티아라(T-ara),57.0
노리플라이(no reply),57.0
이수영,56.0
김연우,56.0
임재범,56.0
SG워너비,56.0
러브홀릭(Loveholic),56.0
프리 스타일(Free Style),55.0
이승기,55.0
빈지노(Beenzino),55.0
페퍼톤스(Peppertones),54.0
씨스타(Sistar),52.0
바비 킴(Bobby Kim),50.0
노을,50.0
박혜경,49.0
부활,48.0
요조(Yozoh),48.0
윤하(Younha/ユンナ),47.0
테이(Tei),47.0
나윤권,46.0
언니네 이발관,45.0
김건모,44.0
플라이 투 더 스카이(Fly To The Sky),44.0
슈프림팀(Supreme Team),44.0
캐스커(Casker),43.0
소녀시대,42.0
조규찬,42.0
빅마마(Big Mama),42.0
스윗소로우(SWEET SORROW),41.0
김진표(JP),41.0
김종국,41.0
백지영,40.0
이지형,39.0
알리(Ali),38.0
제이레빗(J Rabbit),38.0
윤건,37.0
장재인,36.0
화요비,36.0
해이(Hey),36.0
라디(Ra.D),36.0
G-DRAGON,35.0
포터블 그루브 나인(Portable Groove 09),34.0
박기영,34.0
어쿠스틱 콜라보(Acoustic Collabo),33.0
아이비(IVY),33.0
긱스(Geeks),33.0
조성모,33.0
넬(Nell),33.0
비쥬(Bijou),33.0
원더걸스(Wonder Girls),32.0
전람회,32.0
짙은(Zitten),32.0
t윤미래,31.0
모리(Morrie),31.0
에코 브릿지(Eco bridge),31.0
버즈(Buzz),31.0
Zion.T,30.0
애프터 스쿨(After School) ,29.0
델리 스파이스(Deli Spice),29.0
케이윌(K.Will),29.0
거미,29.0
소규모 아카시아 밴드,29.0
장나라,29.0
바닐라 어쿠스틱(Vanilla Acoustic),29.0
자우림(Jaurim),28.0
슈가버블(Sugar Bubble),28.0
씨스타19(Sistar 19),28.0
커피소년,28.0
윤한(Yoonhan),28.0
이기찬,28.0
메이트(Mate),27.0
유미,27.0
동경소녀,27.0
몽니(Monni),27.0
걸스데이(Girl's Day),27.0
태연 (Taeyeon),26.0
2AM,26.0
브로콜리너마저,26.0
클로버(Clover) [남성솔로],26.0
하림,26.0
허밍 어반 스테레오(Humming Urban Stereo),26.0
가을방학,26.0
지오디(god),26.0
박보람,25.0
정준일 [메이트],25.0
정키(Jung Key),25.0
장혜진,25.0
터보(Turbo),25.0
하울(HowL),25.0
박선주,25.0
에일리(Ailee),24.0
써드코스트(3rd Coast),23.0
나인뮤지스(Nine Muses),23.0
양파,23.0
임정희,23.0
울랄라세션(Ulala Session),23.0
보드카 레인(Vodka Rain),23.0
BMK,23.0
옥상달빛,23.0
검정치마,22.0
루싸이트 토끼,22.0
지아(Zia),22.0
테이크(Take),22.0
좋아서 하는 밴드,22.0
서영은,22.0
유재하,22.0
한충완,22.0
정인,21.0
공일오비(015B),21.0
브라운 아이드 걸스,21.0
김조한,21.0
엄정화,21.0
더 클래식(The Classic),21.0
두번째 달,21.0
김경호,21.0
더 원(The One),21.0
정재욱,20.0
도나웨일(Donawhale),20.0
리즈(Leeds),20.0
장연주,20.0
김광석,20.0
Kricc(크릭),20.0
카라(Kara),20.0
네미시스(Nemesis),20.0
뱅크(Bank),19.0
포지션(Position),19.0
Lucia(심규선),19.0
이바디(Ibadi),19.0
란(Ran),19.0
트러블메이커(Troublemaker),18.0
핑클(Fin.K.L),18.0
에이핑크(Apink),18.0
투엘슨(2LSON),18.0
브이원 (V.One),18.0
별,18.0
정재형,18.0
데이브레이크(daybreak),18.0
레인보우(Rainbow),18.0
김우주,17.0
한희정,17.0
베란다 프로젝트(Verandah Project),17.0
윤상,17.0
코쿤벨즈(Cocoon Bells),17.0
어반스페이스(Urbanspace),17.0
원투(Onetwo),17.0
김현철,17.0
가인 [브라운아이드걸스],17.0
양요섭 [비스트],17.0
비스트(Beast),16.0
박완규,16.0
원 모어 찬스(one more chance),16.0
재지팩트(Jazzyfact),16.0
정엽,16.0
가비엔제이(Gavy N.J.),16.0
시와(Siwa),15.0
이하이,15.0
이한철,15.0
쥬얼리(Jewelry),15.0
시크릿(Secret),15.0
지나(G.NA),15.0
FTISLAND(에프티 아일랜드),15.0
하동균,15.0
제이(J.ae),15.0
모이다 밴드(Moida Band),15.0
로이킴,15.0
장기하와 얼굴들,15.0
미쓰 에이(miss A),15.0
40(포티),15.0
에코(ECO),15.0
야광토끼(Neon Bunny),14.0
팀(Tim),14.0
윤종신,14.0
아소토 유니온(Asoto Union),14.0
이예린,14.0
박경환,14.0
잠바(Jamba),14.0
패닉(Panic),14.0
주(Joo),14.0
조덕배,14.0
소울크라이(SoulCry),14.0
유희열,14.0
키스 미 조이(Kiss Me Joy),14.0
일락(一樂),14.0
젠틀 레인(Gentle Rain),14.0
윈터플레이(Winterplay),14.0
스윙스(Swings),14.0
정은채 [배우],14.0
우쿨렐레 피크닉(Ukulele Picnic),14.0
손성제,14.0
서인영,14.0
카밀라(Camilla),14.0
푸딩(Pudding),14.0
씨야(SeeYa),14.0
써니힐(Sunny Hill),14.0
Andy Williams(앤디 윌리암스),14.0
러브앤팝(Love & Pop),14.0
강균성 [노을],14.0
Martin Solveig(마틴 솔베이그),14.0
구혜선,14.0
견우,14.0
디셈버(December),14.0
디어 클라우드(Dear Cloud),14.0
EXID(이엑스아이디),14.0
랄라스윗(lalasweet),14.0
Davink(다빈크),13.0
W(Where The Story Ends),13.0
임현정,13.0
사피에르(Saphier),13.0
임종환,13.0
자전거 탄 풍경,13.0
에디(Eddie),13.0
조관우,13.0
클라우드 쿠쿠랜드(Cloud Cuckoo Land),13.0
비스윗(Besweet),13.0
레비 파티(LEVIPARTY),13.0
홍대광,13.0
Kentaro Takizawa(켄타로 타키자와),13.0
이승환,13.0
김형중,13.0
토마스 쿡(Thomas Cook),13.0
유리상자,12.0
나르샤 [브라운아이드걸스],12.0
박새별,12.0
커먼 그라운드(Common Ground),12.0
하우스 룰즈(House Rulez),12.0
거북이,12.0
일기예보,12.0
윤도현,12.0
유브이(UV),12.0
김형석,12.0
서문탁,12.0
헤리티지(Heritage),12.0
웅산,12.0
에이치(H),12.0
마로니에(Maronnier),11.0
인스턴트 로맨틱 플로어(Instant Romantic Floor),11.0
라즈베리필드,11.0
뜨거운 감자(Hot Potato),11.0
유발이의 소풍,11.0
JUNIEL(주니엘),11.0
마이 앤트 메리(My Aunt Mary),11.0
어바노(Urbano),11.0
달샤벳(Dal★shabet),11.0
라이너스의 담요(Linus' Blanket),11.0
MC 스나이퍼(MC Sniper),11.0
정재일,11.0
조장혁,11.0
클럼지(Clumsy),11.0
현진영,11.0
왁스(Wax),11.0
20세기 소년,11.0
멜로우이어(Mellowyear),11.0
쟈크와 래미(Zac & Lemi),11.0
에이프릴(April),11.0
신용재 [4men],11.0
배치기,11.0
로로스(Loro's),11.0
조원선,11.0
이은미,10.0
2PM,10.0
소찬휘,10.0
문용(Moonyong),10.0
김성호,10.0
페이지(Page),10.0
은휼,10.0
롤러코스터(Rollercoaster),10.0
인피니트(Infinite),10.0
루그(Lug),10.0
진주,10.0
한경일,10.0
Glen Check(글렌체크),10.0
이현우,10.0
메이크어위시 합창단,10.0
메이비(MayBee),10.0
손담비,10.0
수상한 커튼,9.0
아침(Achime),9.0
슬로우 쥰(Slow 6),9.0
S.E.S.,9.0
김진우,9.0
스윙체어(Swingchair),9.0
타루(Taru),9.0
그루(GRU),9.0
리나(Lina),9.0
이아립,9.0
이재훈 ,9.0
소울라임(SouLime),9.0
주윤하 [보드카레인],9.0
김태우,9.0
이소은,9.0
한민규,9.0
이현 [에이트],9.0
블락비(Block B),9.0
Alexander Dolsky,8.0
에스트래직 비츠(Estraziq Beats) ,8.0
버블 시스터즈(Bubble Sisters),8.0
모세(Mose),8.0
허민,8.0
몽라(Monla/夢兒),8.0
우이경,8.0
심현보,8.0
문명진,8.0
김광진,8.0
박봄,8.0
아키버드(Aquibird),8.0
이석훈 [SG워너비],8.0
오렌지캬라멜(Orange Caramel),8.0
플라워(Flower),8.0
얀(Yarn),8.0
임병수,8.0
디제이 아키(DJ AKI),8.0
빅뱅(방승철) [Solo],8.0
타블로+페니(이터널 모닝),8.0
타블로(Tablo),8.0
스웨터(Sweater),8.0
언타이틀(Untitle),8.0
조규만,8.0
이상은(Lee Tzsche),8.0
전영진,8.0
보아(BoA),8.0
김상민(Kim SangMin),7.0
에이트(8Eight),7.0
정인호,7.0
러브피쉬 프로젝트(LoveFish_Project),7.0
투개월,7.0
마이티 마우스(Mighty Mouth),7.0
김종욱,7.0
하유진 ,7.0
불독맨션(Bulldogmansion),7.0
한동준,7.0
리치(Rich),7.0
씨엔블루(CNBLUE),7.0
모던쥬스(Modern Juice),7.0
태양,7.0
스티(STi),7.0
스푸키 프로젝트(Spooky Project),7.0
피터팬 컴플렉스(Peterpan Complex),7.0
유피(UP),7.0
녹색지대,7.0
코지카페(Cozy Cafe),7.0
더 콰이엇(The Quiett),7.0
장세용,7.0
로맨틱 펀치(Romantic Punch),7.0
이효리,6.0
더블케이(Double K),6.0
하루(Haroo),6.0
김윤아,6.0
엄브렐라 스탠드(Umbrella Stand),6.0
보보(Bobo),6.0
상상밴드,6.0
허소영,6.0
미나,6.0
홍경민,6.0
그로칼랭(Gros-Calin),6.0
소냐(Sonya),6.0
바람에 오르다,6.0
술탄 오브 더 디스코(Sultan Of The Disco),6.0
김민규 [스위트피],6.0
크러쉬(Crush),6.0
오리엔탱고(Orientango),6.0
야다(Yada),6.0
유엔(UN),6.0
지누션(Jinusean),6.0
지브라(Zebra),6.0
포스트맨(Postmen),6.0
김창완 밴드(Kim Chang Wan Band),6.0
크루셜스타(Crucial Star),6.0
네스티요나(Nastyona),5.0
바다,5.0
그루브 올스타즈(Groove All Stars),5.0
김태영,5.0
이랑,5.0
정기고(Junggigo),5.0
이영훈 [인디],5.0
스탠딩 에그(Standing Egg),5.0
홍갑,5.0
키네틱플로우(K-Flow),5.0
벨 에포크(Belle Epoque),5.0
코코넛(Coconut),5.0
코요태,5.0
팔로알토(Paloalto),5.0
소란(Soran),5.0
스타리-아이드(Starry-Eyed),5.0
강아솔,5.0
JJ Project(제이제이 프로젝트),5.0
부티끄 나인(Boutique 9),5.0
빅스(VIXX),5.0
줄라이(July) [뉴에이지],5.0
양양(YangYang),5.0
피노다인(Pinodyne),5.0
프렐류드(Prelude),4.0
JK 김동욱,4.0
포츈 쿠키(Fortune Cookie),4.0
플럭서스 보이시스,4.0
트랜스픽션(Trans Fixion),4.0
에프엑스(f(x)),4.0
인피니트 H,4.0
한지혜 ,4.0
타우(Taw),4.0
하늘달리기,4.0
자자(Zaza),4.0
제이워크(J-Walk),4.0
달콤한 소금,4.0
김용준 [SG 워너비],4.0
밀크티(Milktea),4.0
화이트(W.H.I.T.E.),4.0
4-49(포포리나인),4.0
고니,4.0
초콜렛 박스(Chocolate Box),4.0
박소유,4.0
최백호,4.0
이정현,4.0
하이투힘(Hi to him),4.0
러브송(Love Song),4.0
아미(A-Mi),4.0
이지(EG),4.0
김장훈,4.0
미선이,4.0
더 블루(The Blue),4.0
더 레이(The Ray),4.0
YB,4.0
이문세,4.0
김현정,3.0
하찌와애리(Hachi&Eri;),3.0
이해완 [보드카레인],3.0
현아 [포미닛],3.0
하젤(Hajel),3.0
투투(Two Two),3.0
BGH4,3.0
이오공감,3.0
김돈규,3.0
곰PD,3.0
고재근,3.0
김사랑,3.0
개구장애,3.0
강승윤 [WINNER],3.0
코나(Kona),3.0
피아노(Piano) [남자듀오],3.0
W & Whale(더블유 앤 웨일),3.0
Ruby Star(루비스타),3.0
텐시러브(Tensi Love),3.0
Mia Doi Todd(미아 도이 토드),3.0
푸른새벽,3.0
Funny Powder(퍼니 파우더),3.0
가을방학 김재훈,3.0
힐링프로젝트(Healing Project),3.0
마술모자 퍼레이드,3.0
브리즈(The Breeze),3.0
다비,3.0
마일스톤(Milestone),3.0
원티드(Wanted),3.0
마이큐(MY-Q),3.0
선민(Sunmin),3.0
더 넛츠(The Nuts),3.0
소울스타(Soulstar),3.0
옐로우 페인트(Yellow Paint),3.0
예인,3.0
영턱스클럽(YTC),3.0
여행스케치,3.0
솔리스트(Soliste),3.0
수연,3.0
스니커버드(Sneaker Bird),3.0
더더(THETHE),3.0
루빈(Ruvin),3.0
스트로베리 레인(Strawberry Rain),3.0
스프링롤(Springloll),3.0
아이씨사이다(Icycider),3.0
안치환,3.0
에세이(sA'),3.0
업타운(UPT),3.0
디에스 커넥션(DS_Connexion),3.0
매드 클라운(Mad Clown),3.0
어떤날,3.0
이상순 ,3.0
민효린,3.0
모자이크,3.0
미(MIIII),3.0
박재범(Jay Park),3.0
나비(Navi),3.0
모노(Mono),3.0
부가킹즈(Buga Kingz),3.0
배장은 트리오(Jangeun Bae Trio),3.0
내추럴(Natural),3.0
메이다니(Maydoni),3.0
불나방스타쏘세지클럽,3.0
박강수,2.0
신효범,2.0
5mg,2.0
Unknown,2.0
박학기,2.0
스페이스카우보이(Space Cowboy),2.0
흐른,2.0
신승훈,2.0
박소윤,2.0
지애 [태사비애],2.0
아티슨비츠(Artisan Beats),2.0
김혜림,2.0
미스티 블루(Misty Blue),2.0
The Finnn,2.0
참깨와 솜사탕,2.0
지요(G.Yo),2.0
준잭(Jun Jack),2.0
고두림,2.0
지영선,2.0
알레그로(Allegrow),2.0
먼데이 키즈(Monday Kiz),2.0
스웨덴세탁소,2.0
루이비(Louis.B),2.0
매드 소울 차일드(Mad Soul Child),2.0
프린세스 디지즈(Princess Disease),2.0
마인드 컴바인드(Mind Combined),2.0
메이팝(Maypop),2.0
샵(S#arp),2.0
하찌와 TJ,2.0
푸디토리움(Pudditorium),2.0
성진환 [스윗소로우],2.0
주영(JooYoung),2.0
포미닛(4minute),2.0
KCM,2.0
소심한 오빠들(Sosimboys),2.0
소울라이츠(Soulights),2.0
소울맨(Soulman),2.0
변진섭,2.0
벤,2.0
토이멜라(Toymela),2.0
Nat King Cole(냇 킹 콜),2.0
모노토이(Monotoi),2.0
비(Rain),2.0
9와 숫자들,2.0
이예준,2.0
안녕 바다,2.0
이선희,2.0
나희경 [Jazz],2.0
젝스키스(Sechs Kies),2.0
김현식,2.0
제이세라(J-Cera),2.0
이상(E.Sang),2.0
제아 [브라운 아이드 걸스],2.0
이부영,2.0
익사이트(Excite),2.0
인디언 수니(Indian Soonie),2.0
더폼프로젝트(The ForM Project),2.0
이진우 [인디],2.0
뉴욕 러브 다이어리(Newyork Love Diry),2.0
유키스(U-KISS),2.0
김민준,2.0
전기뱀장어,2.0
김새한길,2.0
장필순,2.0
오지은과 늑대들,2.0
장윤주,2.0
이치원(EachONE),2.0
제리케이(Jerry. K),2.0
오지은,2.0
드로플렛(Droplet) [리퀴드],2.0
김효진 [배우],2.0
이승훈 [발라드],2.0
어반플래닛(Urbanplanet),2.0
조정치,2.0
이정열,2.0
고현욱,2.0
이원진,2.0
꽃미남 주식회사,2.0
김창남,1.0
비원에이포(B1A4),1.0
닥터심슨(Dr.Simpson),1.0
EXO-K(엑소케이),1.0
윈디시티(Windy City),1.0
페이퍼컷 프로젝트(Papercut Project),1.0
임주연,1.0
김창완,1.0
박미경,1.0
빨간머리앤,1.0
후레쉬 보이즈(Fresh Boyz),1.0
더 크래용스(The Crayons),1.0
달에닿아,1.0
서지원,1.0
임세준,1.0
선데이 시크릿,1.0
Julienne Taylor(줄리언 테일러),1.0
원 펀치(One Punch),1.0
이영현,1.0
옥수사진관,1.0
원타임(1TYM),1.0
이상의날개,1.0
피타입,1.0
이정,1.0
나루(Naru) [솔루션스],1.0
해랑(Haerang) [재즈],1.0
헬로비너스(HELLOVENUS),1.0
한효주,1.0
모모(Momo) [여성],1.0
한선화 [시크릿],1.0
박정은,1.0
이루펀트(Eluphant),1.0
홀리 가든(Holly Garden),1.0
인공위성,1.0
인순이,1.0
블링 더 캐쉬(Bling The Cash),1.0
소리헤다,1.0
메이커슬(Makustle),1.0
브라운브레스(Brownbreath),1.0
낭만유랑악단,1.0
하비누아주(Ravie Nuage),1.0
DJ DOC,1.0
하루(Haru) [여성],1.0
노블레스 ＆ 어쿠스틱콜라보 ,1.0
브이오에스(V.O.S.),1.0
ASHGRAY(애쉬그레이),1.0
민트비(Mint.B),1.0
존 박(John Park),1.0
소울 다이브(Soul Dive),1.0
파란(Paran),1.0
제시(Jessi) [럭키제이],1.0
론리 하츠 클럽(Lonely Hearts Club),1.0
로지 피피(RossyPP),1.0
썸피플(Sumpeople),1.0
아날로그 소년,1.0
도끼(Dok2),1.0
악동뮤지션(AKMU),1.0
동물원,1.0
추천음악프로젝트,1.0
동방신기(TVXQ!),1.0
채정안,1.0
차태현,1.0
차지연,1.0
알렉스(Alex) [클래지콰이],1.0
량현량하,1.0
젠(Zen),1.0
알이에프(R.ef),1.0
에스더(Esther),1.0
애프터스쿨 Blue,1.0
지서련,1.0
앤덥(Andup),1.0
앨리스 스마일(Alice Smile),1.0
고서이,1.0
양빛나라,1.0
주형진,1.0
양정승(Kiroy Y),1.0
주석(Joosuc),1.0
주니퍼(Junyfore),1.0
디피(DP),1.0
신해철,1.0
신세경,1.0
시로스카이(Shirosky),1.0
Savina Yannatou(사비나 야나투),1.0
Lenka(렌카),1.0
틴틴 파이브,1.0
고찬용,1.0
오윤혜,1.0
소울사이어티(Soulciety),1.0
투어리스트(The Tourist),1.0
Mondo Grosso(몬도 그로소),1.0
투샤이(2Shai),1.0
손승연,1.0
옆집 남자(A Boy Next Door),1.0
솔리드(Solid),1.0
정용화(Jung Yong Hwa),1.0
수정선,1.0
Simon Dominic(사이먼 도미닉),1.0
크레용팝(Crayon Pop),1.0
룰라(Roo'Ra),1.0
태사비애,1.0
슈가볼(Sugarbowl),1.0
김민종,1.0
엠알제이(MRJ),1.0
엠씨 메타와 디제이 렉스(MC META & DJ WRECKX),1.0
김동희,1.0
키비(Kebee) [이루펀트],1.0
루앤(Luanne),1.0
김그림,1.0
정지찬 [원모어찬스],1.0
뎁인뎁쇼,1.0
제국의아이들[ZE:A],1.0
소울맨 앤 마이노스(Soulman & Minos) ,1.0
