﻿Artist,cnt
바이브(Vibe),70.0
이승환,70.0
브라운 아이드 소울(Brown Eyed Soul),57.0
리쌍(Leessang),56.0
브라운 아이즈(Brown Eyes),50.0
아이유(IU),49.0
김건모,48.0
임재범,48.0
노을,47.0
김범수,44.0
김현철,43.0
부활,43.0
넬(Nell),43.0
유엔(UN),42.0
김동률,41.0
성시경,39.0
쿨(COOL),38.0
지오디(god),38.0
이소라,38.0
김연우,38.0
토이(Toy),36.0
터보(Turbo),34.0
투애니원(2NE1),33.0
린(LYn),30.0
소녀시대,30.0
박정현,28.0
코요태,28.0
별,28.0
엠씨 더 맥스(M.C the Max),27.0
미스터 투(Mr.2),27.0
휘성,26.0
이수영,26.0
신승훈,26.0
SG워너비,26.0
재주소년,25.0
김경호,25.0
10cm(십센치),25.0
서지원,25.0
거미,25.0
프리 스타일(Free Style),25.0
럼블 피쉬(Rumble Fish),24.0
이은미,24.0
바비 킴(Bobby Kim),24.0
에피톤 프로젝트(Epitone Project),21.0
이기찬,21.0
티아라(T-ara),20.0
박진영,19.0
라디(Ra.D),19.0
김조한,19.0
장혜진,18.0
YB,18.0
알렉스(Alex) [클래지콰이],18.0
MC 몽,18.0
이적,18.0
카라(Kara),17.0
포지션(Position),17.0
포맨,17.0
루싸이트 토끼,17.0
팀(Tim),16.0
빅마마(Big Mama),16.0
김민종,16.0
영턱스클럽(YTC),15.0
임창정,15.0
백지영,15.0
마야(Maya),15.0
다이나믹 듀오(Dynamic Duo),15.0
에이트(8Eight),15.0
알리(Ali),14.0
뱅크(Bank),14.0
슈프림팀(Supreme Team),14.0
에스프레소(Espresso),14.0
박혜경,14.0
마이티 마우스(Mighty Mouth),14.0
아소토 유니온(Asoto Union),14.0
박완규,14.0
장나라,14.0
디바(Diva),14.0
박지헌,14.0
신화,14.0
화요비,14.0
김진표(JP),14.0
캔(Can),14.0
티오(T.O),14.0
플라이 투 더 스카이(Fly To The Sky),14.0
조관우,14.0
강수지,14.0
S.E.S.,14.0
핑클(Fin.K.L),14.0
DJ DOC,14.0
짙은(Zitten),13.0
싸이(Psy),13.0
요조(Yozoh),12.0
김태우,12.0
박선주,12.0
G-DRAGON,12.0
브로콜리너마저,12.0
인순이,12.0
소울 커넥션(Soul Connection),12.0
언터쳐블,12.0
BMK,12.0
오렌지캬라멜(Orange Caramel),11.0
BIGBANG,11.0
산울림,11.0
이루(Eru),11.0
에픽 하이(Epik High),11.0
윤건,11.0
t윤미래,11.0
샵(S#arp),10.0
이상은(Lee Tzsche),10.0
더 캔버스(The Canvas),10.0
델리 스파이스(Deli Spice),10.0
앤드(And),9.0
윈터플레이(Winterplay),9.0
패닉(Panic),9.0
테이(Tei),9.0
박효신,9.0
나얼(Na-Ul),9.0
미스티 블루(Misty Blue),8.0
애즈 원(As One),8.0
김돈규,8.0
왁스(Wax),8.0
노이즈(Noise),8.0
유리상자,8.0
러브홀릭(Loveholic),8.0
2PM,8.0
푸디토리움(Pudditorium),8.0
유미,8.0
원더걸스(Wonder Girls),7.0
가을방학,7.0
Sound Providers(사운드 프로바이더스),7.0
서영은,7.0
가인 [브라운아이드걸스],7.0
데이브레이크(daybreak),7.0
윤하(Younha/ユンナ),7.0
앤(Ann),7.0
슈퍼주니어(Super Junior),7.0
루시드 폴(Lucid Fall),6.0
HITCHHIKER (히치하이커),6.0
하림,6.0
젝스키스(Sechs Kies),6.0
더 네임(The Name),6.0
안녕 바다,6.0
클래지콰이(Clazziquai),6.0
지아(Zia),6.0
오지은,6.0
리즈(Leeds),6.0
H.O.T.,6.0
스타 러브 피쉬(Star Love Fish),5.0
홀린(Hlin),5.0
한희정,5.0
언니네 이발관,5.0
스윗소로우(SWEET SORROW),5.0
정재욱,5.0
한소현,5.0
박준혁,5.0
제이(J.ae),5.0
조규만,5.0
조규찬,5.0
에코(ECO),5.0
캐스커(Casker),5.0
이소은,5.0
유재하,5.0
포니테일(Ponytail),5.0
동방신기(TVXQ!),5.0
양파,4.0
윤상,4.0
카니발(Carnival),4.0
주영(JooYoung),4.0
조성모,4.0
이정,4.0
이한철,4.0
플라워(Flower),4.0
자전거 탄 풍경,4.0
하찌와 TJ,4.0
장세용,4.0
임현정,4.0
신성우,4.0
가비엔제이(Gavy N.J.),4.0
더 멜로디(The Melody),4.0
불독맨션(Bulldogmansion),4.0
김종서,4.0
브라운 아이드 걸스,4.0
보아(BoA),4.0
김광진,4.0
비(Rain),4.0
W(Where The Story Ends),4.0
손담비,4.0
W & Whale(더블유 앤 웨일),4.0
솔리드(Solid),4.0
김종욱,4.0
데이라이트(Daylight),4.0
DJ 소울스케이프(DJ Soulscape),4.0
라이너스의 담요(Linus' Blanket),4.0
신건,4.0
먼데이 키즈(Monday Kiz),3.0
이현욱,3.0
웅산,3.0
원 모어 찬스(one more chance),3.0
이지형,3.0
위퍼(Weeper),3.0
벨 에포크(Belle Epoque),3.0
장필순,3.0
김현식,3.0
버즈(Buzz),3.0
유희열,3.0
전람회,3.0
내추럴(Natural),3.0
노리플라이(no reply),3.0
윤종신,3.0
지기 펠라즈(Jiggy Fellaz),3.0
김현성,3.0
정시로 [뱅크],3.0
리사(Lisa),3.0
이승열,3.0
이브(Eve),3.0
씨스타(Sistar),3.0
우쿨렐레 피크닉(Ukulele Picnic),3.0
와이낫?(Ynot?),3.0
사이포디아즈(Psypodias),3.0
허민,3.0
김사랑,3.0
허각,3.0
피리과(Pirigwa),3.0
예민,3.0
야다(Yada),3.0
연진,3.0
THEY 2010,3.0
얀(Yarn),3.0
샤이니(SHINee),3.0
피플 크루(People Crew),2.0
제이 킴(Jay Kim),2.0
전자양,2.0
Naomi & Goro(나오미 앤 고로),2.0
돕선앤로직스(Dopesun & LogicX),2.0
하우스 룰즈(House Rulez),2.0
MC 스나이퍼(MC Sniper),2.0
드렁큰 타이거(Drunken Tiger),2.0
한동준,2.0
장기하와 얼굴들,2.0
대니 정(Danny Jung),2.0
달빛요정역전만루홈런,2.0
달파란,2.0
김장훈,2.0
조정치,2.0
포미닛(4minute),2.0
지서련,2.0
네스티요나(Nastyona),2.0
페이지(Page),2.0
파이브(F-IV),2.0
최재훈,2.0
나비효과,2.0
김현정,2.0
파스텔블루(Pastel Blue),2.0
김두수,2.0
케이윌(K.Will),2.0
토마스 쿡(Thomas Cook),2.0
러브피쉬 프로젝트(LoveFish_Project),2.0
임정희,2.0
용원,2.0
마이노스 인 뉴올(Minos In Nuol),2.0
윤도현,2.0
박정은,2.0
박지혜 [인디],2.0
베란다 프로젝트(Verandah Project),2.0
옥수사진관,2.0
오태호,2.0
오윤혜,2.0
브이원 (V.One),2.0
영준 [Brown Eyed Soul],2.0
세렝게티(Serengeti),2.0
어반 자카파(Urban Zakapa),2.0
어떤날,2.0
애프터 스쿨(After School) ,2.0
스윙체어(Swingchair),2.0
시인과 촌장,2.0
메이트(Mate),2.0
흐른,2.0
이장혁,2.0
이장우,2.0
룸메이트(Roommate),2.0
렌(Len),2.0
이지연,2.0
선데이 선셋(Sunday Sunset),1.0
디제이 아키(DJ AKI),1.0
에메랄드 캐슬(Emerald Castle),1.0
강세윤 [액티브],1.0
검정치마,1.0
제이제이(JJ) [여성],1.0
구창모 ,1.0
페퍼톤스(Peppertones),1.0
비스트(Beast),1.0
길 (Of 리쌍),1.0
블랙 라벨(Black Label) ,1.0
들국화,1.0
이정봉(Lee Jung Bong),1.0
고은(Goeun),1.0
송골매,1.0
뜨거운 감자(Hot Potato),1.0
로로스(Loro's),1.0
송지은 [시크릿],1.0
슈가버블(Sugar Bubble),1.0
이현 [에이트],1.0
신해철,1.0
M.I.S(Made In Soul) ,1.0
Julienne Taylor(줄리언 테일러),1.0
안재욱,1.0
아일랜드 기타(Island Guitar),1.0
현진영,1.0
G.고릴라,1.0
11월,1.0
2AM,1.0
브이오에스(V.O.S.),1.0
김성재,1.0
트랙스(Trax),1.0
차여울,1.0
마이 앤트 메리(My Aunt Mary),1.0
이승기,1.0
이승우 [소울스타],1.0
이병우,1.0
못(Mot),1.0
조혜원,1.0
주니퍼(Junyfore),1.0
다비치,1.0
주영훈,1.0
줄리아 하트(Julia Hart),1.0
문차일드(Moon Child),1.0
민경훈,1.0
박상민,1.0
나윤권,1.0
더블케이(Double K),1.0
백현진,1.0
유사라,1.0
롤러코스터(Rollercoaster),1.0
원준희,1.0
러브홀릭스(Loveholics),1.0
봄여름가을겨울,1.0
와이(Y),1.0
키네틱플로우(K-Flow),1.0
타이키즈(Tykeys),1.0
쟈크와 래미(Zac & Lemi),1.0
김우주,1.0
두번째 달,1.0
김완선,1.0
렉시(Lexy),1.0
