﻿Artist,cnt
성시경,774.0
김동률,539.0
프라이머리(Primary),518.0
아이유(IU),513.0
어반 자카파(Urban Zakapa),493.0
휘성,426.0
김범수,372.0
버스커 버스커(Busker Busker),367.0
쿨(COOL),322.0
싸이(Psy),301.0
에피톤 프로젝트(Epitone Project),296.0
윤종신,290.0
10cm(십센치),277.0
박효신,277.0
토이(Toy),273.0
브라운 아이드 소울(Brown Eyed Soul),268.0
이적,265.0
김광석,257.0
제이레빗(J Rabbit),241.0
임창정,235.0
이승기,229.0
리쌍(Leessang),229.0
바이브(Vibe),225.0
포맨,221.0
지오디(god),218.0
브라운 아이즈(Brown Eyes),214.0
씨스타(Sistar),214.0
노을,208.0
스탠딩 에그(Standing Egg),204.0
투애니원(2NE1),202.0
나얼(Na-Ul),201.0
김연우,196.0
빈지노(Beenzino),195.0
김건모,194.0
다이나믹 듀오(Dynamic Duo),194.0
버벌진트(Verbal Jint),194.0
케이윌(K.Will),193.0
신해철,189.0
노리플라이(no reply),188.0
허각,187.0
린(LYn),185.0
이소라,184.0
다비치,181.0
G-DRAGON,180.0
에일리(Ailee),177.0
박정현,176.0
조성모,174.0
브로콜리너마저,168.0
에픽 하이(Epik High),167.0
BIGBANG,163.0
클래지콰이(Clazziquai),162.0
이승환,161.0
가을방학,159.0
어쿠스틱 콜라보(Acoustic Collabo),155.0
윤하(Younha/ユンナ),155.0
이승철,152.0
MC 몽,151.0
소녀시대,151.0
커피소년,148.0
백지영,145.0
바닐라 어쿠스틱(Vanilla Acoustic),143.0
지아(Zia),141.0
이수영,140.0
플라이 투 더 스카이(Fly To The Sky),139.0
가인 [브라운아이드걸스],139.0
거미,138.0
SG워너비,135.0
조규찬,135.0
슈프림팀(Supreme Team),132.0
이선희,132.0
부활,131.0
재주소년,128.0
신승훈,127.0
라디(Ra.D),126.0
럼블 피쉬(Rumble Fish),126.0
윈터플레이(Winterplay),125.0
서영은,124.0
엠씨 더 맥스(M.C the Max),121.0
넬(Nell),120.0
나윤권,115.0
긱스(Geeks),115.0
웅산,114.0
2AM,114.0
원 모어 찬스(one more chance),111.0
박지윤,110.0
김윤아,110.0
페퍼톤스(Peppertones),108.0
정준일 [메이트],108.0
캐스커(Casker),108.0
유희열,105.0
장재인,104.0
t윤미래,103.0
터보(Turbo),102.0
데이브레이크(daybreak),100.0
걸스데이(Girl's Day),99.0
임재범,99.0
비스트(Beast),98.0
존 박(John Park),98.0
타루(Taru),97.0
별,97.0
40(포티),97.0
윤상,97.0
전람회,96.0
양파,94.0
바비 킴(Bobby Kim),93.0
스웨덴세탁소,93.0
블락비(Block B),93.0
알리(Ali),92.0
이지형,92.0
공일오비(015B),91.0
프리 스타일(Free Style),90.0
윤건,89.0
넥스트(N.EX.T),89.0
옥상달빛,89.0
하림,89.0
배치기,88.0
정엽,87.0
요조(Yozoh),87.0
양요섭 [비스트],86.0
제이(J.ae),84.0
티아라(T-ara),82.0
이기찬,82.0
악동뮤지션(AKMU),82.0
김태우,81.0
베란다 프로젝트(Verandah Project),81.0
인피니트(Infinite),80.0
Lucia(심규선),80.0
몽니(Monni),80.0
짙은(Zitten),79.0
브라운 아이드 걸스,79.0
왁스(Wax),78.0
써니힐(Sunny Hill),78.0
지나(G.NA),77.0
투엘슨(2LSON),76.0
S.E.S.,75.0
화요비,74.0
정키(Jung Key),74.0
루시드 폴(Lucid Fall),72.0
언니네 이발관,70.0
라이너스의 담요(Linus' Blanket),70.0
애즈 원(As One),69.0
김현철,69.0
델리 스파이스(Deli Spice),69.0
빅마마(Big Mama),68.0
헤르쯔 아날로그(Herz Analog),67.0
루싸이트 토끼,67.0
뜨거운 감자(Hot Potato),66.0
스윙스(Swings),66.0
유엔(UN),66.0
허소영,65.0
에코 브릿지(Eco bridge),65.0
JUNIEL(주니엘),64.0
자전거 탄 풍경,64.0
정인,64.0
하동균,64.0
버즈(Buzz),63.0
박새별,63.0
메이트(Mate),62.0
동경소녀,61.0
김조한,60.0
크루셜스타(Crucial Star),60.0
울랄라세션(Ulala Session),60.0
허밍 어반 스테레오(Humming Urban Stereo),60.0
남예지,59.0
김종국,59.0
팀(Tim),59.0
박재범(Jay Park),57.0
이하이,56.0
스윗소로우(SWEET SORROW),56.0
영준 [Brown Eyed Soul],55.0
두번째 달,55.0
엄정화,54.0
박기영,54.0
러브홀릭(Loveholic),53.0
레이디스 코드(LADIES' CODE),53.0
한희정,53.0
태양,53.0
신용재 [4men],52.0
포지션(Position),52.0
애프터 스쿨(After School) ,52.0
레인보우(Rainbow),51.0
로이킴,50.0
주(Joo),50.0
주영(JooYoung),50.0
트러블메이커(Troublemaker),48.0
김형중,48.0
시크릿(Secret),48.0
리즈(Leeds),48.0
소란(Soran),48.0
김진표(JP),47.0
검정치마,47.0
에프엑스(f(x)),47.0
장윤주,47.0
정재욱,47.0
박선주,46.0
오렌지캬라멜(Orange Caramel),46.0
Zion.T,46.0
DJ DOC,46.0
보드카 레인(Vodka Rain),46.0
알레그로(Allegrow),45.0
좋아서 하는 밴드,44.0
강균성 [노을],44.0
원더걸스(Wonder Girls),44.0
해이(Hey),44.0
모리(Morrie),43.0
유미,43.0
테이(Tei),43.0
김광진,43.0
도나웨일(Donawhale),43.0
보보(Bobo),42.0
코쿤벨즈(Cocoon Bells),42.0
유재하,42.0
더 레이(The Ray),42.0
포스트맨(Postmen),41.0
정기고(Junggigo),40.0
이아립,40.0
매드 클라운(Mad Clown),40.0
알렉스(Alex) [클래지콰이],40.0
권순관,40.0
토마스 쿡(Thomas Cook),40.0
참깨와 솜사탕,39.0
젠틀 레인(Gentle Rain),39.0
에이핑크(Apink),39.0
현아 [포미닛],39.0
박진영,39.0
동방신기(TVXQ!),39.0
자우림(Jaurim),38.0
허민,38.0
랄라스윗(lalasweet),38.0
유아시대,38.0
핑클(Fin.K.L),38.0
이정현,37.0
여행스케치,37.0
이루펀트(Eluphant),37.0
브이오에스(V.O.S.),37.0
나비(Navi),37.0
아이비(IVY),37.0
마이티 마우스(Mighty Mouth),37.0
패닉(Panic),36.0
달콤한 소금,36.0
디어 클라우드(Dear Cloud),36.0
홍대광,36.0
김현정,36.0
헤리티지(Heritage),36.0
카라(Kara),36.0
조원선,35.0
테테(Tete),35.0
양양(YangYang),35.0
이그나이트(Ignite),35.0
윤한(Yoonhan),35.0
Various Artists,34.0
디제이 아키(DJ AKI),34.0
디바(Diva),34.0
문명진,33.0
Glen Check(글렌체크),33.0
아키버드(Aquibird),33.0
소울맨(Soulman),33.0
나르샤 [브라운아이드걸스],33.0
나윤선,33.0
씨스타19(Sistar 19),33.0
강아솔,33.0
업타운(UPT),33.0
하울(HowL),32.0
버블 시스터즈(Bubble Sisters),32.0
CHEEZE,32.0
더 원(The One),32.0
모세(Mose),32.0
FTISLAND(에프티 아일랜드),32.0
슬로우 쥰(Slow 6),32.0
이문세,32.0
태연 (Taeyeon),32.0
포미닛(4minute),31.0
듀스(Deux),31.0
소녀시대-태티서(Girls' Generation-TTS),31.0
산이(San E),31.0
더블케이(Double K),31.0
트랙 마켓(Track Market),31.0
디어(d.ear),31.0
제이에이(JA),31.0
보아(BoA),30.0
장미여관,30.0
슈가볼(Sugarbowl),30.0
이지영,30.0
거북이,30.0
동물원,30.0
하우스 룰즈(House Rulez),30.0
규현(KYUHYUN),29.0
안녕 바다,29.0
지누션(Jinusean),29.0
소규모 아카시아 밴드,29.0
솔리드(Solid),29.0
Kricc(크릭),29.0
써드코스트(3rd Coast),29.0
씨엔블루(CNBLUE),29.0
조관우,29.0
제이워크(J-Walk),29.0
시와(Siwa),29.0
장혜진,29.0
이석훈 [SG워너비],29.0
인피니트 H,28.0
박혜경,28.0
신예원,28.0
더 클래식(The Classic),28.0
이바디(Ibadi),28.0
양희은,28.0
강승윤 [WINNER],28.0
나인뮤지스(Nine Muses),28.0
박소유,28.0
클론(Clon),28.0
베이지(Beige),28.0
크러쉬(Crush),28.0
인디고(Indigo),28.0
임현정,28.0
박경환,27.0
우쿨렐레 피크닉(Ukulele Picnic),27.0
슈퍼주니어(Super Junior),27.0
푸디토리움(Pudditorium),27.0
JYJ,26.0
YB,26.0
나희경 [Jazz],26.0
에릭남,26.0
코요태,26.0
신화,25.0
밀크티(Milktea),25.0
피터팬 컴플렉스(Peterpan Complex),25.0
무한궤도,25.0
화접몽 밴드,25.0
장나라,25.0
김장훈,24.0
장필순,24.0
조정치,24.0
박명수,24.0
비스윗(Besweet),24.0
먼데이 키즈(Monday Kiz),24.0
아이유 ＆ 나윤권,24.0
소찬휘,24.0
박지헌,24.0
오지은,24.0
H.O.T.,24.0
윤도현,24.0
메이팝(Maypop),24.0
더 멜로디(The Melody),24.0
틴 탑(Teen Top),24.0
이소은,24.0
세븐데이즈(7Dayz),23.0
손성제,23.0
타블로(Tablo),23.0
스윙체어(Swingchair),23.0
여진(Yeo Jin),23.0
구혜선,23.0
이한철,23.0
젝스키스(Sechs Kies),22.0
조용필,22.0
김현식,22.0
김지수,22.0
MC 스나이퍼(MC Sniper),22.0
줄라이(July) [뉴에이지],22.0
에이트(8Eight),22.0
쥬얼리(Jewelry),22.0
상상밴드,22.0
야광토끼(Neon Bunny),22.0
김필(Kim Feel),22.0
한경일,22.0
도로시밴드(Dorothy Band),21.0
XIA(준수),21.0
서인국,21.0
스티(STi),21.0
이용,21.0
임정희,21.0
김형석,20.0
곰PD,20.0
조장혁,20.0
NY 물고기,20.0
하리(Hari),20.0
백아연,20.0
김민종,20.0
해브어티(Have A Tea),20.0
빅 베이비 드라이버(Big Baby Driver),20.0
란(Ran),20.0
에코(ECO),20.0
투개월,20.0
마이큐(MY-Q),20.0
선민(Sunmin),19.0
이은미,19.0
옥주현,19.0
언터쳐블,19.0
프렐류드(Prelude),19.0
스윗바이러스(Sweet Virus),19.0
벨 에포크(Belle Epoque),19.0
아소토 유니온(Asoto Union),19.0
비투비(BTOB),19.0
이루(Eru),19.0
재즈홀릭(Jazzholic),19.0
제리케이(Jerry. K),19.0
정재형,19.0
심현보,18.0
아이 투 아이(Eye To Eye),18.0
피노다인(Pinodyne),18.0
이상은(Lee Tzsche),18.0
유열,18.0
달샤벳(Dal★shabet),18.0
나루(Naru) [솔루션스],18.0
스웨터(Sweater),18.0
2PM,18.0
강타,18.0
소울스타(Soulstar),18.0
가을방학 김재훈,17.0
정원영,17.0
루나플라이(Lunafly),17.0
엠투엠(M To M),17.0
루체(Luce),17.0
성훈 [Brown Eyed Soul],17.0
정용화(Jung Yong Hwa),17.0
박라온,17.0
김연지,16.0
가비엔제이(Gavy N.J.),16.0
닥터심슨(Dr.Simpson),16.0
러브앤팝(Love & Pop),16.0
비(Rain),16.0
썸피플(Sumpeople),16.0
앤(Ann),16.0
3호선 버터플라이(3호선 Butterfly),16.0
김우주,16.0
HITCHHIKER (히치하이커),16.0
뉴욕 러브 다이어리(Newyork Love Diry),16.0
서지원,16.0
룰라(Roo'Ra),16.0
더 콰이엇(The Quiett),16.0
재지팩트(Jazzyfact),15.0
일렉트로보이즈(ELECTRO BOYZ),15.0
에보니힐(Ebonyhill),15.0
크리스탈 레인(Crystal Rain) ,15.0
뱅크(Bank),15.0
316,15.0
포터블 그루브 나인(Portable Groove 09),15.0
에디(Eddie),15.0
센티멘탈 시너리(Sentimental Scenery),15.0
씨야(SeeYa),15.0
마로니에(Maronnier),15.0
제이독(J-DOGG),15.0
타블로+페니(이터널 모닝),15.0
유피(UP),15.0
에레나(Elena),15.0
BMK,15.0
윤민수,15.0
박완규,15.0
비비안(BBAhn),15.0
"15&(박지민, 백예린)",15.0
내추럴(Natural),15.0
처진 달팽이(유재석 & 이적),15.0
데이라이트(Daylight),15.0
오션(5tion),15.0
최재훈,15.0
원써겐(1sagain),15.0
비원에이포(B1A4),14.0
양빛나라,14.0
캔(Can),14.0
하키(Hockee),14.0
SG워너비 김진호,14.0
Gwyneth Herbert(기네스 허버트),14.0
스몰오(Small O),14.0
휘(徽),14.0
스컬&하하(Skull&Haha;),14.0
솔지 [EXID],14.0
솔비,14.0
EXID(이엑스아이디),14.0
솔루션스(THE SOLUTIONS),14.0
Ennio Morricone(엔니오 모리꼬네),14.0
현진영,14.0
Iconiq(아이코닉),14.0
SAT,14.0
Indecent Obsession(인디센트 옵세션),14.0
소울라이츠(Soulights),14.0
James Blunt(제임스 블런트),14.0
한효주,14.0
아낌없이 주는 나무,14.0
하유진 ,14.0
서연,14.0
샵(S#arp),14.0
안치환,14.0
파니니(Panini),14.0
Cheryl Bentyne(셰릴 벤틴),14.0
어른아이(Adultchild),14.0
박보람,14.0
메론씨,14.0
영턱스클럽(YTC),14.0
김보경,14.0
김성호,14.0
요술당나귀,14.0
주윤하 [보드카레인],14.0
모노토이(Monotoi),14.0
박봄,14.0
나드(Nard),14.0
전소영,14.0
모이다 밴드(Moida Band),14.0
정인호,14.0
바람에 오르다,14.0
다니엘(Daniel) [DMTN],14.0
낭만유랑악단,14.0
제이에스(JS) [여성듀오],14.0
of 비스트(윤두준 & 이기광 & 용준형),14.0
유브이(UV),14.0
미스터 투(Mr.2),14.0
카니발(Carnival),14.0
김민준,14.0
마이 앤트 메리(My Aunt Mary),14.0
투어리스트(The Tourist),14.0
인스턴트 로맨틱 플로어(Instant Romantic Floor),14.0
일기예보,14.0
에스트래직 비츠(Estraziq Beats) ,14.0
테이크(Take),14.0
임병수,14.0
고한우,14.0
4-49(포포리나인),14.0
키네틱플로우(K-Flow),14.0
자자(Zaza),14.0
디아(Dia) [키스 & 크라이],14.0
자화상,14.0
잠바(Jamba),14.0
커먼 그라운드(Common Ground),14.0
도끼(Dok2),14.0
문차일드(Moon Child),14.0
이재훈 ,13.0
윤현상,13.0
효기(Hyoki) [Jazz],13.0
신치림(信治琳),13.0
이랑,13.0
유발이의 소풍,13.0
세이(Say),13.0
샤이니(SHINee),13.0
언타이틀(Untitle),13.0
투빅(2BiC),13.0
페이퍼컷 프로젝트(Papercut Project),13.0
컨츄리 꼬꼬(Country Kkokko),13.0
엠포(M4),13.0
필(Feel),13.0
하비누아주(Ravie Nuage),13.0
레비 파티(LEVIPARTY),13.0
바다,13.0
카페모카,12.0
에스파파(S.Papa.),12.0
보이(VOY),12.0
클로버(Clover) [남성솔로],12.0
크리스피 로즈(Crispy Rhodes),12.0
벤,12.0
이한진 밴드,12.0
정성하,12.0
할라맨(Halla Man),12.0
리오 케이코아(Leo Kekoa),12.0
누보두(Nouveau Deux),12.0
이호석,12.0
한민규,12.0
더필름(The Film),12.0
소이,12.0
마호가니 킹(Mahogany King),12.0
서태지와 아이들,12.0
네미시스(Nemesis),12.0
정민아,12.0
흠(Heum),11.0
이해완 [보드카레인],11.0
하이투힘(Hi to him),11.0
이지훈,11.0
이영미 [뮤지컬],11.0
장세용,11.0
최호섭,11.0
웅산 With DJ Okawari,11.0
워렌(Warren),11.0
힐링프로젝트(Healing Project),11.0
라즈베리필드,11.0
보싸다방(Bossa Dabang),11.0
소심한 오빠들(Sosimboys),11.0
고찬용,11.0
도원경,11.0
노브레인(No Brain),11.0
레드애플(Led apple),11.0
튠(TUNE),10.0
언노운 피플(UKP),10.0
Landon Pigg(랜던 피그),10.0
세븐(SE7EN),10.0
조규만,10.0
페이지(Page),10.0
태인,10.0
예인,10.0
오드(Ode),10.0
키스 미 조이(Kiss Me Joy),10.0
빅스(VIXX),10.0
원티드(Wanted),10.0
미스티 블루(Misty Blue),10.0
고유진(플라워),10.0
원웨이(Oneway),10.0
아지아틱스(AZIATIX),10.0
낯선 사람들,10.0
정은채 [배우],10.0
수상한 커튼,10.0
환희,10.0
그루(GRU),9.0
포이트리(Poetree),9.0
양정승(Kiroy Y),9.0
Yael Naim(야엘 나임),9.0
수호,9.0
디에스 커넥션(DS_Connexion),9.0
토이멜라(Toymela),9.0
H2가인(歌人),9.0
솔솔부는 봄바람,9.0
롤러코스터(Rollercoaster),9.0
시로스카이(Shirosky),9.0
김은태,9.0
JUUNO,9.0
하루(Haroo),9.0
정슬기,9.0
Blee(블리),9.0
키덜트(Kidult) [인디락],8.0
김종욱,8.0
펄스데이(Pearl's Day),8.0
딕펑스(Dick Punks),8.0
은미(Eunmi),8.0
앨리스 스마일(Alice Smile),8.0
Alexander Dolsky,8.0
앤덥(Andup),8.0
러브홀릭스(Loveholics),8.0
프린세스 디지즈(Princess Disease),8.0
SMTown,8.0
유잔Q,8.0
트램폴린(Trampauline),8.0
브라더수(BrotherSu),8.0
루빈(Ruvin),8.0
보이프렌드(Boyfriend),8.0
장기하와 얼굴들,8.0
보니(Boni),8.0
최예나,8.0
토리 [인디],8.0
장연주,8.0
더더(THETHE),8.0
클라우드 쿠쿠랜드(Cloud Cuckoo Land),8.0
더 젬(The Gem),8.0
레이디 제인(Lady Jane),8.0
국카스텐(Guckkasten),8.0
Ed.C,8.0
Clara C(클라라 씨),8.0
아이엠(iM),8.0
해랑(Haerang) [재즈],8.0
한영애,8.0
손승연,8.0
M시그널,8.0
유승준,7.0
송지은 [시크릿],7.0
이현 [에이트],7.0
JJ Project(제이제이 프로젝트),7.0
김돈규,7.0
머쉬룸즈(Mushru:ms),7.0
임세준,7.0
루이비(Louis.B),7.0
엄브렐라 스탠드(Umbrella Stand),7.0
이영훈 [인디],7.0
천상지희 더 그레이스(天上智喜 The Grace),7.0
보이스원(Voice One),7.0
아날로그 소년,7.0
제이켠(J'Kyun) [럭키제이],7.0
나원주,7.0
Janis Ian(재니스 이안),7.0
트리플 이펙트(Triple Effect),7.0
정혜담,7.0
아이리쉬 커피(Irish Coffee),7.0
용원,7.0
채정안,7.0
아침(Achime),7.0
네스티요나(Nastyona),7.0
미(MIIII),7.0
윤석철 트리오(SC Yun's Trio),7.0
S.M. The Ballad '제규종지',7.0
박소윤,6.0
한선화 [시크릿],6.0
옥수사진관,6.0
김경록 [V.O.S],6.0
H-유진,6.0
Oe,6.0
말로(Malo),6.0
제국의아이들[ZE:A],6.0
김경호,6.0
Caramel espreSSo(카라멜 에스프레소),6.0
권진원,6.0
오리엔탱고(Orientango),6.0
제이레이디즈(J.lady's),6.0
바닐라시티(Vanila City),6.0
정지찬 [원모어찬스],6.0
시드 사운드(SID-Sound),6.0
김동욱,6.0
셀로판리버(Cellophane River),6.0
소울라임(SouLime),6.0
태사비애,6.0
봄여름가을겨울,6.0
더블에스501(SS501),6.0
아톰북(Atombook),6.0
은표,6.0
윤서진 [Jazz],6.0
수지 [miss A],6.0
멜로 브리즈(Melo' Breeze),6.0
알비-프리 코드 콤비네이션(rb-free code combination),6.0
못(Mot),6.0
플라워(Flower),6.0
앤드(And),6.0
유정균 [세렝게티],6.0
얀(Yarn),6.0
비프리(B-Free),6.0
The Finnn,6.0
비쥬(Bijou),6.0
W & Whale(더블유 앤 웨일),6.0
박주원,6.0
브랜뉴직(Brand Newjiq),6.0
혜령,6.0
로맨틱 펀치(Romantic Punch),6.0
에메랄드 캐슬(Emerald Castle),6.0
로맨틱멜로디초비,6.0
브이원 (V.One),6.0
더 블루(The Blue),6.0
치즈가몽키(Cheeze Ga Monkey),5.0
지민 [곽지민],5.0
유리상자,5.0
소울 다이브(Soul Dive),5.0
민설,5.0
김동희,5.0
몽라(Monla/夢兒),5.0
박미경,5.0
우주히피(Cosmos Hippie),5.0
카피머신(Copy Machine),5.0
바스코(Vasco),5.0
민경훈,5.0
Jackson Browne(잭슨 브라운),5.0
미쓰 에이(miss A),5.0
채연,5.0
Josh Groban(조쉬 그로반),5.0
긱스(Gigs),5.0
20세기 소년,5.0
티오(T.O),5.0
오지은과 늑대들,5.0
브라운브레스(Brownbreath),5.0
전인권,5.0
아이니(i-ny),5.0
이현우,5.0
서울 전자 음악단,5.0
프라이머리 스코어(Primary Score),5.0
더 그랜드(The Grand),5.0
이효리,5.0
인광,5.0
애쉬(Ash),5.0
히나인(Heenain),5.0
러블리벗(Lovelybut),5.0
라니아(Rania),5.0
일렉 쿠키(Elec Cookie),5.0
더 넛츠(The Nuts),5.0
시인과 촌장,5.0
엔알지(N.R.G),5.0
옐로우 몬스터즈(Yellow Monsters),5.0
JC지은,5.0
세하(Seha),5.0
강준하,5.0
리사(Lisa),5.0
세인트(Saint),5.0
한효주 With 브로콜리너마저,5.0
리치(Rich),5.0
신효범,5.0
니콜,5.0
그레이스(Grace),5.0
하찌와애리(Hachi&Eri;),5.0
마끼아또,4.0
드렁큰 타이거(Drunken Tiger),4.0
조아혜,4.0
이규호,4.0
마더컨트리,4.0
현빈,4.0
조덕배,4.0
조문근,4.0
돕선(Dopesun),4.0
장현승 [비스트],4.0
메이랜드(Mayland),4.0
이지혜,4.0
이안,4.0
손지연,4.0
이정,4.0
더 네임(The Name),4.0
이정봉(Lee Jung Bong),4.0
디갈로(Degalo),4.0
반광옥,4.0
2YOON(포미닛 투윤),4.0
9와 숫자들,4.0
백현수(Baek Hyun Soo),4.0
Sara Bareilles(사라 바렐리스),4.0
NS Yoon-G ,4.0
엠스트리트(M.Street),4.0
푸른새벽,4.0
아이라인(Eyeline),4.0
비비(B.B),4.0
Unknown,4.0
소냐(Sonya),4.0
하현곤,4.0
강수지,4.0
서인영,4.0
가내수공업,4.0
파니핑크(Fanny Fink) ,4.0
Awa(아와),4.0
아마도이자람밴드,4.0
어반스페이스(Urbanspace),4.0
하모하모(Hamohamo),4.0
팔로알토(Paloalto),4.0
Ruby Star(루비스타),4.0
Priscilla Ahn(프리실라 안),4.0
Polaris 이정민,4.0
김사랑,4.0
미키드(에어플레인),4.0
그린티(The Green Tea),4.0
체리필터(Cherry Filter),4.0
차은주,4.0
창고,4.0
진호,4.0
김란영,4.0
용감한 녀석들,4.0
지플라(G.Fla),4.0
신성우,4.0
박학기,4.0
W(Where The Story Ends),3.0
라임어택(RHYME-A-),3.0
흐른,3.0
핑크 엘리펀트(Pink Elephant),3.0
페일그레이(Pale Grey),3.0
황미영,3.0
힐링미(Healing Me),3.0
흑꼬,3.0
동요나라,3.0
플레이밍 스타(Flaming Star),3.0
Mia Doi Todd(미아 도이 토드),3.0
주형진,3.0
달에닿아,3.0
홍경민,3.0
팔드로(8Dro),3.0
김현성,3.0
나몰라패밀리N,3.0
천사(1004),3.0
조pd(ZoPD),3.0
카밀라(Camilla),3.0
제펫(Jeppet),3.0
김민규 [스위트피],3.0
크레용팝(Crayon Pop),3.0
제드(Jed),3.0
타코앤제이형(Tako & J Hyung),3.0
정혜민 [가비앤제이],3.0
태빈(Taebin),3.0
태완(C-Luv),3.0
정태우,3.0
뉴튼(Newton),3.0
한소아,3.0
견우,3.0
Laurent Voulzy(로랑 불지),3.0
김종찬,3.0
하이브리파인(HybRefine),3.0
GRAY(그레이) [힙합],3.0
하이디,3.0
파티스트릿(Party Street),3.0
New Jack,3.0
신세경,3.0
라킨라드(LaKinRad),3.0
안은정,3.0
이은하,3.0
메이비(MayBee),3.0
이우창,3.0
백청강,3.0
윈디시티(Windy City),3.0
빅뱅(방승철) [Solo],3.0
배철수,3.0
이루마(Yiruma),3.0
산울림,3.0
이어부스(Earbooth),3.0
사운디스트(SOUNDist),3.0
이지엠(EZ'M),3.0
앨리스 인 네버랜드(Alice In Neverland),3.0
온유(On.U) [발라드],3.0
45알피엠(45RPM),3.0
이병우,3.0
시애나(Siaena),3.0
신은성,3.0
손담비,3.0
빌리브(V.elieve),3.0
박아셀,3.0
빛과 소금,3.0
바나나보트(Banana Boat),3.0
사비나앤드론즈(Savina & Drones),3.0
벗님들,3.0
모자이크,3.0
러브시티(LoveCity),3.0
Achordion(아코디언),3.0
브라이언(Brian),3.0
미선이,3.0
에스프레소(Espresso),3.0
레일로드(Railroad),3.0
5mg,3.0
서문탁,3.0
브레이브걸스(Brave Girls),3.0
숙희,3.0
카말(Kamaal),2.0
하은,2.0
진운,2.0
원준희,2.0
진주,2.0
Yerim,2.0
김민지 [보이스코리아],2.0
김디지(Deegie) [트레블러],2.0
서태지,2.0
차가운 체리(Cold Cherry),2.0
아워멜츠(Hourmelts) ,2.0
아일랜드 기타(Island Guitar),2.0
유소라,2.0
아프로디노(Afrodino),2.0
민효린,2.0
초콜릿 소울(Chocolate Soul),2.0
최선배,2.0
애프터스쿨 Blue,2.0
케이넌(Canaan),2.0
코나(Kona),2.0
가리온(Garion),2.0
파스텔블루(Pastel Blue),2.0
갈릭스(Garlixx),2.0
팔로(FarLaw),2.0
블랙펄(Black Pearl),2.0
어반플래닛(Urbanplanet),2.0
7공주,2.0
에이프릴(April),2.0
개인플레이(Gainplay),2.0
벨벳글로브(Velvet Glove),2.0
토스티(Toastie),2.0
베이시스(Basis),2.0
엑스오(XO),2.0
고두림,2.0
펜토(Pento),2.0
Unlimit,2.0
비트겐슈타인(Wittgenstein),2.0
고현욱,2.0
B.A.P,2.0
영지(버블시스터즈),2.0
Simon Dominic(사이먼 도미닉),2.0
Silvio Rodriguez(실비오 로드리게즈),2.0
옆집 남자(A Boy Next Door),2.0
Sendyou,2.0
라임버스(Rhyme Bus),2.0
클린치(Clinch),2.0
하이진(Hyejin),2.0
길건,2.0
길미,2.0
3월의 토끼,2.0
진원,2.0
나폴레옹 다이나마이트(Napoleon Dynamite),2.0
매슬로(Maslo),2.0
David Sanborn(데이빗 샌본),2.0
정일영,2.0
더폼프로젝트(The ForM Project),2.0
송용창 쿼텟,2.0
Delicat X Stally,2.0
핸섬피플(Handsome People),2.0
소울원(Soul One),2.0
전기뱀장어,2.0
제이세라(J-Cera),2.0
홍인성,2.0
로퀜스(Loquence) ,2.0
네이쳐(Nature),2.0
이원진,2.0
노라조,2.0
선우정아(Sunwoojunga),2.0
마르코(Marco) [힙합],2.0
정혜원,2.0
이승열,2.0
루앤(Luanne),2.0
시노(Cino),2.0
이승훈 [발라드],2.0
손호영,2.0
FOLEY(폴리),2.0
이아레,2.0
스피카(SPICA),2.0
레인보우 커피(Rainbow Coffee),2.0
스프링롤(Springloll),2.0
인디언 수니(Indian Soonie),2.0
은초(Eun Cho),2.0
조은경,2.0
씨리얼(C-Real),2.0
디셈버(December),2.0
은지원,2.0
은비 [발라드],2.0
조윤채,2.0
9초(Nine Seconds),2.0
세 개의 시선,2.0
인소윤,2.0
KCM,2.0
익사이트(Excite),2.0
DJ 소울스케이프(DJ Soulscape),2.0
나미,2.0
해금,2.0
꽃별(Ccotbyel),2.0
스페이스 A(Space A),1.0
스맥스(S'Max),1.0
숨의숲,1.0
스타 러브 피쉬(Star Love Fish),1.0
파란(Paran),1.0
희영(Hee Young),1.0
후레쉬 보이즈(Fresh Boyz),1.0
D. Pec,1.0
블루베리 [여자],1.0
비다로카(Vida Loca),1.0
홍채린,1.0
EXO-K(엑소케이),1.0
스위티(Swi.T),1.0
어느새,1.0
어떤날,1.0
수경 [빨간의자],1.0
팻두(FatDoo),1.0
솔플라워(Sol' Flower),1.0
어바노(Urbano),1.0
MJ(써니사이드),1.0
Savina Yannatou(사비나 야나투),1.0
푸딩(Pudding),1.0
해바라기,1.0
사준,1.0
Julienne Taylor(줄리언 테일러),1.0
K2(김성면),1.0
PD블루,1.0
A.T(에이티),1.0
썸데이(Someday),1.0
하루(Haru) [여성],1.0
새바람이 오는 그늘,1.0
아카시아(AcAciA),1.0
씨비 매스(CB Mass),1.0
Mondo Grosso(몬도 그로소),1.0
한강의 기적,1.0
선데이 시크릿,1.0
씨팍(Ssipak),1.0
MC 한새(MC haNsAi),1.0
실루엣,1.0
피타입,1.0
푸른 하늘,1.0
피아노 I,1.0
헤윰(Heyum),1.0
프라이머리 스쿨(Primary Skool),1.0
Script(스크립트),1.0
프리키(Freaky),1.0
프리픽스(Prepix),1.0
신소희,1.0
소울크라이(SoulCry),1.0
플라스틱 피플(Plastic People),1.0
애쉬(Ash) [R&B;],1.0
사계절 정원,1.0
사람과 나무,1.0
플레이트(Plate),1.0
피비스(PB's),1.0
피아(Pia),1.0
신지,1.0
뷰티풀 데이즈(Beautiful Days),1.0
키스(Kiss),1.0
에스제이(SJ) [Jazz],1.0
나몰라 패밀리 TKO,1.0
내가그린(Naega Green),1.0
이보람 [씨야],1.0
남아스떼(男兒's 떼),1.0
이범학,1.0
젠(Zen),1.0
매드 소울 차일드(Mad Soul Child),1.0
나오미(Naomi),1.0
이동원,1.0
메이커슬(Makustle),1.0
이규호(Kyo),1.0
나몰라패밀리 JW,1.0
조은(Cho Eun),1.0
마지막 토스트(Lastoast),1.0
김창완 밴드(Kim Chang Wan Band),1.0
김종서,1.0
김정호,1.0
모든(Moden),1.0
김정민,1.0
김완선,1.0
김신우,1.0
몰릭(MhOlic),1.0
김수근,1.0
4번출구,1.0
진보(Jinbo),1.0
이상순 ,1.0
마야(Maya),1.0
윤제(Yunje),1.0
로빈이 토끼란 사실을 알고 있었나?,1.0
라디오맨,1.0
인순이,1.0
슈가(Sugar),1.0
들국화,1.0
장기하,1.0
레시피밴드(Recipe Band),1.0
드래곤플라이(Dragonfly),1.0
이현도(=D.O),1.0
이혁 [노라조],1.0
뎁인뎁쇼,1.0
로맨틱 모먼트(Romantic Moment),1.0
더 크래용스(The Crayons),1.0
이수,1.0
더 카(The Car),1.0
로지 피피(RossyPP),1.0
로켓트리(Rockettree),1.0
달빛요정역전만루홈런,1.0
이영현,1.0
다혜,1.0
다소니(Dasoni),1.0
니모(Ne;MO),1.0
류석원,1.0
BNR(Brand New Radio),1.0
정형돈,1.0
진선(JinSun),1.0
김소리,1.0
팀(Team),1.0
터치(Touch),1.0
BB.BOYS(비비 보이즈),1.0
오윤혜,1.0
오르프제겐 뮤직,1.0
방용국,1.0
키스위치,1.0
타바코쥬스(Tobacco Juice),1.0
권성연,1.0
타이키즈(Tykeys),1.0
번아웃하우스,1.0
범키(Bumkey),1.0
고은(Goeun),1.0
엘리카(Elika),1.0
오현란,1.0
고서이,1.0
걸(Girl),1.0
투앤비(2NB),1.0
강우진,1.0
봄(Bom),1.0
투투(Two Two),1.0
에이오에이(AOA),1.0
강산에,1.0
에스프레소(금석균),1.0
간종욱,1.0
불독맨션(Bulldogmansion),1.0
오프스텝(Off Step),1.0
올드피쉬(Oldfish),1.0
몸과마음,1.0
김민기,1.0
김성규 [인피니트],1.0
문선(Moonsun),1.0
유키스(U-KISS),1.0
유채영,1.0
민해경,1.0
철이와 미애,1.0
최백호,1.0
최정철,1.0
최지훈 트리오,1.0
김범룡,1.0
원효로1가 13-25,1.0
원타임(1TYM),1.0
박정은,1.0
바람을 가르고(Untouched Wind),1.0
김만희 [CCM],1.0
바이 바이 배드맨(Bye Bye Badman),1.0
커피브로스(Coffee Bros),1.0
박강수,1.0
박성신,1.0
우현 [인피니트],1.0
케이준(K Jun),1.0
김남길,1.0
김규민,1.0
박정아,1.0
슈가버블(Sugar Bubble),1.0
