﻿Artist,cnt
성시경,257.0
김동률,189.0
김광석,178.0
김건모,176.0
리쌍(Leessang),136.0
브라운 아이즈(Brown Eyes),124.0
에피톤 프로젝트(Epitone Project),118.0
아이유(IU),114.0
신승훈,113.0
바이브(Vibe),103.0
브라운 아이드 소울(Brown Eyed Soul),103.0
박효신,98.0
10cm(십센치),97.0
다이나믹 듀오(Dynamic Duo),94.0
프라이머리(Primary),93.0
엠씨 더 맥스(M.C the Max),92.0
소녀시대,92.0
어반 자카파(Urban Zakapa),92.0
포맨,89.0
윤하(Younha/ユンナ),85.0
김범수,83.0
이승환,83.0
박정현,81.0
씨스타(Sistar),80.0
노을,80.0
지아(Zia),80.0
화요비,78.0
백지영,78.0
지오디(god),75.0
휘성,73.0
엄정화,72.0
투애니원(2NE1),72.0
G-DRAGON,70.0
버스커 버스커(Busker Busker),70.0
터보(Turbo),69.0
쿨(COOL),69.0
버벌진트(Verbal Jint),69.0
S.E.S.,66.0
부활,65.0
노리플라이(no reply),65.0
SG워너비,63.0
이적,61.0
싸이(Psy),61.0
김종국,61.0
이승기,58.0
김연우,58.0
조성모,58.0
이소라,57.0
린(LYn),57.0
다비치,57.0
샵(S#arp),57.0
거미,56.0
임재범,56.0
김현정,56.0
토이(Toy),55.0
델리 스파이스(Deli Spice),55.0
슈프림팀(Supreme Team),54.0
양파,54.0
임창정,53.0
넬(Nell),52.0
나얼(Na-Ul),52.0
t윤미래,52.0
나윤권,51.0
버즈(Buzz),50.0
허각,50.0
어쿠스틱 콜라보(Acoustic Collabo),49.0
티아라(T-ara),49.0
가을방학,49.0
박진영,49.0
김윤아,49.0
장혜진,48.0
하림,47.0
테이(Tei),47.0
스탠딩 에그(Standing Egg),46.0
비스트(Beast),46.0
에픽 하이(Epik High),46.0
프리 스타일(Free Style),45.0
윤종신,45.0
하동균,44.0
BIGBANG,44.0
알리(Ali),43.0
전람회,43.0
이승철,43.0
브로콜리너마저,42.0
에일리(Ailee),42.0
바닐라 어쿠스틱(Vanilla Acoustic),42.0
이수영,42.0
MC 몽,42.0
박기영,41.0
재주소년,40.0
김조한,38.0
박지윤,38.0
마이티 마우스(Mighty Mouth),37.0
원 모어 찬스(one more chance),37.0
이지형,37.0
카라(Kara),36.0
소찬휘,36.0
더 원(The One),36.0
장나라,36.0
보보(Bobo),36.0
이기찬,35.0
정엽,34.0
김현성,34.0
조장혁,33.0
가인 [브라운아이드걸스],33.0
럼블 피쉬(Rumble Fish),33.0
윤건,32.0
유희열,32.0
시크릿(Secret),32.0
왁스(Wax),32.0
타루(Taru),32.0
지누션(Jinusean),31.0
라디(Ra.D),31.0
김광진,31.0
윤한(Yoonhan),31.0
Lucia(심규선),31.0
포지션(Position),31.0
애즈 원(As One),31.0
임정희,30.0
옥상달빛,30.0
울랄라세션(Ulala Session),30.0
소란(Soran),30.0
패닉(Panic),29.0
박혜경,29.0
정준일 [메이트],29.0
코요태,29.0
요조(Yozoh),28.0
브이오에스(V.O.S.),28.0
케이윌(K.Will),28.0
제이레빗(J Rabbit),28.0
윤상,28.0
김경호,28.0
윤도현,27.0
클래지콰이(Clazziquai),27.0
허민,27.0
유승준,27.0
박미경,27.0
긱스(Geeks),26.0
별,26.0
조규찬,26.0
지나(G.NA),26.0
팀(Tim),26.0
루시드 폴(Lucid Fall),25.0
비(Rain),25.0
스윗소로우(SWEET SORROW),25.0
40(포티),25.0
공일오비(015B),25.0
라즈베리필드,24.0
디어 클라우드(Dear Cloud),24.0
2AM,24.0
젝스키스(Sechs Kies),24.0
빈지노(Beenzino),24.0
베란다 프로젝트(Verandah Project),24.0
원타임(1TYM),24.0
커피소년,24.0
JK 김동욱,23.0
언니네 이발관,23.0
베이비복스(Baby V.O.X),23.0
유리상자,23.0
김태우,22.0
서영은,22.0
인피니트(Infinite),22.0
좋아서 하는 밴드,22.0
유미,22.0
미쓰 에이(miss A),22.0
블락비(Block B),22.0
윈터플레이(Winterplay),22.0
H.O.T.,22.0
씨엔블루(CNBLUE),22.0
메이트(Mate),22.0
핑클(Fin.K.L),21.0
써니힐(Sunny Hill),21.0
에코(ECO),21.0
이문세,21.0
룰라(Roo'Ra),21.0
한희정,20.0
이한철,20.0
더 레이(The Ray),20.0
더 넛츠(The Nuts),20.0
포이트리(Poetree),20.0
페퍼톤스(Peppertones),20.0
이지훈,20.0
최재훈,20.0
원티드(Wanted),20.0
이은미,19.0
제이(J.ae),19.0
배치기,19.0
리즈(Leeds),19.0
엠투엠(M To M),19.0
한경일,19.0
신효범,19.0
틴 탑(Teen Top),19.0
테이크(Take),18.0
강타,18.0
유재하,18.0
김돈규,18.0
야다(Yada),18.0
아이유 ＆ 나윤권,18.0
소울사이어티(Soulciety),18.0
소울스타(Soulstar),18.0
녹색지대,18.0
동방신기(TVXQ!),18.0
자우림(Jaurim),17.0
보드카 레인(Vodka Rain),17.0
김현철,17.0
해이(Hey),17.0
달샤벳(Dal★shabet),17.0
존 박(John Park),17.0
김동희,17.0
조원선,17.0
랄라스윗(lalasweet),17.0
사운디스트(SOUNDist),16.0
혜령,16.0
장재인,16.0
알이에프(R.ef),16.0
박완규,16.0
나비(Navi),16.0
이정현,16.0
정키(Jung Key),16.0
김민종,16.0
달에닿아,15.0
양빛나라,15.0
헤리티지(Heritage),15.0
바비 킴(Bobby Kim),15.0
정인,15.0
라이너스의 담요(Linus' Blanket),15.0
MC 스나이퍼(MC Sniper),15.0
자전거 탄 풍경,15.0
스프링롤(Springloll),15.0
솔리드(Solid),15.0
짙은(Zitten),15.0
이선희,15.0
컬투(Cultwo),14.0
휘(徽),14.0
곰PD,14.0
고유진(플라워),14.0
주(Joo),14.0
차가운 체리(Cold Cherry),14.0
브이원 (V.One),14.0
브리즈(The Breeze),14.0
트랙스(Trax),14.0
JUNIEL(주니엘),14.0
트러블메이커(Troublemaker),14.0
Martin Solveig(마틴 솔베이그),14.0
자자(Zaza),14.0
Nat King Cole(냇 킹 콜),14.0
오지은,14.0
영턱스클럽(YTC),14.0
포미닛(4minute),14.0
리사(Lisa),14.0
솔솔부는 봄바람,14.0
리아(Riaa),14.0
유엔(UN),14.0
하울(HowL),14.0
성현주,14.0
신해철,14.0
박명수,14.0
김정민,14.0
이소은,14.0
코쿤벨즈(Cocoon Bells),14.0
레인보우(Rainbow),14.0
몽니(Monni),14.0
이루(Eru),13.0
동경소녀,13.0
밀크티(Milktea),13.0
정용화(Jung Yong Hwa),13.0
Susan Jacks(수잔 잭스),13.0
롤러코스터(Rollercoaster),13.0
마이 앤트 메리(My Aunt Mary),13.0
철이와 미애,13.0
안치환,13.0
임현정,13.0
줄라이(July) [뉴에이지],13.0
에코 브릿지(Eco bridge),13.0
4-49(포포리나인),13.0
소심한 오빠들(Sosimboys),13.0
장미여관,12.0
비쥬(Bijou),12.0
정재욱,12.0
비투비(BTOB),12.0
에메랄드 캐슬(Emerald Castle),12.0
원더걸스(Wonder Girls),12.0
인광,12.0
더필름(The Film),12.0
뱅크(Bank),12.0
디제이 아키(DJ AKI),11.0
토마스 쿡(Thomas Cook),11.0
박봄,11.0
하루(Haroo),11.0
달빛요정역전만루홈런,11.0
엠스트리트(M.Street),11.0
저스트(Just),11.0
한소아,11.0
씨야(SeeYa),11.0
허밍 어반 스테레오(Humming Urban Stereo),11.0
문명진,11.0
러브홀릭(Loveholic),11.0
넥스트(N.EX.T),11.0
W & Whale(더블유 앤 웨일),11.0
진주,11.0
팔로알토(Paloalto),11.0
먼데이 키즈(Monday Kiz),11.0
참깨와 솜사탕,11.0
김장훈,10.0
루싸이트 토끼,10.0
박경환,10.0
손담비,10.0
라-듀오(La-Duo),10.0
주영(JooYoung),10.0
클론(Clon),10.0
조규만,10.0
장세용,10.0
키스 미 조이(Kiss Me Joy),10.0
영준 [Brown Eyed Soul],10.0
원써겐(1sagain),10.0
팀(Team),10.0
에프엑스(f(x)),10.0
걸스데이(Girl's Day),10.0
양정승(Kiroy Y),10.0
권순관,9.0
이퍼블릭(E-Public),9.0
수상한 커튼,9.0
포스트맨(Postmen),9.0
브라운 아이드 걸스,9.0
투엘슨(2LSON),9.0
모리(Morrie),9.0
플라이 투 더 스카이(Fly To The Sky),9.0
캐스커(Casker),9.0
Karla Bonoff(칼라 보노프),9.0
데이라이트(Daylight),9.0
검정치마,9.0
타블로(Tablo),9.0
앤덥(Andup),9.0
빅마마(Big Mama),9.0
하늘 [그룹],9.0
알렉스(Alex) [클래지콰이],9.0
오션(5tion),9.0
웅산,9.0
크레용팝(Crayon Pop),9.0
이해완 [보드카레인],8.0
조은(Cho Eun),8.0
장연주,8.0
이상은(Lee Tzsche),8.0
옥수사진관,8.0
하찌와 TJ,8.0
이원진,8.0
이재훈 ,8.0
아이비(IVY),8.0
인순이,8.0
조pd(ZoPD),8.0
신성우,8.0
두번째 달,8.0
가을방학 김재훈,8.0
소울맨(Soulman),8.0
고현욱,8.0
2PM,8.0
센티멘탈 시너리(Sentimental Scenery),8.0
316,8.0
보아(BoA),8.0
박진혁,8.0
세븐스 플로어(The 7th Floor),8.0
란(Ran),8.0
나희경 [Jazz],8.0
모이다 밴드(Moida Band),8.0
김효진 [배우],8.0
피플 크루(People Crew),7.0
박새별,7.0
안재욱,7.0
달콤한 소금,7.0
유피(UP),7.0
정혜담,7.0
아침(Achime),7.0
조관우,7.0
김현식,7.0
산이(San E),7.0
투앤비(2NB),7.0
예민,7.0
채정안,7.0
커먼 그라운드(Common Ground),7.0
규현(KYUHYUN),7.0
페이지(Page),7.0
블록(Block),7.0
솔플라워(Sol' Flower),7.0
로이킴,7.0
장기하와 얼굴들,7.0
이바디(Ibadi),7.0
신화,7.0
9와 숫자들,7.0
루머스(Rumors),7.0
스페이스 A(Space A),7.0
이아립,7.0
손성제,7.0
홍대광,7.0
장필순,6.0
샤이니(SHINee),6.0
양양(YangYang),6.0
나르샤 [브라운아이드걸스],6.0
가비엔제이(Gavy N.J.),6.0
김형중,6.0
일단은 준석이들,6.0
카니발(Carnival),6.0
봄(Bom),6.0
수지 [miss A],6.0
브랜뉴직(Brand Newjiq),6.0
김디지(Deegie) [트레블러],6.0
마로니에(Maronnier),6.0
이현우,6.0
낯선 사람들,6.0
애프터 스쿨(After School) ,6.0
뜨거운 감자(Hot Potato),6.0
알비-프리 코드 콤비네이션(rb-free code combination),6.0
플라워(Flower),6.0
바닐라시티(Vanila City),6.0
조정현,5.0
로맨틱멜로디초비,5.0
동물원,5.0
이하이,5.0
재즈오텍(Jazzotheque),5.0
데이브레이크(daybreak),5.0
이상순 ,5.0
정기고(Junggigo),5.0
크리스탈 레인(Crystal Rain) ,5.0
리나(Lina),5.0
오렌지캬라멜(Orange Caramel),5.0
리미와 감자,5.0
김진우,5.0
모든(Moden),5.0
이정,5.0
더더(THETHE),5.0
더 클래식(The Classic),5.0
정인호,5.0
디아(Dia) [키스 & 크라이],5.0
주윤하 [보드카레인],5.0
나인뮤지스(Nine Muses),5.0
흠(Heum),5.0
Keri Noble(케리 노블),5.0
슬림(S.L.I.M),5.0
앤드(And),5.0
한소현,5.0
티아라 With 다비치,5.0
성진우,5.0
11월,5.0
어반 코너(Urban Corner),5.0
아이니(i-ny),5.0
7공주,5.0
Janis Ian(재니스 이안),5.0
JC지은,5.0
슬로우 쥰(Slow 6),5.0
스테이튠(Stay Tune),5.0
스타 러브 피쉬(Star Love Fish),5.0
태연 (Taeyeon),5.0
키네틱플로우(K-Flow),5.0
스웨덴세탁소,5.0
아이라인(Eyeline),4.0
못(Mot),4.0
뮤직페이스,4.0
도원경,4.0
아일랜드 기타(Island Guitar),4.0
JYJ,4.0
정재형,4.0
이규호,4.0
소규모 아카시아 밴드,4.0
민들레 [가요],4.0
장리인,4.0
이동건,4.0
FOLEY(폴리),4.0
한스밴드(Han's Band),4.0
이보람 [씨야],4.0
DJ 소울스케이프(DJ Soulscape),4.0
현아 [포미닛],4.0
메이크어위시 합창단,4.0
현진영,4.0
수호,4.0
레이디 제인(Lady Jane),4.0
일기예보,4.0
숄(Sol),4.0
이진성 [먼데이 키즈],4.0
M.I.S(Made In Soul) ,4.0
길미,4.0
낭만유랑악단,4.0
조동진,4.0
김창완 밴드(Kim Chang Wan Band),4.0
걸(Girl),4.0
어떤날,4.0
쥬얼리(Jewelry),4.0
틴틴 파이브,4.0
올라이즈 밴드(All Lies Band),4.0
NS Yoon-G ,4.0
서지원,4.0
박지혜 [인디],4.0
투샤이(2Shai),4.0
김란영,4.0
애쉬(Ash),4.0
클린치(Clinch),4.0
카밀라(Camilla),3.0
흐른,3.0
러브피쉬 프로젝트(LoveFish_Project),3.0
레드애플(Led apple),3.0
이효리,3.0
천사(1004),3.0
김종환,3.0
임성은,3.0
이현도(=D.O),3.0
견우,3.0
테테(Tete),3.0
게으른 오후,3.0
3호선 버터플라이(3호선 Butterfly),3.0
강우진,3.0
화이트(W.H.I.T.E.),3.0
정태우,3.0
드라마틱스(Dramatics),3.0
창민,3.0
네오 트래디셔널 재즈 트리오(Neo Traditional Jazz Trio),3.0
달파란,3.0
크루셜스타(Crucial Star),3.0
피타입,3.0
피터팬 컴플렉스(Peterpan Complex),3.0
K2(김성면),3.0
노이즈(Noise),3.0
푸른 하늘,3.0
NY 물고기,3.0
강산에,3.0
Simon Dominic(사이먼 도미닉),3.0
페일그레이(Pale Grey),3.0
지니(Geenie),3.0
Ed.C,3.0
정혜민 [가비앤제이],3.0
강균성 [노을],3.0
김진표(JP),3.0
코지카페(Cozy Cafe),3.0
슈퍼주니어(Super Junior),3.0
보니(Boni),3.0
용원,3.0
몽라(Monla/夢兒),3.0
버블 시스터즈(Bubble Sisters),3.0
에이프릴(April),3.0
아워멜츠(Hourmelts) ,3.0
세븐데이즈(7Dayz),3.0
반시(Vansy),3.0
세븐(SE7EN),3.0
성진환 [스윗소로우],3.0
유아시대,3.0
이루펀트(Eluphant),3.0
앤(Ann),3.0
앰프(Amp),3.0
어느하루,3.0
어른아이(Adultchild),3.0
업타운(UPT),3.0
원우 [알앤비],3.0
박재범(Jay Park),3.0
빌리브(V.elieve),3.0
이그나이트(Ignite),3.0
에이핑크(Apink),3.0
원택,3.0
모던쥬스(Modern Juice),3.0
벅(Buck),3.0
스윙스(Swings),3.0
멜로우이어(Mellowyear),3.0
여행스케치,3.0
오태호,3.0
오지은과 늑대들,3.0
이승열,3.0
옐로우 몬스터즈(Yellow Monsters),3.0
신고은,3.0
마이노스(Minos) [이루펀트],3.0
마로니에 걸즈(Maronie Girls),3.0
이안,3.0
보이스원(Voice One),3.0
초콜릿 소울(Chocolate Soul),2.0
태양,2.0
에릭남,2.0
비트윈어스(Between Us),2.0
태사비애,2.0
김동욱 (2011),2.0
키비(Kebee) [이루펀트],2.0
에이알티(A.R.T),2.0
클릭비(Click-B),2.0
김완선,2.0
김성재,2.0
김경록 [V.O.S],2.0
케이넌(Canaan),2.0
루나플라이(Lunafly),2.0
언터쳐블,2.0
브라더수(BrotherSu),2.0
에이치(H),2.0
로지 피피(RossyPP),2.0
언타이틀(Untitle),2.0
H-유진,2.0
환희,2.0
송희원,2.0
홍경민,2.0
홀린(Hlin),2.0
신세경,2.0
B.A.P,2.0
BMK,2.0
DJ DOC,2.0
신혜성,2.0
한지혜 ,2.0
심현보,2.0
GRAY(그레이) [힙합],2.0
하하,2.0
HITCHHIKER (히치하이커),2.0
거북이,2.0
JJ Project(제이제이 프로젝트),2.0
안녕 바다,2.0
성태,2.0
프라이머리 스코어(Primary Score),2.0
푸른새벽,2.0
푸딩(Pudding),2.0
얀(Yarn),2.0
팔로(FarLaw),2.0
벨 에포크(Belle Epoque),2.0
Zion.T,2.0
양희은,2.0
어쿠스틱 코어(Acoustic Core),2.0
사비나앤드론즈(Savina & Drones),2.0
파란(Paran),2.0
김민규 [스위트피],2.0
박준하,2.0
레인보우 커피(Rainbow Coffee),2.0
나폴레옹 다이나마이트(Napoleon Dynamite),2.0
주석(Joosuc),2.0
드렁큰 타이거(Drunken Tiger),2.0
정혜원,2.0
박경원,2.0
멘사(Mensa),2.0
네스티요나(Nastyona),2.0
박강수,2.0
듀스(Deux),2.0
박상민,2.0
정일영,2.0
더 블루(The Blue),2.0
진원,2.0
미스티 블루(Misty Blue),2.0
리치(Rich),2.0
렌(Len),2.0
바다,2.0
루다(Ruda),2.0
유브이(UV),2.0
정슬기,2.0
피노다인(Pinodyne),1.0
아티슨비츠(Artisan Beats),1.0
정경화,1.0
세이(Say),1.0
아이돌(Idol),1.0
예인,1.0
더블에스501(SS501),1.0
프라이머리 스쿨(Primary Skool),1.0
정원영,1.0
애쉬(Ash) [R&B;],1.0
푸디토리움(Pudditorium),1.0
더 자두(The Jadu),1.0
서인국,1.0
PD블루,1.0
"S (강타, 신혜성, 이지훈)",1.0
Unknown,1.0
MC 한새(MC haNsAi),1.0
하이투힘(Hi to him),1.0
데니안(Ahn Danny),1.0
소리헤다,1.0
스왈로우(Swallow),1.0
스윗바이러스(Sweet Virus),1.0
이지영,1.0
스타아트(Starart),1.0
스트로베리 레인(Strawberry Rain),1.0
일락(一樂),1.0
시드 사운드(SID-Sound),1.0
송 오브 루나(Song Of Luna),1.0
임상아,1.0
이승훈 [발라드],1.0
매직플로우(Mazik Flow),1.0
메이랜드(Mayland),1.0
신소희,1.0
멜로 브리즈(Melo' Breeze),1.0
소울원(Soul One),1.0
모노리드(Monolead),1.0
소울맨 앤 마이노스(Soulman & Minos) ,1.0
한동준,1.0
하현곤,1.0
문차일드(Moon Child),1.0
하비티(HavyT),1.0
서엘(SEOEL),1.0
YB,1.0
XIA(준수),1.0
길 (Of 리쌍),1.0
반광옥,1.0
우주빌리브러브(UZU Believe Luv),1.0
우노(Uno) [댄스팝],1.0
에이투씨(A2C),1.0
나몰라패밀리 JW,1.0
김동완,1.0
온유(On.U) [발라드],1.0
브롤리(Brolly),1.0
브라이언(Brian),1.0
베베퀸,1.0
베이지(Beige),1.0
벤,1.0
김성규 [인피니트],1.0
지플라(G.Fla),1.0
불독맨션(Bulldogmansion),1.0
캔(Can),1.0
엔오케이(NOK),1.0
김우주,1.0
김창완,1.0
추천음악프로젝트,1.0
최정철,1.0
김종서,1.0
최예나,1.0
오석준,1.0
차태현,1.0
내추럴(Natural),1.0
에스진(S.Jin),1.0
팝레코드하우스(Pop Record House),1.0
타바코쥬스(Tobacco Juice),1.0
김지수,1.0
정지찬 [원모어찬스],1.0
더 네임(The Name),1.0
박선주,1.0
가리온(Garion),1.0
샛별,1.0
상상밴드,1.0
정형돈,1.0
박아셀,1.0
위치스(Witches),1.0
어반스페이스(Urbanspace),1.0
투투(Two Two),1.0
강수지,1.0
산울림,1.0
제시(Jessi) [럭키제이],1.0
더 골드(The Gold),1.0
제이세라(J-Cera),1.0
조PD VS. Postino,1.0
박정운,1.0
박정은,1.0
고은(Goeun),1.0
태사자,1.0
네미시스(Nemesis),1.0
태무,1.0
조용필,1.0
람다(Ramda),1.0
