﻿Artist,cnt
아이유(IU),282.0
성시경,220.0
싸이(Psy),190.0
투애니원(2NE1),153.0
김연우,151.0
쿨(COOL),126.0
비스트(Beast),114.0
러브홀릭(Loveholic),114.0
다이나믹 듀오(Dynamic Duo),103.0
브라운 아이즈(Brown Eyes),101.0
김범수,100.0
제이레빗(J Rabbit),96.0
어반 자카파(Urban Zakapa),94.0
BIGBANG,94.0
이적,93.0
휘성,87.0
클래지콰이(Clazziquai),85.0
빈지노(Beenzino),82.0
바이브(Vibe),82.0
프라이머리(Primary),79.0
에픽 하이(Epik High),79.0
브라운 아이드 소울(Brown Eyed Soul),78.0
정인,75.0
토이(Toy),75.0
에피톤 프로젝트(Epitone Project),74.0
윤종신,72.0
리쌍(Leessang),71.0
코요태,67.0
씨스타(Sistar),67.0
슈프림팀(Supreme Team),67.0
바비 킴(Bobby Kim),66.0
박효신,65.0
에프엑스(f(x)),65.0
빅마마(Big Mama),62.0
옥상달빛,59.0
SG워너비,58.0
나얼(Na-Ul),58.0
오렌지캬라멜(Orange Caramel),58.0
윤하(Younha/ユンナ),56.0
씨엔블루(CNBLUE),56.0
MC 몽,54.0
린(LYn),54.0
라디(Ra.D),54.0
김동률,54.0
자전거 탄 풍경,53.0
써니힐(Sunny Hill),53.0
이소라,53.0
브라운 아이드 걸스,52.0
소녀시대,52.0
걸스데이(Girl's Day),52.0
에이핑크(Apink),52.0
10cm(십센치),51.0
바닐라 어쿠스틱(Vanilla Acoustic),51.0
지오디(god),50.0
제이벨(J BEL),49.0
티아라(T-ara),49.0
포맨,49.0
G-DRAGON,49.0
럼블 피쉬(Rumble Fish),49.0
어쿠스틱 콜라보(Acoustic Collabo),48.0
케이윌(K.Will),48.0
임창정,48.0
박혜경,47.0
버벌진트(Verbal Jint),47.0
노을,47.0
요조(Yozoh),46.0
타루(Taru),46.0
슈가볼(Sugarbowl),46.0
스탠딩 에그(Standing Egg),45.0
재주소년,45.0
가을방학,45.0
나윤권,45.0
유재하,45.0
유희열,45.0
거미,44.0
디제이 아키(DJ AKI),44.0
윤건,42.0
클론(Clon),42.0
김건모,42.0
영턱스클럽(YTC),41.0
현아 [포미닛],41.0
허밍 어반 스테레오(Humming Urban Stereo),40.0
플라이 투 더 스카이(Fly To The Sky),39.0
스윗소로우(SWEET SORROW),39.0
인피니트(Infinite),39.0
캐스커(Casker),39.0
에이트(8Eight),39.0
루싸이트 토끼,39.0
넬(Nell),39.0
애즈 원(As One),38.0
라이너스의 담요(Linus' Blanket),38.0
몽니(Monni),38.0
포미닛(4minute),37.0
조장혁,35.0
카라(Kara),35.0
로이킴,35.0
원 모어 찬스(one more chance),35.0
Lucia(심규선),35.0
이승철,34.0
브로콜리너마저,34.0
다비치,34.0
버스커 버스커(Busker Busker),33.0
이승환,33.0
이승기,33.0
임현정,33.0
악동뮤지션(AKMU),32.0
해브어티(Have A Tea),32.0
미쓰 에이(miss A),32.0
엠씨 더 맥스(M.C the Max),32.0
별,31.0
가인 [브라운아이드걸스],31.0
전람회,31.0
정준일 [메이트],31.0
정엽,30.0
신승훈,30.0
보아(BoA),30.0
스웨터(Sweater),30.0
알리(Ali),29.0
이기찬,29.0
페퍼톤스(Peppertones),29.0
동경소녀,29.0
울랄라세션(Ulala Session),29.0
애프터 스쿨(After School) ,29.0
테이(Tei),29.0
에이오에이(AOA),29.0
김형중,28.0
시크릿(Secret),28.0
자우림(Jaurim),28.0
롤러코스터(Rollercoaster),27.0
서영은,27.0
양파,27.0
노리플라이(no reply),27.0
에일리(Ailee),27.0
영준 [Brown Eyed Soul],26.0
Zion.T,26.0
트러블메이커(Troublemaker),26.0
이정현,26.0
박지윤,26.0
유엔(UN),26.0
룰라(Roo'Ra),26.0
랄라스윗(lalasweet),25.0
줄라이(July) [뉴에이지],25.0
동방신기(TVXQ!),25.0
델리 스파이스(Deli Spice),25.0
제이(J.ae),25.0
부활,25.0
에디킴,24.0
양정승(Kiroy Y),24.0
유피(UP),24.0
JUNIEL(주니엘),24.0
유미,23.0
임재범,23.0
장윤주,23.0
정키(Jung Key),23.0
허각,23.0
디바(Diva),23.0
소규모 아카시아 밴드,23.0
야광토끼(Neon Bunny),22.0
써드코스트(3rd Coast),22.0
신화,22.0
김장훈,22.0
처진 달팽이(유재석 & 이적),22.0
데이브레이크(daybreak),22.0
우쿨렐레 피크닉(Ukulele Picnic),22.0
쥬얼리(Jewelry),22.0
매드 클라운(Mad Clown),21.0
팀(Tim),21.0
박완규,21.0
박명수,21.0
존 박(John Park),21.0
소란(Soran),21.0
루시드 폴(Lucid Fall),21.0
한희정,21.0
DJ DOC,21.0
이한철,21.0
더 클래식(The Classic),21.0
서연,20.0
왁스(Wax),20.0
이루펀트(Eluphant),20.0
크루셜스타(Crucial Star),20.0
긱스(Geeks),20.0
박주원,20.0
김윤아,20.0
이선희,20.0
짙은(Zitten),20.0
스웨덴세탁소,20.0
2AM,20.0
Unknown,19.0
t윤미래,19.0
달샤벳(Dal★shabet),19.0
GG(박명수 & G-Dragon),19.0
마이티 마우스(Mighty Mouth),19.0
딕펑스(Dick Punks),19.0
산이(San E),19.0
공일오비(015B),19.0
김현정,19.0
보드카 레인(Vodka Rain),19.0
태양,19.0
달콤한 소금,19.0
서인국,18.0
지나(G.NA),18.0
체리필터(Cherry Filter),18.0
원더걸스(Wonder Girls),18.0
이수영,18.0
이석훈 [SG워너비],17.0
지누션(Jinusean),17.0
비(Rain),17.0
이아립,17.0
메이트(Mate),17.0
패닉(Panic),17.0
빛과 소금,17.0
김현식,17.0
네미시스(Nemesis),17.0
프리 스타일(Free Style),17.0
박정현,17.0
이현우,17.0
박새별,17.0
조pd(ZoPD),16.0
박기영,16.0
해이(Hey),16.0
강승윤 [WINNER],16.0
커피소년,16.0
이문세,16.0
거북이,16.0
노블레스(Noblesse),16.0
아침(Achime),16.0
엄정화,16.0
이루(Eru),16.0
불독맨션(Bulldogmansion),15.0
씨야(SeeYa),15.0
창민,15.0
블락비(Block B),15.0
백지영,15.0
레인보우(Rainbow),15.0
먼데이 키즈(Monday Kiz),15.0
브이오에스(V.O.S.),15.0
어른아이(Adultchild),15.0
이바디(Ibadi),15.0
도원경,15.0
제이독(J-DOGG),15.0
김지수,15.0
지아(Zia),15.0
윈터플레이(Winterplay),15.0
이승훈 [발라드],15.0
자자(Zaza),15.0
김광진,15.0
손성제,15.0
브라더수(BrotherSu),15.0
키네틱플로우(K-Flow),14.0
정기고(Junggigo),14.0
양요섭 [비스트],14.0
화요비,14.0
하우스 룰즈(House Rulez),14.0
40(포티),14.0
철싸(노홍철 & 싸이),14.0
공기남녀,14.0
of 비스트(윤두준 & 이기광 & 용준형),14.0
스윙스(Swings),14.0
스무살,14.0
제국의아이들[ZE:A],14.0
Indecent Obsession(인디센트 옵세션),14.0
청춘학개론,14.0
최재훈,14.0
SMTown,14.0
소유,14.0
Gwyneth Herbert(기네스 허버트),14.0
크레용팝(Crayon Pop),14.0
강균성 [노을],14.0
샤이니(SHINee),14.0
오션(5tion),14.0
하이포(HIGH4),14.0
올라이즈 밴드(All Lies Band),14.0
씨스타19(Sistar 19),14.0
강아솔,14.0
강채이,14.0
서지원,14.0
알렉스(Alex) [클래지콰이],14.0
나비(Navi),14.0
윤현상,14.0
조규찬,14.0
라니아(Rania),14.0
문차일드(Moon Child),14.0
로지 피피(RossyPP),14.0
파니니(Panini),14.0
마이 앤트 메리(My Aunt Mary),14.0
도끼(Dok2),14.0
뉴욕 러브 다이어리(Newyork Love Diry),14.0
뜨거운 감자(Hot Potato),14.0
나인뮤지스(Nine Muses),14.0
조원선,14.0
크러쉬(Crush),13.0
박재범(Jay Park),13.0
몽라(Monla/夢兒),13.0
장재인,13.0
파티스트릿(Party Street),13.0
윤상,13.0
베란다 프로젝트(Verandah Project),13.0
김돈규,13.0
헤르쯔 아날로그(Herz Analog),13.0
이정봉(Lee Jung Bong),13.0
소울라이츠(Soulights),13.0
지영선,13.0
아이비(IVY),13.0
조성모,13.0
하동균,13.0
더 넛츠(The Nuts),13.0
버즈(Buzz),12.0
나희경 [Jazz],12.0
남예지,12.0
트랙 마켓(Track Market),12.0
비원에이포(B1A4),12.0
신용재 [4men],12.0
브이원 (V.One),11.0
고현욱,11.0
솔리드(Solid),11.0
SAT,11.0
론리 하츠 클럽(Lonely Hearts Club),11.0
김민종,11.0
젠틀 레인(Gentle Rain),11.0
안녕 바다,11.0
크라잉넛(Crying Nut),10.0
웅산,10.0
카나리아 살롱(Canaria Salon),10.0
푸딩(Pudding),10.0
제리케이(Jerry. K),10.0
레이디스 코드(LADIES' CODE),10.0
라즈베리필드,10.0
원타임(1TYM),10.0
원 펀치(One Punch),10.0
더 블루(The Blue),10.0
토마스 쿡(Thomas Cook),10.0
바람에 오르다,10.0
박진영,9.0
페이퍼컷 프로젝트(Papercut Project),9.0
안재욱,9.0
오지은,9.0
엠투엠(M To M),9.0
Tamia(타미아),9.0
버블 시스터즈(Bubble Sisters),9.0
터보(Turbo),9.0
EXO,9.0
포지션(Position),9.0
Michael Franks(마이클 프랭스),9.0
란(Ran),9.0
누보두(Nouveau Deux),9.0
김우주,9.0
김종국,9.0
신혜성,9.0
라 벤타나(La Ventana),9.0
Robbie Williams(로비 윌리암스),9.0
신세경,9.0
컨츄리 꼬꼬(Country Kkokko),9.0
레이디 제인(Lady Jane),8.0
듀스(Deux),8.0
디셈버(December),8.0
장동건,8.0
세 개의 시선,8.0
James Blunt(제임스 블런트),8.0
일렉트로보이즈(ELECTRO BOYZ),8.0
가리나 프로젝트(Garina Project),8.0
이지엠(EZ'M),8.0
모이다 밴드(Moida Band),8.0
리즈(Leeds),8.0
빅스(VIXX),8.0
마로니에(Maronnier),8.0
피노다인(Pinodyne),8.0
몽구스(Mongoose),8.0
이진우 [인디],8.0
좋아서 하는 밴드,8.0
빨간의자,8.0
강민경 [다비치],8.0
반반 프로젝트,8.0
성훈 [Brown Eyed Soul],7.0
러브앤팝(Love & Pop),7.0
유앤러브앤마마(YouAndLovE & MAMA),7.0
못(Mot),7.0
포스티노(Postino),7.0
곰PD,7.0
아소토 유니온(Asoto Union),7.0
스컬&하하(Skull&Haha;),7.0
김조한,7.0
하은,7.0
CHEEZE,7.0
디아(Dia) [키스 & 크라이],7.0
장세용,7.0
베이비복스(Baby V.O.X),7.0
EXO-K(엑소케이),7.0
이치원(EachONE),7.0
이란,7.0
정은채 [배우],7.0
프리키(Freaky),7.0
선민(Sunmin),7.0
노라조,7.0
노브레인(No Brain),7.0
한살차이,7.0
W(Where The Story Ends),7.0
1984,7.0
루다(Ruda),7.0
손담비,7.0
차가운 체리(Cold Cherry),7.0
하림,7.0
투샤이(2Shai),7.0
페일그레이(Pale Grey),7.0
더 콰이엇(The Quiett),7.0
앤(Ann),7.0
윤도현,7.0
장나라,7.0
유승준,6.0
박학기,6.0
이오공감,6.0
김예림 [투개월],6.0
조정치,6.0
장혜진,6.0
이승우 [소울스타],6.0
벨 에포크(Belle Epoque),6.0
스페이스 A(Space A),6.0
데이라이트(Daylight),6.0
프린세스 디지즈(Princess Disease),6.0
소울맨(Soulman),6.0
W & Whale(더블유 앤 웨일),6.0
오키(Oki),6.0
틴 탑(Teen Top),6.0
윤스 다이어리(Yoon's Diary),6.0
나르샤 [브라운아이드걸스],6.0
모세(Mose),6.0
렉시(Lexy),6.0
블루파프리카(Bluepaprika),6.0
클로버(Clover) [남성솔로],6.0
허민,6.0
이효리,6.0
대호(Daeho),6.0
하이디,6.0
정준영,6.0
이지훈,6.0
무한걸스,6.0
윤대장,6.0
미(MIIII),6.0
정재욱,5.0
일기예보,5.0
이하이,5.0
인피니트 H,5.0
이상은(Lee Tzsche),5.0
인스턴트 로맨틱 플로어(Instant Romantic Floor),5.0
제이워크(J-Walk),5.0
이은미,5.0
타바코쥬스(Tobacco Juice),5.0
투투(Two Two),5.0
하와이,5.0
카페모카,5.0
하이투힘(Hi to him),5.0
G.고릴라,5.0
뱅크(Bank),5.0
김현철,5.0
소히(Sorri),5.0
Iconiq(아이코닉),5.0
소찬휘,5.0
벅(Buck),5.0
천상지희 더 그레이스(天上智喜 The Grace),5.0
S.E.S.,5.0
Josh Groban(조쉬 그로반),5.0
블루앤블루(Blue & Blue),5.0
코나(Kona),5.0
상상밴드,5.0
플라워(Flower),5.0
비비(B.B),5.0
사운드샤워(Sound Shower),5.0
강타,5.0
초콜렛 박스(Chocolate Box),5.0
라임버스(Rhyme Bus),5.0
무한궤도,5.0
아키버드(Aquibird),5.0
말로(Malo),5.0
아워멜츠(Hourmelts) ,5.0
참깨와 솜사탕,5.0
도나웨일(Donawhale),5.0
모리(Morrie),5.0
채연,5.0
PK 헤만(PK Heman),5.0
미스티 블루(Misty Blue),5.0
디제이 와사(DJ Wasa),5.0
검정치마,5.0
박선주,4.0
이푸름,4.0
주영(JooYoung),4.0
김경호,4.0
주윤하 [보드카레인],4.0
멜로위치(Mellowitch),4.0
김광석,4.0
Placido Domingo(플라시도 도밍고),4.0
문명진,4.0
링크(Link),4.0
타이푼,4.0
태연 (Taeyeon),4.0
박광현,4.0
하찌와 TJ,4.0
변진섭,4.0
생각의 여름,4.0
용감한 녀석들,4.0
장리인,4.0
2PM,4.0
앨리스 인 네버랜드(Alice In Neverland),4.0
아이유 ＆ 나윤권,4.0
뎁인뎁쇼,4.0
동물원,4.0
챔프온뮤직(Champon Music),4.0
어쿠루브(Acourve),4.0
언니네 이발관,4.0
EXID(이엑스아이디),4.0
업타운(UPT),4.0
스피카(SPICA),4.0
슈퍼키드(SuperKidd),4.0
마스코타 블루(Mascota Blue),4.0
김태우,4.0
Oe,4.0
칵스(THE KOXX),4.0
소이,4.0
Ilona(일로나),4.0
JYJ,4.0
옥주현,4.0
이지형,4.0
LPG Loves 래피,4.0
연진,4.0
소울스타(Soulstar),4.0
이정,3.0
더 멜로디(The Melody),3.0
네스티요나(Nastyona),3.0
김종욱,3.0
김동욱,3.0
이영현,3.0
노이즈(Noise),3.0
일락(一樂),3.0
김경록 [V.O.S],3.0
권순관,3.0
406호 프로젝트,3.0
9와 숫자들,3.0
효기(Hyoki) [Jazz],3.0
B.A.P,3.0
장필순,3.0
DJ 소울스케이프(DJ Soulscape),3.0
혜령,3.0
FTISLAND(에프티 아일랜드),3.0
허소영,3.0
Kricc(크릭),3.0
Morten Harket(모튼 하켓),3.0
데일리노트(DailyNote),3.0
한민규,3.0
하현곤,3.0
이현 [에이트],3.0
고유비,3.0
하이브리파인(HybRefine),3.0
더 비(The Bee),3.0
안은정,3.0
제인(Jane),3.0
빌리어코스티(Bily Acoustie),3.0
백청강,3.0
유브이(UV),3.0
주(Joo),3.0
주니퍼(Junyfore),3.0
원티드(Wanted),3.0
시로스카이(Shirosky),3.0
팔로알토(Paloalto),3.0
에스프레소(Espresso),3.0
브레이브걸스(Brave Girls),3.0
사랑을 만드는 사람들,3.0
솔지 [EXID],3.0
사피에르(Saphier),3.0
코코어(Cocore),3.0
세븐(SE7EN),3.0
센티멘탈 시너리(Sentimental Scenery),3.0
스왈로우(Swallow),3.0
커먼 그라운드(Common Ground),3.0
여훈민,3.0
여행스케치,3.0
에코(ECO),3.0
배치기,3.0
시와(Siwa),3.0
유익종,3.0
박미경,3.0
차수경 [Daisy],3.0
디어 클라우드(Dear Cloud),3.0
라킨라드(LaKinRad),3.0
아마도이자람밴드,3.0
러브시티(LoveCity),3.0
레일로드(Railroad),3.0
로맨틱 펀치(Romantic Punch),3.0
싸지타(Sagitta),3.0
솔비,3.0
조문근,3.0
신예원,3.0
은지원,3.0
조용필,3.0
아톰북(Atombook),3.0
투빅(2BiC),3.0
투개월,3.0
홍대광,2.0
채동하,2.0
정재형,2.0
혜지,2.0
채정안,2.0
타블로(Tablo),2.0
줄리아 하트(Julia Hart),2.0
정지찬 [원모어찬스],2.0
해빗(Habit),2.0
한충완,2.0
한소아,2.0
텐시러브(Tensi Love),2.0
투어리스트(The Tourist),2.0
티라미스(Tiramisu),2.0
티모시,2.0
핑클(Fin.K.L),2.0
피비스(PB's),2.0
티아라 With 다비치,2.0
조규만,2.0
푸른 하늘,2.0
정민아,2.0
힐링프로젝트(Healing Project),2.0
보싸다방(Bossa Dabang),2.0
"15&(박지민, 백예린)",2.0
니케아(Nickea),2.0
손호영,2.0
솔솔부는 봄바람,2.0
송 오브 루나(Song Of Luna),2.0
나루(Naru) [솔루션스],2.0
수호,2.0
김원준,2.0
시울,2.0
감성파장,2.0
심현보,2.0
아미(A-Mi),2.0
아스트로비츠(Astro Bits),2.0
김바다,2.0
애프터스쿨 Blue,2.0
김민지 [보이스코리아],2.0
김민규 [스위트피],2.0
달빛요정역전만루홈런,2.0
달에닿아,2.0
더 원(The One),2.0
더블에스501(SS501),2.0
리치(Rich),2.0
모던쥬스(Modern Juice),2.0
리아(Riaa),2.0
바나나보트(Banana Boat),2.0
루이 (긱스),2.0
루그(Lug),2.0
배다해,2.0
러브홀릭스(Loveholics),2.0
벤,2.0
벨벳글로브(Velvet Glove),2.0
전철,2.0
보이프렌드(Boyfriend),2.0
비비안(BBAhn),2.0
비투비(BTOB),2.0
더블케이(Double K),2.0
에코 브릿지(Eco bridge),2.0
씨리얼(C-Real),2.0
마마무(Mamamoo),2.0
H.O.T.,2.0
BGH to,2.0
유잔Q,2.0
임주연,2.0
이수,2.0
이지혜,2.0
이뉴(Enue),2.0
Y2K,2.0
NY 물고기,2.0
재지팩트(Jazzyfact),2.0
우은미,2.0
Merian 프로젝트,2.0
인디고(Indigo),2.0
윤한(Yoonhan),2.0
자람 프로젝트(Jaram Project),2.0
팻두(FatDoo),1.0
두번째 달,1.0
펄스데이(Pearl's Day),1.0
팝시클(Popsicle ),1.0
혜이니(Heyne),1.0
Eva(에바),1.0
형용돈죵 (정형돈 & G-Dragon),1.0
GOT7,1.0
듀크(Duke),1.0
Blee(블리),1.0
Caramel espreSSo(카라멜 에스프레소),1.0
디스코트럭,1.0
라임어택(RHYME-A-),1.0
로맨티스코(Romantisco),1.0
A.T(에이티),1.0
루머스(Rumors),1.0
후(吼/Hoo),1.0
45알피엠(45RPM),1.0
흑꼬,1.0
리오 케이코아(Leo Kekoa),1.0
히나인(Heenain),1.0
리코(Rico),1.0
더 네임(The Name),1.0
가비엔제이(Gavy N.J.),1.0
H-유진,1.0
Michael Bolton(마이클 볼튼),1.0
강수지,1.0
가내수공업,1.0
구혜선,1.0
권성연,1.0
김민우,1.0
Tama Rhodes(타마 로즈),1.0
Ruby Star(루비스타),1.0
하리(Hari),1.0
김부용,1.0
OK PUNK!,1.0
김소리,1.0
트래져 아일랜드,1.0
필베이(Feelbay),1.0
피타입,1.0
포츈 쿠키(Fortune Cookie),1.0
피에스타(FIESTAR),1.0
김완선,1.0
MJ(써니사이드),1.0
김정민,1.0
김진표(JP),1.0
플라스틱(Plastic),1.0
MC 스나이퍼(MC Sniper),1.0
ILLIONAIRE RECORDS(일리네어 레코즈),1.0
남아스떼(男兒's 떼),1.0
노룬산 프로젝트,1.0
강백수,1.0
허쉬(Hush),1.0
닥터심슨(Dr.Simpson),1.0
노민우,1.0
정동하,1.0
튠(TUNE),1.0
엘피지(LPG),1.0
조정현,1.0
유승우,1.0
유리상자,1.0
유근호,1.0
우현 [인피니트],1.0
주형진,1.0
영지(버블시스터즈),1.0
쥬비(Jubi),1.0
윤민수,1.0
엔오케이(NOK),1.0
언터쳐블,1.0
어바날로그(Urbanalog),1.0
양빛나라,1.0
야다(Yada),1.0
징고(Zingo) [슈퍼키드],1.0
안녕하신가영,1.0
유키스(U-KISS),1.0
윤성기 [휴먼레이스],1.0
마이큐(MY-Q),1.0
이츠(it's),1.0
전자양,1.0
전영세 트리오,1.0
장미하관 (노홍철 & 장미여관),1.0
장미여관,1.0
장기하와 얼굴들,1.0
자미 소울(Jami Soul),1.0
임정희,1.0
이예린 [인디팝],1.0
은휼,1.0
이영준,1.0
제이엔씨(JNC),1.0
이안,1.0
이소은,1.0
이상순 ,1.0
이매진(I:magine),1.0
이규호(Kyo),1.0
아침(Achim) [듀오],1.0
차은주,1.0
아라 [인디],1.0
보이(VOY),1.0
빅 베이비 드라이버(Big Baby Driver),1.0
블루 스프링(Blue Spring),1.0
블랙 스트라이크(Black Strike),1.0
브이(V) [프로젝트그룹],1.0
브라이언(Brian),1.0
클릭비(Click-B),1.0
키스위치,1.0
베스티(BESTie),1.0
실루엣,1.0
방용국,1.0
반시(Vansy),1.0
박아셀,1.0
박경환,1.0
미노(Mino) [프리스타일],1.0
메이크라인(Makeline),1.0
메건리(Megan Lee),1.0
사비나앤드론즈(Savina & Drones),1.0
산울림,1.0
살찐고양이,1.0
새바람이 오는 그늘,1.0
스윗바이러스(Sweet Virus),1.0
슈퍼스타 K 2,1.0
슈가버블(Sugar Bubble),1.0
슈가(Sugar),1.0
최고은,1.0
최신인기동요,1.0
숨의숲,1.0
수경 [빨간의자],1.0
카피머신(Copy Machine),1.0
소울라임(SouLime),1.0
서은,1.0
서문탁,1.0
컬투(Cultwo),1.0
샵(S#arp),1.0
케이준(K Jun),1.0
스텔라(Stellar),1.0
