﻿Artist,cnt
버스커 버스커(Busker Busker),348.0
성시경,292.0
어반 자카파(Urban Zakapa),167.0
김동률,156.0
BIGBANG,124.0
브라운 아이드 소울(Brown Eyed Soul),119.0
이적,117.0
포맨,112.0
클래지콰이(Clazziquai),111.0
박정현,109.0
투애니원(2NE1),107.0
10cm(십센치),106.0
김건모,102.0
아이유(IU),102.0
스윗소로우(SWEET SORROW),99.0
허각,98.0
에피톤 프로젝트(Epitone Project),97.0
스탠딩 에그(Standing Egg),94.0
G-DRAGON,91.0
케이윌(K.Will),89.0
가을방학,88.0
부활,86.0
바이브(Vibe),84.0
페퍼톤스(Peppertones),82.0
김현철,82.0
2AM,79.0
김연우,78.0
린(LYn),77.0
이지형,74.0
노리플라이(no reply),74.0
넬(Nell),74.0
휘성,72.0
노을,70.0
프라이머리(Primary),68.0
토이(Toy),67.0
조성모,66.0
윤종신,65.0
라이너스의 담요(Linus' Blanket),64.0
에픽 하이(Epik High),64.0
김광석,62.0
요조(Yozoh),59.0
짙은(Zitten),58.0
러브홀릭(Loveholic),58.0
두번째 달,58.0
에일리(Ailee),57.0
뜨거운 감자(Hot Potato),57.0
지오디(god),57.0
버벌진트(Verbal Jint),57.0
소녀시대,57.0
MC 몽,56.0
루싸이트 토끼,56.0
박혜경,55.0
브라운 아이즈(Brown Eyes),55.0
지나(G.NA),54.0
럼블 피쉬(Rumble Fish),53.0
리쌍(Leessang),52.0
재주소년,51.0
라디(Ra.D),51.0
터보(Turbo),51.0
별,50.0
김윤아,50.0
싸이(Psy),49.0
박효신,49.0
유재하,49.0
김진표(JP),48.0
이승기,47.0
엠씨 더 맥스(M.C the Max),47.0
김태우,46.0
임재범,46.0
긱스(Geeks),46.0
Lucia(심규선),46.0
씨엔블루(CNBLUE),45.0
해이(Hey),44.0
김범수,44.0
베란다 프로젝트(Verandah Project),43.0
원 모어 찬스(one more chance),43.0
김보경,42.0
웅산,42.0
다이나믹 듀오(Dynamic Duo),42.0
서영은,42.0
데이브레이크(daybreak),42.0
임창정,41.0
전람회,41.0
가인 [브라운아이드걸스],40.0
다비치,40.0
빈지노(Beenzino),40.0
임현정,39.0
씨스타(Sistar),39.0
몽니(Monni),39.0
서지원,38.0
윤하(Younha/ユンナ),38.0
델리 스파이스(Deli Spice),38.0
나얼(Na-Ul),38.0
타루(Taru),37.0
장재인,37.0
제이레빗(J Rabbit),36.0
40(포티),35.0
하림,35.0
조원선,34.0
김종국,34.0
어쿠스틱 콜라보(Acoustic Collabo),33.0
에코 브릿지(Eco bridge),33.0
박새별,33.0
JUNIEL(주니엘),33.0
이승환,33.0
바비 킴(Bobby Kim),32.0
쿨(COOL),32.0
거미,32.0
일기예보,31.0
보아(BoA),30.0
동물원,30.0
언니네 이발관,30.0
레인보우(Rainbow),30.0
이소은,29.0
S.E.S.,29.0
SG워너비,29.0
엄정화,29.0
포지션(Position),29.0
나윤권,29.0
김형중,29.0
유희열,29.0
카니발(Carnival),28.0
유발이의 소풍,28.0
빅 베이비 드라이버(Big Baby Driver),27.0
도로시밴드(Dorothy Band),27.0
정재형,26.0
이수영,26.0
신승훈,26.0
디셈버(December),26.0
박지윤,26.0
이승철,26.0
티아라(T-ara),25.0
임정희,25.0
이한철,25.0
불독맨션(Bulldogmansion),25.0
김현식,25.0
Zion.T,25.0
양요섭 [비스트],25.0
리즈(Leeds),25.0
양양(YangYang),25.0
솔리드(Solid),25.0
랄라스윗(lalasweet),24.0
장윤주,24.0
비(Rain),24.0
푸딩(Pudding),24.0
루시드 폴(Lucid Fall),24.0
팀(Tim),24.0
왁스(Wax),24.0
옥상달빛,24.0
이문세,24.0
슈프림팀(Supreme Team),23.0
허밍 어반 스테레오(Humming Urban Stereo),23.0
마로니에(Maronnier),23.0
캐스커(Casker),23.0
미쓰 에이(miss A),23.0
이선희,23.0
이효리,22.0
아키버드(Aquibird),22.0
민설,22.0
나르샤 [브라운아이드걸스],22.0
제이(J.ae),22.0
공일오비(015B),22.0
솔솔부는 봄바람,22.0
허민,21.0
김광진,21.0
윤한(Yoonhan),21.0
뱅크(Bank),21.0
조하문,21.0
젠틀 레인(Gentle Rain),21.0
알리(Ali),21.0
프리 스타일(Free Style),20.0
알렉스(Alex) [클래지콰이],20.0
롤러코스터(Rollercoaster),20.0
라즈베리필드,20.0
t윤미래,20.0
줄라이(July) [뉴에이지],20.0
MC 스나이퍼(MC Sniper),20.0
상상밴드,19.0
백지영,19.0
낭만유랑악단,19.0
야다(Yada),19.0
지누션(Jinusean),19.0
안녕 바다,19.0
이상은(Lee Tzsche),19.0
이기찬,18.0
배치기,18.0
검정치마,18.0
강승윤 [WINNER],18.0
몽라(Monla/夢兒),18.0
마이큐(MY-Q),18.0
김현정,18.0
좋아서 하는 밴드,18.0
신용재 [4men],18.0
정인,17.0
카라(Kara),17.0
모세(Mose),17.0
모리(Morrie),17.0
시크릿(Secret),17.0
장세용,17.0
바람에 오르다,17.0
메이비(MayBee),17.0
한희정,17.0
마이티 마우스(Mighty Mouth),17.0
루체(Luce),17.0
장혜진,17.0
더필름(The Film),16.0
테이(Tei),16.0
Ennio Morricone(엔니오 모리꼬네),16.0
이현 [에이트],16.0
내추럴(Natural),16.0
정인호,16.0
범키(Bumkey),16.0
박선주,16.0
데이라이트(Daylight),16.0
걸스데이(Girl's Day),16.0
이진우 [인디],16.0
에코(ECO),15.0
김종욱,15.0
지아(Zia),15.0
커피소년,15.0
조규찬,15.0
Kricc(크릭),15.0
코쿤벨즈(Cocoon Bells),15.0
애즈 원(As One),15.0
더더(THETHE),15.0
최호섭,15.0
보드카 레인(Vodka Rain),15.0
전유나,14.0
베이지(Beige),14.0
박학기,14.0
지퍼,14.0
안치환,14.0
비비안(BBAhn),14.0
Cheryl Bentyne(셰릴 벤틴),14.0
조정현,14.0
YB,14.0
차태현,14.0
란(Ran),14.0
트랙 마켓(Track Market),14.0
자전거 탄 풍경,14.0
구창모 ,14.0
김혜림,14.0
클로버(Clover) [남성솔로],14.0
그린티(The Green Tea),14.0
여미,14.0
데미캣(Demicat),14.0
미스티 블루(Misty Blue),14.0
라-듀오(La-Duo),14.0
나윤선,14.0
남예지,14.0
엠알제이(MRJ),14.0
우현 [인피니트],14.0
원미연,14.0
울랄라세션(Ulala Session),14.0
더 멜로디(The Melody),14.0
멜로 브리즈(Melo' Breeze),14.0
바닐라 어쿠스틱(Vanilla Acoustic),14.0
부가킹즈(Buga Kingz),13.0
모이다 밴드(Moida Band),13.0
스웨터(Sweater),13.0
이석훈 [SG워너비],13.0
메이팝(Maypop),13.0
앨리스 스마일(Alice Smile),13.0
리오(Leeo),13.0
디어(d.ear),13.0
비쥬(Bijou),13.0
토이멜라(Toymela),13.0
클라우드 쿠쿠랜드(Cloud Cuckoo Land),13.0
조장혁,13.0
솔비,13.0
"15&(박지민, 백예린)",13.0
박완규,13.0
제리케이(Jerry. K),12.0
한선화 [시크릿],12.0
이소라,12.0
스웨덴세탁소,12.0
흐른,12.0
스윙체어(Swingchair),12.0
스프링롤(Springloll),12.0
존 박(John Park),12.0
로이킴,12.0
성진환 [스윗소로우],12.0
하동균,12.0
써드코스트(3rd Coast),12.0
이바디(Ibadi),12.0
소녀시대-태티서(Girls' Generation-TTS),12.0
나비(Navi),12.0
정엽,12.0
이채(Ich'e),12.0
NY 물고기,12.0
파스텔 오션(Pastel Ocean),12.0
이승훈 [발라드],12.0
메이트(Mate),12.0
이하이,12.0
장나라,12.0
여행스케치,12.0
김민준,12.0
임인건,12.0
토마스 쿡(Thomas Cook),11.0
로맨틱 펀치(Romantic Punch),11.0
이상순 ,11.0
BMK,11.0
크루셜스타(Crucial Star),11.0
신치림(信治琳),11.0
김민규 [스위트피],11.0
양빛나라,11.0
비스트(Beast),11.0
악동뮤지션(AKMU),11.0
정용화(Jung Yong Hwa),11.0
하비누아주(Ravie Nuage),11.0
허소영,11.0
플라이 투 더 스카이(Fly To The Sky),11.0
원더걸스(Wonder Girls),11.0
마망,11.0
도원경,10.0
빅뱅(방승철) [Solo],10.0
오렌지캬라멜(Orange Caramel),10.0
화요비,10.0
JK 김동욱,10.0
오드(Ode),10.0
아워멜츠(Hourmelts) ,10.0
샵(S#arp),10.0
Glen Check(글렌체크),10.0
비스윗(Besweet),10.0
정재욱,10.0
현아 [포미닛],10.0
박소유,10.0
스티(STi),9.0
씨야(SeeYa),9.0
정준일 [메이트],9.0
조이락,9.0
정키(Jung Key),9.0
윤건,9.0
이재훈 ,9.0
정기고(Junggigo),9.0
윈터플레이(Winterplay),9.0
브로콜리너마저,9.0
CHEEZE,9.0
센티멘탈 시너리(Sentimental Scenery),9.0
러브앤팝(Love & Pop),9.0
로지 피피(RossyPP),9.0
한효주,9.0
김경호,9.0
Fesure Native(페셔네이티브),9.0
브라운 아이드 걸스,9.0
H2가인(歌人),9.0
밀크티(Milktea),9.0
하유진 ,8.0
FTISLAND(에프티 아일랜드),8.0
앤드(And),8.0
제이세라(J-Cera),8.0
펄스데이(Pearl's Day),8.0
W & Whale(더블유 앤 웨일),8.0
주영훈,8.0
박기영,8.0
지브라(Zebra),8.0
오리엔탱고(Orientango),8.0
국카스텐(Guckkasten),8.0
푸디토리움(Pudditorium),8.0
유리상자,8.0
필(Feel),8.0
이브(Eve),8.0
최예나,8.0
비스콜릿(Biscolate),8.0
달콤한 소금,8.0
신해철,8.0
Clara C(클라라 씨),8.0
장연주,7.0
이정현,7.0
태양,7.0
도나웨일(Donawhale),7.0
에메랄드 캐슬(Emerald Castle),7.0
Various Artists,7.0
창민,7.0
박경환,7.0
옐로우 페인트(Yellow Paint),7.0
포터블 그루브 나인(Portable Groove 09),7.0
김조한,7.0
스윙스(Swings),7.0
자우림(Jaurim),7.0
해랑(Haerang) [재즈],7.0
맹유나(Kikiyuna),7.0
봄(Bom),7.0
9와 숫자들,7.0
트러블메이커(Troublemaker),7.0
키네틱플로우(K-Flow),7.0
주영(JooYoung),7.0
젝스키스(Sechs Kies),7.0
더 레이(The Ray),7.0
영턱스클럽(YTC),6.0
예인,6.0
다람(Daram),6.0
대니 정(Danny Jung),6.0
신나는섬,6.0
빅마마(Big Mama),6.0
Enrico Pieranunzi(엔리코 피에라눈치),6.0
DJ 소울스케이프(DJ Soulscape),6.0
BN옴니버스,6.0
샘 리(Sam Lee),6.0
일렉트로보이즈(ELECTRO BOYZ),6.0
슬로우 쥰(Slow 6),6.0
임병수,6.0
먼데이 키즈(Monday Kiz),6.0
마이 앤트 메리(My Aunt Mary),6.0
유키스(U-KISS),6.0
원효로1가 13-25,6.0
마리앤베리(Marie'n Berry),6.0
이정,6.0
코지카페(Cozy Cafe),6.0
수상한 커튼,6.0
브이원 (V.One),6.0
하와이,6.0
양파,6.0
헤리티지(Heritage),6.0
타블로(Tablo),6.0
이승열,6.0
벨 에포크(Belle Epoque),6.0
신화,6.0
MC 한새(MC haNsAi),6.0
동경소녀,6.0
홍대광,6.0
세렝게티(Serengeti),6.0
W(Where The Story Ends),6.0
진주,6.0
박지혜 [인디],6.0
디에스 커넥션(DS_Connexion),6.0
윤상,5.0
이상(E.Sang),5.0
이덕진 프로젝트 밴드,5.0
유미,5.0
레이디스 코드(LADIES' CODE),5.0
피노다인(Pinodyne),5.0
카페모카,5.0
참깨와 솜사탕,5.0
루빈(Ruvin),5.0
디제이 아키(DJ AKI),5.0
플라워(Flower),5.0
조pd(ZoPD),5.0
유니크-쉐도우(Unique-Shadow),5.0
소란(Soran),5.0
클릭비(Click-B),5.0
비프리(B-Free),5.0
제이워크(J-Walk),5.0
알레그로(Allegrow),5.0
투개월,5.0
야광토끼(Neon Bunny),5.0
Funny Powder(퍼니 파우더),5.0
펑키 브라운(Funky Brown),5.0
에이핑크(Apink),5.0
마야(Maya),5.0
박진영,5.0
of 비스트(윤두준 & 이기광 & 용준형),5.0
소울스타(Soulstar),5.0
원티드(Wanted),5.0
소리헤다,5.0
신성우,5.0
미스 미스터(Mis=Mr),5.0
원투(Onetwo),5.0
권진원,5.0
김정민,5.0
김장훈,5.0
영준 [Brown Eyed Soul],5.0
장필순,4.0
차호석,4.0
Ed.C,4.0
ASHGRAY(애쉬그레이),4.0
하젤(Hajel),4.0
주형진,4.0
Lasse Lindh(라쎄린드),4.0
The Finnn,4.0
넥스트(N.EX.T),4.0
한동준,4.0
2PM,4.0
가을방학 김재훈,4.0
316,4.0
강아솔,4.0
윤석철 트리오(SC Yun's Trio),4.0
유진 [S.E.S],4.0
하리(Hari),4.0
패닉(Panic),4.0
우쿨렐레 피크닉(Ukulele Picnic),4.0
메론씨,4.0
민경훈,4.0
윤도현,4.0
플랜더블유(Plan.W),4.0
이루펀트(Eluphant),4.0
들국화,4.0
에릭남,4.0
요술당나귀,4.0
세븐(SE7EN),4.0
타블로+페니(이터널 모닝),4.0
동방신기(TVXQ!),4.0
돈 스파이크,4.0
소찬휘,4.0
대성,4.0
슬로우잼(Slow Jam),4.0
수호,4.0
더 넛츠(The Nuts),4.0
어바노(Urbano),4.0
에스트래직 비츠(Estraziq Beats) ,3.0
에이치(H),3.0
정원영,3.0
Nat King Cole(냇 킹 콜),3.0
Martin Solveig(마틴 솔베이그),3.0
에디(Eddie),3.0
페이지(Page),3.0
에프엑스(f(x)),3.0
헤르쯔 아날로그(Herz Analog),3.0
클럼지(Clumsy),3.0
브이오에스(V.O.S.),3.0
틴 탑(Teen Top),3.0
비원에이포(B1A4),3.0
가내수공업,3.0
비투비(BTOB),3.0
선율(旋律) [발라드],3.0
써니힐(Sunny Hill),3.0
소울 다이브(Soul Dive),3.0
B.A.P,3.0
슈가버블(Sugar Bubble),3.0
버즈(Buzz),3.0
슈퍼주니어(Super Junior),3.0
전기뱀장어,3.0
길미,3.0
네미시스(Nemesis),3.0
김지수,3.0
루나플라이(Lunafly),3.0
모던쥬스(Modern Juice),3.0
김디지(Deegie) [트레블러],3.0
데프콘(Defconn),3.0
녹색지대,3.0
못(Mot),3.0
해바라기,3.0
해브어티(Have A Tea),3.0
궐(Geol),3.0
문명진,3.0
문샤이너스(Moonshiners),3.0
포미닛(4minute),3.0
박재범(Jay Park),3.0
강민경 [다비치],3.0
이푸름,3.0
테이크(Take),2.0
태인,2.0
하이투힘(Hi to him),2.0
화이트(W.H.I.T.E.),2.0
테테(Tete),2.0
하마가파우치(Hamagapouch),2.0
최고은,2.0
푸른새벽,2.0
하찌와애리(Hachi&Eri;),2.0
체리필터(Cherry Filter),2.0
투투(Two Two),2.0
티아라(소연),2.0
펜토(Pento),2.0
차은주,2.0
파니핑크(Fanny Fink) ,2.0
지오(Geo) [일렉트로니카],2.0
팔로알토(Paloalto),2.0
하우스 룰즈(House Rulez),2.0
시베리안허스키(Siberian Husky),2.0
산울림,2.0
시와(Siwa),2.0
다비,2.0
더 콰이엇(The Quiett),2.0
에이트(8Eight),2.0
앨리스 인 네버랜드(Alice In Neverland),2.0
듀스(Deux),2.0
딕펑스(Dick Punks),2.0
실루엣,2.0
신효범,2.0
러브피쉬 프로젝트(LoveFish_Project),2.0
슈가볼(Sugarbowl),2.0
김민종,2.0
송지은 [시크릿],2.0
루이비(Louis.B),2.0
리딤(Riddim),2.0
메인 스트릿(Main Street),2.0
모닝(Morning),2.0
몽구스(Mongoose),2.0
산이(San E),2.0
죠앤(Joanne),2.0
박상민,2.0
노블레스(Noblesse),2.0
온유(On.U) [발라드],2.0
임세준,2.0
고은(Goeun),2.0
조동익,2.0
조관우,2.0
5mg,2.0
David Sanborn(데이빗 샌본),2.0
EXID(이엑스아이디),2.0
인피니트(Infinite),2.0
WHOwho(후후),2.0
이진성 [먼데이 키즈],2.0
보싸다방(Bossa Dabang),2.0
이은하,2.0
달에닿아,1.0
박명수,1.0
리아(Riaa),1.0
메이다니(Maydoni),1.0
BB.BOYS(비비 보이즈),1.0
9초(Nine Seconds),1.0
한소아,1.0
바이 바이 배드맨(Bye Bye Badman),1.0
한충완,1.0
20세기 소년,1.0
내가그린(Naega Green),1.0
박미경,1.0
배따라기,1.0
버블 시스터즈(Bubble Sisters),1.0
번아웃하우스,1.0
베베미뇽(BeBe Mignon),1.0
벤,1.0
나원주,1.0
GRAY(그레이) [힙합],1.0
규현(KYUHYUN),1.0
드렁큰 타이거(Drunken Tiger),1.0
변진섭,1.0
더블에스501(SS501),1.0
그로칼랭(Gros-Calin),1.0
노사연,1.0
도끼(Dok2),1.0
강타,1.0
듀크(Duke),1.0
김남길,1.0
Kentaro Takizawa(켄타로 타키자와),1.0
피아노 I,1.0
네스티요나(Nastyona),1.0
피아(Pia),1.0
김민우,1.0
Simon Dominic(사이먼 도미닉),1.0
Merian 프로젝트,1.0
로로스(Loro's),1.0
해금,1.0
주석(Joosuc),1.0
파이브(F-IV),1.0
보이프렌드(Boyfriend),1.0
이동건,1.0
이랑,1.0
커피브로스(Coffee Bros),1.0
커프러버튼(Couple Of Button),1.0
이안,1.0
이영훈 [인디],1.0
카말(Kamaal),1.0
이우창,1.0
이은미,1.0
최정철,1.0
최재훈,1.0
최용준,1.0
이지혜,1.0
이현도(=D.O),1.0
인소윤,1.0
임종환,1.0
임현기,1.0
자미 소울(Jami Soul),1.0
재지팩트(Jazzyfact),1.0
쟈크와 래미(Zac & Lemi),1.0
정경화,1.0
제국의아이들[ZE:A],1.0
제이심포니(J-symphony),1.0
제이에이(JA),1.0
조덕배,1.0
코요태,1.0
은지원,1.0
유성은,1.0
소심한 오빠들(Sosimboys),1.0
브라더수(BrotherSu),1.0
브랜뉴직(Brand Newjiq),1.0
블락비(Block B),1.0
사계절 정원,1.0
사비나앤드론즈(Savina & Drones),1.0
트램폴린(Trampauline),1.0
트라이엄프(Triump),1.0
서인국,1.0
선우 ,1.0
투빅(2BiC),1.0
소규모 아카시아 밴드,1.0
소울맨(Soulman),1.0
와이제이 패밀리(YJ Family),1.0
송용창 쿼텟,1.0
스윗바이러스(Sweet Virus),1.0
신지,1.0
타우(Taw),1.0
심재준,1.0
타바코쥬스(Tobacco Juice),1.0
썸머드레스(Summer Dress),1.0
씨스타19(Sistar 19),1.0
아날로그 소년,1.0
애프터 스쿨(After School) ,1.0
오지은,1.0
희영(Hee Young),1.0
