,X0,X1,X2,X3,X4,X5,X6,X7,X8,X9,X10,X11,X12,X13,X14,X15,X16,X17,X18,X19,X20,X21,X22,X23,X24,X25
0,0.206947685643,1.09893313889,-0.583885998054,0.39517703212,-0.293464250921,-1.30643978425,-0.209155841545,-0.706804461913,-2.79405455207,0.00955130448701,-1.35158594848,1.3349722739,-0.498548925431,-1.44602784929,-0.586025353715,-0.447988482835,-0.506968631658,-1.01812389905,-1.44969570086,-0.914079886564,0.873961660742,0.665985755549,-1.6408818201,-0.537459937176,-0.855563906048,-1.89743528579
1,0.562113597445,0.718034795412,1.10852961933,0.0930664831957,-0.750259504867,0.490230507225,0.809911053236,0.103699455115,-0.191842275563,0.844113970886,-0.201713439051,0.448636378595,-0.16754697721,0.916000615837,0.669471017236,0.434402663705,0.0339811102505,1.57134091258,1.10706032249,-0.702396495981,-0.686319934231,-0.42616474296,0.262137946487,1.23053258042,-0.138281264115,0.743333890231
2,1.0297298927,-0.144633940523,0.136138297823,0.807927034245,-0.58310616328,-0.808892361102,0.403619429267,1.24648372487,-0.316029920456,0.379344745827,-0.869646567856,0.502165112616,-1.34119557861,0.425932161726,1.10967586979,0.796353102089,0.261223613798,0.369089671361,0.255468969727,-0.70097237756,-0.0685005745132,-0.093461591352,0.0948101455335,1.43551580303,-0.418807017327,0.0809487717807
3,-0.646594759083,0.229659580654,0.238191418617,0.975471009465,1.25010548969,1.74803260676,1.19545897516,0.787018187475,0.830220494425,1.32682004991,0.75245379172,0.950139897188,0.625500525719,-0.220431303866,0.344099308196,-0.531558207,-0.837323455761,-0.247262162341,0.644859154627,-0.131132532698,-0.807756617821,0.07724631567,0.34045884535,0.89508895146,0.889859560795,1.39629530933
4,0.429557009121,0.317959950867,-0.250374470898,-0.227875135689,-0.175757051566,-1.3955058958,-0.445833659464,0.335254914509,-0.281019337159,-1.02951009162,0.0270758748092,1.48766862123,0.374035222417,-0.752244111363,0.492468974548,-1.91347130328,-1.57780413844,-0.462986546288,-1.35319014915,-0.0126883161694,0.304125377755,-1.36587185977,-1.05608025384,-0.877009602552,0.580065858756,-1.34981007874
5,-1.4918406644,-0.239839346536,-0.907508295374,-0.974921807499,0.0811144646358,0.273060680589,0.326905187015,-0.0967356102461,0.294549592305,-1.33714408474,0.691912059479,0.0542516906064,-0.0463586774211,-1.79458956284,0.479171236332,0.607434387267,-0.913207980417,-0.52807262043,1.46634912408,-1.19066811133,0.103611901006,-0.307971768452,-0.834997192,-0.866625310118,0.229935868393,-0.0019291257147
6,0.0564630356232,-0.521369845238,-0.352594735075,-0.502355124597,0.0238183461248,0.720556338919,-0.649648323854,-1.13368545563,1.41994243561,-1.49589565286,0.334409265976,-0.806504822322,-0.255306779915,-0.0317116331614,-0.729208805574,-0.489304320659,-1.38801627936,1.08448042558,0.0540775450206,-0.405449567007,0.709119277576,-0.749460910345,-1.00609265373,-0.695135891169,-0.974497961242,1.04159700382
7,0.255667435355,-1.28164429882,0.892291434822,-1.129109927,0.669398026718,0.152498241109,0.677644917331,-0.572092232176,0.156692614986,0.394884504674,-0.541475942781,0.124028955234,1.02425950192,-0.0963421183935,0.0512095056026,-0.576398119983,0.160837353548,-1.47163684354,-1.41639357416,-0.622556509951,-0.349826220021,-0.962467228472,1.03076078237,-0.544694173897,0.270331622031,0.377483947258
8,-0.192201417073,1.5930721388,0.00682263598413,-0.762349759383,0.571222758276,-0.647243663049,-0.793610680654,0.1088276851,-0.806066528026,-0.985285844875,-0.147150119542,-0.427100981184,0.483868604251,-0.801190108758,-1.65641494313,1.1881016554,0.967672412468,-0.581178075708,-0.0321544757705,0.243214120706,0.00126758047102,0.46322881653,-0.297393673802,-0.340091441121,-0.412235687809,-0.108601631263
9,-0.219214365561,-0.527170803587,-1.23266319557,0.165624574303,-1.51040117727,-1.6547507082,-0.40191775169,1.49518574822,-1.54468622696,-1.81735257761,-1.21117922701,-0.315786656834,-1.53400439118,0.242161339194,-1.05677164613,-1.74971469267,0.782703603163,-0.980870036877,0.553760289586,-1.62857918109,-1.26594033966,-1.50849958506,-0.843417113079,0.213445672691,-1.46493531801,-1.83123425588
10,0.420169867922,1.58805894532,0.446308575038,-1.16912133706,-0.198994013847,0.428794996456,0.696665472102,-0.694082244108,0.196870842745,1.82996915383,-0.0409531442789,0.290015409932,-0.798010287225,-0.500545911074,0.187878476583,-0.547249204962,1.08339466802,1.18755517432,0.224691061934,1.62921963829,1.72720696837,0.56177545073,0.703482425116,-1.11369792948,-0.853033517242,0.18352334819
11,-0.23794636132,-1.12638534077,-0.0381802566608,1.03655361887,0.033440090083,-0.839218719399,0.0234520129208,-0.723594971263,-0.695007227725,0.505081873377,0.0908029449497,0.0217923824281,-0.0460372085497,0.706374466209,-0.383764983101,0.72029187335,0.254460326688,0.18644062176,-0.64338593577,-0.268217773928,-0.884687482866,-0.321329135569,-0.532063385762,0.614304183251,-1.20981251554,-0.981922789393
12,1.10197422508,-0.520185221474,0.203471944912,0.870478309189,0.702114078591,1.504254101,0.674476042342,0.799722619452,0.357376480635,-0.178040059666,1.62726926143,1.1557296797,1.12660674025,-1.14515230871,-0.0609227041918,0.522105906202,0.620088858454,0.236716364868,0.500238013483,-1.06281984141,1.45125698439,-0.235902491069,-0.899418389211,1.02810989311,0.836911783519,1.1334688965
13,-0.529630601936,-1.32577066743,0.244879791582,-0.356214379041,0.624523441384,-0.185020003284,-0.373936228156,-0.214602148041,-0.609978489814,-0.807986627702,-1.21661488004,-0.411995763183,1.01323829899,-1.6515452729,-1.39656619084,0.00117448987091,0.621018283848,-1.91263695388,-1.62614610408,0.849491038531,-0.335985131664,-0.74045796945,0.755713965566,-0.752656410052,0.311011357156,-0.457690637854
14,0.289915511491,-0.740452608305,-1.706747335,0.22127871259,0.0177529516396,-1.31899091337,0.128778789674,-0.944548648065,-0.9481047652,-0.309843455825,-0.77700574781,0.8006458638,-1.69979842408,-1.24558958951,-0.282657920546,-0.0825370570627,-0.98390565845,-0.0720996328809,-1.03237387966,-0.194352145376,-0.896406078455,-0.273732487686,-0.256422565151,-0.705821419404,1.65542515153,-0.784398089875
15,-0.415229955319,-0.213477543155,-0.683657630284,0.425185265008,-0.384381232654,-1.41199085976,0.806394564619,-0.787803717193,-1.38250016168,0.110224707228,-0.0654015813445,0.125432723521,-1.58886906163,-1.14464895678,-1.34046975251,0.677022801409,-1.08509992084,-0.685389884609,0.223902205334,-0.491612124327,0.235272206863,-0.212987312882,-0.907819768797,0.793389988978,0.0187950769498,-0.713400401452
16,-0.224806087299,0.139630719171,-0.965962078873,-1.664837667,-0.0735212153619,0.00421413518584,-1.40365862057,0.175522822373,-0.317936879635,-0.114904548166,-1.70060812674,-0.826274218135,-1.46032643357,-0.0958857370162,-0.505468733872,0.223361479586,-2.04077830795,0.346803712682,-0.539238526781,-2.0781654573,-0.240002290152,-0.580312036885,-0.455671727648,-2.42938229581,0.0326030335079,0.223112035273
17,-0.68226712944,-1.89519944898,0.339229419741,-0.653147113067,0.294566355256,-0.61129478077,-0.765180850514,-0.225384836778,-0.847579278138,0.191960894583,-0.987877340099,0.472487871702,-0.574197495814,0.409624812418,-0.278640592292,-0.952653834964,-0.175469134484,-0.719748428972,-1.17706325427,0.880731214986,-0.532539356905,-1.24188263695,1.0078096726,-1.19240518038,0.250390900701,-1.37778152811
18,0.0336818732322,-0.183383675981,-0.937862177299,0.862762582846,0.109423489695,0.464438311257,-0.432606377325,0.797713420137,-0.0745902941571,-1.08952523723,-0.142754808225,-2.64426261996,0.440355406201,-1.10899097453,0.0115776198744,0.775770448517,-1.00407345964,-0.400646752417,-0.824511434863,-0.0460652676663,1.08345790511,0.0225668234075,1.0020320576,0.295619715483,0.868794612876,0.120881147523
19,-0.0660920807334,-0.310740217359,0.60060435748,0.300715002606,-0.855005111213,-0.555506748708,1.68521584986,-0.485280870308,0.436884311168,0.440963441764,-0.794728960858,0.425899820843,-0.230684402052,0.201761161817,-1.59437070165,-0.629143972021,-0.271329386047,-0.448044753208,-0.028065430499,1.38862874335,1.19734856731,-0.403421229806,0.621997918825,0.456408159588,0.657195843825,0.0913689899316
20,-0.927958920335,-0.00711834774732,-0.191949456729,-0.095856086963,-0.490968693073,-0.101147603233,-0.0293504184582,1.38938378766,-0.0981438225242,-0.272496602667,-0.394642259842,0.41146627709,0.407524363683,-1.174195389,-0.970933787781,0.50753624194,-0.66928209816,-1.68983542684,-0.18171150685,0.656874515766,-0.591142208744,-0.676040223651,-0.132056607937,0.984481754092,-1.12628286273,0.361693206334
21,0.650616178019,0.422043840079,-0.328277474846,-0.0705944945324,-1.28533467269,0.479806933994,-0.602729444827,-1.18901934595,0.412660577869,-0.239726828025,0.00841923064745,0.604582644362,0.392646047125,-0.434266370406,-0.662350175443,0.679804110518,-0.313321253189,0.098570996591,-0.00308884765299,-0.734521414512,-0.149122687474,0.819997786905,0.674438067654,0.494792024527,-0.712960433194,-0.187374690114
22,-0.598770832176,-0.48370690261,-0.445432021866,-0.664821637277,-0.56842284424,-1.07714162854,-0.702500054146,-0.719872898821,-0.792925638126,-1.10610961762,-1.04444382285,-1.3734618833,-0.263672762233,-1.9373538773,-0.31935512466,-0.550770505838,0.570183318933,-0.83663716678,-0.944678895611,-1.94872069024,-1.76911694679,0.573312865638,-0.869049181207,-0.968402330353,0.895038673952,-0.309453386978
23,-0.251391134652,-2.29619753216,0.344645263776,-0.87841255033,0.59233166408,0.976398608465,-1.47615286198,-0.71049636866,1.26850092951,-0.378233351587,-0.271585772147,-0.308828485804,1.32941049834,0.262467333059,-0.262718281995,0.412322455727,-0.633008152845,-0.819800076356,-0.875484080808,-0.0483702873992,-0.377992421149,-1.66933803535,-1.31810795415,-0.774295734853,-0.395154089997,0.301061626255
24,-0.165747401227,0.594242788575,0.341347624531,-0.273386979641,-0.160806540926,0.327678761388,-0.462775421405,0.155712718383,-0.580570416593,-0.0150149633027,-0.541581549713,0.287653601666,-0.230900845556,0.529395079349,-0.235660274,-0.529491560805,-0.284698211167,0.880662854317,-0.404792281727,0.535914047796,0.546148793076,0.064680715884,0.0664185520718,0.407638103825,-0.111620391745,0.40743602367
25,2.13012928425,0.510936953649,0.660438602905,0.249518448828,0.980347191978,1.38004661883,0.405868767423,-0.694335426533,0.302718064272,1.26876463652,1.41012397717,1.14624283751,-0.192595766367,1.61853020866,1.680194577,1.49806015762,0.0343914707089,1.55502906456,0.330939950842,0.22856971656,1.78992234091,-0.303167340154,0.934398245749,0.00386867306374,0.395876337074,0.598396850438
26,0.918207207936,1.58156656477,0.458262165238,1.17952112426,1.21741947505,0.916357597134,0.250881534898,2.23575409346,0.868309042974,-0.77461527154,1.47787493257,0.883203770261,0.735242919838,0.286092937779,0.893190721573,0.723517815369,-0.0597782738186,0.0235436834342,1.69174327544,1.48496123363,0.785927091719,0.638206948046,-0.677751256102,0.510789367054,1.45314523177,0.795965842783
27,-0.513535217082,0.283168648939,-0.136962307536,0.737875600359,-0.450733588746,0.0510459845545,-0.39348166909,0.82014659466,0.449992384565,0.962028153967,-0.0127651165575,-1.07122929485,1.65182017764,-0.0534306344089,0.905644280154,1.01983388541,0.725768458619,-0.919456640605,0.563983487651,0.987577498549,0.311456141106,1.04771150127,-0.450045572656,0.958584104034,-0.0211338126806,0.102845053994
28,-0.0312552669697,0.515301115607,0.053580048676,-0.634010784768,-0.29566827703,-0.0135515018035,0.581721618259,-1.66821505062,0.768793634132,-0.39685899844,-1.37803132214,0.4393561654,-0.647642365296,0.164473661476,0.0142828693199,-1.48303958529,0.567821411368,-1.72821864259,-0.086034996257,0.126499576391,-0.67801267902,1.4768998773,-0.151520928806,0.108257721399,-0.149113962612,0.108350088335
29,-0.249690573352,1.05995802885,0.352739390555,-1.04799069229,0.338285837778,-1.65985746621,0.67597730873,0.378132097238,-0.441386388577,1.43276759858,0.168434378633,-0.770613592544,0.487177622211,0.291028145145,-0.168992536951,-0.677812230188,-1.08512426506,-0.228382974305,0.467333673862,-0.291829238259,-0.320566700269,0.384284320874,-0.254878766642,-1.09651174225,0.0752531029307,-1.98120141809
30,2.21576416763,-1.27764476988,0.320444885873,-0.828659083115,-0.503357599768,-0.376566654382,0.170569119857,0.609946812568,0.0603361780501,-0.81665419161,0.814925771825,0.00770901826356,-0.00848213783472,0.0271385079002,-0.344487909536,0.202517260154,1.33763321244,0.120221623292,-0.183510483249,-0.85378494684,1.68180946885,-0.798898247402,1.01252591777,-0.84131971046,-0.199881071794,-0.0250405004806
31,0.876023536287,0.542221447188,-0.983739095059,-0.378904141764,-0.693250044125,-0.227484191675,0.471131910518,-0.231284536162,0.535217389013,0.0756581527728,-0.937491978545,-0.438216063492,0.261446242566,2.18948522861,-1.18439572119,0.209196893532,-0.3022010882,1.06697006975,0.0637235594542,-0.158969060481,0.0221701786535,-0.0735867864639,-1.17981988938,0.0124810371805,-1.81309071387,0.42850850815
32,1.34676360891,-0.49169909123,0.195707057446,0.366185401779,0.566074940536,-0.820661441175,1.4009663093,1.28308842034,-1.10841951095,0.272257374125,0.836057222091,0.345679286815,-0.351384873094,-0.0918769194349,-0.812845848052,1.45224042612,0.287369280652,0.0548971273926,0.0696461255414,0.525793234095,0.0276998436977,-0.0366010433748,0.922809146788,-0.102021841901,1.02878455772,-1.33244293174
33,-0.251942493768,0.379079194784,1.3689322098,1.6951508292,1.09303477605,-0.745313524047,0.541092333702,0.768368040956,-0.386269434972,0.98300358434,1.38902410645,-1.31694334127,0.0894226851752,0.453149359461,0.681027898929,-1.47999292012,0.895187258583,0.254078314564,1.15781733371,-0.530185552172,0.483327791773,-0.24617363258,1.33146738126,1.71694416937,0.223825772032,-0.976235418325
34,-0.260209672631,0.749734344524,0.152906123987,-0.956876620052,0.848857228141,-0.0409969306306,-1.3800514261,1.55164487626,0.290047448062,1.50606307568,1.32709302612,0.650331833199,-0.00639424206421,-0.240587898645,-0.254888823086,0.463787005947,0.177557605577,0.369367464564,-0.0392941225728,0.146578880777,-0.419029247859,0.331724216708,-0.446542213476,0.226485461844,0.805595032999,-0.52761728283
35,-0.750182074349,0.268533193295,0.699641298936,0.371843865557,0.757032706468,-1.09073810199,0.554764355582,0.826746674025,0.22218780272,0.723897057063,0.702345367508,-0.675110965556,0.495046581876,-0.0223935228783,1.42724319013,-1.80393802056,0.448097402221,-0.556632258241,1.23193362218,1.09583656696,-0.567849452874,0.691731071494,0.706437029137,0.100811276328,-0.13730672609,0.252666050802
36,1.6354693201,1.43079086514,-0.490521786774,1.49013277964,-0.869385191604,-0.25405957079,1.33091795414,0.489049428236,0.0750373115745,0.952259712369,0.362799272836,-0.488689426833,-0.161972603169,2.30950964408,0.648506970922,0.0160986343278,-0.532223930535,1.63171729802,0.621168327468,-0.18358585397,1.48279612397,1.24952870835,-0.906709946291,0.651176005648,-0.850639240184,0.528384001493
37,-0.804467969097,-1.03406689051,0.340024048466,-1.1330689374,-0.349378249741,-1.9239310325,-0.587303422754,0.184101370912,-2.20487817933,-0.489803545687,-0.19232094687,-0.505542327512,0.678277557783,-0.527604044512,-1.14306139269,-1.62890256191,-0.421262138363,-0.59360105037,-1.6130420984,0.095659564368,-0.326732565042,-1.34435792763,-0.0299712583559,-0.214357910429,0.0665442294618,-2.32107277579
38,1.20019162558,0.695000380146,2.04446247756,-0.351158700068,0.792813486615,1.11580659931,0.776287984816,0.451838123619,-1.07824188514,1.37567368826,0.894257169945,-0.140895042174,0.490573772016,0.17023251057,0.75043090816,0.262618915015,0.278152858919,2.17231302334,1.24048674986,0.262096521674,1.79314511681,0.316230228623,1.37870337141,-0.742174770198,1.25524347625,0.389369812335
39,-0.408983280807,0.333993733068,-0.975862005471,-0.54448129703,0.755788064707,-0.220687478016,0.036076387351,2.11480540539,0.546405684992,-1.46125551663,-0.4909087538,-0.0806356006385,0.332408999404,-0.542454043701,-1.16285654852,-0.67150507585,-1.18367403983,0.0450005587474,-0.69946997252,-1.44884899509,-1.18392910379,1.30149587708,-0.47599027724,-1.61968788707,0.0599175021745,-0.0366613233395
40,-0.462309894853,-0.916286643183,-0.0596341815564,-0.329939319501,0.518146142835,-0.300197338888,-0.63730730204,-0.817811522306,-0.217994179565,-0.143729007222,-0.613542051483,0.714081382699,1.01946422754,-0.0659322262788,-1.31745524332,-0.458702301753,-0.634118561715,-0.639786534097,-0.967337328899,-0.92429767388,-0.335319824152,0.274858069975,-0.336161815543,-0.160470876216,0.0389353545269,-0.445033822049
41,-0.596511024049,-0.449815601465,0.444645684557,0.018142888575,0.575348821067,0.0611741049099,-0.476249454326,0.172634002811,0.873876352613,-0.455900251125,-0.00785972117162,1.88819592662,0.0998392834622,-0.160836332799,-0.586328789553,-0.176029293423,-0.196923213373,-0.40421126777,-0.314083185819,0.722088027223,-0.253950210276,0.0779458268361,1.06211440009,0.366974585284,-0.397247247813,0.792454124825
42,0.49638724946,0.198662727555,1.4239201765,1.59048227568,0.550301111252,0.725993739367,1.66469439537,-1.14963871762,0.205490978475,-0.366789498146,-0.110148003736,-1.15452426839,-0.452295780149,1.01906010911,-0.584753247217,1.28839593967,0.518421486832,-0.229488519433,-0.29121514381,1.00188065701,-0.0289450609575,-0.520115725816,0.997292818286,2.32284579463,0.0711237507898,0.168995650499
43,-0.385848858439,-0.217817126635,0.24601285032,0.249031830632,0.370199803751,0.589560289324,-0.95129056894,-0.714759731782,1.21579429122,0.895322144295,-0.456324056308,-0.466299256425,-0.205267633496,0.419862848048,-0.320195247078,0.060422353858,-0.381291807594,-0.727761450333,-0.794543593952,-0.897668197996,-1.36734198307,-0.280011976432,-0.00735726209548,0.068162072425,1.65793622196,-0.0844216482167
44,0.136991784798,0.65943274977,0.133943315331,1.54159312179,-0.0795085167802,0.524036806454,0.270222901817,-0.914691421522,1.06845956363,0.11230446192,0.153374515435,1.84855050501,0.905624578944,-0.326816994031,-0.275499806942,0.353329123467,1.1066286505,1.2920760381,-0.0104851002761,-0.284433973534,0.128670837835,0.646416903611,-0.354390713946,1.33282527893,-0.898530330908,0.434505268636
45,-0.886069240684,-1.55938183042,-0.173916991366,-0.026622971009,-0.292223984746,0.432076268149,-0.294935117748,0.760003703809,-0.378762394457,0.44744586728,1.10317402441,-0.608797365952,-0.532538716408,0.622273207686,-1.01233851362,0.673821094963,0.8806154833,-0.045390840197,-0.588842430221,-1.05034476755,-0.565670153941,-1.55656873078,0.183456628937,-0.0117947795765,0.522254816394,0.145139840773
46,0.0785003921869,-0.636692507235,-1.30995335481,-1.0985679684,-0.1694251,-0.222990816078,-0.806706232906,1.35122262011,0.869784418162,-0.91743775425,-0.148840590013,-0.35464907113,-1.47845543102,-0.82501135292,0.0446665223413,-0.941946536684,-1.28762743591,-0.089131237359,0.416419024309,-0.343951168204,1.34577889916,0.497100387155,0.0729512739871,-0.713230519269,-0.104180130354,-1.2643657248
47,-1.11291415193,0.612758455832,1.02632967676,-0.92083836113,0.342112748767,0.247095360975,-1.05506819161,0.752032268471,-0.387545454504,0.469492958531,1.05933402942,-0.0615396947209,1.36179121296,0.130870301755,1.39033577913,0.359376002662,1.32860828162,-0.580195032804,1.16959694299,-0.106712567019,0.122591168068,1.00562302644,0.283811866112,-0.594670617059,0.847556343303,-0.124469900193
48,0.665693960081,-0.832164551164,-0.102607236498,-1.67221685812,0.706994274358,0.188169103431,1.52962064188,0.59352118312,0.453084661817,-0.00543723519634,-0.0625043451671,-1.45258177512,-0.0325965402705,1.08925673562,0.480355175027,-1.00723612248,-0.550588009643,0.968896229389,-0.25994932719,-0.166086167705,0.410865078638,0.682840029367,0.61833767622,0.321459416125,1.63211077925,-0.795672545664
49,-0.157080358015,-0.326830228938,0.11266000646,-0.86019783957,-1.53332708088,0.839360856252,-1.46308505073,-1.5719790604,0.321305423043,-0.229042683641,-1.3577057596,-0.880815366319,-1.51401302145,-0.672737716807,-0.801270968787,-0.487518242534,-0.330410758599,0.337453940493,-0.433954168923,0.641599529827,-0.379283956136,0.0762199268968,-0.351852801249,-1.06870971742,-1.92768763488,0.498503293676
50,1.59471086797,0.38742796736,0.585730251863,-0.130666516139,-0.918128580518,0.0861969895181,1.48872205307,0.691414340673,-0.58192231187,-0.529848910766,-0.889908683804,0.500412434984,0.667751095911,-0.999746942912,0.206292460665,-0.820097927909,0.90452426922,0.407852371814,0.247647272221,1.13678951541,0.371082040591,1.2861030805,-0.639805710583,-0.856690608069,-0.693347219829,-0.662201856447
51,-0.483433270766,-0.731512142518,-1.25312623817,-0.361624961803,-0.402373255662,-0.720612992908,-2.26015850675,-0.301322197096,-0.130559280229,-0.585758187333,-0.305079739215,-0.427340370043,-0.456899846966,-0.307034587993,0.483764846268,1.01563194775,-0.117779892852,-0.317289361238,-0.437190714219,-0.825824828794,-0.0771189124484,-1.00282725712,-0.274350767234,-0.000784903589436,0.86510233872,-0.205837444219
52,0.107945596054,-0.286016296002,1.06087781772,0.000885059753827,0.783207436927,0.437169236487,0.0693120771875,1.40780884472,0.596733266663,-0.866601510934,-1.16328523064,-0.0993609623707,-0.153710621823,-0.618269577666,-0.512375886739,1.34274142755,1.70465542759,0.963675774992,-0.332352956393,-0.429766504005,1.71069867606,0.381329436208,2.11295894135,-0.604799983891,-0.389683994348,0.520856442424
53,-0.518286501298,1.37632139662,1.70790717606,0.469947445222,0.63203006813,-0.855610922653,1.42095692492,-0.404736955352,-0.755243757222,0.327766930466,-0.711193394061,-1.49060228229,2.25342920692,0.00471709663643,-1.52326366718,-0.198959950716,1.2657735843,-0.705024621209,-0.263162629495,0.85251264944,-0.216362911913,1.23563090336,2.03252651964,1.66830985968,1.23234710849,-0.694814028193
54,-0.648622033331,0.142380765694,-0.425494200973,0.296648757016,0.868919784452,0.984652968935,-0.681186804552,0.278034757211,1.29181485558,-0.188835756646,0.681801032303,0.604020828488,0.150201741006,-0.0398307237344,-0.944562870209,0.42791908728,0.366657692053,0.381594254561,-0.997739193942,0.344145136239,-0.835185053904,0.310755494957,0.202868555247,0.515192768523,0.281834142329,0.664779466496
55,0.593553365065,-0.1446878195,-1.0955799125,-0.848682688942,-0.23284499458,-0.463477987934,-0.173173015906,0.0414450370918,-1.36450375722,0.296209057367,-1.06198920849,0.546689597095,1.24084200303,0.494438906543,-0.00896199298302,-0.148783312122,0.791325842682,0.0521352748184,0.0282753326531,-0.765597235862,0.274625163947,-0.594609638425,-0.94324879771,0.0373603216759,1.05742858575,-0.774537613572
56,0.56600801627,0.163404438922,-0.17551418812,-0.919856974294,-1.6775356742,-1.27409763914,-0.850690432479,0.113470135271,-1.16707269669,-1.51771028243,-1.12488288271,0.783876969504,-1.23740857994,-0.717240064006,-0.150802301742,-1.461317337,0.018093903881,-0.520951356242,-0.900098765682,-0.377615294557,1.04885303598,1.12910917427,-0.675401316972,-1.07246943679,-1.56267641371,0.0420486288412
57,-0.841015286839,-0.4820362971,-0.857991302834,-0.950427548099,-0.307574820169,-0.0016543198525,0.0117689743663,-0.471738064651,-0.34521994789,0.155902429756,-0.765019662616,-0.222652798487,0.349631230066,0.305396406461,0.0499935287226,-0.907769368949,-0.0307846707608,0.352820063543,0.201886594744,-1.31426568712,-0.289920670331,-0.682913225562,0.55416163685,-0.888054027708,0.783937275048,-1.14239738432
58,-0.203877697101,-0.94968522822,0.380973567355,0.599415670457,-0.38674267992,-0.603351187565,-0.000822198458527,-0.883801522099,0.0496918334116,0.0830670368024,-0.854239337628,-0.117635863457,0.19219653812,-0.960746859394,-0.35845662135,0.0545794611584,-0.323670332923,0.710480733163,-0.790242611547,0.0615942924505,0.901661364375,-0.997875441179,-0.251086516649,0.730464563949,-0.124797795878,-0.129836593986
59,0.817977732268,1.19874490177,0.905259865317,0.4108593039,0.954341364647,-0.494291047473,-0.474304143808,-0.423568369776,-0.123051278288,-0.191591501947,1.29538023655,-0.358131951654,1.07511012636,1.13610750451,1.61840019633,1.59043241122,0.709195017242,1.18216917278,0.602193369874,1.38461321023,-0.304282027797,0.337818965378,0.286841362176,0.103233545873,-0.583154152461,-0.0121298502055
60,0.457144717102,1.29706842908,-0.736727610321,-0.772129047171,1.34203810373,0.712758544603,-0.662454847343,-0.986726238307,0.775008923476,-2.62422181016,0.880125701969,0.662452726399,-0.87727204129,-0.345289095051,1.99420703854,-1.19870547213,0.514477020183,-0.947197219015,0.573164878259,0.0227413858613,0.874652404097,0.787413601025,-0.056986982112,-0.802681642678,0.212695425824,0.103650889304
61,0.38213008348,1.21848102793,0.631688989973,0.396925661406,-0.413589011935,0.144667990661,-2.00048470063,-0.711810760273,-0.608704706362,0.931779328997,0.800644601421,-0.200450249315,0.223503898569,1.31351161303,0.180398892447,-0.412741562358,-0.121542210653,1.20962379703,1.38224631631,-0.989510567356,-1.07946362952,1.14085818297,1.58342994497,0.142703912363,-0.206465837241,-0.577652090195
62,-0.294679284608,1.10870059877,1.22897210759,-0.119633441347,2.43486445334,0.779880411272,-1.0252983423,1.19918777585,0.443786799723,1.13875684289,2.02654127824,1.44142053846,-0.13234807796,0.470951635949,1.56169414027,0.256484767142,0.845179992743,0.629235049779,1.47302845742,3.15116724403,-0.933714855058,1.9419792955,1.41085788612,-0.402790873248,2.46820246156,1.80639282945
63,-1.15346746782,0.994650465696,-0.90216816807,-1.70497174497,-1.15340078387,0.0333188369821,-0.992923548443,-0.597733915062,0.376738933805,-0.669545592209,-1.00859073093,-1.54665407971,0.404047626108,-0.617407696549,-0.407772708723,1.14954854283,-0.968053174404,-1.06138381864,0.203112646144,-0.419646098262,-0.687445949238,1.05188781881,-0.559315161712,-1.47052626287,-0.588544682513,0.254123753565
64,-0.178153928648,-0.119367464237,0.0771318673833,-0.23496784339,0.305801074155,0.958372254649,-0.00647987719827,-0.800237421187,0.500243451087,0.981173912776,0.100943860745,-0.509966542183,-0.098679277518,-0.381644576943,0.0782205872214,1.0184984119,0.529680444214,1.07061402419,-1.00772081588,-0.105969578995,-0.0523843811158,-0.786243063971,-0.0894771536335,-1.37674770044,-0.242930862272,0.754409930563
65,-0.0699762877964,0.214894567252,1.36015987873,0.868092321524,0.524243210828,0.0642059217786,0.638479228568,0.0819081024321,-0.816760959988,0.558974656953,0.656650348695,1.97005268106,-1.25027011995,-0.0697835415065,0.398297946282,0.8606676841,0.604405546826,-0.693075601346,-0.0518539847068,-0.354452323089,-0.784751762569,-0.214787465186,0.364814071024,0.793594698234,0.455837265677,-0.449105971939
66,-2.44652165133,0.560055143292,-1.09816693279,0.453393660614,0.513314816663,-0.160345328958,-0.0539063613459,-0.0705465473586,-1.30436801034,-0.762085003506,0.216491577159,0.0150108863867,0.726855970423,0.154687109034,0.450297834095,-1.08180800496,-0.941076235619,-0.540196086513,-0.37086329325,0.65982357491,-1.28823438914,0.462081621122,-0.410250004174,0.290643582018,0.804225706094,-0.758637676579
67,0.970761500616,-1.75428795004,-0.784752187151,0.305707653352,-1.2425740945,0.449032088642,0.813326983268,0.451573239086,-0.433602398328,-0.0876510576518,-0.120081517533,1.32099519035,-0.95667120461,0.327557469777,-0.005085558748,0.252962295637,-0.0734628714921,0.0775627377469,-0.619389502643,-0.578353902996,1.25872055784,-0.853822586106,-0.45615389086,0.00821272375672,0.288031990515,0.258237010983
68,0.368196982546,-0.718575301652,0.519996581407,-0.0184876492447,-0.49851491937,0.98185357608,-0.140795217775,-0.661260300575,0.279442096911,-0.376461681502,-0.68882713393,-0.299611750231,-0.689484662735,1.63628192675,1.01255163029,0.703027074809,0.0945702266805,0.610601519163,-0.991969452519,0.529893323574,1.61140269234,-0.00367612986929,-0.000211704160058,0.364465699381,0.10551964695,1.31606767813
69,-0.213598331329,-0.855411474056,-0.550969333977,-0.155888645532,0.575513269118,1.43627007383,0.487325573541,-0.0738439993624,2.08858486895,0.440658611069,1.02944016034,-0.322286079956,0.324497306346,-0.670525871644,1.40520364929,-0.025298042082,1.18544650046,-0.410284973351,0.592837737114,0.704427333482,-1.03084088489,-2.32615469671,-0.537884745196,-0.314512798257,0.297699194536,1.50182262696
70,1.65175564556,0.171938707581,0.483066656423,-0.178488597924,-1.13240409594,-0.650558191213,0.594461863024,-0.918874159395,-0.137010739429,0.60235409204,0.628648277546,-0.931218495121,-1.06826312597,1.33608468093,-0.474128914636,-0.4133678391,0.117650318307,0.304150533613,0.478284281268,0.511941250113,1.93928444104,-0.0141529307448,1.46852769263,-0.289149661556,-0.0532671958798,-0.157841208956
71,-1.78402324915,1.66563979126,-1.14060958257,0.16161612844,-0.259082926809,0.489419776051,-0.08174736311,-0.491151682045,1.03006591646,-0.331008887244,-0.428059526861,1.56698976265,0.340925058174,-0.930332532624,-0.363942997732,0.703190585021,-1.10091515074,-1.39349760329,-0.273266359491,-0.95034648174,-2.5849047246,0.978207677649,-0.0121587266916,-0.67313999075,-0.260426600145,0.609691927475
72,0.699821773941,0.364228656723,0.743540753698,-0.149751707726,1.03531201548,1.97381099623,-0.0151880602816,0.468622711584,2.09520163138,0.563754259602,1.81466584902,-0.785318207499,0.537322284499,0.471157513154,2.06090034622,2.31993881826,0.395885291651,0.791580182673,0.268694758801,-0.890816511389,0.22121162966,-0.487625099926,0.609508122121,0.528505189685,0.841110075413,2.13649922304
73,-0.299741233363,-0.0432522492955,-1.58852167041,-0.341582136009,-0.906789994926,0.051570603127,0.730140525067,-0.546576858358,-2.00863907827,-0.832420301955,-1.11765774794,-0.400519765026,0.0786405182463,-0.00401701646599,0.105398750565,-0.344464200676,-1.32642711656,-0.880735351898,-0.702719342065,0.237963863302,-0.968718200646,-0.760262053388,-0.800851979609,-0.782298009959,-1.51927466032,-1.20735497318
74,-0.503329821451,-1.62242567431,0.605223503671,0.0436316095734,0.511862531431,0.632524565929,1.596558936,0.730743440923,0.522785559285,0.309241052048,-0.387070887015,0.884205629749,0.0500723911563,-1.11979470254,0.360150646092,-0.404719828135,0.772118790518,0.340213746567,-0.712790418216,0.309317522282,0.840252990689,-0.987559143633,0.226617364016,-0.338229704652,-0.254505577324,0.761661322147
75,-0.858664567348,0.341060413017,-0.402521504629,-0.685351800359,-1.93935807356,0.683979931262,-0.846980512602,0.589385535375,0.3114988704,-0.285151426786,0.428281316766,-0.358586467546,-0.76460712812,-1.70103574298,0.198953916329,0.797666808332,0.22987154098,-1.01695695152,0.65984786255,1.46628057404,-1.02690615611,0.66669668735,-0.733544959863,-0.777436182726,-0.540185173227,1.36653506025
76,-0.548789450953,-0.798205098246,-0.751209181996,-1.09555257332,-2.59834084733,-0.400183531342,-0.668082725524,1.2026044351,0.709355341189,-0.985318283658,-0.684159529071,1.13002092235,-0.0157106705165,0.336653591288,-0.155585099257,1.32424907615,-0.709838222104,-0.63689044483,0.0543744381122,-0.888440417501,-1.88757378259,-1.20416623586,0.20795822223,-0.612124215558,-1.09103396876,1.26288944481
77,0.300840409373,-1.20811750365,0.689539098733,2.39551550717,-0.319514614343,0.0396294533385,0.684704090678,0.960038171664,0.878463012811,1.0271831426,-0.391785018101,0.159982211866,-0.0609330527837,1.22991982653,-0.822692443233,0.546786080751,0.823358607328,0.838352721772,-0.165836017197,0.180070642068,1.35683208435,-1.16305549254,0.518863636107,1.3736212877,1.01337265976,0.209375851733
78,0.58497896725,-0.370870964531,-0.350454442719,0.649544422567,0.695802790124,-0.451974725602,1.35696276399,0.274663337785,-1.02350097739,1.44010433664,-0.452757800301,-0.441377681888,1.15208043054,1.12409082148,0.600252739251,-0.339650191171,-0.160648798075,1.00582565507,0.973801984772,0.321458440711,0.00630713471192,-0.380890452651,-0.471384204808,0.84773203003,-0.255012975557,0.80620413423
79,-0.0791000529931,-0.807672818964,0.347290687689,1.03031862222,0.483672353953,0.174800242512,0.551329533619,-1.06060449708,-0.193355826025,0.639624412759,0.544241293556,0.424538726453,-0.490993014843,0.0545267758963,1.03011288764,2.10793654976,-0.773069076316,0.46683235941,0.724263583037,1.02602493801,0.0387466050622,0.0694925698584,0.138137618794,1.25426306063,-0.036380057684,0.466356801911
80,-0.492101751264,-0.210777815216,-1.06684941054,-0.474262432322,0.922502601551,-0.047980576304,-0.347611178313,0.351499796271,-0.630410026416,0.209566588442,1.49454074961,-0.682521240265,0.59982709466,-0.531624621438,0.678828303028,-0.893486573372,-0.796058852667,0.0795267811832,0.545694082301,-0.00201677140158,0.159491127219,0.72936438333,-0.31585380931,-0.842629798573,-0.405458025259,-0.131950835228
81,-0.3736173008,0.675738445224,0.482878700544,-1.31437446164,-1.00969126604,0.601188573141,-0.349533942898,0.137737112514,-0.0134891917454,0.435319266906,0.693831426514,-0.0579200975337,-0.611854975336,-0.166195726146,0.77560309487,0.159700410223,0.110874244638,0.57898144709,-0.304400662997,0.458020857789,-0.432480899362,0.0301596759405,0.730033179117,-0.57088344016,-0.703425854673,0.0791631581751
82,-1.66436723921,0.0137584883638,0.576059859657,1.33632341054,0.895183998566,-0.373432921734,-0.975972051489,-0.7364437058,-0.498476488758,-0.231100448366,0.878238239301,0.0309905190177,1.19613926631,-0.0444978567091,1.43142683494,-0.994192012176,-0.760199085882,-0.9117098339,0.21677485081,0.495010355342,-0.824126829312,-0.530921611079,0.779264894909,0.500559752082,0.283887058793,-0.164795012732
83,-0.15161617567,-0.698923597565,-1.9880224092,-0.776169475114,0.442930437695,0.324565990043,-0.996864029373,-1.20965132222,0.411235142003,-1.28169307485,-0.871450494251,0.373928055003,0.141154244108,-0.649970946506,-1.17495349531,0.144292636895,-0.687968599825,-1.03587536178,-0.469673330153,-1.19251379567,-0.783128175621,-0.179457473092,-1.55731477663,-0.358383218946,0.39155354679,1.52268260666
84,1.29560962112,0.107313618486,0.895593434186,0.544300020623,0.703512235728,1.85556668296,0.558870671993,-0.612118822985,0.246816786531,0.953772440453,1.24094616491,1.28145786972,-0.480234234304,1.17788739114,0.815886706178,-1.34776518708,0.724844544575,0.605555814019,0.188353992121,-0.423519760017,0.10506888644,-0.365117806455,0.0772903411729,0.445474914147,0.602719537115,0.11220680316
85,-0.657028823852,-1.1564441864,-0.98358664809,0.0786916617972,0.0324330051546,-0.653267865027,0.484363846515,0.965845082445,0.509672557502,-0.501650355794,0.491200563874,-1.73061157681,-1.4058635178,0.805552057825,-1.29347815392,0.531809050143,-0.250058284507,-0.128712598249,-0.42735915637,0.2379078119,-0.0335573324682,-1.89862678375,-3.01018727469,0.134183346611,0.433115039872,-0.454870501578
86,0.169859298902,1.41822903388,-0.118297219814,1.05496689892,0.0662331406574,1.50497655821,0.202016322794,0.188339281506,-0.0513661503335,0.188630147452,0.281494035177,-1.00064958249,0.866727605076,0.415480282022,0.507238102964,-0.197874622144,0.47694258914,0.661707693402,0.167800732738,1.13897982623,-0.413090084347,1.11835734007,-0.35872937526,0.77803182728,1.25790576739,0.646396757758
87,-2.21559007312,-0.34618458831,-0.226079806897,-0.814802206943,-0.759386076853,-0.372394181667,-2.58391080849,-1.75662371054,0.329345841574,-2.12785503617,-1.81726268511,-0.969127503373,-0.669809472607,-1.25413990778,-1.46234442376,0.325408179083,-1.14015782249,-1.38812411178,-0.739550841718,-0.301776894848,-0.345485518648,0.862449964034,-0.258153910125,-1.60688509574,-0.851233452018,-0.433608717192
88,-0.11563604463,-0.818151616169,0.0811433455596,1.03695744853,-0.918154623306,-1.20045635689,-0.0874367240935,0.0730923367919,-0.829361843409,1.04874166628,0.382073769902,0.39634378443,0.77933697062,1.024705726,0.873020812153,-0.312651974749,0.983517292045,0.505802225283,0.411121922028,1.56202113648,-0.579218171281,-0.729975991082,0.102310953334,0.0544464385946,-1.63940703069,-0.461254808195
89,0.771179771159,0.274172189857,-0.268464113276,-0.125902961521,0.36652896983,1.10041612184,0.305514948611,-1.30867270388,1.30824931497,-1.55679593551,0.110083550986,0.429745013036,0.71602638769,-0.467043121189,0.440624207548,0.830861660847,-0.103915768743,1.14587515784,1.46496132138,0.540877365277,0.0728098243015,0.817751949343,-0.581621299282,-0.930584745533,0.299565657206,0.813113055454
90,0.80130378198,0.724740968157,-0.964286964102,0.823315982551,-1.71162883727,0.117197901428,-0.109907927258,-0.286209648435,1.04588904103,0.226550363806,-0.328462275922,0.565460795234,-0.713937593226,0.672129579642,-0.361910960087,-1.5096375928,-1.0485273001,0.327517337001,0.513207505997,-0.476946227628,-0.148512555405,2.08793751061,-0.387444262722,0.331988633938,-2.1325248401,0.383310191192
91,-0.669821814634,0.648123430415,-1.44681093308,0.323885054402,0.946075190366,-0.23282192509,0.496323526265,-0.558359160424,-0.166858390679,1.64579925059,0.430398053086,0.031507899456,-1.01800174242,0.594917230803,0.40886002573,0.0773428171989,-1.28281690335,-0.0476245215552,-0.488259459819,-1.42061896324,0.282469723003,0.290169967966,-1.05966162258,0.931487201668,0.108717916524,-0.16826013883
92,0.453703520872,-0.225160346689,0.0102431226863,0.112494090268,-1.65492768746,-1.08256032027,1.57745024306,-0.214561837125,-0.357067878822,0.627876657616,-0.499585500815,1.40953735308,-0.18652760077,1.78275709119,-0.86758076477,-0.645429908118,-0.123056015949,1.49742051113,-1.25338224668,0.421089387188,0.782483013451,-0.132117625711,0.763480633774,-0.107603251649,-1.42122663418,-0.365235653054
93,0.461673285662,1.73798486846,0.275720557372,0.737983888778,-1.02746272729,-0.526317138306,1.69326440985,-0.717772536256,-0.47123257492,0.0588110015461,0.0760653013268,0.165479712466,-0.600574630707,-0.522565727133,0.705623194135,0.670491920491,0.800562489521,-0.587022733584,1.56595998102,-0.760057430126,1.08000670543,0.561885758211,-0.546154343195,0.50171283412,0.0287314782311,0.262615856421
94,0.402482988163,0.11115357131,0.950055394836,0.677293771154,0.0327605453706,-0.0641956055245,0.363191077553,-0.119875926626,0.369196654908,-1.13482519338,-0.120237375431,-0.889032343751,0.321902778452,-0.462901833617,0.231489050844,-0.346984398596,1.62278295415,-0.521242535154,0.879060187667,0.737066859965,0.61712503123,1.04203206147,-0.32342256082,0.445013140161,-0.774376676797,-0.963484394073
95,1.45734718165,0.530135672616,1.83719858551,0.593194009384,1.24661064481,-0.810533920492,-0.397872378051,1.32638046382,0.7123244297,-0.461681053264,0.700342283162,-0.456321854557,0.416445611161,1.84354515997,0.0592760836549,0.0886440620778,1.35902098588,0.731516841469,0.31765501014,1.15176324034,0.922624690467,-0.0284015268481,1.81755189755,1.0380793803,1.15543754615,0.472027596438
96,-0.630158796677,0.534933003585,-0.140785724605,-1.17561974525,1.58892281944,-0.94574148544,-0.22110769207,-0.572441135166,-0.450706039609,0.698885969834,1.51932723942,-0.123179268303,-1.11463091261,0.305882533935,0.612452145528,-0.329400002302,0.303102276059,0.391649948763,0.558359035323,0.714408979005,-0.654956497887,0.573125107561,-0.902018402838,0.381171166273,0.973852737157,0.184882601668
97,-0.875181186679,0.950724174232,-0.769356643397,1.03484650231,-0.745562567786,0.743237508307,-0.300095638686,0.0115284972849,1.46732309639,1.37440682025,0.490063859766,-0.238001510005,-0.404418352879,-0.297195837355,-0.497497688891,-0.195926859282,-1.70388728375,-1.29993257083,0.464162845786,-0.989189659518,-0.626015036859,0.632084279503,-0.414124112394,1.40503087971,-0.898433451933,0.816140613457
98,1.42700243027,-1.43283878206,1.23609885282,0.696087877824,0.0795369760491,0.125669314466,-0.607713438264,-0.144721908969,0.840011364776,1.37470845182,-0.2818013901,-1.27023606696,-0.2721678443,0.590065389417,-0.14156492627,-1.18868982167,1.65313431195,1.52232167876,0.906560075236,0.983171903699,0.347923588729,-2.16535396075,1.71956482575,0.480482251542,-0.651483792434,-0.480116553289
99,-0.469814056164,-0.584196980483,0.208059967446,0.695017767452,0.331255407205,-0.142379097249,0.411972752016,0.317281406313,-0.704339890344,-0.615022530531,-1.06757826872,-1.00500053157,1.06904526372,-1.19238741801,0.346721992712,-0.0851998640647,0.314427060532,-0.634204248167,0.08938228445,-0.41766367474,-0.950496631737,0.473263032695,-0.284189500297,1.0201719469,-0.998116023317,-1.79900002294
