"X","Artist","freq","Rain","Snow","Fog","Thunderstorm","spring","summer","fall","winter","Month:1","Month:2","Month:3","Month:4","Month:5","Month:6","Month:7","Month:8","Month:9","Month:10","Month:11","Month:12"
1,"성시경",2893,0.995559765555621,1.05081300813008,0.965959150981178,1.00814067079127,1.02148396562566,0.948634515841733,0.991567528146224,1.03975723003853,1.03393305801831,1.08616881990125,1.10702289741169,0.995922301304864,0.950537634408602,1.006678539626,0.91956932052162,0.948555213793701,0.88940329218107,1.06551514449528,1.02573432600005,0.981671554252199
2,"아이유(IU)",1970,0.997650802756209,0.969919552291011,0.961038961038961,1.10983444177161,0.882634412175184,1.04151306299086,1.00660845808798,1.07563143784394,0.980530326756446,1.21154105693408,0.777146203665427,0.990222461428059,0.942872008324662,0.836255756287637,1.29080484406816,0.976555929352397,1.00323275862069,1.15954139137194,0.841609050911377,1.00577157802964
3,"김동률",1723,0.911251100724785,1.11182795698925,0.963459076135133,1.0035178035178,1.0155103751834,0.709257857964513,1.24249156913311,1.07677734419226,0.883380084151473,1.10396044412928,0.955057976809276,1.03412001463593,1.04931180424654,0.967976710334789,0.470785149117468,0.828099318831026,1.26454138702461,1.28707500272143,1.01072454391279,1.2067579744098
4,"버스커 버스커(Busker Busker)",1461,1.2032980177717,0.504562533548041,1.09802102659246,1.10645521554612,1.26187774224283,1.03128065395095,1.195079568319,0.584224454107925,0.826728110599078,1.11049865595457,1.8079286803797,1.27217391304348,0.598979646064729,1.33697552447552,0.580406409168082,1.19665778980147,1.20804498269896,1.10432513463994,1.15475475475475,0.050283142886035
5,"어반 자카파(Urban Zakapa)",1382,1.0769905058212,0.846846846846847,0.76985468063535,1.1751230784688,1.16598657539709,1.05524609388473,0.949802473376847,0.840697516007448,0.861948484602259,0.794677057191917,1.17085775508918,1.13967437874893,1.08445484285064,0.759132420091324,0.935177235373482,1.45560717511937,0.954008438818565,0.861948484602259,1.07159189646499,0.935177235373482
6,"바이브(Vibe)",1310,1.00022823381478,0.713975694444444,1.09090909090909,1.10390073450759,1.09967162719206,0.959303423530364,0.995985799475602,0.947939665685879,1.00525182385515,1.02468056570108,0.640485230709827,1.32938168293817,1.29935573977293,0.927350427350427,0.832517861008876,1.14424735156442,0.992537313432836,1.15047830923248,0.835258694113554,0.8480098855359
7,"브라운 아이즈(Brown Eyes)",1300,1.01508649672963,0.914699792960663,0.989386248269497,1.13466392918448,1.08470046929466,0.881687379544095,1.13379151312369,0.913288774810033,1.23171761526769,0.832392048739272,0.68691574556195,1.35803689064559,1.18507381082559,1.19625054182922,0.709334248455731,0.817319536831732,1.03861788617886,1.26301752603505,1.01292895949385,0.723623575066699
8,"김범수",1288,0.947086818169018,1.08796296296296,0.995704168117961,0.921665159583375,0.824662281748808,1.00388455834167,0.94103604678921,1.2560844551089,0.948399535616552,1.47701818096346,0.506758318510256,1.23632983377078,0.844585987261147,1.0925205361003,1.08465120181216,0.837284594219988,1.3341049382716,0.685139406710974,0.854022163756677,1.20846933152473
9,"쿨(COOL)",1235,1.16607724845711,1.02919708029197,0.76247188037581,1.19265621306438,0.563232594423281,1.84681065401164,0.858908265706322,0.936939580359763,0.854218362282879,0.758894708325808,0.494607123721667,0.541427203065134,0.803197301534515,1.77967673555909,1.52286839315463,1.49795162538209,1.15695915279879,0.522385984427141,1.00227230197557,1.22445210539276
10,"휘성",1229,0.948476867315059,0.93140243902439,0.783516636502854,0.92692087858251,1.06257431866778,0.918693126317413,1.03014246708659,0.992081693617156,0.918976814516129,1.17944158171838,0.963873384815353,0.971309337506521,1.21673387096774,1.04724409448819,1.01041402082804,0.746904315196998,1.16295707472178,1.01041402082804,0.894941309160784,0.900860550551054
11,"브라운 아이드 소울(Brown Eyed Soul)",1221,1.00898857312773,1.15438596491228,0.932118013912209,0.883183568677792,0.853119309890621,0.958101843660427,0.988240120333652,1.22014770598023,1.01911669192466,1.32181524438764,1.33743196936102,0.692708333333333,0.624137065394753,1.08894122925078,0.742802181541454,1.07595380536016,0.646887159533074,1.13021243115657,1.22095779990517,1.19464709501626
12,"싸이(Psy)",1212,1.02840895978436,0.738788719371244,0.957142857142857,1.15072034059376,0.883762375308943,1.16729036449808,1.0666566242374,0.896693034811663,0.742186786073289,1.11459535718866,0.587648180951083,1.16837481698389,0.973545590154764,0.887935145445875,1.46553148076176,1.05063575345056,1.06168359941945,1.35664419836302,0.728527684988359,0.906493325917686
13,"박효신",1129,0.90995670995671,1.11095031355523,1.01663782776521,0.813021766477338,0.76915828416787,0.820558794877949,1.33901080904029,1.13263446230524,1.27804889951686,0.950003229765519,0.748343437191597,0.785938253738543,0.87549518958687,1.21301849075462,0.741749021070296,0.616492450638792,1.0853115727003,1.40618526191181,1.30021039003075,1.08208525345622
14,"김건모",1111,0.946924793736165,1.19990366088632,0.971014492753623,0.726148742885145,0.670892269570721,0.885801104184202,1.36028550412728,1.16066996879795,1.73499068995018,0.462053047975216,1.01390828886262,0.763271162123386,0.386692987572345,1.27756986027944,0.527146751476602,0.94498842798647,1.13128698224852,1.50659487230154,1.19207260357703,1.19703899855561
15,"에피톤 프로젝트(Epitone Project)",1076,1.07233114100491,0.936058700209644,0.955054545454545,1.17316054224572,1.10811321803926,1.14995926851878,0.898170632993362,0.85614562722596,0.783285391411547,1.07214250937939,1.19083591165401,1.49270482603816,0.621132323897301,1.40858416945373,1.08333333333333,0.883177387151079,1.06327913279133,0.674671822529765,1.02953678315997,0.801589751504862
16,"프라이머리(Primary)",1062,1.04545732401958,0.728682170542636,1.00468603561387,1.06076546345003,1.24566216224528,1.25515676821976,0.778792036513315,0.769178135105009,0.881942135018291,0.953854794395786,0.950292767176376,1.14521307647402,1.48897509187423,1.25323910482921,1.2091644819332,1.13564398801883,0.751412429378531,0.763824884792627,0.927927927927928,0.59110066461339
17,"투애니원(2NE1)",1060,1.00424498746867,0.873142250530786,0.993623016461516,1.16216216216216,1.39678474114441,1.48551409664683,0.478259802718752,0.800210399441754,0.741649323621228,1.00696667294295,1.2735299359739,1.22529313232831,1.40512495871408,1.1028192371476,1.55139562092596,1.43848238482385,0.525276461295419,0.797249960788414,0.241261261261261,0.760122987128042
18,"리쌍(Leessang)",1040,0.868162916654933,0.985029940119761,1.04309146510981,0.935231089077243,0.763899356484434,1.09378978043828,0.978572735111971,1.1912391359953,1.26301752603505,1.19235782396927,0.593133524202998,0.69685628742515,1.11425776350775,0.803625377643505,1.02314814814815,1.40870488322718,0.839646464646465,1.43491703596826,0.66319960376424,1.00509468661464
19,"포맨",1031,0.886569536682172,1.20323928944619,1.14447017950203,0.938259360277709,1.12813118492974,0.748508323554565,1.07050538525269,1.07906780681681,1.09853466576917,1.32103273477103,1.40181054771074,0.795371814872595,1.11749299865159,1.11899038461538,0.714010218393108,0.544379801596181,1.06060606060606,0.785307459677419,1.36858089856469,0.803271240345298
20,"김연우",1014,0.968733818016115,0.954059829059829,0.762585728877864,1.03797577481788,0.8349597617388,1.03584496468887,1.24164478395799,0.914487316509259,0.91158117398202,0.842397685940946,0.900522933216239,0.847018970189702,0.835977724072712,1.20672808486879,1.00749133564383,0.881423029916574,0.885943447525829,1.42824790101635,1.26873618192483,1.02686391796625
21,"토이(Toy)",989,1.06605413336879,1.25427995971803,1.05526388505112,1.01474926253687,0.934740391708191,0.934740391708191,1.13236204992863,1.00741617397776,0.786762569020633,1.08383435790043,0.863741311129123,1.07093558282209,0.908708208918694,0.833333333333333,0.908708208918694,1.09714758164531,1.03376656472987,0.926340817727228,1.39261570462819,1.16054013503376
22,"10cm(십센치)",977,0.901943574890534,1.04121586810922,0.729786342689569,0.963744232036915,1.17082372668204,0.979853344975961,0.702521176883364,1.17988785631311,1.18817204301075,1.33585498144448,1.31568510807059,1.07485426603074,1.0184331797235,1.13312034078807,0.710699506406741,1.1220162601626,0.754901960784314,0.693100358422939,0.781865198531865,0.926212852425705
23,"이적",965,1.00084239827125,0.667192429022082,0.996875464960571,1.22964254577158,1.3266348773842,1.05434484610779,0.985072109302522,0.682797218610436,0.68879538725261,0.989220948788626,1.13659352312587,0.926639344262295,1.7072156196944,0.619675186368477,1.47243351285326,1.05735623801421,0.966145833333333,1.1265778401122,0.860250850526377,0.526190476190476
24,"BIGBANG",892,1.07434433750223,0.5666063893912,0.938824333561176,1.06352847312257,1.58228079274751,1.69436626044255,0.360761057573511,0.66893077154788,0.759541754597528,0.769730565516334,1.1917659292872,1.27221141374838,1.8369285572927,2.03805096418733,1.4159441540227,1.09960913070669,0.505626520681265,0.346817785527463,0.36883466200013,0.611623616236162
25,"박정현",888,0.858477164571347,1.40765391014975,0.963306874344766,0.555498895121537,1.40236762648207,0.66189615218111,0.615771552391271,1.47403047091413,1.25913795001651,1.52998169057064,1.56548126670078,1.36878216123499,0.999730734019064,0.817622950819672,0.250630040322581,1.08792785406846,0.494949494949495,0.603668054110302,0.911167324960428,1.3000718073354
26,"윤종신",878,1.09513389600917,0.629689174705252,0.954242424242424,1.12786885245902,1.00198013099328,1.06011151054427,1.72435092482606,0.425625467176714,0.723490897476844,0.223594174621978,0.942870806859329,0.80873410724157,1.25589169313054,0.968627450980392,0.973780122939673,1.20491436873132,1.51933216168717,1.95494486052957,1.09849140877809,0.465686784599376
27,"임창정",860,1.0548126468296,1.12671232876712,1.01163888015099,0.935969526573553,0.87367779714658,0.650015137753557,1.35434677027683,1.20799791778988,0.729935043487834,1.46570597861489,0.543051235881486,1.04632867132867,1.11273254821642,0.716269841269841,0.614156495204882,0.756125356125356,1.35065710872162,1.45556466249049,1.00177686336856,1.34631004873521
28,"SG워너비",848,1.04995004995005,1.45537340619308,0.87012987012987,1.15187754125807,0.625959871191479,1.03682156270712,1.27009113504557,1.13469211415792,1.01471627030845,1.02885725278953,0.449525745257453,0.421856978085352,1.16620952835251,0.985632183908046,0.972140762463343,1.13250684993038,0.941983122362869,1.03612077608067,1.72329472329472,1.27684159845932
29,"다이나믹 듀오(Dynamic Duo)",843,0.933953780417072,0.909342177998894,1.12640099626401,0.949641569081437,0.971355585831063,1.25152053328143,0.635560052184563,1.19476654321511,1.17164095371669,1.36521443158611,0.683279132791328,0.88141567963903,1.38164430488153,1.36590375586854,1.23387096774194,0.997577681256265,0.701944444444444,1.00882531953743,0.310303873004838,0.948915556534185
30,"린(LYn)",839,1.05695436069164,1.07959401709402,1.030007390983,1.18625802836329,0.93126743304903,0.848826444194292,1.14875673795862,1.0896772005201,0.904169944925256,1.29933886001207,0.931265061836286,0.613792194092827,1.29400921658986,1.34117647058824,0.866576044335233,0.455144817073171,1.11564906490649,1.27389586490582,0.956456456456456,1.03769630730051
31,"노을",836,0.959926932298207,0.812151616499443,1.40393294648614,0.769643816001432,1.44750571432261,0.442373311946759,1.33498026885688,0.944661951549569,1.10687606112054,0.55123466788391,1.17970777591374,1.27733451536643,1.55825841706328,0.633333333333333,0.649186748626448,0.209827252243349,1.23365724381625,1.55825841706328,0.974164886536021,1.190271286903
32,"씨스타(Sistar)",773,1.12504406797044,0.984761904761905,1.09446022727273,1.13123008940499,0.878423420569039,1.29294362201185,1.02326128609365,0.835265630051281,1.24045161290323,1.1135866736075,0.678141695702671,1.51238968092329,0.564942178940962,1.36032863849765,0.983555331102834,1.34857723577236,0.972222222222222,1.12229319706164,0.956645233240978,0.29540188914632
33,"윤하(Younha/ユンナ)",718,1.12422495444567,0.984596426370918,0.813627930511047,1.27881040892193,1.12788854537833,1.12788854537833,0.901091944927995,0.855158043134151,1.269078699636,0.884624927632123,0.678027741460409,1.10197578075207,1.55503791286467,1.14875239923225,1.04078428958385,1.11820607649455,1.17227564102564,1.04078428958385,0.525432873890224,0.506433985545567
34,"이승철",709,0.911540938861148,0.975234270414993,0.863084284136916,0.961152006877653,0.922630678629624,0.730778623207033,1.53788453098193,0.904244965186793,0.898433368588049,1.26239493464657,0.401928901641958,1.49839055793991,0.97013634852012,1.15692414752958,0.688518206010255,0.490391722099039,1.47144896502498,1.52435031003971,1.20379839298758,0.642898700627061
35,"럼블 피쉬(Rumble Fish)",707,0.996344288617525,1.21626617375231,0.849374478732277,0.763706563706564,1.15502721544094,0.655767484105359,1.20730108575078,1.03566003293463,0.621040922662608,1.23248525073746,1.07886178861789,1.17773561037318,1.11391129032258,0.994392523364486,0.621040922662608,0.503597962371006,1.66140696909928,0.580120165665286,1.33268125268125,1.27255278310941
36,"부활",706,0.966462919889652,0.809348093480935,0.724569111186212,0.817344817344817,1.15159167940453,0.795245868809282,1.21419470367437,0.873591456612477,1.07348362187072,1.08798697996135,1.46140640689275,0.836477987421384,1.07348362187072,0.681098696461825,0.388856304985337,1.46140640689275,0.747191011235955,1.42438914897711,1.36651886261261,0.55243423401976
37,"나얼(Na-Ul)",705,1.11824372251383,0.934502923976608,0.933722249230271,1.17853064331938,0.67914005227612,1.09990091652217,1.24814936128398,1.02337679886494,0.94411508282476,1.09118404839252,0.623510315663577,1.13260340632603,0.442491657397108,0.935218432076601,1.02859902815994,1.27865100873231,1.26783517835178,1.09277136802449,1.23272177286776,1.02859902815994
38,"클래지콰이(Clazziquai)",689,1.24655300222387,0.852822580645161,0.873695976154993,1.53992501818589,1.18671059456064,1.61516695419441,0.468790717875535,0.888559008255396,0.559421042383332,1.62045017314352,1.7223514142015,0.770620313565099,0.982288369587178,0.893078512396694,1.79021457373272,1.69467227858119,0.556392235609103,0.720177748518762,0.259167370495495,0.650723025583982
39,"케이윌(K.Will)",685,0.758973705450066,0.936254980079681,1.15301159745604,0.802119766825649,1.45889844778496,0.617017587317315,1.31484348449949,0.741791925888924,0.527295285359802,0.558985436554944,1.74313913444811,1.0241273100616,1.28322580645161,0.662350597609562,0.892943959004008,0.443367858336118,0.876774847870183,1.54079084287201,1.33474392973349,1.25806451612903
40,"이소라",680,1.03157524352754,1.22582697201018,1.20870180403254,1.26541664537884,0.762384469271709,0.54441074152143,1.48963069757125,1.37613873261559,0.9031019751099,1.40576535529659,0.234111057204605,1.39093625498008,0.836708938685053,0.240506329113924,0.992824608473201,0.562535010824968,1.44083333333333,1.17650041193992,1.51389038440831,1.58664437450826
41,"제이레빗(J Rabbit)",646,0.945384007965118,0.727144866385373,1.06858054226475,1.23963963963964,0.962610558218829,1.39228971773705,0.931019185982034,0.761772853185596,0.567598109718512,0.89829727602557,0.719241192411924,0.945842450765864,1.25239755884917,0.945842450765864,1.64133533383346,1.31806643858294,1.38227513227513,1.27936357678584,0.172681884338326,0.938030560271647
42,"스탠딩 에그(Standing Egg)",640,0.973148148148148,0.55952380952381,0.93092497022628,0.993300993300993,1.55313351498638,1.35324798864937,0.94907908992416,0.355701283283397,0.817192562332723,0.121228057449587,1.63845832383557,1.03215077605322,1.56672918229557,1.50672043010753,0.842380179289899,1.49495859854672,1.59435421500387,1.07412874423963,0.224313156131338,0.266782911944202
43,"엠씨 더 맥스(M.C the Max)",622,0.935135942838125,1.25197984161267,1.05928853754941,0.896594707915463,0.832320268287571,0.587360084684296,1.06133575647433,1.68216532477283,1.62620781923591,1.22758795835043,1.11934887560796,0.413900414937759,1.05760368663594,0.657485875706215,0.63436303991252,0.615840767287166,0.93763557483731,1.03183361629881,1.19305019305019,1.62620781923591
44,"G-DRAGON",618,0.783761551117056,0.942355889724311,0.863521288837744,1.1680021730273,1.38325953678474,1.15514305177112,0.643340040241449,0.885613357391548,1.53177855274629,0.587189002832737,1.57882212968471,0.435708435708436,1.94156604793657,1.12565104166667,1.08606350806452,1.15794066317627,1.55345911949686,0.0508007049268255,0.567322272767817,0.614879032258065
45,"지오디(god)",614,0.851012145748988,0.967078189300411,0.880979369757425,0.579687601270335,1.01439032697548,0.623440917987489,0.959206458261766,1.50305481289874,1.63413474011935,0.668630819073297,1.51670224925061,0.921284634760705,0.632130939138726,0.713283828382838,0.521636506687647,0.780224236157574,1.10549872122762,0.947529603919967,0.840213347676034,1.83567724356157
46,"임재범",607,1.00911433513361,1.31420161883738,0.935007974481659,0.748511223087494,0.832122708290351,0.717193805401304,1.05345185869314,1.48538760114171,1.21242045205179,1.04938877224653,0.853604931653712,1.03674832962138,0.695892519767686,1.00981481481481,0.501616342251874,0.777345830226861,1.28465909090909,0.622253893214683,1.2769458647837,1.83755485410732
47,"MC 몽",605,0.904238207458946,1.11904761904762,1.28702255974983,0.955796918413741,1.25135377504915,1.01301394932694,0.728757158334623,1.03555629056931,0.709524537532487,1.96175890687331,0.881762038774234,1.60750636132316,1.12978521043037,0.934738955823293,0.846252030633558,1.25822590732111,0.651960784313726,0.709524537532487,0.954630889882689,0.575999093450178
48,"넬(Nell)",603,1.0762119584676,0.979166666666667,0.817394726485635,0.909948246118459,1.36602010042125,0.580163223195154,1.1162166368376,1.02466728893171,1.15346139905763,0.793912577098418,1.46665542692293,1.44896788990826,0.944242683187353,0.517692852087757,0.692886504563506,0.674288617886179,1.25094055680963,1.15346139905763,0.865393654524089,1.10045464386231
49,"노리플라이(no reply)",600,0.944007417387399,0.732739420935412,1.10229909301835,0.783364295559417,1.39684641206768,1.25191974238296,0.623212420301862,0.815302837463502,1.07686787036338,0.864428011476139,1.40044559099437,0.974922839506173,1.53508358841535,1.65301548492258,0.651751256098449,1.34212471311316,0.570283370618941,0.352534562211982,1.15288015288015,0.600761145342515
50,"가을방학",599,0.995098858256753,0.455048409405256,1.30519480519481,1.23963963963964,1.26712420199609,0.973102687539721,1.20097052905669,0.623875285601634,1.17222342498376,0.654528337412917,1.45658685419806,1.41060606060606,0.786971093422706,1.10587583148559,0.938030560271647,0.895125501473355,1.58333333333333,1.25239755884917,0.640289971500163,0.220031859816806
51,"소녀시대",588,0.934914751667902,1.3438675696012,0.897321428571428,1.14933476522881,0.937837333432869,1.15138366067632,0.447987927565392,1.6340027700831,1.85180959874115,1.04398750650703,1.36436853829897,0.607638888888889,0.891129032258065,1.25713734567901,1.18542799672204,0.92543449136523,0.116421568627451,0.611059907834101,0.802421046323485,1.49506956122917
52,"에픽 하이(Epik High)",586,1.18491211848391,1.20512820512821,0.905602790494877,1.23963963963964,1.00721173456901,0.881009359080678,1.15432472133414,0.969945824038438,0.934387723144378,1.62162526391447,1.05770763589989,0.823940847322142,1.13536439665472,1.23759305210918,1.55890603085554,0.0241356104836216,1.14655172413793,1.01967820806057,1.21519799898178,0.473607038123167
53,"거미",584,1.08767001774098,0.853948287910552,0.74530111238972,1.01354184373052,0.874638332537431,1.08255094183154,1.39961735732313,0.711537021786329,0.999614305750351,0.51549590570264,0.732984654687311,0.778191489361702,1.18030335398419,1.25055309734513,0.923848672751341,1.03420302176878,2.0033255086072,0.898811179087875,1.07053157053157,0.726525580439696
54,"나윤권",582,1.00782390759507,0.903178122690318,1.02438016528926,1.15957382772528,1.38013833577866,0.639875159873214,1.24287489643745,0.830780511650644,0.872942725477288,0.936911864813999,0.698370354239257,1.77980535279805,1.45126728110599,0.959377372817008,0.925637445807921,0.207473420888055,1.18290796597061,1.53864005569738,0.838464024562679,0.76897426603842
55,"버벌진트(Verbal Jint)",579,0.959817351598173,0.968727789623312,0.864516129032258,0.941498460485802,0.876064373297003,1.21214811155452,0.755704225352113,1.19143834819246,1.40960410557185,1.62080252151776,1.09795668753148,0.915579710144928,0.685483870967742,1.32003745318352,1.06227301858577,1.12431272871487,1.37603461249059,0.219130089899524,0.856088346410927,0.517792869269949
56,"이승기",574,0.996272917250145,1.3438675696012,0.897321428571428,0.933789684881388,0.834136239782016,1.31153496821072,0.819829503335804,1.07068783894503,1.32420108531806,1.07318443601629,0.92543449136523,0.505978260869565,1.15805708339527,2.04741379310345,0.736666666666667,1.03216845380299,0.455808080808081,0.839179806162303,1.30636858056213,0.787694412442396
57,"이승환",570,0.946770841694985,2.14484126984127,0.963533641499743,1.02732566820965,0.831812446281294,0.616338426516745,0.978533268576979,1.74515235457064,1.8369285572927,0.318060709867732,0.986387921022068,0.978869895536562,0.622062371548566,0.644736842105263,1.01113781310657,0.349901120632828,0.612338858195212,1.25070741369553,1.10290862290862,2.56922915793884
58,"김광석",556,0.645082092987571,1.52158273381295,1.0404399870592,0.500864500864501,1.27459032121887,0.29829134656056,1.27093114241002,1.38562472663654,1.70771495155158,0.786032551519277,2.42635582982336,0.819542253521127,0.553114571746385,0.573275862068966,0.142106955310256,0.328032300593276,1.12033694344164,1.34162599690513,1.17159245576512,1.38620071684588
59,"서영은",548,1.05363408521303,0.933002481389578,0.854864433811802,1.10737039769298,0.962267503850255,0.914252520018054,1.63622595789793,0.622071458753932,0.389328217976824,0.642718234458647,1.02353554304774,0.748125,1.13584322246365,1.37083333333333,0.693347276968868,0.757095992012552,1.88264840182648,2.02551891454758,0.530892750941651,0.984572230014025
60,"허각",541,0.784621127286301,1.22643097643098,1.18999766300538,0.537675024422012,1.12690140472474,0.659525463956965,0.993153970261196,1.27703601108033,1.04461398125881,1.78594089163466,1.76380673888483,0.630981848184819,0.954781105990783,0.958863443596268,0.608791121047589,0.558031959629941,1.05149572649573,1.54812764853412,0.378791835313574,0.89565252988374
61,"조성모",538,0.98436402424747,1.4674012855831,0.995788952192222,0.679697974737139,1.43679392584882,0.653749738000419,0.802951039570758,1.2002750575475,1.36707294721408,0.829186842544665,1.88322028190696,0.776729559748428,1.36707294721408,0.587975243147657,0.362021169354839,1.17529636190217,0.257087628865979,1.13190762871776,1.16631825195361,1.26515220354384
62,"다비치",536,1.24820762708164,1.02602854743913,1.20236127508855,1.06918918918919,0.854696949558051,0.962066403013504,0.905543351854245,1.30890652143293,1.24146735892416,2.26638414558145,0.942964031182728,1.09393939393939,0.614879032258065,0.81577834179357,0.904838709677419,1.18929645989373,0.785654008438818,0.447759415223264,1.65380703283929,0.420385194578743
63,"빈지노(Beenzino)",513,1.20296805004638,0.801136363636364,0.882740447957839,1.40540540540541,1.13838287971099,1.41645776566757,0.58516371541144,0.941356751340838,0.643451335613273,1.19727138643068,0.986569777202197,0.942570869990225,1.40618526191181,0.872448979591837,1.78788032970388,1.30771125893077,1.26857429718876,0.206211676886164,0.474390120457536,1.0471427203982
64,"슈프림팀(Supreme Team)",506,1.03190967108493,1.03070175438596,0.767358625626342,0.864864864864865,1.2132840908012,1.14197864954649,0.600523494952013,1.09695290858726,1.13947646747753,1.08432125563533,0.649576469586685,1.31652854511971,1.5752535867678,1.18101092896175,1.61010813782991,0.590002540650407,0.791666666666667,1.04327301337529,0.0900228586795751,1.0115518744551
65,"라디(Ra.D)",505,1.09898919484141,1.09666666666667,0.885395306447938,1.15351083093019,1.21739013138371,1.28732878591153,0.655348521725252,0.89584487534626,0.720014479929209,0.89184862364922,1.26759217983825,1.1426116838488,1.10242766877286,1.01785714285714,1.25642213425419,1.39483450243473,0.543300653594771,0.777225321367936,0.780198108556317,1.13290822705676
66,"비스트(Beast)",496,1.31704260651629,0.55668358714044,0.694300518134715,1.69041769041769,0.996551570107652,2.57193210509212,0.440643863179074,0.56123172067255,1.25978789217852,0.482932996207333,0.29892895906289,1.6189138576779,1.16234221598878,1.6189138576779,2.64886060964782,1.75199777638802,0.335858585858586,0.698012296807883,0.428636758585997,0.13267429760666
67,"이수영",495,0.860812161121759,1.38605898123324,0.867834012952746,0.664092664092664,0.852497729336966,0.44306103387855,1.64119053946319,1.2807406327453,1.23387096774194,1.11621305727166,0.738168592212238,0.727252843394576,1.16869381279746,0.820987654320988,0.496092450947788,0.189273998003138,1.88448607108549,1.36639784946237,1.17370343316289,1.29976831224381
68,"터보(Turbo)",492,0.871351382257926,2.1943539630836,1.05928853754941,0.490766426250297,0.660353270707494,0.317507674266202,1.14913007456504,2.45393480975414,1.37981269510926,0.910142954390742,0.723626809438826,0.461805555555556,0.929873772791024,0.852564102564103,0.282234414908713,0,0.636203423967774,0.752145605208642,2.15266781933449,3.81320330082521
69,"러브홀릭(Loveholic)",490,1.13767882741874,0.852913085004776,0.849894291754757,1.12532128670457,1.19389728976434,1.61186545462872,0.612882506766986,0.721144967682364,0.329493087557604,1.44290956183898,1.54123112659698,0.670749279538905,1.26762427688989,1.05555555555556,2.38029150144679,0.99242479071675,0.807823129251701,0.880645161290323,0.268068068068068,0.614571746384872
70,"신승훈",485,0.83564082620344,1.38366571699905,1.15186246418338,0.759997054274984,0.650529724647648,0.464998761456527,1.72480597872952,1.44984861173742,2.15216068167985,0.0622729389846297,0.723259299632102,1.04799426934097,0.346817785527463,0.5162100456621,0.911381964809384,0.143085117853831,1.74646464646465,1.99258665598077,0.844752315340551,1.91427718040621
71,"백지영",471,0.861888176323161,0.918866080156403,0.906385281385281,0.750214191136381,0.553303814713896,1.09959490680784,1.21474794714231,1.22073358698815,1.8809498791636,1.31060585432267,0.59936766034327,0.480491329479769,0.727667493796526,2.29821627647715,0.463593138168935,0.66635581061693,1.22769230769231,1.44598295800365,0.820859320859321,0.431439992562982
72,"페퍼톤스(Peppertones)",468,0.996928084099137,0.744063324538259,0.783816719473556,0.986450641623056,1.8701517139301,1.37203012357099,0.384471132745481,0.679670667897815,0.507873010468976,1.62730430813703,2.34966831263405,1.17316620241411,1.36707294721408,1.13912037037037,0.811434565958563,1.95864789005033,0.776729559748428,0.136397300855826,0.408384947447447,0.191935483870968
73,"별",467,1.12192518332869,1.32394366197183,0.955436720142602,1.23620573482069,1.09216790947085,0.678813625719285,1.12661072819898,1.14609954427665,0.774463114385839,0.513034510876082,1.61024147554908,0.869281045751634,0.774463114385839,1.21373679154659,0.936440677966102,0.0847273655982633,1.0390625,0.433522231909329,2.01051051051051,2.1320470304492
74,"이문세",463,1.09944426283099,0.702991452991453,1.18947046219773,0.959721011333915,1.24996727865497,0.412720794192184,2.53308678888976,0.446119932893761,0.736277102062401,0.146979607541362,0.857373606848651,1.08221099887767,1.66849691146191,0.17263759086189,0.551925078043704,0.667699478297715,2.05545454545455,1.66849691146191,2.28934043532584,0.588318196053868
75,"어쿠스틱 콜라보(Acoustic Collabo)",462,1.13701519987018,0.529004329004329,1.47554417413572,1.0879815986199,1.1700272479564,1.58371645292626,0.526180613090307,0.856330980251988,1.39745234604106,0.999421282341877,0.847885958534382,1.55611270296084,1.03105838443082,1.55611270296084,1.26159840521928,1.4795818815331,0.555628847845207,0.747398543184183,0.407324207324207,0.303950987746937
76,"박혜경",458,1.19917498025219,0.700186219739292,0.761363636363636,1.21844921844922,0.948893232300864,1.21378849416482,0.977484626066257,0.873779730633298,0.668346774193548,1.78388019060585,1.22014130855594,1.07258064516129,0.604155276107162,1.36461461461461,1.20938940092166,0.940867838910947,1.47777777777778,0.832062842800037,0.645628727318868,0.385086230006255
77,"지아(Zia)",457,0.903356146777199,1.07908163265306,1.3571256329877,0.738246931795319,0.7509912055997,0.7509912055997,1.15289771415378,1.43395692715852,2.25615327242215,0.655669735404917,0.400567495773968,1.63972602739726,0.424557752341311,0.793691389599318,0.397037687639732,1.20191498997218,0.555555555555556,1.5820592134335,1.2731464974209,1.12860668993106
78,"화요비",441,0.819079500872322,1.73552894211577,0.956131078224101,1.22895309102206,0.722884625934934,0.356610716431917,1.66384197299982,1.5890017441264,2.22927393086057,0.965865992414665,0.298853681057586,0.939814814814815,1.07887431798602,0.76657060518732,0.419354838709677,0.0584748936920264,1.33937562940584,1.25616984065293,1.92255067567568,1.14915743861338
79,"티아라(T-ara)",440,0.973869532987398,1.2151431209603,0.908588648920141,1.00783710539808,0.764000952355758,1.00739453161703,0.761240520043337,1.56722861842105,1.1915668202765,1.8256873506473,0.709388573337788,0.475424486148347,1.22562159164433,0.475424486148347,1.54112903225806,1.03327607923967,0.959729981378026,0.488683662851197,0.971746746746747,1.29431997768895
80,"스윗소로우(SWEET SORROW)",438,1.12577085868197,0.865030674846626,1.1638679791546,1.20893649067024,1.44354011111504,1.26119597046819,0.47613195954249,0.9441331331543,0.660095579450418,1.29768769626035,2.7069623059867,0.47020202020202,1.02167659749332,0.83125,1.2498952660243,1.54123112659698,0.130392156862745,0.555933708197692,0.945381117794911,0.947529603919967
81,"박지윤",426,0.66968268127947,1.74074074074074,1.19287833827893,0.78568709554625,0.920864977679865,0.605570298839965,0.991448692152918,1.6147055780968,1.01240694789082,2.06588003933137,0.649171849884688,0.666905444126074,1.51821983273596,0.907407407407408,0.741749021070296,0.330570464479018,0.435861423220974,1.40618526191181,1.18124949875692,1.36929583005507
82,"재주소년",422,1.15368848477784,1.18067632850242,0.99443413729128,1.11567567567568,0.698392370572207,1.19603046816943,0.755600718404386,1.44220900332189,1.11391129032258,1.88570243362832,1.48922639533144,0.665,0.146086726599683,0.532250470809793,1.47610330496735,1.48922639533144,0.939814814814815,0.706757508342603,0.723783783783784,1.07887431798602
83,"요조(Yozoh)",419,0.994888299886407,1.00092592592593,0.742382271468144,1.1331885902523,1.39602808635506,1.02867751467936,0.714098093383452,0.913194640737181,0.811027546212396,1.65505162241888,1.92535334584115,0.420505871725384,1.64268363777691,0.546575342465753,1.38795318298601,1.15369613233705,0.740947075208914,0.746756172283294,0.770695695695696,0.435878330995792
84,"옥상달빛",416,1.13365692712795,0.187064676616915,0.928138528138528,1.60914760914761,1.00309097371057,2.42739738068032,0.496478873239437,0.55902407841466,1.00036420395421,0.861179567603898,0.821989934185056,0.513117283950617,1.72122182942996,1.82817869415808,1.39016129032258,2.60823729116412,0.233684738955823,0.670441905147133,0.756304894235929,0.0316377171215881
85,"원 모어 찬스(one more chance)",413,1.14481395797185,0.840866290018832,0.837718155769732,1.56756756756757,0.952258101918952,1.52345982587891,1.0689988305283,0.56681722744676,1.03790322580645,0.530279368384522,1.01242161981737,0.728333333333333,1.14233751316167,1.44419191919192,0.901490997749437,1.86595592371018,0.89951690821256,0.969298245614035,1.32837301587302,0.294588109837377
86,"전람회",413,1.11516016318168,1.07305936073059,0.87012987012987,0.952283820208349,1.00393269473862,0.963576711338486,1.12163892445583,0.918101890882813,1.32513712001487,1.05759628219706,1.13081830535019,0.923611111111111,0.955847900522617,0.599099099099099,0.859038513090877,1.47832373367465,0.791666666666667,1.50084889643463,1.00525525525526,0.457478005865103
87,"데이브레이크(daybreak)",405,0.968858928931524,1.23061430010071,0.8,1.04525827602751,1.66961852861035,1.13234269057728,0.752318790793542,0.597250367175445,0.151896994134897,0.591592920353982,1.20993845452473,1.32027168234065,1.94750053407392,1.35927672955975,0.702262879152624,1.28516451308714,0.31940441882805,1.16234221598878,0.908363182459568,1.23644153225806
88,"에일리(Ailee)",404,0.734771138372246,0.67238912732475,0.858630356427713,0.470749230242901,1.29213356335553,0.65247217011488,0.94525215810995,1.17217253660467,1.56367924528302,1.29664201721421,2.12583603668549,0.185495118549512,1.50613357564743,0.426282051282051,0.604417952314166,1.07398006106758,0.280590717299578,2.84047379032258,0,0.604417952314166
89,"프리 스타일(Free Style)",404,0.771704652255639,0.900958466453674,0.867313915857605,0.760156382797892,0.693694334865184,0.721097703386532,0.91930405965203,1.87799413394167,1.34578670177749,1.7665621927237,0.547993289456704,1.1046511627907,0.578950071912883,1.26879910213244,0.578950071912883,0.476468928727142,0.866449511400652,1.81374672289981,0.147560404441138,1.76970695138573
90,"플라이 투 더 스카이(Fly To The Sky)",403,0.962657648136405,0.927310488058152,0.842767295597484,1.22409556892316,0.393460490463215,1.56852492819795,1.12726964194807,1.10245970029703,0.290761134392359,1.7130300050654,0.360713667926953,0.0986646884272997,0.885453051160879,2.57004830917874,1.26634125636672,0.603090440842297,1.3125,0.59777599679423,1.47304730473047,1.385542814275
91,"테이(Tei)",401,0.860326218772738,1.45736434108527,1.13319238900634,1.01316701316701,0.408436495290535,0.566668641156261,1.89001657000828,1.53598566672597,1.48007590132827,1.778915774491,0.443835545950396,0.641479099678457,0.300756048387097,0.240942028985507,0.841459545214172,0.773125711713143,1.98626045400239,1.56490952006294,1.34486851716581,0.994748687171793
92,"커피소년",397,0.971039887855231,0.762987012987013,1.02196461256864,1.16216216216216,1.17527159489012,1.02053814713896,1.30446112800149,0.578834929623535,0.743591113010041,0.949714387190339,0.452425911355888,1.05197740112994,2.00504032258065,1.56654888103651,0.557318482715141,0.984096901779829,1.34693287037037,1.86651026392962,0.505870386515548,0.236882400979992
93,"알리(Ali)",391,0.947437764371403,0.615307150050353,1.51277480689245,0.788861588861589,0.968459701429729,0.586077908268378,1.43068624513036,1.11771197757447,1.17284079084287,1.38294448913918,0.665964067048078,0.83125,1.44698179495369,0.720588235294118,0.947529603919967,0.25687185443283,0.982067510548523,2.58652614417142,0.511766311766312,0.766204401567682
94,"브로콜리너마저",389,1.08147401022882,1.00920245398773,0.905150576977202,1.25871101871102,0.641961852861035,1.29792983368571,0.939267182039606,1.18726429262757,1.31506420294394,0.958343671601467,0.254598652181212,1.60946094609461,0.317315975878243,0.860507246376812,0.975197808886184,1.90172247485187,0.897715472481828,1.04905063291139,0.8963266672245,1.16159950530764
95,"바비 킴(Bobby Kim)",386,1.03159991232835,0.905587668593449,0.70415133998949,1.07483205749102,0.879007478694417,1.14014119395591,0.918789331735091,1.07257617728532,0.456989247311828,1.78594089163466,0.998349714840432,0.882743362831859,0.817741935483871,0.539875835721108,2.30923802379166,0.623619530992998,0.95375865479723,1.23888670338316,0.58759906037843,1.05972101133391
96,"이기찬",386,0.822500916322427,1.55629139072848,0.992004737933077,0.879870406684287,0.53558234022128,0.523218737318105,1.4668544600939,1.79836991263584,1.10132890365449,1.08977643223102,0.546259133477411,0.0671717171717172,1.18022440392707,0.379802699896158,0.833263510682866,0.510502423636224,2.05833333333333,0.833263510682866,1.24237526563108,2.60329829648423
97,"윤건",383,0.92020444123409,1.31929824561403,1.26168831168831,0.882455336692625,0.426248864668483,0.816999572139528,1.68105633802817,1.31889454358049,0.982446141570728,1.60948073919833,0.286740674715717,0.145355191256831,1.02385037748799,1.19175627240143,1.45463709677419,0,0.605233219567691,1.96662958843159,2.05620393120393,1.19244604316547
98,"공일오비(015B)",379,0.924054086829978,0.994708994708995,1.46670720583764,0.871621621621622,1.22022557168972,0.567087183763709,1.72158532590894,0.698702541958612,0.715173618245326,0.751229105211406,0.758305410530144,1.85365853658537,0.975307344751497,0.236534552845528,0.607204640276788,1.02245071470323,1.21109271523179,1.70208728652751,1.68226389654961,0.751623209316706
99,"델리 스파이스(Deli Spice)",378,0.952982048617479,1.10117145899894,1.02500735510444,1.05584448802114,1.0033242506812,1.20269960845374,0.659369259032456,1.17660716543488,1.70208728652751,1.03720836685438,1.38036188442693,1.01085776330076,0.642966516945692,1.01085776330076,0.862382934443288,1.63126868382086,0.855305466237942,0.607204640276788,0.64488072978639,0.715173618245326
100,"루시드 폴(Lucid Fall)",378,1.14477121072724,1.13669821240799,0.966810966810967,1.10061463332491,0.79279352556021,0.9228851272448,0.980347199475925,1.34785171214711,0.70396400040449,2.43350279294546,0.782770382908876,1.27185792349727,0.459232139323174,0.335858585858586,0.59777599679423,1.99232316364976,0.547325102880658,1.03485952133195,1.42852062588905,0.885453051160879
101,"버즈(Buzz)",377,1.00072232984207,0.835555555555555,0.956251939187093,1.05721775286993,0.502755071147442,1.32657550683699,1.22834351240184,1.05710632857447,1.8683894951433,1.24110402871465,0.10340528325411,0.748873873873874,0.83942530001101,1.56046931407942,0.385668958223162,1.9322897706589,1.20555555555556,0.999051233396584,1.35921837330288,0.171921999792553
102,"하림",369,1.12402774176821,0.954059829059829,1.12571257125713,1.19579386460415,1.05218430339036,1.13593195991472,0.842307692307692,0.977385041551247,1.51184649610679,0.924966129543686,1.19471271893927,1.52348224513173,0.472270275770835,1.31052927927928,0.231033452807646,1.91968289789659,0.101371951219512,1.30497539639147,1.29103016059538,0.543164362519201
103,"2AM",366,1.01130057286072,1.08045977011494,1.02225047679593,1.28238583410997,1.81360694822888,0.363523279232318,1.49059909697419,0.679633867276888,0.897360703812317,1.08319830487349,1.97654068143735,1.01467136150235,1.76885762794082,0.071969696969697,0.737486095661847,0.434440988705189,1.1438315539739,0.50577593722755,2.77641927641928,0.247045672309166
104,"애즈 원(As One)",365,0.736299409942178,1.02732240437158,1.01515151515152,0.962826904574477,0.668140455503573,0.751980474051319,0.97405485544848,1.78927000162946,1.12755102040816,2.78925939634577,0.449525745257453,0.536290322580645,1.16789606958054,0.844094922737307,0.968878545139641,0.558633935853922,0.923611111111111,1.33206831119545,0.665818415818416,1.00814597588791
105,"브라운 아이드 걸스",363,1.09851984220641,0.672167216721672,0.692611736089997,1.52832284339134,0.59467887817159,2.56680586234139,1.17184328679501,0.304815311706738,0.277754503560955,0.548496747348063,0.316278700246286,0.513796909492274,1.1217008797654,3.03897849462366,1.91526239768897,1.17349878761946,0.63015607580825,0.918689723977386,2.00309165253815,0.242248668963357
106,"t윤미래",360,0.856348690656683,1.31874298540965,0.849894291754757,0.595980595980596,1.0924807235202,0.634733432728394,0.872509960159363,1.50129485279907,1.56026862587533,0.995947677363607,0.714478005707209,1.30844907407407,1.22106261859583,0.773255813953488,0.67055253912488,0.601332800213248,1.30844907407407,0.596033844526705,0.798878348547223,1.56026862587533
107,"빅마마(Big Mama)",358,1.02372744087292,0.66775956284153,0.817571690054912,0.856330014224751,1.05931670509327,0.894961361504444,1.01956508928045,1.03099687927347,0.311462574381459,1.7024256700834,0.207473420888055,1.24009324009324,1.80846774193548,0.743847874720358,2.09046810574824,0.0682823916846763,1.15451388888889,1.19648093841642,0.681302565023495,1.19648093841642
108,"제이(J.ae)",357,0.830567409514778,0.848375451263538,0.943978530694398,0.659382787042362,1.836148955495,0.639373297002725,0.990950226244344,0.731690929451288,0.498265695456122,0.640714354173988,0.75085618988058,3.04912663755459,1.22445210539276,0.393026004728132,0.871326164874552,0.793280726924916,0.947645600991326,1.40922730682671,0.607492384470802,1.17913651416656
109,"김태우",355,0.9464462020853,1.41435185185185,0.697275788184879,0.99836749501179,1.33885861338177,0.558892742135249,1.27826417967263,0.930124653739612,0.805678303137428,0.349136805454809,1.85177769688145,0.402365236523652,1.60599078341014,0.713841807909604,0.137981269510926,1.01495708336874,0.327049180327869,1.60599078341014,1.86267885532591,1.69676229020355
110,"짙은(Zitten)",353,1.04006798111158,0.97276688453159,1.19348894348894,1.28449502133713,1.50979025410304,1.31153496821072,0.408401629287923,0.936612009650612,0.517429760665973,0.901101799214675,2.14976149761498,1.78125,0.374614752414218,0.963768115942029,0.663978494623656,2.19768142125866,0.844094922737307,0.481381599419147,0.037231676120565,1.45821114369501
111,"팀(Tim)",353,1.15944776471092,0.936058700209644,1.32236842105263,0.866207822729562,0.9337001873297,1.09161294610221,1.09010690649924,0.893383763051353,0.893994398921274,0.512835968108715,0.827242266032884,0.409230769230769,1.64797834732656,0.736550632911392,0.638922702373707,1.92384444823469,0.516304347826087,1.2393185216834,1.53309831570701,1.31887096774194
112,"긱스(Geeks)",343,1.10346812978392,0.62046204620462,1.09594212016357,0.864864864864865,1.39273982021442,1.05572911772996,0.740767439281357,0.861891571032845,0.962049335863378,1.29150567119531,1.79810298102981,0.593088071348941,1.55542521994135,1.38541666666667,0.724986331328595,1.05254808645647,0.554166666666667,1.2091644819332,0.561072700607584,0.460318308053835
113,"장혜진",342,0.780469692750394,1.29209621993127,0.694935936546675,0.92972972972973,0.971199944814266,0.157910564734401,2.22489032555992,1.18796116980855,1.55542521994135,0.888398924763659,0.615458067332351,0.832195676905574,1.51104488078541,0.178763440860215,0.207641716254306,0.174009965906111,2.50129701686122,1.37981269510926,1.6548606368101,1.00252016129032
114,"루싸이트 토끼",337,1.35013412929308,0.87953216374269,1.00784826684107,0.975240975240975,2.36783109530258,0.781134797243148,0.196187727069129,1.20664819944598,0.367475889590954,0.752556365114606,2.14912706895993,2.15509259259259,1.40704584040747,0.704946996466431,1.36172526277637,0.409223437061957,0.225423728813559,0.180634263295554,0.287215787215787,2.55236957387495
115,"유재하",336,1.16719943571504,0.89327485380117,1.04258804258804,1.59142926710494,1.04443866148241,0.893261654024597,1.34029175050302,0.769866689750693,0.709748786754211,1.18858851577969,1.89458655562165,0.530072463768116,0.760430107526882,0.580786026200873,1.23767921146953,0.92335017944774,1.51611635220126,0.659513997442092,1.71512744972461,0.56036061417101
116,"코요태",336,1.15323133704909,1.10246913580247,1.00374531835206,1.30850850850851,0.460348773841962,2.09535172436032,0.509938664243526,1.34239612188366,1.19274193548387,0.208307366321825,0.0374604787714544,0.958333333333333,0.585413232870261,1.67795484727756,2.74312762973352,0.932850418729751,0.958333333333333,0.544398826979472,0.169306148253517,2.51344086021505
117,"임정희",335,0.87386713228569,0.518382352941177,1.24206773618538,0.757557557557558,1.21597086248682,0.275575440791357,2.36672867393037,0.701231958011372,1.27811335303946,0.858035533337837,0.871388367729831,1.32470119521912,1.326,0.625,0.0381912442396313,0.31614997468656,2.63656387665198,1.67224213460773,1.44180036610315,0.154419471293816
118,"양파",334,0.901442495126706,1.29151732377539,0.504075235109718,0.903903903903904,0.923776803696245,0.857542094599315,0.930670228266149,1.3215670755837,1.87241119618426,0.975386176927713,0.218688200395517,1.04408212560386,1.63260280719035,0.579268292682927,1.04991202346041,1.01631907623424,1.31358024691358,1.04991202346041,0.455992074548776,0.923184033418426
119,"왁스(Wax)",331,1.04293729246975,1.36231884057971,1.05928853754941,0.701682814890362,0.671868917866874,0.841159693396827,1.70780615898783,0.933715868618916,1.35860655737705,0.446485222908666,0.984675441992515,0.639423076923077,0.530595912336863,0.869281045751634,0.838709677419355,0.8919723449203,1.35714285714286,1.26062155782848,1.99347228584517,1.02249068243156
120,"포지션(Position)",331,0.896951430299888,0.962457337883959,1.06484424666243,0.681801801801802,1.25889308301877,0.921394819439175,0.830928427709112,1.00985578923591,1.01664016356202,0.769881197720936,1.10946779680563,1.09658421672556,1.39988269794721,0.680887372013652,0.318681905575732,1.92070091155457,0.761741122565865,0.429172510518934,1.48066478030377,1.22650017343045
121,"바닐라 어쿠스틱(Vanilla Acoustic)",327,1.04012595591543,0.850129198966408,0.761363636363636,1.63632432432432,0.600636589423935,1.91364874907109,0.411267605633803,1.41862693718649,1.4258064516129,1.25052162026045,0.541513639074615,0.379277566539924,1.03485952133195,0.738888888888889,2.11986642034958,2.1387127968196,0.692708333333333,0.536741810935359,0.134532301818547,1.27618478693748
122,"캐스커(Casker)",327,1.18265050381055,1.18686868686869,0.537433155080214,1.63860412136274,0.708744333257975,1.97887481968264,0.596165226654042,0.96812471816015,0.349970674486804,1.44975340165798,0.905914478992118,0.446581196581197,0.897931543954691,1.55789825970549,1.65184893784422,1.82030178326475,0.884980988593156,0.766707242848448,0.260353879058915,1.21612903225806
123,"유희열",322,0.933151263809749,0.818815331010453,1.05166775670373,0.836435050967923,1.2527633540692,1.57284333116641,0.671626533393912,0.642091913359811,1.17943548387097,0.575159783677483,1.10248649931755,1.59532828282828,0.923184033418426,1.79038461538462,1.63260280719035,0.889384270186788,0.661111111111111,0.328470769569526,1.23272177286776,0.328470769569526
124,"김윤아",318,0.86962621865669,0.956743002544529,0.743927827897294,0.693828156514724,1.68387752274512,0.900525770426373,0.304793185993431,1.37406274020681,1.9566918325326,0.260996876626757,1.92000826787929,1.70159059474412,0.918976814516129,0.676844783715013,0.828957239309827,1.2565056975871,0.244485294117647,0.609898196982706,0.17610311040968,1.69314516129032
125,"이선희",316,0.868379740560192,0.466666666666667,0.748006379585327,0.472743930371049,0.951400366284004,1.56886144931535,1.43943661971831,0.301662049861496,0.706622140116527,0.098598820058997,1.13305119352563,1.39186046511628,0.413055517098159,2.19471947194719,0.963382737576286,1.18773774893712,2.26077943615257,0.365591397849462,1.57834469984003,0.225602286647611
126,"정인",316,0.840398615586585,0.647869674185464,1.05098039215686,0.768949400528348,0.557261638853481,1.44374615452228,1.18753521126761,0.924907228348926,0.61222605269638,0.970582134955752,0.705409631019387,0.245387453874539,0.877205141129032,1.49897540983607,2.70967741935484,0.0784626755358463,1.60296143250689,1.44625859333686,0.405102864058088,1.25045525494277
127,"김종국",314,0.873548667587336,1.65960451977401,1.23360184119678,0.437519872813991,1.08150134813187,0.354621042906761,0.900920373727514,1.99827090354112,2.53401620547317,1.47898230088496,1.29648626958373,1.27884615384615,0.652045633359559,0.870179063360881,0.381912442396313,0,1.60416666666667,0.338135917378554,0.89356022689356,1.13279114270093
128,"카라(Kara)",310,0.982663913670186,0.61437908496732,0.730909090909091,0.653716216216216,0.998555032614978,1.14330142516798,0.789399906548295,1.08288940975922,1.41666666666667,0.760280058286242,0.73954235510097,1.41489361702128,0.872942725477288,0.712182061579652,1.57394218684541,1.07438518368586,1.63131313131313,0.68713563933152,0.184874529702116,1.01632897893895
129,"김현철",309,0.97045244690674,2.35693215339233,0.798807749627422,0.439242391998298,1.67102196250944,0.219492422365843,0.846727423363712,1.65195884447962,0.562818336162988,0.827743180742198,3.67035453859693,0.630758807588076,0.608575924468922,0.0427927927927928,0.209677419354839,0.522029897718332,0.443333333333333,1.39481065918654,0.791020528725447,3.34848484848485
130,"조규찬",308,0.848479371505687,1.70564516129032,1.00715819613457,0.848422567053746,0.895075997262291,0.823521956783474,1.07352941176471,1.23758789686768,1.11659541391372,1.66922483751331,0.578699809986606,0.730297157622739,1.45821114369501,0.916338582677165,0.445564516129032,1.22300121786643,0.461805555555556,1.45821114369501,1.31331734960767,0.838709677419355
131,"이지형",307,0.965831244778613,1.04832713754647,1.58267716535433,0.601983278242271,2.24489727687601,0.491825613079019,0.528772635814889,1.1658436709623,1.24827413078951,1.64331366764995,3.41474602819423,1.7429435483871,0.631353410308297,0.358812949640288,0.151145560241651,1.16633706877609,0.317801672640382,0.631353410308297,0.807193810911283,0.589717741935484
132,"엄정화",303,0.914182515111308,0.790519877675841,1.22989510489511,0.500302993576536,0.64355904690127,1.38089499056802,0.594410211267606,1.55825429729779,2.33210363761153,1.07050147492625,0.756211534077958,0.776869158878505,0.539582716780112,1.54394693200663,0.803271240345298,1.56434959349593,1.06060606060606,0.696324081020255,0.160129155704377,0.912245833970341
133,"보아(BoA)",301,1.07482787428341,0.877873563218391,0.851131401349742,0.957661524185129,1.32705609209487,1.59611331036965,0.713001627857598,0.536610377157469,0.360963658636178,0.399387625555431,1.17161461207372,1.54651162790698,1.05496889917547,0.826388888888889,1.16129032258065,2.42743902439024,0.422669491525424,0.899015129888667,0.95654244552923,1.00252016129032
134,"이은미",296,0.673835752171125,0.681159420289855,0.909090909090909,0.261895698515417,1.05788905454732,0.570626401914884,1.60741916286451,0.908620632112939,1.031357458654,0.574362058596099,0.0501796180752505,1.65070921985816,1.59265614275909,1.58333333333333,0.253401620547317,0.151952364594068,1.71880570409982,1.3366935483871,1.2990990990991,1.15161290322581
135,"정준일 [메이트]",291,0.828243288633956,0.910096818810512,1.38308852719333,0.838280903854674,0.737738419618529,0.615364748117825,1.71152524905531,1.11906889464748,1.21411466403719,1.0618334467892,0.394705532421178,0.791666666666667,1.16234221598878,0.595385674931129,1.26634125636672,0.171930165516795,1.09877873563218,2.10858700590641,1.36960541327354,1.00969126401772
136,"박기영",286,1.05968945351885,0.881673881673882,0.912294753704445,1.21798654549746,0.578618368328258,1.16351887894122,1.19174135723431,1.14188459552092,1.27537733057117,1.85048022480393,0.365715860548436,1.43672839506173,0.178225806451613,1.67295597484277,0.750424448217317,1.01596850049218,1.43672839506173,0.456989247311828,1.69108360697146,0.362493165664297
137,"유엔(UN)",284,1.15642765450211,1.45061728395062,0.88595041322314,1.17263209155101,0.429750535700114,2.32499380728264,0.57350130936372,1.14666861058463,0.6743679163034,0.30865717583686,0,0.191091954022989,1.32396313364055,2.12710437710438,1.32396313364055,2.2017587522814,0.490412979351032,0.936301471681284,0.423265370633792,2.51942239486573
138,"웅산",280,1.03481919083423,0.626666666666667,0.894078398665555,1.27360236949278,1.77865701168303,1.11094726719025,0.970406709922456,0.37707756232687,0.427741935483871,0.639559913896197,1.83406504065041,2.42447916666667,0.578029642545772,2.49520069808028,0.281409168081494,0.738946430560196,0.599099099099099,1.51274586939418,0.82623719610021,0.233483589237921
139,"윈터플레이(Winterplay)",280,1.17759103641457,1.61584454409567,1.25642070933551,1.20744120744121,0.951920541443263,0.810365517922943,0.930248155600268,1.34860681114551,1.05025921658986,0.553831670118622,0.409694350108058,2.75676818950931,0.0876520359598096,1.77751572327044,0.694386258902388,0.178324262581469,0.618383404864092,1.15605928509154,1.06752770469585,2.2651358652471
140,"한희정",278,1.09506913350793,0.580246913580247,1.46181818181818,1.01142146330431,1.66793034000711,0.676560111650163,1.13992651561543,0.673614286098486,0.581657443649615,0.855921672001506,0.780453208787407,2.47491909385113,1.3366935483871,0.316666666666667,0.773575840768703,1.08357297546775,1.90736434108527,0.396057347670251,1.15385820603212,0.724986331328595
141,"김현정",277,1.23368547952159,0.487407407407407,1.02463891248938,1.28534064017935,0.749701745342072,1.30135224330225,1.20055663321245,0.80772898596794,2.43292370711726,0.155002511883139,0.692847020213321,0.604545454545455,1.06428680629873,1.83793969849246,0.953884597910041,0.962364975762434,1.58333333333333,0.532258064516129,1.45689167428298,0.140090153542753
142,"박진영",275,0.964020876934604,0.873837981407703,0.99443413729128,1.03714870248735,0.978708255172319,0.998555032614978,0.961999721098871,1.06197354287976,2.24613345117101,0,0.207473420888055,1.85535976505139,1.01632897893895,0.807692307692308,0.375945060483871,1.91797651309846,0.759744623655914,1.06491768170258,1.09212916620324,1.01632897893895
143,"Lucia(심규선)",273,0.888419273034658,0.878504672897196,1.51515151515152,0.682370443838334,1.24348362552054,0.838339113202873,1.01607290803645,0.92416697356412,0.814746543778802,1.08601598905562,1.97697186395948,0.676447574334898,0.98153342683497,0.621495327102804,1.82843055323416,0.244086377515359,0.567054263565892,1.45088344950559,1.04391891891892,0.925403225806452
144,"허밍 어반 스테레오(Humming Urban Stereo)",273,0.930604955502529,0.354449472096531,0.683092608326253,1.22794492605813,1.98916136845292,1.46570546944079,0.383645154509144,0.552783861002741,0.495071684587814,1.02391082368958,0.821989934185056,2.38351254480287,1.95955075156224,1.37852404643449,1.82843055323416,0.877543081650912,0.250754147812971,1.03820858127153,0,0.341802916482545
145,"S.E.S.",268,0.81531208974818,1.45253863134658,0.702797202797203,0.228154534903001,2.22891182097513,0.577360502310153,0.26380652335063,1.4675451074343,0.689906347554631,0.682607215793056,1.83636049126449,2.16847826086956,1.47497219132369,1.44235159817352,0.334173387096774,0.199789220114423,0.418238993710692,0.0652045633359559,0.45520992690804,2.87903225806452
146,"몽니(Monni)",268,1.27807684892705,0.786610878661088,0.997648902821317,0.771559941684423,1.76681303042399,1.53807282635621,0.387292364049769,0.623628276155977,0.631686402613312,1.36723697148476,1.92472995152487,1.73655913978495,1.02732779264685,0.959595959595959,1.79054763690923,1.46451826509215,0.507986111111111,0.631686402613312,0.145924149956408,0.129357440166493
147,"타루(Taru)",268,0.942882775119617,0.684133915574964,1.05206611570248,1.156996996997,1.94680971843778,1.19774002243949,0.297131412327174,0.880527064460582,1.59375,0.46298576375529,1.97613297915157,2.36294416243655,0.767250108491248,0.95719696969697,1.89639281741618,0.671291779584462,0.188652482269504,0.275370344732106,0.581989884621464,0.665376344086021
148,"가인 [브라운아이드걸스]",267,1.02921210310545,0.783333333333333,0.87012987012987,0.736419587904736,1.47547683923706,0.996181815026293,0.47453954496208,1.17867953257141,1.57773664727657,0.780782534477337,2.15772357723577,1.99250936329588,0.154978962131837,0,1.12563667232598,2.0114372330164,0.325980392156863,0.82258064516129,0.415967691829761,1.06375612227664
149,"라이너스의 담요(Linus' Blanket)",267,1.11948621553885,0.643835616438356,1.17132867132867,1.30947849257708,2.22456508069587,0.983651226158038,0.521993499458288,0.641834148641481,0.594086021505376,0.59977162432201,2.80146431298567,1.55166666666667,1.19976396538159,0.561827956989247,2.13870967741935,0.392313377679231,0.67015503875969,0.861565509860878,0.160840840840841,0.861565509860878
150,"정엽",266,0.943067545406727,1.06472491909385,1.2855185015989,1.263710312254,0.520756531495432,1.93032308291164,0.860792662954471,0.933715868618916,1.37096774193548,0.804106882034539,0.622420262664165,1.04767827529022,0.098105948505475,1.95588235294118,1.68845500848896,1.32105525136884,0.364241001564945,1.12846490517102,1.20630630630631,0.671575502571295
151,"시크릿(Secret)",264,0.937555753791258,1.19431988041854,0.754625905068383,1.87651872055542,0.856728487298936,2.25661163648021,0.191075657484731,1.19261740642917,1.58612440191388,0.732946980969536,0.822450690874622,0.8449177877429,0.972140762463343,2.62800687285223,1.29921615917998,1.65978736710444,0.284188034188034,0.227522306108442,0.152697000798267,1.13341757098261
152,"걸스데이(Girl's Day)",258,1.00879859222524,1.02732240437158,0.798807749627422,0.69235192639448,0.51552805226355,2.14140001446794,0.87259080800593,0.803126236644242,0.578029642545771,1.90154867256637,0.964345732842803,0.173177083333333,0.578029642545771,1.33764367816092,1.94428152492669,2.03931191750942,0.599099099099099,1.71860599078341,0.382954382954383,0.223948657321398
153,"윤상",258,0.791841567107954,2.18996415770609,1.55512572533849,0.729199788023317,0.544030566422602,0.467637468173494,1.90721427803462,1.45557212870232,1.49479708636837,1.03149534830951,0.260594634931857,1.09110535405872,0.474098204354044,1.02835051546392,0.419354838709677,0.154860543820749,0.548679867986799,1.62727910238429,3.06930006930007,1.49479708636837
154,"자우림(Jaurim)",257,0.779924672015234,0.55952380952381,0.606334841628959,1.37737737737738,1.00639460710967,2.43976485228175,0.168245838668374,0.95983379501385,0.686741639538325,1.6239805656776,0.335645889792231,1.52124183006536,1.23387096774194,2.45,1.46774193548387,1.91675952292518,0.244126284875184,0.332688172043011,0,0.686741639538325
155,"지나(G.NA)",257,0.951197438039543,0.877873563218391,0.572649572649573,0.791259344450834,1.53962800616041,1.68355690630895,0.229985174203113,0.873232249599067,1.26955368979231,0.771642939592151,2.97810806233062,0.985185185185185,0.502688172043011,2.22753267973856,0.847946568139832,1.50538854225752,0.278242677824268,0.360963658636178,0.149542104087559,0.648093841642229
156,"리즈(Leeds)",256,0.85467658507972,1.0042735042735,1.18061674008811,0.941498460485802,1.15400423180552,0.581678369314609,1.62740862352026,0.796265309279075,0.883380084151473,1.03335007922093,1.20408681765389,0.710470085470085,1.46486964206805,0.915579710144928,0.354972560567528,0.64272617194257,1.81269470404984,1.98594470046083,0.610788003193066,0.589051394204483
157,"윤도현",256,0.692388113139993,0.979166666666667,1.01515151515152,0.698388529374445,0.954200590644324,0.169432747089423,2.94802442976443,0.814834272614385,1.48827735284337,0.679341152559597,0.198868532464127,0.692708333333333,2.15033309957924,0.101217656012177,0.349788965933072,0.14846721861714,2.22871376811594,2.08090671316478,2.26993122154412,0.401635620172649
158,"자전거 탄 풍경",255,1.31704260651629,0.540229885057471,0.754625905068383,1.59863030451266,1.64793517109593,0.836366550583573,0.982974771707166,0.658450159596158,0.712903225806452,0.622729389846297,0.668321461975682,1.70512820512821,2.13870967741935,0.0931372549019608,2.20319338628627,0.469070342877342,0.738888888888889,1.52764976958525,0.690836210659999,0.763824884792627
159,"조장혁",255,1.30078282125066,0.746031746031746,1.0974610974611,1.05558833943113,1.08368355424191,1.1769699642469,1.01687045349017,0.746380329554217,1.01612903225806,0.563421828908555,0.612454290481769,1.16400304414003,1.45592912312585,0.998498498498498,1.8080878915381,0.662458993010983,0.784660766961652,1.01612903225806,1.26689703402032,0.757065372537825
160,"동방신기(TVXQ!)",254,0.912460890789064,1.14236111111111,1.02583732057416,1.04892584892585,0.483489585738697,1.15645481994256,1.55351084609849,0.966865544427871,0.779737903225806,0.0577163824735592,0.213635997746116,0.870418848167539,0.545589203423305,1.25810810810811,1.4770094457316,0.667337188835806,0.996913580246914,1.75205030071077,1.51612268005711,2.18873797396718
161,"울랄라세션(Ulala Session)",253,0.975048117531398,0.658263305322129,1.61311747613117,0.78128548716784,0.636480205161084,1.35396698188812,1.23728813559322,0.859658691315144,1.47158922758212,1.09457720946552,0.64547286498506,0.919577874818049,0.496325030624745,0.815656565656566,1.41604065399912,1.59831376091539,0.713519313304721,0.737486095661847,2.31981981981982,0.175304071919619
162,"김진표(JP)",251,0.821214801710158,1.54351395730706,1.46916400182732,0.426481527398959,1.52566312628594,0.243525303563398,0.593808842358967,2.19815757263416,0.145821114369501,2.66541865214432,2.43040293040293,0.151136363636364,1.79158925857119,0.520344287949922,0.0481691368788143,0.29830279869619,0.359182098765432,0.77116935483871,0.808052071209966,3.09062092112623
163,"신해철",251,0.82560879811469,1.14634146341463,1.56177156177156,0,0.51149863760218,0,6.27537639630889,0.670360110803324,2.0231037489102,0.135998372495168,1.07886178861789,0.527777777777778,0.122914349276974,0,0,0,0,3.78387096774194,8.35135135135135,0.122914349276974
164,"인피니트(Infinite)",251,1.19874536641004,1.48198198198198,1.15233415233415,0.965952965952966,1.05508958336505,1.19402749996062,0.759263271939328,1.01106511217315,1.06451612903226,0.507805081848912,0.0895320986404885,0.994020926756353,2.2344727973038,1.04842342342342,2.04435483870968,0.463030810565616,0.232843137254902,0.604417952314166,1.6990229666286,1.44912571600844
165,"에이핑크(Apink)",250,0.95407810865747,0.466269841269841,1.41466275659824,1.76530961341088,1.06884936385677,2.10365014703105,0.754483736954099,0.416769937308646,0.188709677419355,1.28936918538688,0.321089818041038,2.14022988505747,0.868850806451613,0.826086956521739,3.11230139624458,1.49053273427471,1.20779914529915,0.318260368663594,0.899110290414638,0.0621717929482371
166,"마이티 마우스(Mighty Mouth)",249,0.846100098731678,2.5,0.464069264069264,1.17916941331575,0.947882090661382,1.57938365890164,0,2.08123429749404,1.08015640273705,0.165095698703437,0.912470169477814,0.588969404186795,1.38517466154103,2.33981481481481,0.847013733631428,1.21096731375477,0,0,0,4.64325127334465
167,"장재인",247,0.762877138200693,1.29357798165138,0.595555555555556,1.08398981941583,1.4567999172214,0.303369069749675,1.43688216254046,1.05150771666007,0.777712609970674,1.78920785668034,1.81590598084199,0.59375,1.67741935483871,0.0947293447293447,0.623390713149139,0.329783079490184,1.92993366500829,2.05229716520039,0.103103103103103,0.6743679163034
168,"정재욱",246,1.19731146046936,0.809076682316119,1.74025974025974,0.868906289467037,0.404445428014219,0.456333043063007,3.25429642072619,0.912001546092895,0.605295191722459,1.15998611834114,0.504141022718638,0.305045871559633,0.552248977737392,0.910225442834138,0.244144940344675,0.399578440228847,3.26734104046243,1.59032258064516,2.2339005672339,1.04838709677419
169,"언니네 이발관",244,0.808185235816815,1.41074249605055,0.972257789159198,0.498069498069498,1.42788081216489,0.409043084144927,1.08864954432477,1.23996057305032,0.962926158079804,2.72069471392741,1.61829268292683,1.72654941373534,0.693100358422939,0.399399399399399,0.189266343134456,0.806625636349822,0.347907324364723,1.24585029752584,1.74044193447179,0.237634408602151
170,"원더걸스(Wonder Girls)",241,1.10631578947368,1.18686868686869,1.19306466729147,1.51022088077926,0.661420652071784,1.38389551818096,1.18172672398025,0.854103394186163,0.638420799229658,2.01531654186521,0.587498993801819,0.603547854785478,0.927501645819618,0.961309523809524,0.987096774193548,1.97791327913279,0,0.0504412659768716,4.51392037198489,0.204661213150177
171,"씨엔블루(CNBLUE)",240,1.36325462779756,0.660642570281124,0.590633608815427,1.2625959292626,1.56687805936679,2.25838291719958,0.380556063654655,0.37218045112782,0.797034662392306,0.498933788250347,2.63894250453296,1.28709677419355,0.518475073313783,2.81099033816425,2.24340175953079,0.661878397925084,0.608231707317073,0.0621717929482371,0.661997363216875,0
172,"DJ DOC",239,0.7577505407354,1.86507936507937,0.980146290491118,1.04464014576374,0.49488043055156,2.09249442655437,0.24817872753764,1.74913289415489,0.114984391259105,0.063271970091335,0,0.960982658959537,0.729105571847507,1.46887550200803,1.13225806451613,2.73311653116531,0.119175627240143,0.232468443197756,0.536136136136136,5.78503437334743
173,"존 박(John Park)",239,1.05709998680913,0.299840510366826,0.989386248269497,1.01257693336901,1.21164985473772,1.10422782807418,1.54225352112676,0.347464141201723,0.638420799229658,0.0558106528635832,0.644096590219634,1.81693989071038,1.10813972923283,1.81693989071038,1.16960685483871,0.366603520404136,0.961309523809524,2.1026640086988,1.18143401133092,0.471774193548387
174,"장나라",238,0.547342381928848,2.21063394683027,1.46768893756846,0.408672408672409,0.437178322736906,0.167667822640575,1.01348088531187,3.99702216066482,2.05645161290323,2.09678503416601,0.744042612839922,0.369444444444444,0.356451612903226,0,0.418183456478645,0.176862588298014,1.33534136546185,0.235023041474654,1.61821577675236,3.7194950911641
175,"에프엑스(f(x))",237,1.0879917184265,0.162348877374784,0.87012987012987,1.11163337250294,0.859880542071927,4.42643051771117,0.35251509054326,0.233329762323809,0.578029642545771,0.247787610619469,0.168572154471545,0.857274401473297,1.71860599078341,4.35416666666667,2.75962539021852,1.3719629681846,0.726775956284153,0.339477726574501,0.125005834850394,0
176,"박새별",228,1.23599383073067,0.508108108108108,1.424774056353,1.58476658476658,1.66898199848126,0.528257139973761,1.59121395036888,0.518192478289686,0.406819775596073,0.723058013765978,1.1917659292872,1.44280078895464,1.8369285572927,0,0.78098948894527,0.986387921022068,1.82469512195122,0.716885925391962,1.9008463008463,0.59080377829264
177,"메이트(Mate)",225,0.931566721682254,1.13526570048309,1.14017017465293,1.25155925155925,0.648561248016289,0.995502445750304,1.2770252085763,1.14294317028269,1.17629032258065,1.63825731790334,0.616492450638792,1.21916666666667,0.297043010752688,1.03735632183908,0.886782061369001,1.06817998873058,0.522798742138365,2.64334903950707,0.628880064899022,0.611059907834101
178,"40(포티)",221,0.694881375217184,0.231527093596059,0.753514526710403,0.462552104343149,1.45409311692927,0.562898678552866,1.26760563380282,0.843154797749523,1.4770094457316,0.796964555917282,1.91112659698026,0.870418848167539,1.27857643758766,1.12611408199643,0.779737903225806,0,2.11416184971098,0.779737903225806,0.812537926527564,0.376154968390339
179,"김조한",218,0.620771674408952,2.00387596899225,1.88528138528139,0.292061695203056,0.742498022325745,0.28342492957096,1.04235065565809,2.55694499406411,1.72889704462044,1.2846017699115,0.403852006434503,1.86947791164659,0.225127334465195,0.539189189189189,0.341283459162663,0.112381436314363,0.862037037037037,1.16101382488479,1.08432027533151,3.04518265327921
180,"두번째 달",217,0.902588639430745,1.23220973782772,1.10743801652893,0.395629672225417,3.34441416893733,0.680989310417103,0.187456229087231,0.870568331815055,0.464936886395512,1.29945265742493,4.11364566883079,1.58333333333333,1.60083059687077,1.4343137254902,0.0559871643303496,0.783530907934778,0,0.285923753665689,0.389131066550421,0.972140762463343
181,"베란다 프로젝트(Verandah Project)",215,1.00346103353622,0.72680412371134,1.33134624937904,0.278918918918919,2.35031708905018,0.679613574436463,0.555928594824763,0.8347880625098,1.43377185078392,1.01235152146136,2.56558596073766,2.97864583333333,0.438709677419355,0.758333333333333,0.496092450947788,0.923090300421721,0.884308510638298,0.325691829048633,0.625029174251972,0.214945696223051
182,"알렉스(Alex) [클래지콰이]",215,1.15825023551787,0.984293193717277,0.697916666666667,0.963450497129254,2.16907706281003,0.395658593761892,1.20422535211268,0.650289448803225,0.496092450947788,0.0585735564706913,1.17908392198676,2.15147058823529,2.0758064516129,0.395833333333333,0.792114695340502,0.161829268292683,0.634982638888889,1.29976831224381,1.61739393024309,1.57080371787862
183,"하동균",211,0.73549132571689,0.92652329749104,0.720430107526882,0.994363347304524,1.73725498813395,0.39006858968336,0.966478873239437,1.13914340507138,2.31033452807646,0.975153165418652,0.699802241265656,1.53757225433526,2.47288306451613,0.348167539267016,0.755522440392707,0.223598298159147,0.913461538461538,1.20831055221432,0.782468955441929,0.221627945846565
184,"김광진",207,0.642459808056727,0.723076923076923,1.39791356184799,0.75896304467733,0.632347216815882,0.374983064115495,2.58431671107727,1.03200174952617,1.84371523915462,0.482932996207333,1.10802021533729,0.571305841924399,0.379973800556738,0.10973597359736,0.848694316436252,0.326927814732693,3.31794055201699,2.06366723259762,0.821046177067119,0.787945670628183
185,"서지원",206,1.37146585471944,1.09302325581395,0.849894291754757,1.2972972972973,1.10110211883362,0.485599972407133,1.89399555226093,0.785147801009373,0.237634408602151,0.0646549639731128,2.80799643612874,0.246296296296296,0.486070381231672,0.503787878787879,0.880645161290323,0.239747064137308,1.50514403292181,1.68137553256239,1.72329472329472,2.3370006408887
186,"악동뮤지션(AKMU)",205,0.728121115797624,0.731111111111111,1.00815047021944,0.738858063361375,1.00887305246978,0.975315198817716,1.8070849338455,0.44038255454233,0,0.0758452461992285,0.812841073616216,2.40568475452196,0.0685483870967742,0,1.83545979778527,1.22424032750966,2.19974554707379,2.5260350520701,0.155652426620169,1.47230014025245
187,"해이(Hey)",205,0.889657919633521,1.43963963963964,0.977151191054934,0.766787405962664,1.97543180129259,0.555473633595127,0.537995414346544,1.2446196462817,0.982650392327812,2.39454277286136,3.00442523412576,1.63731060606061,0.615858807633846,0.7,0.919875130072841,0.217951876488462,0.88903743315508,0.327353522053983,0.562526256826775,0.440971067509145
188,"로이킴",204,1.03704142245377,0.36223506743738,1.21061547148504,0.540540540540541,0.861592314882953,1.00600693584345,1.70459599703484,0.591094557161039,0.440322580645161,1.09554244509997,0.784626755358463,0.951942740286299,0.918464278646349,0,2.09535745422842,1.07216078371964,1.25471698113208,2.5425219941349,0.79935960056442,0.440322580645161
189,"오렌지캬라멜(Orange Caramel)",202,0.830749951802583,0.87037037037037,1.00230149597238,0.793671720500989,0.843129622421176,1.36197862083421,1.1350985915493,0.721365771407925,0.32209483093665,0.580704707095934,0.670100489824774,0.988322717622081,0.953564824327101,0.131163708086785,3.70485140970282,0.529502718340067,1.55166666666667,1.10385015608741,0.67017017017017,1.41636402478103
190,"더 원(The One)",201,0.676319176319176,1.17726396917148,1.46768893756846,0.835712116610993,0.94179372717259,0.590190735694823,1.19697288206853,1.3669061634349,2.56645161290323,1.50587288817377,0,2.13141025641026,0.938030560271647,1.33534136546185,0.116234221598878,0.548573790822654,1.1875,0.737486095661846,1.61821577675236,0.0578029642545772
