"X","Title","freq","Rain","Snow","Fog","Thunderstorm","spring","summer","fall","winter","Month:1","Month:2","Month:3","Month:4","Month:5","Month:6","Month:7","Month:8","Month:9","Month:10","Month:11","Month:12"
1,"다시 사랑한다 말할까%by%김동률",331,0.938322200350662,1.11525423728814,0.867180277349769,0.991711711711712,0.967119272777231,0.677456291945419,1.28636392345102,1.12795375165603,0.918689723977386,0.885377159713443,1.17349878761946,0.952176403207331,0.80019749835418,1.0775462962963,0.532901082413461,0.575392953929539,1.11991869918699,1.72983870967742,0.815071828585342,1.50558984511471
2,"그런 사람 또 없습니다%by%이승철",325,1.06560719981773,1.31929824561403,1.07234314980794,0.948703805846663,0.880326517527992,0.979411350183219,1.36929050941161,0.819329024315174,0.583948034790268,1.27224283947093,0.177444373127942,2.3999343832021,0.394728296168002,1.60092592592593,0.740037950664137,0.667337188835806,1.23591127098321,0.859970674486804,1.84546860293129,0.740037950664137
3,"벌써 일년%by%브라운 아이즈(Brown Eyes)",319,0.956825825246878,0.881898454746137,0.902356902356902,0.981892783872982,0.844829480530896,0.987766921664975,1.17505030181087,1.00974744723513,1.62140444858507,0.749351032448378,0.877718065316246,1.19299768518519,0.564675822420952,1.19299768518519,0.564675822420952,1.24484052532833,0.623896247240618,1.71096774193548,1.11542021473528,0.677258064516129
4,"소주 한 잔%by%임창정",294,1.10707929243398,1.08242424242424,1.2822966507177,0.791259344450834,0.70972303659504,0.939541305702521,1.25446458656244,1.14716554172682,0.574921956295526,1.91741578928959,0.186654288688216,1.89873837981408,0.337691001697793,1.35368956743003,0.907570527318176,0.620927648125402,1.74540682414698,0.337691001697793,1.68321810182275,0.99382419954431
5,"여전히 아름다운지 (feat. 김연우)%by%토이(Toy)",287,1.14582706766917,0.863970588235294,0.624708624708625,0.882225290984415,0.951920541443263,0.829955722070845,1.29793613164133,0.954801900937762,0.975837115172329,1.03080584607133,0.679283348389039,1.69143239625167,0.589717741935484,0.654366543665437,0.931634897360704,0.984512658814801,1.29377431906615,1.06525769373378,1.355925693135,0.88776628119294
6,"거리에서%by%성시경",280,1.0908837750943,1.0126742712294,1.46181818181818,1.12694512694513,0.89214878651543,0.787811163031551,1.29956388074641,1.0638323497531,0.82258064516129,1.26268844660534,0.567821994009414,1.58333333333333,0.648093841642229,1.08660130718954,0.6912179565804,0.697363133327151,1.13451443569554,0.91185296324081,1.72329472329472,1.09461518923038
7,"바람이 분다%by%이소라",280,1.22740096314084,0.701492537313433,1.19429590017825,1.50766983199416,0.754279639789348,0.737738419618529,1.23380281690141,1.35982374808032,0,2.89223205506391,0.038668881312469,1.28054448871182,1.14120872115262,0.160628019323671,1.78225806451613,0.483072442664725,1.58333333333333,0.867044463818657,1.13091216216216,1.37981269510926
8,"사랑.. 그 놈%by%바비 킴(Bobby Kim)",277,1.16613147451963,0.960408684546616,0.796503496503496,1.13989851920886,1.17740071009826,0.781531111194058,1.0833390587427,0.981484181367546,0.526576246334311,1.33049010200092,1.21317791491168,1.197,1.01440775213566,0.121350364963504,1.59737652255388,0.7945106195248,0.862516212710765,1.54658757664623,0.788738738738739,1.15490322580645
9,"너를 위해%by%임재범",274,1.0205356322744,0.743083003952569,1.15777610818933,0.504504504504505,1.03885614191181,0.720420616341098,1.28658582511109,1.00048720054566,0.779286926994907,1.51045000941442,0.647317073170732,2.02864583333333,0.551651305683564,0.856029810298103,0.779286926994907,0.647317073170732,0.953893442622951,0.968140183193947,1.83568350959655,0.779286926994907
10,"비와 당신 (영화 '라디오 스타 '삽입곡)%by%럼블 피쉬(Rumble Fish)",267,1.04236527146744,1.02312925170068,0.848733233979136,0.437519872813991,0.958685458996667,0.614782016348774,1.15263157894737,1.35747922437673,0.652045633359559,1.77217262484893,0.847040247261977,0.969791666666667,1.08289097590853,0.870179063360881,1.03341013824885,0.125449045188126,2.62638230647709,0.208858366935484,0.787791873506159,1.49429497112269
11,"죽일 놈 (Guilty)%by%다이나믹 듀오(Dynamic Duo)",267,1.00996013349436,1.2002688172043,1.14828614008942,0.500623700623701,0.988569482288828,0.566477715064227,0.952568351284176,1.63908859462316,0.0402013097259277,2.33453708480495,0.463573424796748,0.995238095238095,1.56043195348193,0.168567807351077,1.7744752782082,0.0405587138578153,1.29846582984658,1.25280064786071,0.324774774774775,2.40359573838414
12,"보고 싶다%by%김범수",266,0.896416433754543,1.4,0.758204451150509,0.755877829048561,0.826267029972752,0.923118843009851,0.805314646499688,1.52605507576992,0.525912215758858,2.45566872599766,0,2.36374407582938,0.480118499012508,0.738888888888889,1.52764976958525,0.577168858108334,1.81363636363636,0.0419354838709677,0.804204204204204,1.41949757350842
13,"Never Ending Story%by%부활",262,1.03682077534261,0.557312252964427,0.687683284457478,0.970802127428634,1.20576601916147,1.16154559684619,0.876967688483844,0.783161090986576,1.22862045298559,0.667927490722238,1.55469166045372,1.01597222222222,0.93180297148976,0.866598079561043,0.123863494831237,2.67146728610143,0.128378378378378,1.38278642936596,1.27247500665222,0.55829770695686
14,"좋은 날%by%아이유(IU)",254,0.855043367581257,1.27207977207977,0.933075435203095,0.529114480333993,0.897454984690581,0.638427478516034,1.00125359486764,1.58099989987651,0.0424347158218126,3.06097829436886,0.173311130701668,1.37925925925926,1.27754781615758,0.503787878787879,1.49324324324324,0.129463414634146,1.77943425076453,0.215595733610822,1.14886314886315,1.66018559434379
15,"Officially Missing You%by%긱스(Geeks)",245,1.11795477064755,0.666666666666667,1.14204545454545,0.874104874104874,1.48452884438575,1.04343113493007,0.89288361749444,0.660354736015215,1.10789014821273,0.399387625555431,2.16830065359477,0.621048850574713,1.37981269510926,1.14827327327327,0.899015129888667,1.06434795289657,0.570815450643777,1.43570788530466,0.731094731094731,0.59920745272525
16,"사랑합니다...%by%팀(Tim)",244,1.23770269046109,0.810344827586207,0.797935688765383,0.877856397169702,1.04922797456857,1.33495523550019,0.755389479735556,0.898567808098073,1.16656891495601,0.720200076952674,0.859270451111591,0.573275862068966,1.73133640552995,1.04372197309417,0.700450767713763,2.11541527179978,0.327355836849508,0.650911640953717,1.50093411383734,0.851698544105053
17,"낙원 (feat. 이재훈)%by%싸이(Psy)",243,1.12430466409927,0.554572271386431,0.834371108343711,1.83326988960792,1.33801005297274,1.15930323082912,0.838181261481935,0.718242975860704,0.378532686268912,0.695991671004685,1.11957355422611,0.759132420091324,1.94428152492669,0.599099099099099,2.13870967741935,0.738946430560196,1.20813586097946,0.945011252813203,0.427011081878338,1.2221198156682
18,"끝사랑%by%김범수",240,1.04138252608265,0.61038961038961,1.54417413572343,0.808460634547591,0.699710666029945,1.00563225914481,1.37502121160699,0.983318284078909,0.562818336162988,1.31465093411996,0.324121567395931,1.40492957746479,0.562818336162988,1.89227642276423,0.321265402187457,0.927528234558364,2.28350083752094,0.135361371988567,1.72329472329472,1.13341757098261
19,"기억의 습작%by%전람회",238,0.98968519564808,0.687134502923977,0.996694214876033,0.901059649958328,1.2545970728842,1.03954050037156,0.971364096179286,0.762093599650095,0.98105948505475,0.852746551861596,1.43848238482385,0.537077826725404,1.66113373003445,1.01681957186544,0.668346774193548,1.43848238482385,0.961567732115677,1.60144927536232,0.365547365547365,0.567799029403368
20,"널 생각해%by%원 모어 찬스(one more chance)",238,1.00126046109426,1.06334841628959,0.88595041322314,1.08398981941583,1.42907819649375,1.12170753860127,0.767046724793204,0.750164885898958,1.09933675007537,0.860498793242156,1.39374489438674,1.02623456790123,1.5573128719073,0.806060606060606,0.423973284069916,2.2017587522814,0.541851851851852,0.725806451612903,1.17825267127593,0.423973284069916
21,"정말 사랑했을까%by%브라운 아이드 소울(Brown Eyed Soul)",232,0.862624397250436,1.26825396825397,0.986147186147186,0.856893760119567,0.812341181152986,0.729631404018325,1.01013096120583,1.54853185595568,0.544578853046595,2.15684918879056,1.04237853972743,0.954545454545454,0.544578853046595,1.55946398659967,0.047316585783614,0.818094247293184,0.564429012345679,1.8838375396958,0.614322655989323,1.69132653061224
22,"헤어지지 못하는 여자, 떠나가지 못하는 남자 (feat. 정인)%by%리쌍(Leessang)",230,1.03766993240677,1.09302325581395,0.849894291754757,0.670075480886292,0.459696301671847,0.949732218359485,1.01628266710087,1.80159279778393,1.0184331797235,1.84315382220839,0.239747064137308,0.941037735849056,0.385353095030514,0.196165191740413,2.1164314516129,0.699262270400482,1.53630363036304,0.746061515378845,0.781865198531865,1.91935483870968
23,"잘못된 만남%by%김건모",228,0.96215088619753,1.18238993710692,0.796941376380629,0.41691916131378,0.725644347165766,0.938164464254776,1.28361473186948,1.10187934380546,2.48552746294682,0.430249396621078,0.980783444198078,1.00757575757576,0.338709677419355,2.35815602836879,0.338709677419355,0.392313377679231,1.94243986254296,0.807060255629945,0.971905554843943,0.490529742527375
24,"출발%by%김동률",228,1.35216374269006,0.721966205837174,0.923739767341663,1.12957817630715,1.0843865926923,1.60596118556414,0.762652840117629,0.664953980877491,2.08242784380306,0,2.10094137783483,1.01241987179487,0.240845684394072,2.44310035842294,0.240845684394072,1.90058553435275,0.198804185351271,1.03319308087892,1.22972972972973,0.191812527122812
25,"귀로%by%나얼(Na-Ul)",226,0.806974082605357,0.956181533646322,0.804459691252144,0.594347772429964,0.774831412783706,0.859992214869599,1.32750935995721,1.09034475853553,0.760204861641951,1.8109987357775,1.22235572109416,0.621495327102804,0.599638227313838,1.07605177993527,0.341802916482545,1.2818159864767,0.621495327102804,1.82843055323416,1.36675098744064,0.760204861641951
26,"우산 (feat. 윤하)%by%에픽 하이(Epik High)",226,1.78881906258183,0.960691823899371,1.05928853754941,1.61692126909518,1.17304990945555,1.17304990945555,1.17324807742158,0.555693249744861,0.193548387096774,1.2179854242582,1.34857723577236,1.32338308457711,0.763824884792627,1.08130081300813,2.52649769585253,0.0481634727061556,1.57529610829103,0.709524537532487,1.17688420127445,0.497374343585896
27,"가끔 미치도록 네가 안고 싶어질 때가 있어%by%가을방학",222,1.09175900277008,0.605475040257649,1.53069966682532,0.625779625779626,1.14230464973192,0.737738419618528,1.39636467453369,0.798517190809842,1.21895370215611,0.761456234118987,0.751446021922906,1.7972972972973,0.859782784892203,0.597630718954248,0.744824265767935,0.98576204036152,1.45833333333333,1.60117302052786,0.840213347676034,0.521636506687647
28,"고백%by%델리 스파이스(Deli Spice)",218,0.932564330079858,1.41,1.03030303030303,0.988118553335945,1.06972070844687,1.17281492349612,0.941975204520536,0.829129610730427,1.08015640273705,0.874275251754654,1.65539639523379,1.30726495726496,0.302647595861229,1.56675392670157,0.733870967741935,1.15005571375511,0.9975,0.96241935483871,0.891359339635202,0.622925148762919
29,"사랑한다는 흔한 말%by%김연우",217,1.17270917018574,0.537581699346405,0.542754275427543,0.732791905205698,0.940616485013624,0.940616485013624,1.2543661971831,0.888329962782319,0.759947601113476,1.37725335955424,1.31988410309635,1.09678819444444,0.476445225167678,1.9087962962963,1.05821572580645,0.051374370886566,0.493811881188119,1.70391705069124,1.47580026835346,0.644837088669152
30,"다행이다%by%이적",216,0.673835752171125,1.33835845896147,0.716577540106952,0.9977587343441,2.06799116050548,0.629978875179867,0.85782148512376,0.728149775527749,1.09117840684661,0.338053097345133,2.60414914493973,0.481884057971014,2.28289235230156,0.481884057971014,0.253401620547317,1.34857723577236,0.709770114942529,1.15161290322581,0.772511427683841,0.855483870967742
31,"So Cool (쏘쿨)%by%씨스타(Sistar)",215,1.09898919484141,1.18090452261307,1.39583333333333,1.00758886965784,1.07136534823582,1.31596582958981,1.01539672819526,0.651315789473684,1.04193548387097,0.400111153862597,1.11222864805968,1.01785714285714,1.04193548387097,1.07991452991453,0.748548387096774,1.96698558145802,0.716832504145937,2.30883431085044,0.11380248172701,0.635260300223571
32,"기억을 걷는 시간%by%넬(Nell)",214,1.19075084972706,0.775577557755776,0.795797167656464,0.634937376400791,1.276088077178,0.644461148172508,0.739560168025698,1.45557212870232,1.9714362948279,0.900902924396928,1.98896307398828,1.54928315412186,0.258298270219729,0.548679867986799,1.05273274277119,0.478313108254235,1.41489361702128,0.756109481915934,0.173154015259278,1.17573045093734
33,"잔소리 (With 2AM 슬옹)%by%아이유(IU)",213,0.878028404344194,0.775577557755776,0.927549607752653,0.824390893356411,0.750834367895781,0.910788172368554,1.10725893824485,1.27548383498485,0.872942725477288,1.80050019238169,0.762831567709616,0.724036850921273,0.872942725477288,1.02835051546392,0.992184901895577,0.762831567709616,0.843908629441624,1.62727910238429,0.788039295576984,1.05273274277119
34,"너랑 나%by%아이유(IU)",211,1.04665637603944,1.28547008547009,0.799816345270891,0.925104208686298,0.892572408921183,0.777496777562042,0.836161547598846,1.59574852462965,0.0509216589861751,2.27278636068197,0.425167207337098,0.668341708542714,1.70391705069124,0.106060606060606,1.84166666666667,0.593373983739837,0.787648054145516,1.50287707061901,0.292792792792793,2.34887190005594
35,"사랑은 은하수 다방에서%by%10cm(십센치)",207,0.906535820069655,0.629815745393635,0.489721333942439,0.845208845208845,1.26178709010617,1.3812974665198,0.64936990363232,0.790943179514898,0.658064516129032,1.92766232474893,1.61829268292683,1.45355191256831,0.600148123765635,1.6625,1.14369501466276,1.09033904168829,0.445561139028476,0.95679117147708,0.677008641294356,0.10432730133753
36,"안녕이라고 말하지마%by%다비치",205,1.31704260651629,0.670231729055258,1.23882896764253,0.795490677843619,0.834809264305177,0.76153643315461,1.37089201877934,1.09695290858726,1.02129394708228,1.66061170625679,0.111799149079574,2.01515151515152,0.639288218793829,0.412677304964539,1.2221198156682,0.77061556329849,1.70512820512821,0.339477726574501,2.02254949560339,0.639288218793829
37,"비가 오는 날엔%by%비스트(Beast)",204,1.48428611210566,0.407986111111111,0.651434127369956,1.53252153252153,1.20145971195018,2.23956305955625,0.489892294946147,0.499795112196561,0.881336405529954,0.835946517891497,0.280953590785908,1.99101796407186,1.34433179723502,1.53757225433526,1.77171215880893,2.17088042831648,0.655465949820789,0.571847507331378,0.378944389415594,0
38,"사랑비%by%김태우",201,1.15596545320135,1.54945054945055,0.708994708994709,1.08222508222508,1.52018825860788,0.500454132606721,1.22948882103812,0.901068460625247,0.929873772791024,0.557522123893805,1.54123112659698,0.111952861952862,2.75745587340231,0.834229390681004,0.108015640273705,0.750010869092648,0.461805555555556,0.743401759530792,2.6479894528675,1.25455036943593
39,"서쪽 하늘%by%울랄라세션(Ulala Session)",200,1.12889366272825,0.652777777777778,1.58294812532101,0.978662873399716,0.832320268287571,1.23479622007073,1.19953051643192,0.777870694611404,1.88709677419355,0.622729389846297,0.81204650756185,1.1634438305709,0.622375832053251,1.02959927140255,0.562818336162988,2.05497483546264,0.0556951423785595,0.929873772791024,2.92210844384757,0.0537364240557627
40,"그대와 나, 설레임 (feat. 소울맨)%by%어쿠스틱 콜라보(Acoustic Collabo)",199,0.92647135079077,0.494736842105263,1.30765279917822,0.999709386806161,1.03792163863572,1.27084866445236,0.790899241603467,0.925096952908587,1.28322580645161,1.12369604983438,0.703605514316013,1.40134099616858,1.01558839430528,1.2594696969697,0.455044612216884,2.0269524513427,0.471631205673759,1.28322580645161,0.717263209155101,0.455044612216884
41,"사랑이 다른 사랑으로 잊혀지네%by%하림",198,1.11806494653901,1.01075268817204,0.785923753665689,1.30664718772827,0.633640360408552,1.83829901281994,0.708861866853294,1.01912854682938,1.76129032258065,0.900250096190843,0.94844992405968,0.908469945355191,0.220485533754573,2.37985685071575,0.109117840684661,2.64626476453444,0,1.00436642309749,1.35540034416439,0.450254668930391
42,"그리워 그리워%by%노을",196,1.07314582753179,0.599271402550091,1.35353535353535,1.14268458402537,0.837432800648059,0.997505468779982,1.3892054617783,0.830076781498076,1.3287841191067,0,0.59936766034327,1.9963768115942,0.171554252199413,1.9156378600823,0.531723400463376,0.662987691329427,0.814030131826742,1.77132396596082,1.34034034034034,1.25806451612903
43,"두사람%by%성시경",196,1.19021628144435,0.494736842105263,1.54022988505747,0.999709386806161,1.09371010460929,0.663964577656676,1.39374021909233,0.925096952908587,2.82861602497399,0.121977921722471,1.43432492128389,1.18973634651601,0.635832606800349,1.40134099616858,0.279935821651748,0.519238293987218,1.05260707635009,1.14789502460361,1.76360571097413,0.166220959384924
44,"벚꽃 엔딩%by%버스커 버스커(Busker Busker)",196,1.43111716298621,0.326388888888889,1.15693245302184,0.894927012574071,0.983651226158038,1.90944061548325,0.841229193341869,0.502770083102493,1.78225806451613,0,1.2259793052476,1.40134099616858,0.396057347670251,2.40942028985507,0,2.94235033259424,0,1.21517595307918,1.52521487004246,0
45,"술 한잔 해요%by%지아(Zia)",194,0.992553848389089,0.688644688644689,1.12016718913271,0.817344817344817,0.575343170016966,1.53449591280654,0.95726080621661,1.04832910944775,2.41467221644121,0.189815910274005,0.59936766034327,1.15988372093023,0.171554252199413,0.747191011235955,0.850623167155425,2.78646422225812,0.177807486631016,1.3287841191067,1.4989604989605,0.657145431609299
46,"넌 감동이었어%by%성시경",192,1.16389811738649,1.17726396917148,0.915396741986337,0.727162917107051,0.997804481210672,0.567491092014253,1.32871072589382,1.20211192801949,0.0578029642545772,1.83724509426703,2.07473420888055,0,1.07568238213399,0.563559322033898,0.29540188914632,1.01539933046389,2.39052287581699,0.0578029642545772,1.61821577675236,1.81588557516738
47,"좋아보여 (feat. 검정치마)%by%버벌진트(Verbal Jint)",191,0.93407277057893,1.05027932960894,0.889683350357508,0.499854693403081,0.757152588555858,0.963158492279746,1.48247625286603,0.876450550273265,1.1812640660165,1.61983775811209,0.787932766968119,1.01333333333333,0.59080377829264,1.51736111111111,0.467477525118985,0.986387921022068,2.06521739130435,0.59080377829264,1.57033957033957,0.0562818336162988
48,"그땐 그땐 그땐%by%슈프림팀(Supreme Team)",190,0.992553848389089,0.779005524861878,0.748603351955307,0.711268645694875,1.57066889338138,0.575343170016966,0.902270767461914,1.07736446379106,0.594086021505376,1.0141592920354,0.924738675958188,1.37721893491124,2.00504032258065,0.423952641165756,1.47276414912111,0.0570826343184067,1.52644710578842,1.05081111318292,0.193525075878017,1.62023460410557
49,"아름다운 이별%by%김건모",190,0.865748286800918,1.0561797752809,0.748603351955307,0.711268645694875,1.02550872514349,1.36197862083421,0.696501590186279,0.963642659279778,1.69531864673485,0.319779956948099,2.02286585365854,0.487179487179487,0.657145431609299,1.45138888888889,0.657145431609299,1.78707167439773,0.487179487179487,1.18817204301075,0.53024453024453,0.916589861751152
50,"체념%by%빅마마(Big Mama)",190,0.940744718940208,0.962756052141527,0.748603351955307,1.03303303303303,0.915813210560932,0.942665758401453,0.696501590186279,1.53225168183617,0.113761153054221,3.15516224188791,0.173079431329073,1.60240963855422,1.11909227306827,0.361413043478261,2.85161290322581,0,1.01915708812261,0.916589861751152,0.259420711033614,1.40034562211982
51,"I Love You%by%포지션(Position)",189,0.936563631300473,1.29783037475345,1.32892561983471,0.73955773955774,1.17137092580652,0.445426970335715,1.36009759343462,1.16551246537396,1.23888670338316,0.540884955752212,1.55086382113821,0.708817829457364,1.16656891495601,0.247672253258845,0.0587557603686636,1.24990085266706,0.708817829457364,0.683889722430608,2.75264526271238,1.61412051125989
52,"Go Away%by%투애니원(2NE1)",188,1.2047366478211,1.06818181818182,0.830578512396694,1.61224808623653,1.1585225552528,1.09853020147577,0.632719393282774,1.15341372005866,0,2.51904082215244,0.542444474724077,1.46887550200803,1.41721725612126,0.17972972972973,2.44623655913978,0.80144018583043,0.89176245210728,0.537664444043972,0.60652272384116,1.20223325062035
53,"나였으면%by%나윤권",188,0.980571867625267,0.880149812734082,0.904935064935065,1.38131274131274,1.25191974238296,0.560307660469769,1.17937033968517,1.09297844152716,1.41721725612126,0.806717618664521,0.29477098049669,1.69989775051125,1.71624850657109,0.89176245210728,0.600761145342515,0.35566872152238,0.823333333333333,1.64011478329705,0.970591280936108,0.994748687171793
54,"좋을텐데%by%성시경",186,0.816195418122772,0.890151515151515,0.547497446373851,0.513662834104823,1.23895001767997,0.969599065784352,0.616901408450704,1.23407202216066,1.00645161290323,1.92267699115044,1.44725361887765,0.629734848484849,1.50890560063329,1.1875,0.803561439492821,0.94636999001569,0,1.89505920783993,0.197755132181362,0.737486095661846
55,"그날에 우리%by%어반 자카파(Urban Zakapa)",183,0.990257598884429,0.531073446327684,0.779069767441861,1.07483205749102,1.58706752455751,0.722682533503865,1.15958911362914,0.663656509695291,0,1.37076408374703,0.558031959629941,0.640655105973025,3.48702664796634,0.0608974358974359,0.488847926267281,1.8672607879925,1.43672839506173,1.23888670338316,0.69728688225798,0.885856079404467
56,"여수 밤바다%by%버스커 버스커(Busker Busker)",182,1.2320721157733,0.352059925093633,1.50392817059484,1.08108108108108,0.885286103542234,1.48767086270183,1.20083861950328,0.548476454293629,0.62171792948237,1.29861860565508,0.119873532068654,3.12206572769953,0,3.12206572769953,0.118817204301075,1.25756895605766,1.60324947589099,0,2.19328419328419,0
57,"Aqua Man%by%빈지노(Beenzino)",181,1.37430532853874,0.849397590361446,0.583560152422428,1.61692126909518,0.846229363680077,1.92090380957277,0.46673461823573,1.01321604533632,0.858124253285544,1.02885725278953,0.723626809438826,0.743394308943089,1.15057166190282,1.0390625,2.21245828698554,1.7147472136973,1.11530398322851,0.314516129032258,0.139457376451596,1.15057166190282
58,"사진을 보다가%by%바이브(Vibe)",177,1.4201155061567,0.549707602339181,1.12794612794613,1.59708174432101,1.5517946067838,1.22759673024523,0.327728873239437,1.09062433411464,0.918464278646349,1.5927501701838,0.784626755358463,2.35331050228311,1.21059038344492,0.126666666666667,2.63573375738301,0.998946100572117,0.663672654690619,0.310858964741185,0.137863577863578,0.777712609970674
59,"너에게 난, 나에게 넌%by%자전거 탄 풍경",176,1.46856078248719,0.746031746031746,0.504572350726197,1.73241564545912,1.07515366580065,0.954067730634488,0.997246637721063,0.975298356695062,0.996293327990383,0.865745737103389,0.581422520812034,1.10833333333333,1.52764976958525,0.127394636015326,3.04414881092536,0.124007102139987,1.03260869565217,1.85354838709677,0.138655897276587,1.06935483870968
60,"꿈에%by%박정현",175,0.83181638306292,0.849397590361446,1.05928853754941,0.324324324324324,1.38868408398782,0.818512699138805,0.827005511328843,1.01321604533632,1.15057166190282,1.19062726108978,2.05497483546264,1.67708333333333,0.314516129032258,0.963768115942029,0,1.7147472136973,0.530938123752495,0.717250196695515,1.38302633844035,0.717250196695515
61,"애상%by%쿨(COOL)",175,1.20728905597327,0.46078431372549,0.896820970440602,1.36892720941801,0.514931514364611,2.11195704439814,1.4137323943662,0.411357340720222,0.648093841642229,0,0.938140685754684,0,0.787255095982585,0.461805555555556,3.37691001697793,1.7147472136973,0.88940329218107,1.00252016129032,2.20069393718042,0.717250196695515
62,"365일%by%알리(Ali)",174,0.946624373433584,0.55952380952381,0.983625070581592,1.13381674357284,0.852497729336966,0.824531174867767,1.54225352112676,0.871468144044321,0.935685483870968,0.876433956079974,1.32247574088644,0,1.38877251780478,1.20010615711253,1.15790014382577,0.253849832615973,0.327909270216963,4.19187096774194,0.283836777954425,0.863454217591665
63,"Loving U (러빙유)%by%씨스타(Sistar)",174,1.29433497536946,0.466269841269841,1.15650172612198,1.63725990141084,0.594289282470481,1.4124222734577,1.63779134986913,0.582519820422199,0.797034662392306,1.2057944873457,0.126182665335425,1.96031746031746,0.0621717929482371,2.23206018518519,0.797034662392306,1.02423587527015,2.04965753424658,0.125070741369553,2.63348559827433,0
64,"사랑할수록%by%부활",174,0.946624373433584,1.16049382716049,0.822085889570552,1.13381674357284,1.25778353508733,0.340494655208552,1.6234247590808,1.02101001491583,0.124343585896474,2.173198482933,2.24762872628726,0.26078431372549,1.23387096774194,0.26078431372549,0.124343585896474,0.799156880457694,2.30902777777778,0.448232567123817,1.83742020165861,1.00882531953743
65,"행복한 나를%by%에코(ECO)",174,0.663258866590938,0.854545454545454,0.983625070581592,1.01425061425061,1.15677384196185,0.614782016348774,0.920748370821947,1.39423636490607,1.46774193548387,1.03528761061947,1.01779414020555,0.26078431372549,2.22782258064516,0.820987654320988,0,1.24484052532833,1.77333333333333,0.935685483870968,0.140268175151896,1.38877251780478
66,"자니 (feat. Dynamic Duo)%by%프라이머리(Primary)",173,1.13200356262557,1.27291666666667,1.24145917776491,0.901556101556102,1.64828043302158,0.69558193849747,0.647099379493746,1.15838227146814,0,1.72384692023677,1.41027684786652,0.467369477911647,2.71213183730715,0.12962962962963,1.39784946236559,0.732560473752886,0.679959100204499,1.24183142559834,0.141088456877931,1.89137590520079
67,"중독된 사랑%by%조장혁",173,1.04088851160158,0.562874251497006,1.50295159386068,0.440108747801056,1.2335953901818,0.858859652690227,1.02026002166847,0.907254285297732,1.31933389191454,0.803397793073309,0.876575203252033,1.69944444444444,1.01521028991425,1.28709677419355,0.941570298234936,0.45494171809188,0.608231707317073,1.31933389191454,1.145227505987,0.656045913318821
68,"해변의 여인%by%쿨(COOL)",173,1.12144221940991,0.10955710955711,0.529644268774704,1.5378988010567,0.590190735694823,7.6724795640327,0.0434437611585003,0.324866822927765,0,1.27420013614704,0,0.481884057971014,1.52764976958525,5.20238095238095,1.62541935483871,4.00720092915215,0.156103286384977,0,0,0
69,"생각이 나%by%부활",169,0.790225563909774,0.576687116564417,0.848101265822785,0.566908371786421,0.885286103542234,0.856001830397071,1.61172440045679,0.759741458910434,1.11827956989247,0.511253141046651,1.36655826558266,0.268686868686869,1.11827956989247,0.69706498951782,0.744487545937117,1.20662173727,0.407975460122699,3.99921321793863,0.444039131155696,0.744487545937117
70,"하늘을 달리다%by%이적",169,0.663399238837835,0.576687116564417,0.931094383323683,1.04594594594595,1.34828055999248,1.34828055999248,0.692896509491733,0.704612087267728,0.128066447749662,1.49870206489676,1.87302393857272,0.200301204819277,1.8565188172043,0.77162447257384,0.744487545937117,2.42353010486627,0.407975460122699,1.60039499670836,0.218007163790296,0.744487545937117
71,"바람기억%by%나얼(Na-Ul)",168,1.05363408521303,0.480572597137014,1.46181818181818,1.05252422233554,0.590190735694823,0.833475466439254,1.80414562848791,0.973869609789081,0.464936886395512,1.69026548672566,0,2.02934272300469,0.12883793237466,1.24779249448124,0.749229504828436,0.610676484123332,2.31235011990408,0.260818253343824,2.51675416423618,0.89687825182102
72,"FANTASTIC BABY%by%BIGBANG",165,0.990596148490885,0.606451612903226,1.43813131313131,1.10099573257468,1.89704165044765,1.25350244749343,0.437518729397663,0.690829121820219,0.784193548387097,0.783566781925804,1.98320181731229,1.13869863013699,1.78225806451613,1.05555555555556,1.51681537405628,1.02748741773132,0.733995584988962,0.486070381231672,0.2290455011974,0.633170628183362
73,"사랑은 언제나 목마르다%by%유미",164,0.85661307740897,0.394129979035639,1.60732323232323,0.834372834372834,1.05742506811989,0.585851097932361,0.724391805377721,1.85178684073393,1.66849691146191,2.34897188964081,0.341411958423382,1.29052511415525,1.5814402544298,0.278825995807128,1.75679723502304,0,1.29052511415525,0.773875212224109,0.226182432432432,0.926774193548387
74,"그남자 그여자 (feat. 장혜진)%by%바이브(Vibe)",163,0.773501213350837,1.13377192982456,0.796197266785502,0.834372834372834,0.77777073696217,1.85910081743869,0.431399586329164,1.18602173449819,2.02943254061691,0.146979607541362,0.630503642698765,0.49732905982906,1.32747497219132,3.25462962962963,0.132839110398718,1.86278294437621,1.0413870246085,0.269020085209982,0.149851715069106,1.32747497219132
75,"감기%by%이기찬",162,0.885798567214496,1.11111111111111,0.772087067861716,0.249591873752948,0.671761812985977,0.557660537664399,1.43744017503077,1.53847645429363,0.840207373271889,0.929646017699115,0.683785640673308,0.0738888888888889,1.4472471501334,0.0738888888888889,1.00736325385694,0.765150204693536,2.86319444444444,0.366217410517013,1.04141551623566,2.54190904283448
76,"어땠을까 (feat. 박정현)%by%싸이(Psy)",162,1.10537504475474,0.404301075268817,1.75277959450621,1.38203067932798,0.630738190818895,1.05931670509327,1.91994826099454,0.644773847032205,0.492466044142615,1.80050019238169,0,2.36895674300254,0,0.986872146118721,1.80846774193548,0.423083054359955,1.77980535279805,0.419354838709677,3.15937365937366,0
77,"수고했어, 오늘도%by%옥상달빛",161,1.22125768967874,0.19706498951782,0.981086028065894,1.63330898466034,1.10976035771676,1.66170207137377,0.437518729397663,0.964329503655601,1.60403225806452,1.39681661750246,0.204847175054029,0.139412997903564,3.41842940243257,1.30844907407407,0.134510042604991,3.44882047181128,0.355235042735043,0.0668346774193548,1.14886314886315,0.0668346774193548
78,"청혼%by%노을",161,0.758616541353383,0.399150743099788,0.981086028065894,0.116216216216216,3.30040871934605,0.371448714772965,0.64936990363232,0.690829121820219,0,1.12684365781711,2.78144054878049,0.733995584988962,3.7741935483871,0.282377919320594,1.0184331797235,0,0.89261744966443,1.0184331797235,0.15173664230268,1.17997775305895
79,"죽을 만큼 아파서 (feat. 멜로우)%by%MC 몽",158,0.695398496240601,0.835555555555555,1.37259923175416,0.733997155049787,1.48952899961074,0.839702266232472,1.01088886258729,0.736340436669793,0.0681117731662215,1.33316714445968,2.02793569289076,1.0775462962963,1.03965053763441,0,1.1217008797654,1.56356780959114,0.748873873873874,1.03965053763441,1.26535626535627,1.03965053763441
80,"그댄 행복에 살텐데%by%리즈(Leeds)",157,0.841136454581833,1.29655172413793,1.00815047021944,0.867747747747748,1.04300948980551,0.430796157441477,1.20104698990403,1.49394538979027,1.47230014025245,1.72727859957367,0.892851135407906,1.17077464788732,1.04692082111437,0.0710470085470085,0.351761460101868,1.05622832452101,1.80617283950617,1.5611019543207,0.155652426620169,0.965389784946237
81,"강남스타일%by%싸이(Psy)",156,0.979040521658128,0.740990990990991,1.20954223081883,1.42042042042042,0.650603960608466,1.13295543012845,1.18423038229376,1.08492491616854,0.659191338930623,1.17479445176677,0,0.446308724832215,1.76885762794082,0.071969696969697,3.35306178239475,0.359620596205962,1.01467136150235,2.35763271526543,0.157687098863569,1.40499175888863
82,"나혼자 (Alone)%by%씨스타(Sistar)",156,1.35540307078376,0.626666666666667,0.572300183038438,1.54954954954955,0.917523412634809,1.69903393609116,1.0996938150643,0.469252077562327,1.13761153054221,0.473274336283186,0.738946430560196,2.11513994910941,0.138877251780478,2.86021505376344,0.578029642545771,1.31947125226648,1.00757575757576,0,2.63879504504504,0
83,"미워도 다시 한번 (Original ver.)%by%바이브(Vibe)",156,0.658521303258145,0.522222222222222,1.60053085600531,0.366998577524893,1.28421132303966,0.270157731127912,1.2618437900128,1.43648595172141,0.0694386258902388,3.70998950052497,1.4174826419797,0.764367816091954,1.49395161290323,0,0.430612686728729,0.510272467589541,1.2757793764988,1.49395161290323,0.831935383659522,0.897360703812317
84,"With Coffee...%by%브라운 아이즈(Brown Eyes)",155,1.07758031442242,1.92995169082126,1.20954223081883,1.1462421325435,0.992130978107676,1.16974740407983,0.355051170331341,1.70637119113573,1.95912336862842,1.65298021863613,0.905338563875149,1.01467136150235,1.0617707618394,1.64197530864198,1.76885762794082,0.141027684786652,1.01467136150235,0,0.238086770981508,0.978986824170831
85,"사랑은 봄비처럼... 이별은 겨울비처럼%by%임현정",155,1.85254344652841,1.08045977011494,0.66295609152752,1.56038556038556,1.71637101707168,1.40521603736863,0.405263698982214,0.72398891966759,0.978986824170831,0.643910661609777,2.91823270691723,1.2757793764988,0.581961816984858,0.846643518518518,2.89251718667372,0.434440988705189,0,0,1.58492799368712,0.659191338930623
86,"이별택시%by%김연우",155,1.08462332301342,0.92156862745098,0.812121212121212,1.38765631302945,1.17465146424698,1.21509857348934,0.881287726358149,0.760712995302903,1.06119182467373,0.514428626394767,2.26651636264262,0.235815602836879,1.06119182467373,3.29504504504505,0,0.719241192411924,1.99863387978142,0.0747800586510264,0.804204204204204,0.798025999037073
87,"Boogie On & On%by%빈지노(Beenzino)",154,1.3042557850938,1.08796296296296,1.51161247511612,1.29129129129129,0.867927552492387,1.14316223580529,1.08228317272053,0.92032489788253,0.140704584040747,1.66522451655195,0.51374370886566,1.46691176470588,0.74260752688172,0.449324324324324,3.26243849097868,0.0705138423933259,2.25130208333333,0.0698924731182796,1.11219730368667,1.15398004177303
88,"가슴 시린 이야기 (feat. 용준형 Of Beast)%by%휘성",154,0.792556612770865,1.14355231143552,0.889183808891838,0.791259344450834,0.725234378608045,0.694342041993909,1.27532502708559,1.41781163434903,0,2.66216814159292,0.0738946430560196,1.54651162790698,0.780550977160348,0.809002433090024,1.49212303075769,0,2.6078431372549,0,1.37080262080262,1.68402336804674
89,"보여줄게%by%에일리(Ailee)",154,0.774730945009583,0.311258278145695,0.58008658008658,0.623979684382369,1.68625924484235,0.655767484105359,1.15669014084507,0.670360110803324,1.15398004177303,0,2.39747064137308,0,2.37634408602151,0,0.509216589861751,1.70346598202824,0,4.01008064516129,0,0.985929993136582
90,"저녁 하늘%by%에일리(Ailee)",154,0.718386876281613,0.311258278145695,0.667496886674969,0.623979684382369,1.29621329802134,0.933207573534549,1.15669014084507,0.670360110803324,1.8774932282689,0,2.39747064137308,0,1.50501792114695,0.687931034482759,0.509216589861751,1.70346598202824,0,4.01008064516129,0,0.358843905607274
91,"사랑 안해%by%백지영",153,0.7249775815686,0.464197530864198,0.944326990838619,0.83885389148547,1.11025979982194,1.11025979982194,1.3355597502541,0.536856190431476,1.10330261136713,0,0.319662752183077,1.24133333333333,1.79723502304147,2.19755747126437,0,1.30507474429583,1.54439890710383,2.23169705469846,0.0874135004569787,0.653041122876139
92,"I'm In Love (Piano RMX)%by%라디(Ra.D)",152,0.909109055825404,1.58937198067633,1.33377571333776,0.764161421695668,0.818331692349964,0.78692098092643,0.822535211267606,1.71045492189508,1.43644679826673,1.48993772533596,0.59936766034327,0.864657210401891,1.08485273492286,1.1243961352657,1.43644679826673,0,1.1243961352657,1.08485273492286,0.326028731434137,1.62023460410557
93,"비오는 압구정%by%브라운 아이즈(Brown Eyes)",151,2.03110185101307,0.326388888888889,0.340750158931977,2.43160083160083,1.43076541986624,2.09311830682466,0.274178403755869,0.64819944598338,0,2.19461889808735,0.148808522567984,3.33480825958702,0.950537634408602,1.84722222222222,1.88206451612903,1.50538854225752,0.230902777777778,0.222782258064516,0.513321832470769,0.222782258064516
94,"인연 (동녘바람)%by%이선희",151,1.0831752277891,0.536529680365297,0.772087067861716,0.769431500465983,1.2134762789987,1.69065054495913,0.930670228266149,0.382705585645181,1.09277136802449,0,0.683785640673308,2.4133064516129,0.598240469208211,2.30533333333333,0.442491657397108,1.93857977642276,0.538773148148148,0.598240469208211,1.84168901726154,0.216761115954664
95,"좋은 사람 (feat. 김형중)%by%토이(Toy)",151,1.73675948112038,0.876456876456876,1.64866712235133,0.903903903903904,1.64279895502683,1.5049863760218,0.498266522210184,0.598535813217254,0.923184033418426,0.321955330804888,1.01631907623424,2.63456284153005,0.923184033418426,1.13260340632603,0.519825268817204,2.67486393872203,0.62004662004662,0,1.13637550594072,0.677760109041345
96,"미워요%by%정인",150,0.801678108314264,0.882629107981221,0.964028776978417,0.509440947797112,0.768735832207542,0.618748351938121,1.19953051643192,1.55401662049861,0.846252030633558,1.82028590878148,0.688635184224183,0.382183908045977,1.36684453068154,0.461805555555556,1.64516129032258,0,2.11111111111111,1.01471627030845,0.415967691829761,1.64516129032258
97,"내가 제일 잘 나가%by%투애니원(2NE1)",148,0.759832272990168,0.994708994708995,1.08943089430894,1.02489891466269,1.34717450539036,1.16808583106267,0.605885311871227,0.946390744663516,1.65934371523915,0.554618362831858,0.0811174277156305,0.991192411924119,3.08467741935484,0.798,0.95633359559402,1.67409587888982,0.429586563307494,1.24758064516129,0.27625335258923,0.678955453149002
98,"친구라도 될 걸 그랬어%by%거미",148,1.18792078234803,1.01438848920863,0.978102189781022,0.923135901859306,0.688555858310627,1.16924579713125,1.3910521955261,0.832171172031713,1.76822453644907,0.32866273352999,1.88372693250742,0.229310344827586,0.221245828698554,1.15796019900498,1.20603929177783,1.038903944595,0.977941176470588,0.943548387096774,2.10624910624911,0.530885380919698
99,"편지%by%김광진",147,0.522463182750264,0.55952380952381,0.902356902356902,0.802644370989695,0.585313126308915,0.556327332827087,2.11611529642974,1.10988867401871,2.12103439082911,0.690911439829468,1.62685507807459,0.395833333333333,0,0.155011655011655,1.23387096774194,0.465695736094052,5.31547619047619,0.964831433422265,0,0.542426367461431
100,"Roly-Poly%by%티아라(T-ara)",146,1.17360232263828,1.02919708029197,0.613472858077175,1.51511511511512,0.523556297793794,1.27296041032217,1.33057166528583,0.987257617728532,1.04523405287412,1.35479294737553,0.303904729188137,0.393026004728132,1.04523405287412,0.312206572769953,2.88260869565217,0.708741320989852,1.55859375,0.871326164874552,1.38126676294615,0.619915848527349
101,"뜨거운 안녕 (feat. 성시경)%by%싸이(Psy)",145,0.86997309788232,0.444444444444444,0.902356902356902,0.664092664092664,0.835668298328953,1.20330149996032,1.25776015315192,0.75415512465374,0.303363074811256,1.89309734513274,0.465695736094052,0.733455882352941,1.42023689516129,0.155011655011655,3.79770877298764,0.150889760645858,0.47841726618705,3.5318141461971,0,0.381912442396313
102,"봄날, 벚꽃 그리고 너%by%에피톤 프로젝트(Epitone Project)",145,0.969144559511988,0.676258992805755,0.806149732620321,0.392843547773125,1.4152532947784,0.938939806787218,0.522376192639709,1.23007826157115,1.71096774193548,2.11626735736384,1.92967149183687,2.30902777777778,0,2.08948087431694,0.461592016709213,0.465695736094052,0.56219806763285,0,1.28918231208308,0
103,"With Me%by%휘성",144,1.13681572351932,1.94214876033058,0.761363636363636,1.00900900900901,0.799791183885508,1.27356948228883,0.27143661971831,2.04832256078793,1.52764976958525,1.46675930666277,1.14026042699451,0.335858585858586,1.03485952133195,1.17140921409214,0.580270067516879,1.97009544008484,0,0.0792114695340502,0.957385957385957,2.17656294604625
104,"천년의 사랑%by%박완규",144,0.845807178496701,1.29573934837093,1.2088827203331,0.808460634547591,0.809553664006173,1.05788905454732,0.412886769435511,2.034464987438,1.24343585896474,1.47898230088496,1.07062620244523,0.156103286384977,1.3366935483871,0.0775058275058275,1.24343585896474,1.94548847127816,0.156103286384977,1.24343585896474,0,2.46774193548387
105,"촛불 하나%by%지오디(god)",144,0.783106414685362,1.16915422885572,0.812121212121212,0.668870309158079,1.17465146424698,1.13498218402851,0.412886769435511,1.41596472383967,0.464936886395512,0.0827402685809766,1.84195915129883,0.481884057971014,1.15161290322581,1.28875968992248,1.15161290322581,0.892291704871936,0.398681055155875,0.972140762463343,0,3.97188940092166
106,"Love (feat. Bumkey, Paloalto)%by%프라이머리(Primary)",143,1.02294571379906,0.567632850241546,1.21818181818182,0.814361807062537,0.718493069541524,1.22712925243478,1.37089201877934,0.767385916314332,0.718223399133365,1.92387941578531,0,2.23529411764706,0.307728011139476,0.744402985074627,1.63852757544225,1.17085775508918,1.39632545931759,0,2.93709361535448,0
107,"Trouble Maker%by%트러블메이커(Troublemaker)",143,1.05879895817976,1.30555555555556,1.32205778717407,0.814361807062537,0.85072538478533,0.920480963927705,0.853747484909457,1.43056229831225,1.16054013503376,1.70378761061947,0.555296508847441,2.01515151515152,0.229147465437788,0.65679012345679,2.37634408602151,0,0.2375,0.307728011139476,2.43288666818079,1.16054013503376
108,"술이야%by%바이브(Vibe)",143,1.50519155030433,0.928395061728395,0.627005347593583,1.85945945945946,0.85072538478533,2.39064601800435,0.388599312409892,0.834957459438069,1.34721869443739,0.34048513401668,0.899051490514905,1.10833333333333,0.633691756272401,1.9077868852459,0,4.63910569105691,0.2375,0.151681537405628,1.00525525525526,0.891129032258065
109,"I Believe (엽기적인 그녀 O.S.T)%by%신승훈",142,0.535746145023576,0.812345679012346,1.02290076335878,0.538973756365061,0.89340799440042,0.89340799440042,1.29549295774648,0.949676823638043,3.1108504398827,0,1.66653447022275,1.11692506459948,0.075840768702814,1.40740740740741,1.45432258064516,0,1.40740740740741,2.396829810901,0,0.152764976958525
110,"가로수 그늘 아래 서면%by%장재인",142,0.676004169716326,1.18686868686869,0.631649831649832,0.964164164164164,1.15723673665652,0.0855348892311337,2.60380464605817,0.913288774810033,0.390275488580174,2.90607048594939,0.995872420262664,0.839646464646465,1.55228928199792,0,0.309957924263675,0,3.4891975308642,2.74436197544961,0.172329472329472,0
111,"내 눈물모아%by%서지원",142,1.43156805056119,0.935323383084577,0.537433155080214,1.56137817206519,1.60377917308376,0.60019396850321,1.29549295774648,0.676139077275767,0.230796008354607,0.0839138894119124,3.94199499687305,0.321256038647343,0.638420799229658,0.661691542288557,1.16960685483871,0.154123112659698,1.71205962059621,1.85590509197547,0.172329472329472,1.96048387096774
112,"나만 몰랐던 이야기%by%아이유(IU)",141,1.19484277704571,0.696296296296296,0.929909784871617,1.26781326781327,0.51641689373297,0.937686215589906,1.26464788732394,1.41404085872576,1.76752865902426,1.51447787610619,1.00359236150501,0.578980099502488,0.153864005569738,1.03100775193798,0,1.9945343991255,0.407475490196078,1.56490952006294,1.76532630191167,0.729105571847507
113,"가질 수 없는 너%by%뱅크(Bank)",140,0.878028404344194,1.20512820512821,0.937062937062937,1.12694512694513,0.874356645473812,0.520756531495432,1.06771397616468,1.7286252295434,0.91185296324081,1.63529750341751,1.39207972724889,0,1.37981269510926,1.23148148148148,0,0.567821994009414,1.84722222222222,0.396057347670251,1.02863328444724,2.10215053763441
114,"결혼까지 생각했어%by%휘성",140,0.844895257010451,1.20512820512821,0.836918806384455,0.832593787817668,0.770969879961706,0.737738419618529,1.06771397616468,1.52452863908498,0,2.82708121231107,0.0776159560156753,1.63524590163934,0.82258064516129,0.761450381679389,1.67915222607305,0,1.53184281842818,0.91185296324081,0.731094731094731,1.78225806451613
115,"만약에 말야 (전우성 Solo)%by%노을",140,1.28777499303815,0.482051282051282,0.982404692082111,1.02489891466269,0.779497198087502,0.851236638021379,1.72158532590894,0.796843150577536,2.45264871263687,0.179270581925449,0.418163483960421,2.29654654654655,0,0.893817204301075,1.34792626728111,0.418163483960421,1.09016393442623,1.24758064516129,2.36953024453024,0.0804026194518554
116,"미친거니%by%바이브(Vibe)",140,0.981325863678805,0.343065693430657,1.03875968992248,0.688688688688689,1.44408371499797,1.6394187102634,0.77112676056338,0.389241354659995,1.18817204301075,0.171476208798256,1.10434671275847,1.13451443569554,1.78225806451613,2.06638418079096,0,2.69715447154472,0.160628019323671,1.47797010228167,0.828760057767691,0
117,"붉은 노을%by%BIGBANG",140,1.05363408521303,0.580246913580247,1.14204545454545,1.12694512694513,1.69099592811438,1.3525204359673,0.342723004694836,0.857937939973062,0.314516129032258,1.41982300884956,2.23212783851976,0.0797362110311751,2.43887945670628,0.160628019323671,1.00252016129032,2.94235033259424,0.0797362110311751,1.09461518923038,0,1.00252016129032
118,"씨스루 (feat. Zion.T, 개코 Of 다이나믹듀오)%by%프라이머리(Primary)",140,1.11216931216931,0.505376344086022,0.92131398013751,1.40631387690211,0.826267029972752,1.44116342437108,0.944236849669445,0.844653739612188,1.63775065387969,1.11239694425535,0.91428965137109,0.450542005420054,1.20883590462833,1.4712389380531,0.434697088906373,2.23914710845222,0,0.256645161290323,3.22477923468022,0
119,"아이처럼%by%김동률",139,0.577650266015917,0.830808080808081,0.944326990838619,0.410174880763116,1.32178133514986,0.411198463393934,1.07808013127308,1.35119459833795,1.19767741935484,1.32516814159292,1.11311136920893,2.9219696969697,0.0774894810659186,1.24133333333333,0.235887096774194,0,1.24133333333333,1.29357440166493,0.63970788970789,1.29357440166493
120,"차마...%by%성시경",139,0.756080014851945,1.75466666666667,0.743927827897294,1.44144144144144,0.711390618917867,0.777978697052267,1.90091713069112,0.830262522554576,0,0,0.746904315196998,0.328395061728395,1.19767741935484,0.859173126614987,0.316845878136201,1.30507474429583,0,4.17048387096774,1.35106306306306,2.94317845516425
121,"Rain Drop%by%아이유(IU)",137,2.30933498128884,0.232098765432099,0.959198282032928,2.11645792133597,0.758043146763993,2.04016550610556,1.05840927920464,0.456295537605624,0.1584229390681,1.34671559104972,0,1.46556473829201,1.02658064516129,0.0814950980392157,4.8917295813315,1.03570731707317,0,2.50479511769834,0.848184121621622,0.1584229390681
122,"To Heaven (천국으로 보낸 편지)%by%조성모",137,1.0482584011048,0.471177944862155,0.755461592670895,1.15315315315315,1.49169087043746,1.01258214457445,1.1839521980367,0.456295537605624,1.02658064516129,0,2.52706364901487,0.164197530864198,1.61751152073733,0.872703412073491,0,2.40817363530778,0.248134328358209,1.82795698924731,1.48316349136021,0.489780842157104
123,"Nike Shoes (feat. Dynamic Duo)%by%빈지노(Beenzino)",136,1.30256961084029,0.474747474747475,0.464954892435809,1.31772717599489,1.14424734471445,1.41132567231371,0.729065300896287,0.782086795937211,0.580270067516879,1.04120353982301,1.43848238482385,0.511538461538462,1.4258064516129,0.87962962962963,1.4258064516129,1.64572137246796,2.13888888888889,0.241207858355566,0.089356022689356,0.848694316436252
124,"그녀와의 이별%by%김현정",136,1.58045112781955,0.474747474747475,1.17888563049853,1.47576147576148,0.632347216815882,1.6620313821291,1.42616992276238,0.52010698251982,1.4258064516129,0.176594901598204,0.674288617886179,0.511538461538462,0.848694316436252,2.7454128440367,0.408150701797587,1.54123112659698,1.37396694214876,0.668346774193548,2.0798384591488,0.159605199807415
125,"그런가봐요...%by%브이원 (V.One)",136,1.02137998056365,1.11023622047244,1.17888563049853,0.419426945742735,1.55836879649757,0.285576162432979,1.42616992276238,1.00554016620499,1.13021243115657,1.80485975701215,0.497936210131332,1.47777777777778,2.40845684394071,0,0.757810515621031,0.243352283146892,1.58333333333333,0.757810515621031,1.72329472329472,0.241207858355566
126,"커피를 마시고 (Main ver.)%by%어반 자카파(Urban Zakapa)",136,1.30256961084029,1.37866666666667,0.863278453829635,1.79947689625109,0.871233943168548,1.31851121804163,0.835987889956562,1.00554016620499,1.95273492286115,0.739491150442478,0.497936210131332,2.13888888888889,0.241207858355566,0.335858585858586,0,4.18334162933466,0,1.22712850343733,1.49542104087559,0.408150701797587
127,"그녀를 사랑해줘요%by%하동균",135,0.62831390402612,0.986876640419947,0.87012987012987,0.715176715176715,1.37925008885203,0.113498218402851,1.44167176974893,1.45858573559405,2.92559342665855,1.36897535288525,0.0805120737774542,1.49019607843137,2.55075466114235,0.166666666666667,0.160805238903711,0.0805120737774542,0.983198924731183,1.85974754558205,1.17688420127445,0.0798025999037073
128,"사랑의 時%by%엠씨 더 맥스(M.C the Max)",133,0.89613208278428,1.02732240437158,1.58893280632411,0.899738448125545,1.13015247260711,0.4141689373297,0.965855740503628,1.70820678837233,0,1.66061170625679,0.431544715447154,0,3.34848484848485,0.443333333333333,0.988479262672811,0,1.33764367816092,0,1.81479709798294,3.34848484848485
129,"남과 여 (feat. 김범수)%by%박선주",132,1.27264791191462,0.489583333333333,0.58008658008658,0.732070653330496,1.10660762942779,1.97975373365985,0.550804828973843,0.636534600625175,0,1.18318584070796,1.48808522567984,1.75,0.164516129032258,3.99914089347079,0.0816301403595174,1.59483916578296,1.52873563218391,0,0.376970720720721,0.972140762463343
130,"추억은 사랑을 닮아%by%박효신",132,0.756321496811335,1.30555555555556,0.906085649887303,0.743783783783784,0.810065715659561,0.474260412611911,2.81234465617233,0.61449676823638,1.18817204301075,0.184872787610619,0,0.726775956284153,1.94428152492669,0.173177083333333,1.18817204301075,0.2548492414058,2.25771604938272,2.54608294930876,1.57344300822562,0.608575924468922
131,"늦은 후회%by%보보(Bobo)",131,0.88698787785791,0.3671875,1.00676183320811,1.37173238812583,1.34432334241599,0.766112974219241,0.588860435339309,1.42357371844751,4.05229202037351,0.567929203539823,0,2.23700305810398,1.81408410138249,0.720867208672087,0,1.83021196283391,0,2.04149560117302,0,0
132,"못해 (feat. 美)%by%포맨",131,0.85142148300043,1.87464387464387,1.34206471494607,0.435810810810811,0.766112974219241,0.563363884072331,1.16886582653818,1.68787099327266,2.15833086712045,0.977839537775177,1.18857654678242,1.32621082621083,0,1.32621082621083,0.336804673609347,0.252858231707317,0.532,0.695515342250197,2.43474667327878,1.38278642936596
133,"연애 (feat. Hanyi)%by%프리 스타일(Free Style)",131,0.716061999659342,0.752,0.584727272727273,1.04969485614647,0.470063417810036,1.16154559684619,1.45561006488368,1.05737213353514,0.250630040322581,2.79053264317916,0.42811975738805,1.01597222222222,0.165791447861965,2.61399371069182,0.88376432951213,0.167265393584168,1.22104519774011,3.04032258064516,0,0.513290322580645
134,"고백%by%뜨거운 감자(Hot Potato)",130,0.824814561656667,0.37007874015748,0.693274205469327,0.899738448125545,2.45220094408412,1.31153496821072,0.342723004694836,0.484814008705976,0.167086693548387,1.09370119729308,5.7116212338594,0,1.29060066740823,2.25771604938272,0.427741935483871,1.19873532068654,0.726775956284153,0.427741935483871,0,0.427741935483871
135,"다시 만난 날%by%휘성",130,0.658521303258145,1.16528925619835,1.01515151515152,0.59030459030459,0.702608018684313,0.384907001540102,2.26197183098592,1.11138649948972,0.339477726574501,0.0917198326130205,0,1.02450980392157,1.29060066740823,1.33764367816092,0,0.0836326967920842,2.77083333333333,1.39481065918654,1.45588692140416,3.20806451612903
136,"사랑했나봐%by%윤도현",130,0.558745348219032,0.540229885057471,0.641148325358852,0.641192917054986,0.983651226158038,0.327883742052679,2.27985303123086,0.875793047984988,1.4123554473524,1.31465093411996,0.372021306419961,0.583333333333333,2.13870967741935,0.187853107344633,0.662432200970597,0.27663122785074,1.23148148148148,3.56451612903226,0.978086194302411,0.0898617511520737
137,"너에게 쓰는 편지%by%MC 몽",129,0.833231036775612,1.175,1.60287081339713,0.907053394858273,1.14230464973192,0.447912611911249,1.48907236522584,1.0796325995043,0.254608294930876,2.70442477876106,0,2.15509259259259,1.40704584040747,0.0865885416666667,0.707011463609704,0.713297050325875,0.931372549019608,1.73408892763732,1.46854680767724,0.613564251718667
138,"? (물음표) (feat. 최자 Of 다이나믹듀오, Zion.T)%by%프라이머리(Primary)",128,0.914998021369212,0.505376344086022,0.92131398013751,0.914488258750554,1.06736622412894,1.24595821980018,0.863661971830986,0.844653739612188,2.9941935483871,0,2.48968105065666,0.35752688172043,0.525912215758858,2.3003144654088,0,1.54123112659698,0,0.618635030658491,2.36751704976004,0
139,"홀로 (feat. 김나영)%by%정키(Jung Key)",128,0.887270808600448,1.19491525423729,1.75593775593776,0.604702263238849,0.519149258250076,0.873241394650503,1.57897384305835,1.1933883291224,0.171096774193548,2.3440474202705,0.534972787744406,1.26388888888889,0,0.745098039215686,1.88127240143369,0.172617886178862,1.484375,1.88127240143369,0.920064131928539,1.21943972835314
140,"UGLY%by%투애니원(2NE1)",127,0.582538075959129,0.913888888888889,0.929121725731895,0.604702263238849,1.61942579916262,1.73368528610354,0.476696542893726,0.498157513532746,1.21943972835314,0.0939036381514258,2.91292682926829,0,1.76590707309855,2.19575471698113,0.438260179799048,2.13736769443166,0.268145161290323,1.32486440194119,0,0.347757671125098
141,"사랑하기 때문에%by%유재하",127,1.19452701521245,0.789915966386555,0.945141065830721,2.15830115830116,1.24074188754025,1.19364418455133,1.29689500640205,0.411357340720222,0.353505731804852,1.02885725278953,1.6982083709726,1.06944444444444,0.829671857619577,0.657485875706215,1.79891468194151,1.04100698901726,1.51136363636364,0.262956107879429,2.16224715281319,0.0862382934443288
142,"High High%by%G-DRAGON",126,0.731690336953495,0.862385321100917,1.03430531732419,0.845208845208845,3.00272479564033,0.584042915531335,0.293762575452716,0.970866367370331,2.38898421413864,0,1.49545198422281,0.196165191740413,6.15245249668582,0,0.385353095030514,1.61829268292683,0.503787878787879,0.0938030560271647,0.434704975245516,0.693100358422939
143,"꽃피는 봄이오면%by%BMK",126,0.41082062955554,0.92156862745098,1.16521739130435,0.299912816041848,1.37253659463912,0.226996436805701,1.54225352112676,1.16023865331345,0.172476586888658,2.36637168141593,1.03195475433015,0.363387978142077,2.64691791759821,0.852564102564103,0,0,1.38541666666667,1.3366935483871,1.50788288288288,1.12563667232598
144,"넌 이별 난 아직 (With 한소현 Of 3rd Coast)%by%스탠딩 에그(Standing Egg)",126,0.787510012143761,0.783333333333333,1.52272727272727,0.609658839167036,0.843129622421176,0.843129622421176,2.31338028169014,0.438781163434903,1.55542521994135,0,1.45792133597012,0.751412429378531,0.441882164756065,1.38541666666667,0.260818253343824,1.03195475433015,4.60767790262172,1.02286115007013,0.603153153153153,0
145,"화장을 고치고%by%왁스(Wax)",126,1.05363408521303,1.35057471264368,1.2822966507177,0.453526697429136,1.42340118608751,0.962942779291553,0.547716203764644,1.16023865331345,2.01765063907486,0.0946548672566372,1.34857723577236,1.38541666666667,1.23023123037397,1.49774774774775,0,1.56925351071693,0,0.172476586888658,1.88139515662451,1.3366935483871
146,"회상 (December)%by%터보(Turbo)",126,1.22515591303841,1.20512820512821,1.77190082644628,0.609658839167036,0.368869209809264,0.368869209809264,1.77359154929577,2.11978737740511,0.629032258064516,2.36637168141593,0,1.38541666666667,0,1.06014492753623,0.260818253343824,0,0.0886666666666667,1.23023123037397,4.10657465976615,2.51612903225806
147,"칵테일 사랑%by%마로니에(Maronnier)",125,0.83181638306292,0.254742547425474,0.614209320091673,1.27142527142527,1.19364418455133,0.528944527273662,2.12580890749905,0.540714995034757,0.539170506912442,1.14167054805154,2.43272756256974,0.0893817204301075,1.13559805880674,0.558823529411765,0.731182795698925,0.449525745257453,3.65514184397163,1.79891468194151,0.196147366879074,0.173878835562549
148,"Y (Please Tell Me Why)%by%프리 스타일(Free Style)",123,0.776361957525392,1.08985507246377,1.07803700724055,0.953568953568954,0.642781989370599,0.790977274642546,0.867517605633803,1.93063711911357,0.844227504244482,1.64331366764995,0.651037286234931,1.42354740061162,0.0876520359598096,1.53935185185185,0.645300333704116,0.362642618022819,0.66882183908046,2.07641716254306,0,2.59237536656891
149,"라라라%by%SG워너비",123,0.936563631300473,0.66951566951567,1.20720720720721,0.961789375582479,1.04922797456857,0.879007478694417,1.2408936376882,0.857355299606357,1.16656891495601,1.17252650880969,0.757095992012552,0.573275862068966,1.8508064516129,0.184722222222222,1.16656891495601,1.39852454080096,0.573275862068966,1.49909556828459,1.56373039706373,0.362493165664297
150,"Missing You%by%플라이 투 더 스카이(Fly To The Sky)",122,0.744415386291816,0.987987987987988,0.652597402597403,0.320596458527493,0.676260217983651,0.531171662125341,0.871708511941212,2.37673130193906,0,4.78908554572271,0.784626755358463,0,1.43951612903226,0.191091954022989,1.67741935483871,0,1.61407766990291,0.0913978494623656,1.11695028361695,1.92483870967742
151,"순정(純情) (London Boys의 I'm Gonna Give My Heart 전주 인용)%by%코요태",122,1.05968945351885,0.810344827586207,0.741501976284585,0.794640794640795,1.14014119395591,1.66464053657514,0.465585968642041,0.898567808098073,3.18531228551819,0,0.0891621312907344,2.04449838187702,1.38620071684588,1.32186544342508,2.35258064516129,0.859270451111591,0,1.16656891495601,0.408917391968239,0
152,"MONSTER%by%BIGBANG",121,1.07201142390861,0.130555555555556,0.635573122529644,0.970152761457109,0.93019192038858,2.149980537174,0.647746478873239,0.59735059378514,1.6294930875576,0.198854763144196,0.971947557313411,1.68888888888889,0.271869874248223,4.88194444444444,0.460928809788654,0.866942508710801,0.998498498498498,0.963382737576286,0.100525525525526,0.179723502304147
153,"가지마 가지마%by%브라운 아이즈(Brown Eyes)",121,1.25279662571062,0.817391304347826,0.862429605792438,1.49420849420849,1.01643960036331,1.20096952030923,1.7625754527163,0.301662049861496,0.656621392190153,0,1.07886178861789,1.45015576323988,0.557924263674614,2.3275,0,1.41159486361219,3.33691756272401,0,1.83818103818104,0.365591397849462
154,"바보%by%박효신",121,0.793057913601207,0.961988304093567,0.635573122529644,0.801491146318733,1.35103903351827,0.237130206305956,0.844180874722016,1.98353128676052,3.07155113246397,1.065933189827,0.56288441145281,0.784660766961652,2.64582640505487,0.281779661016949,0.179723502304147,0.36884163713432,0.998498498498498,0.0891129032258065,1.70703722590515,1.06935483870968
155,"챔피언%by%싸이(Psy)",121,0.793057913601207,1.10914454277286,0.635573122529644,0.635712635712636,1.06101705293451,1.24981567558904,0.610793473713569,1.13123268698061,1.28718637992832,1.42420517862996,0.274286895411327,1.93689320388349,1.06935483870968,2.46296296296296,0.460928809788654,0.866942508710801,0.784660766961652,0.557924263674614,0.629377203290247,0.656621392190153
156,"Hello%by%허각",120,0.728576761051565,2.41025641025641,1.22935779816514,0.156257097433568,1.47547683923706,0.0500161640419341,1.02816901408451,2.01108033240997,0.464936886395512,2.50978814695629,1.9038737446198,0.382183908045977,1.88709677419355,0.187853107344633,0,0,1.95588235294118,0.972140762463343,0.20445869598412,2.40059249506254
157,"I Need You%by%허각",120,0.658521303258145,0.131652661064426,0.87012987012987,0.978662873399716,0.983651226158038,1.11932725735225,0.982974771707166,0.918101890882813,1.52764976958525,1.19404075667776,1.65978736710444,0.481884057971014,0.867044463818658,0.791666666666667,1.18817204301075,1.31076665906846,0.0931372549019608,2.53558363817759,0.524481002741872,0.181246582832149
158,"...사랑했잖아...%by%린(LYn)",119,1.33371403191523,0.687134502923977,0.877968877968878,0.987323606792633,0.994703487126106,0.491825613079019,1.87571374191092,0.885312537636999,0.567799029403368,0,1.55605065666041,0.286637931034483,1.19927645462768,1.24299065420561,0.37194950911641,0.091428965137109,3.41025641025641,0.0906232914160744,1.87387387387387,2.29147465437788
159,"내게 오는 길 (Bonus Track)%by%성시경",119,0.968858928931524,1.59567901234568,0.646822204344328,2.08537509472089,0.907985747222804,1.49415376125272,0.549714126342212,1.15754042388714,1.78225806451613,1.20509668960996,0,0.0939265536723164,3.13832398316971,0,3.60456687205509,0.989781457447602,0.189458689458689,1.4258064516129,0.206206206206206,0.469015280135823
160,"넋%by%40(포티)",119,0.631082915622389,0.405172413793103,0.646822204344328,0.317856317856318,1.03954050037156,0.458400571413455,1.68245838668374,1.01683837031965,2.70152801358234,0.202253989864609,0.989781457447602,1.01681957186544,1.08915770609319,0.189458689458689,1.4258064516129,0,3.73595505617978,1.19927645462768,0,0.37194950911641
161,"꽃송이가%by%버스커 버스커(Busker Busker)",118,1.40256485369267,0.133903133903134,0.88595041322314,0.320596458527493,1.63079019073569,0.602235444586554,0.95962441314554,0.938504155124654,0.184371523915462,3.34378607156599,0.18601065320998,3.28846153846154,1.32396313364055,1.61407766990291,0,0.477372472839773,2.97939068100358,0,0.314688601645123,0
162,"이미 슬픈 사랑%by%야다(Yada)",118,1.3508129297603,0.839285714285714,1.12794612794613,0.822769672327195,1.19443363176333,1.51330957870467,0.483844241922121,0.938504155124654,1.92483870967742,0,2.07054282664039,1.61407766990291,0,3.28846153846154,0.0913978494623656,1.22135296824666,1.49198717948718,0,0.20798384591488,0.990143369175627
163,"한여름날의 꿈 (duet with 옥주현)%by%SG워너비",118,1.40256485369267,0.693215339233038,0.652597402597403,2.3021879021879,0.676260217983651,2.32499380728264,1.00506409241969,0.439313664846839,0.278962131837307,0,0.378547996006276,0,1.92483870967742,1.02623456790123,1.43951612903226,3.35645889792231,1.02623456790123,1.92483870967742,0.103103103103103,1.21059038344492
164,"좋은사람%by%박효신",117,0.838118022328549,0.854545454545455,1.40559440559441,0.326220957799905,0.938939806787218,0.0783439029683393,2.25583350851377,1.35747922437673,1.9641211323239,1.11621305727166,1.48079069025984,1.52124183006536,0,0.294247787610619,0,0,0.499249249249249,2.09461257066844,3.31402831402831,0.792114695340502
165,"눈물 (feat. 유진 Of 더 씨야)%by%리쌍(Leessang)",116,0.799104502830109,0.55952380952381,2.23747680890538,0.664092664092664,0.938939806787218,0.652316076294278,1.5622827876349,0.95983379501385,1.58815075055893,1.49334135234986,0,1.90319865319865,1.12027649769585,1.52124183006536,0.283899514701684,0.385307781649245,1.16111111111111,1.34967115565299,1.79154401926679,0
166,"슬퍼지려 하기 전에%by%쿨(COOL)",116,1.49996519075466,0,1.18270079435128,1.60914760914761,0.417306580794319,0.926462201381408,3.2527528809219,0.426592797783933,0.599638227313838,0.901474926253687,0,1.56734006734007,0,1.56734006734007,0.3924237940219,0.933630393996248,4.571875,0,3.42700655200655,0
167,"12월 32일%by%별",115,0.903114930182599,3.45887445887446,1.6144578313253,0.613008613008613,0.51641689373297,0,0.73054114158636,5.84470221606648,1.87137096774194,0.390061266167461,0.606102128437015,1.17352941176471,0,0,0,0,0,0,2.85704125177809,9.82060566161949
168,"Beautiful Day%by%어반 자카파(Urban Zakapa)",115,1.10566539806306,0.862385321100917,1.03430531732419,1.96673596673597,2.11411606816056,1.39981136030182,0.393123446561723,0.523291310984228,0,0,3.47219885991963,0.718364197530864,1.36290322580645,1.92261904761905,0.385353095030514,1.74361501190769,0.196165191740413,0,1.2759009009009,1.85500329163924
169,"Tears%by%소찬휘",115,1.15241228070175,1.33018867924528,1.03430531732419,1.20520520520521,0.409043084144927,2.80090518634831,0.535067548146019,0.970866367370331,1.98436980379115,1.12684365781711,0.388779022925364,1.05555555555556,0,1.53630363036304,0.385353095030514,5.32425298278957,0,0.0938030560271647,1.94958594958595,0
170,"내가 너의 곁에 잠시 살았다는 걸%by%김연우",115,0.847751562815084,0.419642857142857,0.670558798999166,1.0235556657575,1.45631480236385,1.29104223433243,0.992714910150558,0.418145415649598,1.482274033855,0,1.49545198422281,0.0972222222222222,2.67338709677419,0.610091743119266,2.1164314516129,1.02748741773132,0.399399399399399,2.82027649769585,0,0
171,"점점%by%브라운 아이즈(Brown Eyes)",115,0.658521303258145,1.65705128205128,1.03430531732419,0,1.04151306299086,0.0522292686455595,2.05633802816901,1.43096100575325,0.0938030560271647,1.37846894063064,0.190948989135909,1.53630363036304,1.482274033855,0,0.189266343134456,0,3.23782771535581,1.72825024437928,0.434704975245516,2.82027649769585
172,"I'm In Love%by%나르샤 [브라운아이드걸스]",114,1.24585111427217,0.912621359223301,1.09636363636364,0.893970893970894,1.02008275305278,1.12061532093954,1.33932542624166,0.596694164561201,0.622925148762919,1.46373506066965,2.72815624707971,0.645631067961165,0,1.63333333333333,0.622925148762919,1.08975938244231,1.11952861952862,0,3.22616802849361,0
173,"되돌리다%by%이승기",113,1.13365692712795,0.878504672897196,1.31372549019608,0.860860860860861,0.795762789700885,0.59646936054264,1.44210718858606,1.29829236649251,1.51221896383187,1.67319209797086,0,0.844444444444444,1.76388427003658,0.406727828746177,0,1.65131906421105,1.44083333333333,0,3.08278278278278,0.599638227313838
174,"씨스루 (feat. 개코, Zion.T)%by%프라이머리(Primary)",113,1.08656015037594,0.878504672897196,1.0541958041958,1.41673101673102,1.11560443942314,1.0666097633039,0.96839174582378,0.856994459833795,1.63676761026991,1.1487241171922,0.194389511462682,1.82817869415808,1.39016129032258,0.406727828746177,3.19577308120133,0,1.31683168316832,1.63676761026991,0,0
175,"오아시스 (feat. 이재훈)%by%브라운 아이드 걸스",113,1.1129937519856,0,0.634469696969697,1.81903642773208,0.397881394850442,21.8862397820164,0,0,0,0,0,0,1.44182674882204,9.26969696969697,2.64038231780167,3.18125912028351,0,0,0,0
176,"Baby Baby%by%포맨",112,0.698191261285744,1.11904761904762,1.72134387351779,0.546899841017488,1.47547683923706,0.453992873611402,1.60930802204532,0.709793058497637,0.881942135018291,0.591592920353982,1.52447861435136,0.914089347079038,1.64516129032258,1.70512820512821,0,0,0.106570512820513,0.534677419354839,4.82522522522523,0.763824884792627
177,"Bubble Pop!%by%현아 [포미닛]",112,2.12426226857466,0.431192660550459,0.812121212121212,2.44171444171444,0.983651226158038,3.79408330089529,0.630168105406633,0.0548476454293629,0.194428152492669,0,0,0.51791277258567,2.76350126857557,1.58333333333333,4.86070381231672,1.54123112659698,0.738888888888889,0.194428152492669,1.18265324147677,0
178,"Love Blossom (러브블러썸)%by%케이윌(K.Will)",112,0.643887496519076,0.580246913580247,1.59963269054178,0.688688688688689,1.4558038147139,1.0310561045271,0.979784589892295,0.616298811544991,0.294317845516425,0.552890579770077,0.942694766753493,1.98333333333333,1.16464388374321,0.627358490566038,2.46774193548387,0.196156688839616,1.45538720538721,1.52764976958525,0,1.16464388374321
179,"눈물샤워 (feat .에일리)%by%배치기",112,1.10031407633007,1.36893203883495,1.46181818181818,0.868906289467037,1.12937733373701,0.762606006796681,0.797119797436303,1.37119113573407,1.52764976958525,1.28861824235521,0.610676484123332,1.20709570957096,1.52764976958525,1.58333333333333,0,0.942694766753493,0.51791277258567,1.52764976958525,0.44678011344678,1.04838709677419
180,"눈물이 안났어%by%임정희",112,0.680718650558982,0.886792452830189,1.46181818181818,0.688688688688689,1.4558038147139,0.226996436805701,1.07771932801629,1.54907539118065,3.56451612903226,0.669727834362999,1.05770763589989,1.08660130718954,1.91358234295416,0,0.0963382737576286,0.719241192411924,0.627358490566038,2.184703433923,0.44678011344678,0.396057347670251
181,"아로하%by%쿨(COOL)",112,1.37269229411557,0.447619047619048,1.38144329896907,0.350841407445181,1.13498218402851,1.35584358200162,1.1863488624052,0.449283904049036,1.59265614275909,0,0.863089430894309,1.92753623188406,0.629032258064516,1.92753623188406,0.201765063907486,1.87628137150937,1.65070921985816,0,2.09792401096749,0
182,"어떻게 사랑이 그래요%by%이승환",112,0.54399585921325,1.05448717948718,0.455395072217502,0.169041769041769,1.79623267385381,0.168625924484235,1.19524647887324,1.22192222728707,2.79490469208211,1.04398750650703,1.55712010728355,1.21916666666667,1.93393960192176,0.633333333333333,0,0,0.74599358974359,1.80101867572156,0.936936936936937,0
183,"어제처럼%by%제이(J.ae)",112,0.721237617854159,1.09666666666667,0.852727272727273,0.175420703722591,1.90677006916789,0.304222028708672,0.844567404426559,1.28709141274238,0.100882531953743,1.63632084353229,1.23619579945799,3.92827004219409,0.308467741935484,0,0.635260300223571,0.418975451890441,0.319711538461538,0.635260300223571,1.8159449772353,2.16274012323306
184,"전부 너였다%by%노을",112,0.572627220224474,1.04444444444444,1.19429590017825,0.51177783287875,0.762606006796681,0.137895031704398,1.99585749792875,1.67590027700831,0,1.69026548672566,1.17499798760364,0.410493827160494,0.82258064516129,0,0.499698522761531,0,3.35077519379845,1.78225806451613,0.219328419328419,3.23293323330833
185,"Fiction%by%비스트(Beast)",111,0.88860705981822,0.585669781931464,0.574614065180103,1.64069952305246,1.19532300900217,2.08836721861245,0.519495922905856,0.545559026345259,1.54339873628201,0,0.0980783444198079,1.86666666666667,1.67086693548387,1.86666666666667,1.41853192890059,1.95113302196852,0.100757575757576,1.67086693548387,0,0.297043010752688
186,"Missing You (feat. 김윤아 Of 자우림)%by%G-DRAGON",111,0.975587115937993,0.585669781931464,1.34,1.44424035686172,1.30301850737818,0.39145303898126,1.4204966641957,1.06685359097358,1.54339873628201,0.918979293753759,0.837950903780882,0.86084142394822,2.06971904266389,0.522798742138365,0.830566865017225,0,3.5625,0.0972140762463343,0.811936936936937,0.719758064516129
187,"Second First Date (feat. Ritha K) (Bonus Track From Jazz Set)%by%디제이 아키(DJ AKI)",111,1.37116764514025,1.72333333333333,0.81993006993007,2.25389025389025,0.46108651226158,2.2483456597898,0.481954225352113,1.27626251864479,1.17629032258065,0.918979293753759,0.0980783444198079,1.59965635738832,0,1.4702380952381,4.5241935483871,0.19795629148952,0.100757575757576,0,1.74106064827714,1.54339873628201
188,"내꺼하자%by%인피니트(Infinite)",111,0.931566721682254,0.435185185185185,1.34,0.341185221919167,1.04362995946036,1.47547683923706,1.14241001564945,0.471346952908587,1.41853192890059,0.10756234915527,0.0980783444198079,1.4702380952381,1.67086693548387,1.59965635738832,1.80101867572156,0.726156973108193,0.414330218068536,1.29618768328446,1.74106064827714,0.0972140762463343
189,"봄을 그리다%by%어반 자카파(Urban Zakapa)",110,0.987781954887218,1.06472491909385,0.58008658008658,0.521343773680222,3.17366716364197,0.78013717936672,0.308450704225352,0.670360110803324,0.616935483870968,0,6.6635581061693,0,1.68845500848896,0.639423076923077,0,1.97211294693592,0.527777777777778,0.098105948505475,0.45520992690804,1.55947580645161
190,"Lonely%by%투애니원(2NE1)",109,0.878028404344194,1.13058419243986,1.44086021505376,0.743783783783784,1.84434604904632,1.19633257235437,0.519860737458459,0.674303405572755,0.427741935483871,0.231997223668228,3.41411958423382,0.107605177993527,1.66344086021505,0,1.13761153054221,2.5687185443283,0,1.80228343602755,0,1.52764976958525
191,"달아요%by%박정현",109,0.666090513640423,1.07516339869281,0.227697536108751,0.526262111167772,1.99756864389017,1.12061532093954,0,1.42677996556113,0.199879409104613,2.34036759700476,3.04619799139168,1.37113402061856,0.847013733631428,1.11952861952862,0.407373271889401,1.85610630299851,0,0,0,1.70641729581332
192,"빗소리%by%윤하(Younha/ユンナ)",109,1.58819843726964,0.443396226415094,0.709620476610768,2.51801801801802,1.02008275305278,2.32206191093045,0.454558932542624,0.636842105263158,2.25752688172043,0,0.305338242061666,1.63333333333333,1.20029624753127,1.7686170212766,2.11520737327189,1.72158796056046,1.63333333333333,0,0,0
193,"파도%by%유엔(UN)",109,1.58819843726964,0,0.344768439108062,2.30036221788799,0.833210450392691,8.5366874270144,0.117505030181087,0,0,0,0,0,3.01935483870968,4.60606060606061,1.44808467741935,5.32041430003341,0.422222222222222,0,0,0
194,"Love Day%by%양요섭 [비스트]",108,1.01310969732022,0.760517799352751,0.974545454545455,0.715176715176715,1.73585510498477,1.03283378746594,0.881287726358149,0.524629651933036,0,0.223242611454333,3.24958370065628,0.103582554517134,1.59265614275909,1.65070921985816,1.59265614275909,0,0.886666666666667,1.59265614275909,0.22760496345402,1.59265614275909
195,"Think About' Chu%by%아소토 유니온(Asoto Union)",108,0.878028404344194,1.59863945578231,0.59135039717564,0.531274131274131,0.439503739347209,0.475960270721631,2.1205985915493,1.44632489659621,0,1.76219167765016,0,1.13095238095238,0.411290322580645,0.316666666666667,0.741137016927499,0.523719314863051,2.51893939393939,0.855483870967742,2.09792401096749,2.58120133481646
196,"공원에서%by%유희열",108,1.07442949478961,0.930693069306931,1.39583333333333,1.1046293818571,2.14182121824734,0.7637762461933,0.753193580085162,0.651315789473684,0.635260300223571,1.49455053563111,3.28921277017648,2.39299242424242,0.100882531953743,0,0.748548387096774,1.75901378579003,0.104559748427673,0.864125122189638,1.52375533428165,0.100882531953743
197,"다시 와주라%by%바이브(Vibe)",108,1.26291756789233,0.146417445482866,0.716577540106952,1.28873427883329,2.1894172453195,0.513209335386803,1.07957746478873,0.603324099722992,0.855483870967742,0.574362058596099,0.41494684177611,1.25687285223368,4.30519480519481,0.426282051282051,1.09117840684661,0.203558828041111,0.651960784313726,2.43035190615836,0.22760496345402,0.519104290635766
198,"바래진 기억에%by%박지윤",108,0.835197750473745,2.33333333333333,1.52272727272727,0.715176715176715,0.629978875179867,0.935668239516183,1.29873980726464,1.21448357736446,1.21267043565015,1.61909641360037,1.22345151286564,0.316666666666667,0.519104290635766,0.103582554517134,1.99769585253456,0.863089430894309,1.38541666666667,1.21267043565015,1.0966420966421,0.741137016927499
199,"I Don't Care%by%투애니원(2NE1)",107,0.761663194129903,1.79513888888889,0,1.70766685052399,0.678380155971061,2.40077587401284,0.283271054900834,1.17530668777206,1.88018433179723,0.225368731563422,0.75520325203252,1.1426116838488,0.308467741935484,3.20481927710843,2.01989247311828,0.75520325203252,0.543300653594771,0.415283432508613,0,1.35076400679117
200,"날 닮은 너%by%임창정",107,0.889003759398496,0.76797385620915,1.11873840445269,0.911499735029147,1.0459076328769,0,2.07240316901408,1.52955405563575,0.2036866359447,2.55460579243765,0.101779414020555,2.54789272030651,0.748548387096774,0,0,0,0.895622895622896,4.36184210526316,0.468468468468468,1.74351332398317
201,"오래된 노래%by%김동률",107,0.761663194129903,1.97894736842105,1.39583333333333,0.911499735029147,0.338130108991826,0.557402361489555,2.23875511131304,1.40500132812204,1.88018433179723,1.63632084353229,0.418975451890441,0.658415841584158,0.100882531953743,1.1426116838488,0.100882531953743,0.640907993238348,1.26996527777778,3.43249701314217,0.974792974792975,0.524193548387097
202,"한사람을 위한 마음%by%럼블 피쉬(Rumble Fish)",107,1.07442949478961,3.1685393258427,0.984389348025712,1.30162162162162,0.37275204359673,1.49625820316997,0.665973111395647,1.80096746185968,0.415283432508613,1.35573377581121,0.101779414020555,0.104559748427673,1.10242766877286,0.658415841584158,1.88018433179723,1.6240930151237,0,0.748548387096774,1.52375533428165,3.2602281667978
203,"Ballerino(발레리노)%by%리쌍(Leessang)",106,0.575259989053093,2,0.730909090909091,0.541590133823144,1.11139813864609,0.524613987284287,1.2175685693106,1.24686980609418,1.11391129032258,0.34461723515766,1.6417462000707,0.105555555555556,1.62727910238429,0,0.10184331797235,1.7783436076119,0.434640522875817,3.12981904012588,0.231981981981982,2.18731671554252
204,"Couple Song (feat. Kelley)%by%라디(Ra.D)",106,1.0887552213868,0.775577557755776,0.99443413729128,0.541590133823144,1.58239545077597,1.11139813864609,0.218096457533077,1.36367775964786,0.529383583519642,2.10344149459194,1.7783436076119,0,2.80069124423963,0,0.311462574381459,3.50630081300813,0,0,0.852943852943853,1.36513383665065
205,"Hot Summer%by%에프엑스(f(x))",106,0.812989263281661,0,0.603060306030603,0.729199788023317,0.817734151866321,5.28065395095368,0.508435226745086,0,0,0,0.102748741773132,0.105555555555556,2.64193548387097,5.2337962962963,1.49479708636837,2.66542324246772,1.28333333333333,0.311462574381459,0.114886314886315,0
206,"러브 레시피%by%거미",106,1.47198879551821,0.775577557755776,1.55512572533849,1.11567567567568,1.33399275876227,1.39350590372389,0.762054681027341,0.617036011080332,0.641612903225806,1.23248525073746,0.647317073170732,2.57751937984496,0.756109481915934,0,0.641612903225806,3.87283718991036,0.434640522875817,0.311462574381459,1.83568350959655,0.205645161290323
207,"사랑은 맛있다 ♡%by%휘성",106,0.923640269504931,0.30718954248366,1.58893280632411,1.138444567016,2.73236451710566,0.791719279590616,0.97610982349795,0.217694262786646,0.427741935483871,0,1.67822944896116,2.63888888888889,1.94428152492669,0.923611111111111,1.39481065918654,0.211541527179978,1.72407407407407,0.209677419354839,1.14281650071124,0.317630150111785
208,"원하고 원망하죠%by%애즈 원(As One)",106,0.612577956519205,1.27891156462585,1.55512572533849,0.729199788023317,0.959059945504087,0.307391008174387,1.00246478873239,2.14082745062997,2.18731671554252,2.42015285599356,0.88070350091256,0.665,1.36513383665065,1.15451388888889,0,0,0,1.11391129032258,2.14454454454454,0.872942725477288
209,"좋아 (JOAH)%by%박재범(Jay Park)",106,0.968413681261978,0.704119850187266,0.84012539184953,1.28238583410997,1.27118004611193,1.86376021798365,0.5931744312026,0.534590974438094,0.356451612903226,0,0.359620596205962,4.07475490196078,0,2.66,1.2883793237466,1.01539933046389,0.902131782945736,0.870405101275319,0.131120250685468,1.43450039339103
210,"좋아해%by%요조(Yozoh)",106,0.812989263281661,1.8140350877193,0.354810238305384,0.541590133823144,0.959059945504087,1.16485013623978,0.508435226745086,1.48706644297921,2.80069124423963,1.09780129550224,2.66542324246772,0.548679867986799,0,1.28333333333333,0.756109481915934,1.37727036844837,1.54928315412186,0.10184331797235,0.114886314886315,0.419354838709677
211,"정%by%영턱스클럽(YTC)",105,1.97556390977444,0.3042071197411,0.609090909090909,2.39930252833479,1.07307406489968,1.96730245231608,0.68146085817229,0.542313797503813,0.881942135018291,0.347995835502343,0.653855629465386,1.70512820512821,0.881942135018291,0,6.85055443548387,0.103736710444028,0.438943894389439,1.37981269510926,0.354795972443031,0.534677419354839
212,"정말로 사랑한다면%by%버스커 버스커(Busker Busker)",105,1.43325224826773,0,1.00468603561387,2.17596319723979,1.07307406489968,1.07307406489968,0.725766362883182,1.1510788744715,1.00252016129032,2.61401522947108,0,1.99250936329588,1.37981269510926,1.0390625,0.534677419354839,1.65978736710444,1.70512820512821,0.423506866815714,0.234234234234234,0.102822580645161
213,"광화문연가%by%이수영",104,0.7067057888624,1.48421052631579,0.74582560296846,0.552314690928552,0.576623132575402,0.576623132575402,1.30985915492958,1.80997229916898,0,1.84051130776794,0.544879691221155,1.31093189964158,0.103820858127153,0.107605177993527,1.26482830385016,0.544879691221155,1.72407407407407,1.66344086021505,0.358308803853358,3.38403429971417
214,"버스 안에서%by%자자(Zaza)",104,0.790225563909774,0.15210355987055,0.879100281162137,1.76159317211949,0.617641467587605,1.19633257235437,1.77592829705506,0.631385685756619,1.66344086021505,0.473274336283186,0,0.329207920792079,1.80228343602755,0.217320261437909,1.80228343602755,1.54123112659698,2.63888888888889,1.01307300509338,1.14281650071124,0
215,"아시나요%by%조성모",104,0.833571269947019,2.64044943820225,1.44086021505376,0,1.03474999115326,0.118038147138965,1.13639733135656,2.30081224470632,2.86900078678206,0.853845452057294,1.54123112659698,0.799828178694158,0.771699368141004,0,0.209677419354839,0.211541527179978,0,0.540078201368524,3.42531420309198,1.94428152492669
216,"잘가요%by%정재욱",104,1.22429312718416,0.626666666666667,1.58893280632411,0.552314690928552,0.536537032449839,0.497351743563053,2.64386317907445,0.954626740068025,0.317630150111785,2.81710914454277,0.544879691221155,0,1.26482830385016,1.86797752808989,0,0,2.31976744186046,3.20806451612903,0.738554881412024,0.209677419354839
217,"취중진담(醉中眞談)%by%전람회",104,1.51659451659452,2.23809523809524,0.61524334251607,0.939120939120939,1.49686056154484,0.791719279590616,0.689478044739022,1.11138649948972,2.39032258064516,0.853845452057294,1.40721102863203,3.14711934156379,0,0,0.427741935483871,2.25808281338627,0.678571428571429,0,1.72329472329472,0.209677419354839
218,"BK Love%by%MC 스나이퍼(MC Sniper)",103,0.844258081100186,1.68458781362007,1.16634429400387,0.751296751296751,2.28953302640233,0.945818486690421,0.124626547161758,1.18218911432208,1.54462365591398,0.234294225882765,1.69708595962364,3.9375,0.432062561094819,1.32518115942029,0,1.69708595962364,0.219471947194719,0,0.238872535902239,1.68213120695904
219,"공원여행 (Vocal By 현민)%by%페퍼톤스(Peppertones)",103,0.935793430945785,1.5,0.888257575757576,1.35585585585586,2.38147138964578,0.801493591684327,0.331667423898228,0.966865544427871,0.779737903225806,1.41467872258561,3.64290993559286,1.7434456928839,0.661456601263718,1.7434456928839,0.104838709677419,0.786670054200542,0.808159722222222,0.320806451612903,0,0.779737903225806
220,"나 돌아가%by%임정희",103,0.935793430945785,0.15359477124183,0.62152133580705,0.557837837837838,1.27054950045413,0.389136748809773,2.79890453834116,0.360682885703962,0,1.41467872258561,0.323658536585366,0.56547619047619,3.07439516129032,1.32518115942029,0,0.105770763589989,4.34346846846847,0.661456601263718,1.89756048183014,0
221,"니가 참 좋아%by%쥬얼리(Jewelry)",103,1.08250077247914,0.15359477124183,0,1.35585585585586,0.464194960658849,6.54742847411444,0,0.638813752647874,0,1.86119121010242,0,1.7434456928839,0,4.99530516431925,1.14984391259105,4.22797187431334,0,0,0,0.432062561094819
222,"하루 끝%by%아이유(IU)",103,0.5578062804069,0.969072164948454,1.02583732057416,0.182299947005829,1.51887321686168,0.352831418078427,1.2087933003426,1.12620498614958,1.68213120695904,1.13283750706082,1.98411363423979,1.19175627240143,1.02385037748799,1.06117021276596,0.211753433407857,0,0.108660130718954,3.79902376910017,0.118265324147677,0.545589203423305
223,"I Love U, Oh Thank U (feat. 김태우)%by%MC 몽",102,0.766885568351258,2.08888888888889,2.10031347962382,0.184104896976184,2.06566757493188,0.632347216815882,0,2.11163434903047,1.84371523915462,4.25946902654867,1.04405979543666,5.30072463768116,0,2.375,0,0,0,0,0,0
224,"거기서거기 (Without You)%by%다이나믹 듀오(Dynamic Duo)",102,0.72437343358396,1.51612903225806,1.47252747252747,0.75896304467733,1.34900739587388,1.22956403269755,0.298500681508405,1.31711599235301,2.13870967741935,1.72824898080939,1.71637102734664,0,2.29147465437788,1.33974358974359,0,2.46968361249878,1.07258064516129,0,0,0.105876716703928
225,"광대 (With BMK)%by%리쌍(Leessang)",102,0.564446831364125,1.51612903225806,1.03675048355899,0.75896304467733,1.34900739587388,0.469469903393609,1.16711077274458,1.1414239724489,1.56197897789054,0,2.00718472301002,0.221666666666667,1.70124633431085,0,0.910089224433768,0.674288617886179,0.10973597359736,3.84967741935484,0,1.84371523915462
226,"나는 그 사람이 아프다 (feat. 타루)%by%에피톤 프로젝트(Epitone Project)",102,1.09753550543024,1.15438596491228,1.03675048355899,1.16216216216216,1.60961109734952,0.217438692098093,2.15915492957746,0.603324099722992,0.787945670628183,0.358541163850898,0.556114324029838,4.19369369369369,0.324046920821114,0.452380952380952,0.324046920821114,0,2.06201550387597,1.56197897789054,1.76202044741371,0.787945670628183
227,"라라라%by%이수영",102,0.682910981156595,2.08888888888889,1.03675048355899,0.563472563472563,2.2386545147045,0.0590190735694823,0.706091973527914,1.7171532069039,2.94072580645161,1.14501855552384,0,1.47777777777778,4.88847926267281,0.10973597359736,0,0.106817998873058,0,0.551213834386432,1.91912366912367,0.668346774193548
228,"제주도의 푸른 밤%by%성시경",102,1.20415324024347,0.313333333333333,0.627928772258669,1.3701280227596,3.19184785630874,2.62306993642143,0,0.029867529689257,0,0,1.30411864558206,7.1505376344086,0.213870967741935,2.21666666666667,1.70124633431085,2.15772357723577,0,0,0,0.105876716703928
229,"아름다운 날들%by%장혜진",101,0.533088674066118,0.989473684210526,0.502343017806935,0.569222283507998,1.02299727520436,0.0295095367847411,2.10774647887324,1.46394818315138,3.51761460101868,0.616242625368732,1.45464510824884,0,1.72080088987764,0,0,0.107886178861789,4.04391891891892,1.72080088987764,0,0.327353522053983
230,"안아줘%by%정준일 [메이트]",101,0.783106414685362,0.681159420289855,0.669330669330669,1.46249620406924,0.680989310417103,0.877310553059872,1.69150386188096,0.896833121209853,0.972140762463343,1.37579748919531,0.229545061408061,0.35752688172043,1.67489312087058,0.608974358974359,2.30114332380563,0,0.35752688172043,3.17916303400174,1.24790307548928,0.464936886395512
231,"어떤가요%by%화요비",101,0.459433467389404,1.16666666666667,0.769377990430622,0.766787405962664,1.36855822769814,0.153695504087193,0.580613090306545,2.73203365912298,3.33305404273146,2.56594519671607,0,0.457044673539519,4.10163499779054,0.110833333333333,0.440971067509145,0,0.953405017921147,0.796328071379547,0.120630630630631,0.675382003395586
