Date,id,meanT,maxT,minT,dewPoint,avgH,maxH,minH,pressure,avgW,maxW,visibleD,wind_chill,heat_index,discomfort_index
2014-01-01,2659,3,8,-2,-4,56,69,37,1013.58,12,28,8.8,-6.82510336578,8.0,49.2072
2014-01-02,2660,1,6,-4,-11,45,64,19,1021.0,6,13,,-5.90754628042,6.0,47.398
2014-01-03,2661,2,7,-4,-5,68,81,37,1017.58,5,15,8.5,-6.29065285046,7.0,46.9584
2014-01-04,2662,-2,3,-6,-11,51,64,36,1019.38,9,13,,-7.15054628042,3.0,42.9517
2014-01-05,2663,-2,3,-6,-11,52,64,30,1023.5,6,13,10.0,-7.15054628042,3.0,42.8384
2014-01-06,2664,0,6,-7,-8,64,80,34,1027.96,4,11,7.0,-7.33576953916,6.0,45.8096
2014-01-07,2665,2,6,-2,-4,66,80,45,1025.3,4,9,4.1,-3.71938579701,6.0,45.6424
2014-01-08,2666,-1,3,-5,-6,63,87,30,1021.59,11,30,2.5,-8.89719694616,3.0,41.5921
2014-01-09,2667,-8,-4,-11,-23,29,41,16,1028.5,18,30,,-12.6261969462,-4.0,37.7646
2014-01-10,2668,-6,-1,-10,-14,53,74,37,1031.42,5,11,10.0,-9.20026953916,-1.0,37.3863
2014-01-11,2669,-4,2,-9,-13,55,86,17,1031.42,5,11,6.7,-8.57876953916,2.0,41.144
2014-01-12,2670,-2,3,-8,-13,48,75,15,1028.31,10,24,6.9,-10.09847459,3.0,43.2916
2014-01-13,2671,-8,-3,-12,-23,30,49,16,1032.83,9,17,,-11.6050042301,-3.0,38.689
2014-01-14,2672,-6,0,-11,-17,45,67,21,1033.37,5,11,10.0,-9.82176953916,0.0,39.865
2014-01-15,2673,-4,1,-10,-13,56,79,25,1032.83,4,9,8.4,-8.69138579701,1.0,39.6564
2014-01-16,2674,-2,4,-7,-7,64,80,49,1029.0,5,13,4.7,-7.77204628042,4.0,42.9224
2014-01-17,2675,-2,3,-8,-8,66,86,28,1026.79,4,9,3.2,-7.44838579701,3.0,41.2522
2014-01-18,2676,-3,1,-7,-13,47,74,23,1027.33,11,30,8.4,-10.1401969462,1.0,40.8543
2014-01-19,2677,-4,2,-11,-14,49,73,25,1029.2,5,13,9.3,-10.2580462804,2.0,41.8832
2014-01-20,2678,0,3,-4,-4,78,87,59,1019.08,11,22,2.4,-7.3602105113,3.0,39.8926
2014-01-21,2679,-5,-3,-8,-11,63,74,51,1024.74,12,18,4.6,-9.27764125141,-3.0,32.9899
2014-01-22,2680,-5,1,-11,-12,61,79,38,1028.93,4,11,5.8,-9.82176953916,1.0,38.9909
2014-01-23,2681,-2,5,-8,-7,67,86,45,1026.58,4,13,7.0,-8.39354628042,5.0,44.0855
2014-01-24,2682,4,8,-1,-3,60,75,49,1020.87,8,13,6.2,-4.04304628042,8.0,48.952
2014-01-25,2683,2,5,0,0,73,87,51,1016.17,7,20,4.0,-4.60188717332,5.0,43.5245
2014-01-26,2684,-2,1,-6,-13,46,59,28,1027.54,13,22,,-8.6032105113,1.0,40.9874
2014-01-27,2685,-2,5,-8,-9,58,80,26,1024.62,5,15,8.0,-8.77665285046,5.0,44.927
2014-01-28,2686,0,3,-6,-7,60,87,20,1023.79,10,26,4.2,-9.09065690294,3.0,41.932
2014-01-29,2687,0,9,-9,-12,48,79,11,1022.58,5,13,10.0,-9.01504628042,9.0,51.0028
2014-01-30,2688,2,6,-3,-2,70,87,30,1015.1,7,20,4.2,-6.46638717332,6.0,45.308
2014-01-31,2689,0,6,-6,-13,43,64,18,1023.63,5,11,10.0,-6.71426953916,6.0,47.5652
2014-02-01,2690,4,6,1,-2,72,93,36,1015.48,5,13,5.1,-2.80004628042,6.0,45.1408
2014-02-02,2691,4,6,1,2,89,93,81,1010.32,7,13,2.6,-2.80004628042,6.0,43.7196
2014-02-03,2692,-3,1,-7,-16,41,81,19,1017.21,16,30,8.5,-10.1401969462,1.0,41.6529
2014-02-04,2693,-7,-4,-10,-23,28,38,19,1025.12,18,30,10.0,-12.0046969462,-4.0,37.9472
2014-02-05,2694,-6,-2,-9,-19,36,54,19,1029.04,6,11,10.0,-8.57876953916,-2.0,38.8192
2014-02-06,2695,-2,2,-6,-15,41,58,22,1026.46,7,13,10.0,-7.15054628042,2.0,42.8688
2014-02-07,2696,2,7,-4,-8,51,69,34,1021.08,9,20,10.0,-7.08788717332,7.0,48.2113
2014-02-08,2697,0,2,-1,-4,71,87,56,1017.27,14,22,6.9,-5.4957105113,2.0,39.1728
2014-02-09,2698,-2,0,-4,-7,72,86,64,1021.29,13,20,9.4,-7.08788717332,0.0,36.004
2014-02-10,2699,0,4,-4,-8,59,80,33,1025.54,9,15,8.9,-6.29065285046,4.0,43.4394
2014-02-11,2700,-2,4,-7,-11,52,80,22,1026.58,7,17,,-8.49750423006,4.0,44.1632
2014-02-12,2701,0,5,-6,-8,58,74,33,1028.13,7,15,10.0,-7.53365285046,5.0,44.927
2014-02-13,2702,1,5,-3,-8,55,74,31,1030.25,8,15,,-5.66915285046,5.0,45.2075
2014-02-14,2703,2,7,-3,-8,51,74,29,1028.21,7,17,10.0,-6.01150423006,7.0,48.2113
2014-02-15,2704,2,8,-4,-6,61,86,27,1027.13,6,17,6.9,-6.63300423006,8.0,48.8882
2014-02-16,2705,2,7,-4,-6,64,86,31,1028.33,4,13,6.2,-5.90754628042,7.0,47.2532
2014-02-17,2706,4,7,0,-6,53,75,31,1027.38,8,17,7.0,-4.14700423006,7.0,48.0639
2014-02-18,2707,2,5,-2,-7,52,69,33,1026.92,10,20,10.0,-5.84488717332,5.0,45.488
2014-02-19,2708,1,6,-4,-8,56,80,31,1026.29,6,18,,-6.79164125141,6.0,46.4784
2014-02-20,2709,0,5,-4,-7,64,86,36,1027.08,5,17,6.5,-6.63300423006,5.0,44.366
2014-02-21,2710,0,5,-6,-10,52,75,18,1030.08,5,13,6.3,-7.15054628042,5.0,45.488
2014-02-22,2711,0,6,-5,-7,63,86,29,1031.41,5,15,4.1,-6.91215285046,6.0,45.8932
2014-02-23,2712,2,8,-4,-6,63,86,27,1031.13,4,11,3.5,-5.47126953916,8.0,48.7606
2014-02-24,2713,3,9,-3,-4,67,86,43,1029.46,4,15,2.0,-5.66915285046,9.0,49.9787
2014-02-25,2714,4,11,-2,-2,75,93,35,1028.87,6,17,1.1,-5.39000423006,11.0,52.6525
2014-02-26,2715,7,16,-2,-3,60,86,22,1024.52,4,11,2.2,-4.22826953916,16.0,60.184
2014-02-27,2716,6,13,0,-2,61,81,26,1020.42,7,20,3.2,-4.60188717332,13.0,55.9577
2014-02-28,2717,6,11,0,-2,67,81,43,1021.62,6,17,4.0,-4.14700423006,11.0,52.9253
2014-03-01,2718,6,9,1,-2,64,87,43,1018.92,6,17,3.8,-3.52550423006,9.0,50.1404
2014-03-02,2719,4,9,-1,-6,53,80,22,1021.08,12,26,10.0,-5.98315690294,9.0,50.7333
2014-03-03,2720,4,11,-3,-10,41,64,16,1026.5,5,15,7.3,-5.66915285046,11.0,53.8119
2014-03-04,2721,4,11,-2,-7,49,76,18,1023.0,7,17,6.2,-5.39000423006,11.0,53.5391
2014-03-05,2722,2,5,-3,-13,38,70,15,1023.24,19,37,7.1,-8.29948304927,5.0,46.797
2014-03-06,2723,0,5,-5,-13,38,59,18,1027.0,10,26,10.0,-8.46915690294,5.0,46.797
2014-03-07,2724,0,4,-5,-15,36,55,18,1030.08,11,24,,-8.23397458998,4.0,45.8176
2014-03-08,2725,0,6,-5,-9,53,86,15,1025.21,5,20,9.8,-7.70938717332,6.0,46.7292
2014-03-09,2726,2,6,-1,-8,60,93,14,1021.06,10,35,3.5,-6.88338690416,6.0,46.144
2014-03-10,2727,1,7,-5,-11,43,69,23,1026.29,8,17,,-7.25450423006,7.0,48.8009
2014-03-11,2728,3,9,-3,-4,60,75,34,1025.96,9,17,8.2,-6.01150423006,9.0,50.356
2014-03-12,2729,5,9,1,0,69,81,54,1018.04,7,15,7.6,-3.18315285046,9.0,49.8709
2014-03-13,2730,6,8,2,-5,49,70,32,1013.54,13,20,9.2,-3.35888717332,8.0,49.6538
2014-03-14,2731,2,8,-4,-7,53,75,31,1018.71,8,24,8.9,-7.61247458998,8.0,49.3986
2014-03-15,2732,6,14,-3,-2,60,80,29,1018.87,12,33,6.0,-7.94477276024,14.0,57.376
2014-03-16,2733,10,17,3,2,62,81,32,1019.88,8,15,4.4,-1.94015285046,17.0,61.6386
2014-03-17,2734,12,20,4,6,71,93,43,1017.42,12,28,5.5,-3.09610336578,20.0,66.405
2014-03-18,2735,10,14,7,5,71,88,44,1014.54,13,32,4.2,-1.63547321266,14.0,57.3276
2014-03-19,2736,9,13,5,0,55,70,41,1016.64,10,20,6.6,-1.49438717332,13.0,56.0435
2014-03-20,2737,8,12,2,-2,56,81,24,1013.8,13,33,8.6,-4.83727276024,12.0,54.6648
2014-03-21,2738,6,13,-1,-7,48,87,15,1019.75,9,28,9.4,-6.20360336578,13.0,56.1436
2014-03-22,2739,7,15,-1,-2,58,81,27,1022.79,7,17,7.3,-4.76850423006,15.0,58.769
2014-03-23,2740,8,15,2,0,62,87,34,1027.15,8,20,5.2,-3.35888717332,15.0,58.791
2014-03-24,2741,8,14,3,0,54,70,36,1022.83,11,24,8.1,-3.26197458998,14.0,57.4024
2014-03-25,2742,14,17,11,8,67,82,52,1015.21,9,17,7.0,2.68949576994,17.0,61.7651
2014-03-26,2743,16,21,8,6,64,88,35,1010.2,8,24,5.3,-0.154474589981,21.0,67.4636
2014-03-27,2744,10,18,3,3,67,87,34,1016.12,8,15,4.3,-1.94015285046,18.0,63.2384
2014-03-28,2745,16,24,8,5,57,87,24,1017.18,8,20,3.9,0.370112826678,24.0,71.1322
2014-03-29,2746,14,18,11,8,67,88,32,1008.53,7,22,5.7,1.9622894887,18.0,63.2384
2014-03-30,2747,14,19,9,5,59,82,32,1009.08,12,20,7.9,0.991612826678,19.0,64.3509
2014-03-31,2748,12,20,4,-1,49,81,13,1015.96,5,17,7.3,-1.66100423006,20.0,65.195
2014-04-01,2749,13,22,4,-3,40,76,10,1015.88,5,22,8.0,-2.3882105113,22.0,67.112
2014-04-02,2750,14,21,6,-5,35,66,12,1016.52,6,20,,-0.872887173322,21.0,65.5815
2014-04-03,2751,10,13,5,1,58,76,34,1013.73,8,37,7.5,-3.32748304927,13.0,56.0006
2014-04-04,2752,6,11,1,-5,50,81,21,1013.43,12,26,10.0,-4.74015690294,11.0,53.505
2014-04-05,2753,5,10,0,-5,51,87,27,1014.08,7,24,10.0,-5.12647458998,10.0,52.156
2014-04-06,2754,7,12,2,-7,40,76,18,1019.92,15,28,,-4.33910336578,12.0,55.052
2014-04-07,2755,9,15,3,1,61,87,42,1018.36,12,22,5.7,-3.0097105113,15.0,58.7855
2014-04-08,2756,10,17,2,2,65,87,24,1018.11,6,18,6.0,-3.06264125141,17.0,61.7145
2014-04-09,2757,9,12,6,5,83,93,67,1017.63,7,17,3.0,-0.418004230061,12.0,54.0114
2014-04-10,2758,12,17,7,5,68,82,39,1018.75,7,17,4.9,0.203495769939,17.0,61.7904
2014-04-11,2759,12,18,6,5,68,87,39,1019.23,8,22,5.0,-1.1452105113,18.0,63.2736
2014-04-12,2760,12,16,8,7,71,87,52,1017.72,6,11,3.6,1.98673046084,16.0,60.3534
2014-04-13,2761,17,23,11,6,57,82,27,1016.33,7,20,5.8,2.23461282668,23.0,69.7579
2014-04-14,2762,14,21,8,4,55,82,28,1019.81,7,20,5.2,0.370112826678,21.0,66.8795
2014-04-15,2763,11,15,7,7,79,93,59,1019.71,6,13,2.6,0.928953719583,15.0,58.8845
2014-04-16,2764,13,19,7,9,77,88,52,1015.92,7,17,1.7,0.203495769939,19.0,65.1627
2014-04-17,2765,13,20,6,6,71,93,30,1013.71,5,13,2.1,0.307453719583,20.0,66.405
2014-04-18,2766,16,22,11,5,58,82,22,1015.2,7,20,5.9,2.23461282668,22.0,68.4584
2014-04-19,2767,13,18,8,3,52,81,34,1019.0,11,20,8.7,0.370112826678,18.0,62.7104
2014-04-20,2768,16,20,11,1,43,71,26,1017.87,13,22,9.0,1.9622894887,20.0,64.865
2014-04-21,2769,14,20,7,3,55,87,18,1015.37,6,22,5.5,-0.523710511295,20.0,65.525
2014-04-22,2770,14,22,7,0,45,81,14,1015.2,6,24,7.5,-0.775974589981,22.0,67.486
2014-04-23,2771,14,23,6,3,51,77,27,1017.56,8,17,5.2,-0.418004230061,23.0,69.2497
2014-04-24,2772,17,25,9,5,56,93,14,1021.0,5,17,4.2,1.44649576994,25.0,72.402
2014-04-25,2773,16,25,8,1,42,76,10,1022.84,5,18,5.8,0.666358748592,25.0,70.939
2014-04-26,2774,17,24,10,2,42,71,13,1022.21,6,22,9.0,1.3407894887,24.0,69.7132
2014-04-27,2775,16,18,13,10,72,88,48,1020.44,6,9,7.1,5.60311420299,18.0,63.4144
2014-04-28,2776,14,15,13,10,77,88,67,1014.54,11,24,8.0,2.95302541002,15.0,58.8735
2014-04-29,2777,16,19,12,8,65,88,46,1010.58,13,24,9.6,2.33152541002,19.0,64.6215
2014-04-30,2778,16,21,11,6,52,71,36,1010.0,10,17,10.0,2.68949576994,21.0,66.6848
2014-05-01,2779,15,21,9,6,57,82,35,1013.33,7,17,7.3,1.44649576994,21.0,67.0093
2014-05-02,2780,17,25,9,8,66,88,29,1012.17,12,37,5.0,-0.841483049271,25.0,73.447
2014-05-03,2781,12,17,8,2,50,67,34,1018.29,13,30,10.0,-0.817696946161,17.0,61.335
2014-05-04,2782,14,19,8,2,53,71,26,1015.08,11,32,10.0,-1.01397321266,19.0,64.0803
2014-05-05,2783,10,15,6,0,49,71,21,1016.79,14,28,10.0,-1.85310336578,15.0,58.7195
2014-05-06,2784,11,17,5,-2,47,81,15,1018.2,7,20,10.0,-1.49438717332,17.0,61.2591
2014-05-07,2785,14,21,7,1,43,82,20,1012.96,13,28,6.4,-1.23160336578,21.0,66.1007
2014-05-08,2786,14,18,10,10,76,88,49,1009.72,12,22,6.3,1.3407894887,18.0,63.5552
2014-05-09,2787,15,22,8,5,57,88,22,1017.29,8,17,2.9,0.824995769939,22.0,68.3836
2014-05-10,2788,18,26,10,6,49,87,18,1019.83,6,26,8.7,0.853343097063,26.0,72.9656
2014-05-11,2789,20,24,15,4,44,88,22,1011.0,18,30,6.9,3.53280305384,24.0,69.9024
2014-05-12,2790,17,20,14,11,72,88,46,1004.72,17,33,5.6,2.62072723976,20.0,66.46
2014-05-13,2791,18,24,12,11,65,88,38,1006.92,13,26,5.0,2.09634309706,24.0,71.889
2014-05-14,2792,18,24,13,8,55,77,31,1002.42,8,18,4.5,3.77385874859,24.0,70.943
2014-05-15,2793,18,23,14,9,61,88,35,1000.48,11,26,5.7,3.33934309706,23.0,70.0967
2014-05-16,2794,18,25,10,6,51,82,23,1007.68,7,20,6.6,1.61311282668,25.0,71.8795
2014-05-17,2795,18,25,12,8,55,82,26,1011.83,5,13,6.8,4.03645371958,25.0,72.2975
2014-05-18,2796,19,26,12,8,54,82,26,1012.89,4,15,5.4,3.65334714954,26.0,73.5376
2014-05-19,2797,18,25,11,9,65,88,28,1013.0,7,18,5.8,2.53085874859,25.0,73.3425
2014-05-20,2798,21,27,15,8,52,82,18,1007.0,7,22,4.4,4.4482894887,27.5410414236,74.6336
2014-05-21,2799,20,25,15,11,60,82,41,1006.42,9,20,8.1,4.72061282668,25.0,72.82
2014-05-22,2800,19,27,11,11,65,88,28,1011.46,8,17,4.3,2.68949576994,28.4545758751,76.2495
2014-05-23,2801,20,26,15,14,71,88,47,1017.19,6,17,3.0,5.17549576994,26.0,75.4824
2014-05-24,2802,20,25,16,13,66,82,44,1017.12,7,17,4.5,5.79699576994,25.0,73.447
2014-05-25,2803,22,25,18,14,70,88,39,1008.61,9,26,5.1,5.82534309706,25.0,73.865
2014-05-26,2804,20,24,16,11,63,94,25,1002.3,10,24,4.8,4.81752541002,24.0,71.6998
2014-05-27,2805,20,27,14,10,48,67,30,999.68,13,28,7.4,3.11889663422,27.2974432671,74.1364
2014-05-28,2806,23,28,18,13,56,73,42,999.62,8,18,5.6,6.88135874859,29.0235855351,76.4952
2014-05-29,2807,22,30,15,10,55,82,18,1006.46,8,18,2.9,5.01685874859,31.8876775556,79.07
2014-05-30,2808,23,31,15,9,44,77,18,1009.58,5,15,6.7,5.51784714954,31.5316210298,78.6216
2014-05-31,2809,25,32,18,13,53,73,29,1012.29,6,15,7.3,7.38234714954,35.1113004138,81.4314
2014-06-01,2810,24,28,19,15,61,78,39,1012.04,5,15,5.5,8.00384714954,29.5617342396,77.1662
2014-06-02,2811,22,24,20,17,75,88,57,1008.18,9,20,4.6,7.82811282668,24.0,72.835
2014-06-03,2812,20,21,18,16,82,88,64,1005.94,10,24,5.3,6.06052541002,21.0,68.6318
2014-06-04,2813,22,27,17,13,58,82,42,1005.37,10,20,10.0,5.96361282668,27.9395175116,75.3794
2014-06-05,2814,22,26,18,13,56,77,42,1004.75,8,18,10.0,6.88135874859,26.0,73.7664
2014-06-06,2815,23,29,17,14,58,83,35,1004.5,7,20,8.2,5.96361282668,30.7330603796,78.1478
2014-06-07,2816,22,25,18,14,62,83,47,1004.75,7,20,7.5,6.58511282668,25.0,73.029
2014-06-08,2817,22,24,19,15,69,83,53,1006.56,9,20,7.9,7.20661282668,24.0,72.2674
2014-06-09,2818,22,26,17,15,68,88,47,1009.35,6,18,5.5,6.25985874859,26.0,75.1392
2014-06-10,2819,23,28,18,15,65,83,42,1009.25,7,20,6.9,6.58511282668,30.0311247151,77.703
2014-06-11,2820,22,27,16,15,76,94,42,1006.21,9,32,7.1,3.95802678734,29.3731135196,77.6168
2014-06-12,2821,22,26,18,14,70,88,44,1002.48,6,20,8.2,6.58511282668,26.0,75.368
2014-06-13,2822,22,25,18,15,71,83,54,1003.38,8,13,4.4,7.76545371958,25.0,73.9695
2014-06-14,2823,22,26,18,15,67,83,47,1006.96,8,18,6.3,6.88135874859,26.0,75.0248
2014-06-15,2824,23,27,19,15,65,88,45,1006.58,7,15,4.1,8.00384714954,28.4545758751,76.2495
2014-06-16,2825,22,27,18,15,66,88,37,1005.89,6,15,4.5,7.38234714954,28.5325661551,76.3738
2014-06-17,2826,24,29,20,17,68,88,40,1004.68,4,18,2.6,8.12435874859,32.3628836684,79.5888
2014-06-18,2827,24,28,19,17,67,88,48,1004.08,7,20,3.6,7.20661282668,30.2787771236,77.9714
2014-06-19,2828,22,25,20,17,72,83,61,1005.72,9,18,5.5,8.12435874859,25.0,74.074
2014-06-20,2829,24,28,20,17,68,88,42,1007.6,6,15,5.4,8.62534714954,30.4058426204,78.1056
2014-06-21,2830,24,28,20,17,70,83,45,1007.41,11,28,8.5,6.84789663422,30.6664521996,78.374
2014-06-22,2831,24,28,20,17,65,83,48,1006.87,5,18,8.5,8.12435874859,30.0311247151,77.703
2014-06-23,2832,22,24,20,17,75,83,64,1005.97,8,22,6.5,7.5557894887,24.0,72.835
2014-06-24,2833,23,26,20,16,67,83,50,1005.96,6,20,7.7,7.82811282668,26.0,75.0248
2014-06-25,2834,23,27,19,17,69,88,48,1008.16,6,18,5.0,7.50285874859,28.7731527658,76.7467
2014-06-26,2835,24,28,20,16,65,88,42,1007.42,6,20,5.8,7.82811282668,30.0311247151,77.703
2014-06-27,2836,24,28,20,17,69,88,48,1005.12,7,20,7.5,7.82811282668,30.5350676458,78.2398
2014-06-28,2837,24,27,21,17,67,83,39,1002.58,8,22,9.0,8.1772894887,28.6116590636,76.4981
2014-06-29,2838,24,29,20,16,65,83,40,1004.58,6,18,9.1,8.12435874859,31.8403146271,79.1565
2014-06-30,2839,24,28,19,17,67,88,45,1007.92,6,20,6.3,7.20661282668,30.2787771236,77.9714
2014-07-01,2840,25,30,20,18,66,88,48,1009.68,5,15,5.1,8.62534714954,34.1048593111,80.764
2014-07-02,2841,26,31,22,19,70,88,48,1006.79,7,17,3.3,9.52599576994,37.5986842716,82.883
2014-07-03,2842,22,24,21,18,79,88,69,1001.74,10,20,6.9,8.44961282668,24.0,73.2134
2014-07-04,2843,26,31,22,17,59,78,35,1005.71,8,17,10.0,9.52599576994,34.5991983364,81.0801
2014-07-05,2844,24,28,20,18,69,88,54,1009.96,6,17,7.3,8.28299576994,30.5350676458,78.2398
2014-07-06,2845,26,30,22,16,60,83,33,1006.25,7,22,8.3,8.7987894887,32.8320322778,79.84
2014-07-07,2846,26,32,20,17,62,83,38,1005.33,6,18,8.6,8.12435874859,37.6913312458,82.9956
2014-07-08,2847,25,28,22,19,71,83,58,1006.54,5,17,7.1,9.52599576994,30.7999962818,78.5082
2014-07-09,2848,28,32,24,22,76,89,55,1002.38,6,35,7.5,8.65411309584,42.7099721396,85.4288
2014-07-10,2849,28,33,24,19,62,89,28,995.62,9,24,9.8,9.78952541002,40.2504538258,84.4194
2014-07-11,2850,26,31,21,18,63,88,33,999.81,7,24,4.0,7.92502541002,35.6165008484,81.7357
2014-07-12,2851,25,28,22,19,71,83,54,1003.46,9,17,3.5,9.52599576994,30.7999962818,78.5082
2014-07-13,2852,25,28,22,19,73,88,54,1002.79,8,20,4.5,9.07111282668,31.0735630316,78.7766
2014-07-14,2853,26,30,21,19,69,88,48,1007.38,8,15,3.6,9.24684714954,34.7983824778,81.226
2014-07-15,2854,27,31,23,19,66,83,40,1009.72,6,22,2.7,9.4202894887,36.4345424671,82.2274
2014-07-16,2855,26,30,22,18,66,88,40,1009.68,7,17,6.2,9.52599576994,34.1048593111,80.764
2014-07-17,2856,25,28,22,19,71,83,58,1010.85,9,18,8.2,9.36735874859,30.7999962818,78.5082
2014-07-18,2857,26,30,21,20,74,88,51,1011.31,9,17,9.7,8.90449576994,36.0388613111,81.996
2014-07-19,2858,27,30,24,21,75,89,58,1012.08,5,17,4.3,10.7689957699,36.2996481111,82.15
2014-07-20,2859,26,30,23,21,74,89,58,1011.17,6,20,3.5,9.69261282668,36.0388613111,81.996
2014-07-21,2860,26,30,22,20,70,88,51,1008.63,5,17,5.7,9.52599576994,35.0380175556,81.38
2014-07-22,2861,26,28,25,21,76,83,65,1006.31,13,26,9.0,10.1758430971,31.5001096196,79.1792
2014-07-23,2862,24,26,21,20,82,94,61,1005.06,14,26,5.5,7.68984309706,26.0,76.7408
2014-07-24,2863,22,25,19,18,82,88,65,1006.81,7,18,7.0,7.50285874859,25.0,75.119
2014-07-25,2864,28,34,22,22,77,94,49,1003.85,11,32,7.7,7.68702678734,50.4906986964,88.7472
2014-07-26,2865,24,27,21,19,75,88,61,1005.54,29,50,7.2,5.65135767429,29.2840969551,77.4925
2014-07-27,2866,25,30,20,18,69,88,40,1010.54,7,13,3.8,9.00845371958,34.7983824778,81.226
2014-07-28,2867,25,30,20,19,71,94,45,1008.65,4,15,2.7,8.62534714954,35.2818829778,81.534
2014-07-29,2868,26,29,23,18,63,83,45,1008.92,7,22,6.9,9.4202894887,31.5079457684,78.8683
2014-07-30,2869,28,33,24,21,68,83,46,1010.16,8,17,8.3,10.7689957699,42.6215781404,85.5216
2014-07-31,2870,28,33,24,22,68,83,52,1009.67,6,18,9.3,10.6103587486,42.6215781404,85.5216
2014-08-01,2871,30,35,24,20,57,83,34,1007.33,6,17,8.9,10.7689957699,43.6416038111,86.2495
2014-08-02,2872,32,35,28,19,47,58,38,1002.0,14,30,10.0,11.6123030538,39.5415608111,84.2145
2014-08-03,2873,28,31,25,21,72,89,45,996.78,17,33,7.9,9.45722723976,38.2122207364,83.2108
2014-08-04,2874,26,29,24,23,83,94,70,998.52,6,11,7.1,11.9307304608,35.4080124351,81.7503
2014-08-05,2875,26,29,24,22,76,89,62,1003.42,8,15,5.5,11.1113471495,33.8972935316,80.7416
2014-08-06,2876,24,25,22,20,82,88,74,1005.62,6,15,6.1,9.86834714954,25.0,75.119
2014-08-07,2877,25,28,22,20,80,88,66,1006.58,4,11,4.0,10.6877304608,32.0990718018,79.716
2014-08-08,2878,26,30,21,17,62,94,40,1007.85,9,24,5.7,7.92502541002,33.2393865778,80.148
2014-08-09,2879,26,31,21,12,44,64,29,1006.21,12,26,10.0,7.68984309706,31.5316210298,78.6216
2014-08-10,2880,23,26,19,17,72,88,47,1000.61,16,44,8.1,4.82380003597,26.0,75.5968
2014-08-11,2881,22,27,17,17,71,88,51,1001.88,6,17,9.4,6.41849576994,28.9390569818,76.9953
2014-08-12,2882,25,29,21,19,71,88,48,1004.04,6,17,5.2,8.90449576994,32.9142716138,80.0211
2014-08-13,2883,24,27,22,19,76,88,61,1008.08,5,13,2.6,10.2514537196,29.3731135196,77.6168
2014-08-14,2884,22,24,21,17,71,83,57,1009.48,7,13,7.6,9.62995371958,24.0,72.4566
2014-08-15,2885,24,29,19,18,70,88,48,1008.54,5,13,7.3,8.38695371958,32.7272735316,79.877
2014-08-16,2886,26,30,21,19,69,88,48,1009.71,4,18,7.2,8.74585874859,34.7983824778,81.226
2014-08-17,2887,24,25,22,19,78,88,65,1012.0,6,13,6.8,10.2514537196,25.0,74.701
2014-08-18,2888,22,24,21,18,79,88,69,1009.72,8,18,7.2,8.74585874859,24.0,73.2134
2014-08-19,2889,22,24,20,19,85,94,73,1009.83,6,11,4.5,9.44473046084,24.0,73.781
2014-08-20,2890,24,27,22,20,77,88,61,1010.63,5,9,5.0,11.196614203,29.4632327124,77.7411
2014-08-21,2891,24,25,22,20,83,88,65,1006.94,8,24,4.8,8.54652541002,25.0,75.2235
2014-08-22,2892,24,28,21,20,76,88,57,1010.24,8,15,3.7,9.24684714954,31.5001096196,79.1792
2014-08-23,2893,25,28,22,20,75,88,51,1009.92,8,15,3.9,9.86834714954,31.3557678951,79.045
2014-08-24,2894,26,31,20,19,75,94,43,1008.68,4,15,3.6,8.62534714954,39.1718573871,83.7025
2014-08-25,2895,26,28,23,19,68,88,54,1006.88,7,17,7.0,10.1474957699,30.4058426204,78.1056
2014-08-26,2896,26,30,21,18,65,83,45,1010.56,7,22,9.0,8.1772894887,33.8821456111,80.61
2014-08-27,2897,24,28,19,16,64,83,45,1014.63,7,13,10.0,8.38695371958,29.9105378036,77.5688
2014-08-28,2898,26,31,20,16,60,78,40,1016.0,7,15,10.0,8.62534714954,34.8456575738,81.244
2014-08-29,2899,24,29,19,17,70,88,48,1015.17,5,17,8.6,7.66149576994,32.7272735316,79.877
2014-08-30,2900,24,29,19,17,69,88,40,1014.75,5,17,8.1,7.66149576994,32.5434775498,79.7329
2014-08-31,2901,24,27,20,16,66,88,45,1013.37,4,9,7.4,9.95361420299,28.5325661551,76.3738
2014-09-01,2902,24,29,19,17,69,88,45,1013.8,5,13,6.8,8.38695371958,32.5434775498,79.7329
2014-09-02,2903,24,27,21,16,64,83,45,1012.08,9,22,8.1,8.1772894887,28.3776882236,76.1252
2014-09-03,2904,20,22,17,17,85,94,73,1002.83,12,30,7.3,4.77580305384,22.0,70.478
2014-09-04,2905,22,27,18,16,71,88,51,1007.37,6,17,10.0,7.03999576994,28.9390569818,76.9953
2014-09-05,2906,24,28,19,17,72,88,48,1011.96,6,17,7.5,7.66149576994,30.9356998924,78.6424
2014-09-06,2907,25,30,20,16,65,94,31,1011.92,5,15,4.7,8.62534714954,33.8821456111,80.61
2014-09-07,2908,24,30,18,18,72,88,40,1008.87,5,17,6.9,7.03999576994,35.5299787444,81.688
2014-09-08,2909,24,29,19,18,75,94,44,1006.59,5,22,5.1,6.9342894887,33.6942849471,80.5975
2014-09-09,2910,22,27,18,14,63,88,30,1007.46,7,15,3.4,7.38234714954,28.3019032004,76.0009
2014-09-10,2911,21,27,15,11,58,82,26,1010.09,5,13,10.0,5.90095371958,27.9395175116,75.3794
2014-09-11,2912,22,28,16,13,62,88,34,1012.58,6,15,8.8,6.13934714954,29.6758425658,77.3004
2014-09-12,2913,22,27,17,15,67,83,45,1013.0,6,24,7.1,5.43902541002,28.6116590636,76.4981
2014-09-13,2914,23,28,18,13,59,83,32,1014.21,7,17,8.2,7.03999576994,29.3399961724,76.8978
2014-09-14,2915,23,27,19,12,52,73,34,1015.04,9,17,10.0,7.66149576994,27.5410414236,74.6336
2014-09-15,2916,24,27,18,15,65,83,34,1013.21,6,18,8.6,6.88135874859,28.4545758751,76.2495
2014-09-16,2917,20,26,14,7,46,77,20,1015.29,7,15,10.0,4.89634714954,26.0,72.6224
2014-09-17,2918,19,22,16,9,53,77,38,1015.96,7,11,10.0,6.95873046084,22.0,68.0844
2014-09-18,2919,20,26,14,10,59,82,26,1017.3,6,9,,6.22461420299,26.0,74.1096
2014-09-19,2920,20,27,14,10,59,88,21,1014.38,4,13,8.7,5.27945371958,28.0097893924,75.5037
2014-09-20,2921,21,28,14,10,56,82,17,1013.54,5,15,10.0,4.89634714954,29.0235855351,76.4952
2014-09-21,2922,21,26,16,11,61,82,28,1016.54,5,9,8.5,7.46761420299,26.0,74.3384
2014-09-22,2923,20,27,13,10,58,88,28,1018.21,5,11,7.1,5.09423046084,27.9395175116,75.3794
2014-09-23,2924,22,28,17,9,47,72,21,1016.83,8,17,10.0,6.41849576994,28.1909681591,75.2874
2014-09-24,2925,22,24,18,14,66,83,47,1009.64,8,17,9.0,7.03999576994,24.0,71.9836
2014-09-25,2926,22,27,17,14,66,88,37,1012.33,4,17,8.7,6.41849576994,28.5325661551,76.3738
2014-09-26,2927,20,24,17,15,75,94,50,1015.47,8,22,6.3,5.6912894887,24.0,72.835
2014-09-27,2928,20,24,15,16,77,94,57,1016.2,5,17,7.9,5.17549576994,24.0,73.0242
2014-09-28,2929,22,25,18,17,78,94,57,1015.59,5,9,5.0,8.71061420299,25.0,74.701
2014-09-29,2930,18,20,17,17,87,94,83,1013.26,5,11,2.5,7.58023046084,20.0,67.285
2014-09-30,2931,18,23,13,12,72,94,28,1015.91,7,18,5.0,3.77385874859,23.0,71.0284
2014-10-01,2932,20,24,15,10,58,73,44,1017.0,9,15,9.9,5.51784714954,24.0,71.2268
2014-10-02,2933,18,21,15,14,79,88,68,1009.67,9,18,6.2,5.01685874859,21.0,68.4371
2014-10-03,2934,16,20,12,9,62,77,46,1011.88,11,18,10.0,3.15235874859,20.0,65.91
2014-10-04,2935,16,23,10,6,55,87,29,1019.0,10,20,10.0,1.61311282668,23.0,69.5885
2014-10-05,2936,16,22,10,4,46,82,27,1019.08,10,18,10.0,1.90935874859,22.0,67.5608
2014-10-06,2937,15,21,9,5,55,82,27,1018.21,8,17,10.0,1.44649576994,21.0,66.8795
2014-10-07,2938,16,22,10,8,64,88,35,1021.58,6,18,9.3,1.90935874859,22.0,68.9072
2014-10-08,2939,15,22,8,7,63,93,28,1021.96,4,11,6.9,1.98673046084,22.0,68.8324
2014-10-09,2940,17,24,10,8,64,87,25,1020.67,5,13,6.3,2.79345371958,24.0,71.7944
2014-10-10,2941,18,26,10,9,68,94,34,1021.1,8,22,2.4,1.3407894887,26.0,75.1392
2014-10-11,2942,18,25,11,7,52,82,28,1023.0,10,22,7.7,1.9622894887,25.0,71.984
2014-10-12,2943,20,29,11,8,57,88,18,1018.54,7,15,7.1,3.03184714954,30.5876896031,78.0037
2014-10-13,2944,16,22,11,5,47,67,31,1012.71,13,32,10.0,0.85052678734,22.0,67.6356
2014-10-14,2945,12,18,6,1,49,76,21,1017.33,7,15,,-0.0756528504643,18.0,62.6048
2014-10-15,2946,12,18,7,4,63,93,26,1017.76,5,18,8.9,0.0448587485918,18.0,63.0976
2014-10-16,2947,13,18,8,0,48,82,10,1017.64,13,32,8.2,-1.01397321266,18.0,62.5696
2014-10-17,2948,11,19,3,1,52,81,26,1022.87,4,13,10.0,-1.55704628042,19.0,64.0352
2014-10-18,2949,14,21,7,6,63,87,37,1023.6,6,13,5.3,0.928953719583,21.0,67.3987
2014-10-19,2950,14,22,7,6,64,94,23,1022.46,5,13,5.1,0.928953719583,22.0,68.9072
2014-10-20,2951,14,16,13,12,84,88,67,1016.6,6,11,3.6,5.09423046084,16.0,60.5536
2014-10-21,2952,14,16,12,11,82,88,72,1016.62,7,20,7.5,2.85611282668,16.0,60.5228
2014-10-22,2953,13,18,8,6,63,87,45,1019.88,9,17,10.0,0.824995769939,18.0,63.0976
2014-10-23,2954,14,20,7,5,65,87,33,1020.96,5,9,7.8,1.87411420299,20.0,66.075
2014-10-24,2955,14,20,9,9,71,87,49,1019.96,7,13,6.0,2.17195371958,20.0,66.405
2014-10-25,2956,16,21,10,11,76,94,46,1019.88,7,13,5.2,2.79345371958,21.0,68.2424
2014-10-26,2957,15,19,11,11,76,94,50,1018.12,10,22,5.7,1.9622894887,19.0,65.1176
2014-10-27,2958,10,16,4,-7,33,54,16,1023.25,12,17,,-1.66100423006,16.0,59.7682
2014-10-28,2959,8,17,0,-4,48,81,14,1026.04,5,11,,-2.98526953916,17.0,61.2844
2014-10-29,2960,12,20,3,0,57,87,16,1026.17,4,9,6.3,-0.611885797007,20.0,65.635
2014-10-30,2961,12,19,6,3,59,87,24,1024.36,4,9,4.4,1.25261420299,19.0,64.3509
2014-10-31,2962,14,18,11,5,57,82,34,1018.96,7,24,6.9,1.71002541002,18.0,62.8864
2014-11-01,2963,18,21,14,8,57,72,43,1013.17,7,15,9.1,4.89634714954,21.0,67.0093
2014-11-02,2964,12,15,8,-1,44,77,18,1011.52,15,35,6.8,-1.28988690416,15.0,58.692
2014-11-03,2965,8,14,2,-7,34,61,19,1018.63,13,26,10.0,-4.11865690294,14.0,57.4904
2014-11-04,2966,10,17,2,1,59,87,31,1021.63,5,13,8.0,-2.17854628042,17.0,61.5627
2014-11-05,2967,10,17,3,4,65,87,37,1020.71,5,15,8.6,-1.94015285046,17.0,61.7145
2014-11-06,2968,12,17,7,4,58,77,37,1020.25,8,18,6.4,0.0448587485918,17.0,61.5374
2014-11-07,2969,8,15,2,-3,51,75,27,1024.96,4,11,,-1.74226953916,15.0,58.7305
2014-11-08,2970,8,13,4,0,62,81,38,1025.04,5,13,8.1,-0.935546280417,13.0,55.9434
2014-11-09,2971,9,14,4,-3,46,71,18,1023.79,7,20,8.5,-2.11588717332,14.0,57.4376
2014-11-10,2972,8,15,0,-2,58,87,16,1022.75,4,13,7.0,-3.42154628042,15.0,58.769
2014-11-11,2973,7,13,1,2,69,93,41,1017.1,5,15,3.6,-3.18315285046,13.0,55.8433
2014-11-12,2974,6,11,-1,-4,48,82,23,1013.27,19,39,7.9,-7.22189025412,11.0,53.5732
2014-11-13,2975,0,4,-3,-15,32,59,22,1023.54,15,28,10.0,-7.44660336578,4.0,46.2312
2014-11-14,2976,4,10,-3,-6,55,86,25,1024.67,5,17,9.7,-6.01150423006,10.0,51.98
2014-11-15,2977,2,8,-3,-10,46,74,14,1029.37,5,17,,-6.01150423006,8.0,49.8452
2014-11-16,2978,6,11,1,-6,43,70,22,1025.96,4,18,9.9,-3.68414125141,11.0,53.7437
2014-11-17,2979,6,9,2,0,69,87,43,1024.22,9,22,6.6,-3.6312105113,9.0,49.8709
2014-11-18,2980,4,9,-2,-6,56,86,20,1028.13,5,15,7.8,-5.04765285046,9.0,50.5716
2014-11-19,2981,4,11,-4,-5,59,86,21,1027.92,4,9,6.3,-4.96238579701,11.0,53.1981
2014-11-20,2982,6,13,0,-1,62,81,33,1025.08,4,15,5.4,-3.80465285046,13.0,55.9434
2014-11-21,2983,10,16,5,2,57,70,36,1022.52,10,20,6.9,-1.49438717332,16.0,60.1378
2014-11-22,2984,8,12,5,7,81,93,71,1023.77,8,17,2.7,-1.03950423006,12.0,54.0598
2014-11-23,2985,8,11,5,4,82,93,62,1025.81,7,15,1.5,-0.697152850464,11.0,52.4138
2014-11-24,2986,9,12,6,2,66,87,41,1021.21,7,11,4.9,0.743730460835,12.0,54.4228
2014-11-25,2987,9,15,3,-1,54,75,33,1017.71,10,22,8.7,-3.0097105113,15.0,58.747
2014-11-26,2988,10,15,6,0,52,81,33,1018.17,9,17,9.2,-0.418004230061,15.0,58.736
2014-11-27,2989,10,16,3,4,74,93,45,1022.5,4,11,4.1,-1.12076953916,16.0,60.3996
2014-11-28,2990,8,11,4,5,81,93,54,1014.31,9,22,4.0,-2.3882105113,11.0,52.4479
2014-11-29,2991,6,12,0,2,80,93,54,1020.57,4,11,6.3,-2.98526953916,12.0,54.084
2014-11-30,2992,8,10,5,6,85,93,76,1013.24,7,15,4.7,-0.697152850464,10.0,50.66
2014-12-01,2993,0,7,-6,-8,59,86,37,1014.58,25,50,7.3,-11.1291423257,7.0,47.6217
2014-12-02,2994,-5,-2,-8,-19,36,55,14,1022.68,17,33,9.9,-11.0522727602,-2.0,38.8192
2014-12-03,2995,-4,-1,-8,-10,65,86,40,1019.97,8,26,8.5,-10.3336569029,-1.0,35.5515
2014-12-04,2996,-4,-1,-8,-17,40,69,19,1020.71,9,20,10.0,-9.57388717332,-1.0,39.374
2014-12-05,2997,-6,-3,-10,-19,39,54,28,1021.71,13,22,10.0,-11.0892105113,-3.0,37.1347
2014-12-06,2998,-4,0,-9,-16,44,58,26,1024.29,7,22,10.0,-10.4677105113,0.0,40.008
2014-12-07,2999,-4,1,-8,-16,41,58,28,1026.96,5,9,10.0,-7.44838579701,1.0,41.6529
2014-12-08,3000,-2,2,-6,-13,49,80,20,1029.96,8,20,5.8,-8.33088717332,2.0,41.8832
2014-12-09,3001,-3,2,-8,-15,45,68,20,1035.33,5,13,,-8.39354628042,2.0,42.376
2014-12-10,3002,-1,4,-6,-7,60,87,36,1025.21,5,11,6.0,-6.71426953916,4.0,43.336
2014-12-11,3003,-2,3,-6,-9,58,87,37,1023.17,12,28,6.7,-9.31110336578,3.0,42.1586
2014-12-12,3004,-4,0,-7,-10,66,86,30,1022.91,6,13,6.7,-7.77204628042,0.0,36.862
2014-12-13,3005,-6,-2,-9,-16,45,80,26,1026.42,10,22,9.1,-10.4677105113,-2.0,37.354
2014-12-14,3006,-6,0,-11,-12,54,74,23,1028.9,5,13,7.6,-10.2580462804,0.0,38.578
2014-12-15,3007,0,3,-3,-3,77,87,56,1024.59,8,22,4.7,-6.7387105113,3.0,40.0059
2014-12-16,3008,-3,2,-8,-13,52,87,31,1019.42,18,33,8.5,-11.0522727602,2.0,41.5136
2014-12-17,3009,-8,-5,-11,-22,32,41,24,1024.92,22,41,10.0,-13.5953192586,-5.0,36.09
2014-12-18,3010,-8,-4,-12,-23,33,53,19,1033.67,10,18,,-11.7636412514,-4.0,37.0342
2014-12-19,3011,-4,1,-10,-14,45,70,27,1028.26,8,17,8.2,-10.3620042301,1.0,41.1205
2014-12-20,3012,-1,4,-6,-8,59,87,30,1020.88,15,26,7.0,-9.09065690294,4.0,43.4394
2014-12-21,3013,-6,-3,-9,-15,52,68,22,1023.56,6,22,9.0,-10.4677105113,-3.0,34.8896
2014-12-22,3014,-5,1,-11,-12,60,74,41,1023.93,6,22,7.4,-11.7107105113,1.0,39.124
2014-12-23,3015,-2,5,-8,-9,59,74,39,1025.38,7,15,8.7,-8.77665285046,5.0,44.8335
2014-12-24,3016,2,6,-4,-5,61,87,35,1021.62,8,24,5.6,-7.61247458998,6.0,46.0604
2014-12-25,3017,-2,2,-6,-14,44,59,28,1027.88,9,22,,-8.6032105113,2.0,42.4992
2014-12-26,3018,-5,0,-10,-16,42,59,21,1030.75,5,13,,-9.63654628042,0.0,40.294
2014-12-27,3019,-3,2,-8,-13,52,73,26,1030.52,5,11,7.8,-7.95726953916,2.0,41.5136
2014-12-28,3020,-2,3,-6,-9,58,74,38,1022.67,5,13,6.9,-7.15054628042,3.0,42.1586
2014-12-29,3021,1,6,-4,-4,67,81,49,1014.88,5,13,2.9,-5.90754628042,6.0,45.5588
2014-12-30,3022,0,5,-4,-7,64,87,29,1016.62,7,17,3.3,-6.63300423006,5.0,44.366
2014-12-31,3023,-2,2,-6,-13,48,74,22,1018.04,12,33,7.5,-9.80927276024,2.0,42.0064
