﻿Artist,cnt
성시경,2942
아이유(IU),1927
김동률,1714
버스커 버스커(Busker Busker),1461
어반 자카파(Urban Zakapa),1389
브라운 아이즈(Brown Eyes),1272
김범수,1250
바이브(Vibe),1240
싸이(Psy),1236
휘성,1224
브라운 아이드 소울(Brown Eyed Soul),1171
쿨(COOL),1162
박효신,1121
김건모,1071
프라이머리(Primary),1064
에피톤 프로젝트(Epitone Project),1053
투애니원(2NE1),1027
포맨,1007
김연우,1000
리쌍(Leessang),984
토이(Toy),981
10cm(십센치),973
이적,946
BIGBANG,899
윤종신,887
임창정,862
박정현,857
다이나믹 듀오(Dynamic Duo),842
SG워너비,840
린(LYn),811
씨스타(Sistar),808
노을,789
윤하(Younha/ユンナ),714
나얼(Na-Ul),702
이승철,702
케이윌(K.Will),701
럼블 피쉬(Rumble Fish),687
클래지콰이(Clazziquai),684
제이레빗(J Rabbit),683
부활,665
이소라,645
스탠딩 에그(Standing Egg),640
엠씨 더 맥스(M.C the Max),621
G-DRAGON,609
MC 몽,597
노리플라이(no reply),597
가을방학,594
버벌진트(Verbal Jint),592
나윤권,589
임재범,588
에픽 하이(Epik High),586
거미,585
지오디(god),579
이승기,578
넬(Nell),563
소녀시대,559
김광석,553
서영은,548
조성모,542
허각,538
다비치,535
이승환,513
빈지노(Beenzino),507
라디(Ra.D),494
비스트(Beast),493
슈프림팀(Supreme Team),492
터보(Turbo),484
러브홀릭(Loveholic),482
이문세,480
이수영,476
페퍼톤스(Peppertones),467
어쿠스틱 콜라보(Acoustic Collabo),465
신승훈,459
지아(Zia),457
백지영,456
박혜경,444
에일리(Ailee),442
별,438
스윗소로우(SWEET SORROW),434
티아라(T-ara),427
화요비,427
박지윤,426
옥상달빛,417
원 모어 찬스(one more chance),411
전람회,410
요조(Yozoh),407
플라이 투 더 스카이(Fly To The Sky),400
데이브레이크(daybreak),399
커피소년,397
재주소년,397
테이(Tei),393
애즈 원(As One),393
버즈(Buzz),388
윤건,385
알리(Ali),383
브로콜리너마저,379
공일오비(015B),379
프리 스타일(Free Style),379
루시드 폴(Lucid Fall),372
이기찬,368
델리 스파이스(Deli Spice),368
2AM,365
빅마마(Big Mama),364
t윤미래,363
하림,363
바비 킴(Bobby Kim),362
긱스(Geeks),353
제이(J.ae),352
브라운 아이드 걸스,347
김태우,344
짙은(Zitten),341
팀(Tim),337
코요태,336
유재하,334
임정희,333
루싸이트 토끼,332
양파,330
이선희,330
바닐라 어쿠스틱(Vanilla Acoustic),329
장혜진,324
왁스(Wax),323
캐스커(Casker),322
김윤아,321
정인,320
유희열,319
김종국,314
포지션(Position),314
이지형,306
조규찬,303
보아(BoA),303
엄정화,296
카라(Kara),294
정준일 [메이트],291
웅산,277
박기영,277
윈터플레이(Winterplay),276
Lucia(심규선),275
김현정,275
한희정,273
허밍 어반 스테레오(Humming Urban Stereo),273
이은미,272
시크릿(Secret),270
걸스데이(Girl's Day),268
몽니(Monni),268
김현철,268
타루(Taru),268
정엽,266
인피니트(Infinite),265
라이너스의 담요(Linus' Blanket),263
가인 [브라운아이드걸스],261
에이핑크(Apink),259
리즈(Leeds),258
지나(G.NA),257
자우림(Jaurim),257
조장혁,255
윤도현,254
정재욱,254
윤상,254
S.E.S.,254
울랄라세션(Ulala Session),253
박진영,253
자전거 탄 풍경,251
동방신기(TVXQ!),249
신해철,248
장재인,247
유엔(UN),245
마이티 마우스(Mighty Mouth),245
존 박(John Park),240
씨엔블루(CNBLUE),240
DJ DOC,239
언니네 이발관,239
김진표(JP),238
에프엑스(f(x)),237
원더걸스(Wonder Girls),234
박새별,232
제이벨(J BEL),229
40(포티),227
장나라,224
메이트(Mate),223
로이킴,217
두번째 달,216
베란다 프로젝트(Verandah Project),213
김조한,212
하동균,211
악동뮤지션(AKMU),210
더 원(The One),205
해이(Hey),205
알렉스(Alex) [클래지콰이],204
유리상자,201
애프터 스쿨(After School) ,201
김광진,201
오렌지캬라멜(Orange Caramel),199
서지원,197
랄라스윗(lalasweet),192
스웨덴세탁소,192
보보(Bobo),187
정키(Jung Key),187
소란(Soran),186
에코 브릿지(Eco bridge),183
Zion.T,181
지누션(Jinusean),178
아이비(IVY),176
임현정,176
나르샤 [브라운아이드걸스],175
윤한(Yoonhan),174
보드카 레인(Vodka Rain),174
버블 시스터즈(Bubble Sisters),174
에코(ECO),174
현아 [포미닛],173
뜨거운 감자(Hot Potato),173
박선주,171
김형중,171
미쓰 에이(miss A),170
패닉(Panic),169
유미,169
한경일,169
블락비(Block B),166
샵(S#arp),165
검정치마,164
영턱스클럽(YTC),164
레인보우(Rainbow),162
BMK,162
박완규,161
써니힐(Sunny Hill),161
먼데이 키즈(Monday Kiz),160
이바디(Ibadi),160
더 클래식(The Classic),159
포미닛(4minute),159
뱅크(Bank),158
쥬얼리(Jewelry),156
소찬휘,154
솔리드(Solid),153
양요섭 [비스트],152
거북이,151
룰라(Roo'Ra),148
이정현,147
이한철,146
배치기,146
브이원 (V.One),146
디어 클라우드(Dear Cloud),145
신용재 [4men],145
디제이 아키(DJ AKI),144
트러블메이커(Troublemaker),144
핑클(Fin.K.L),143
MC 스나이퍼(MC Sniper),143
크레용팝(Crayon Pop),141
정기고(Junggigo),140
롤러코스터(Rollercoaster),139
더 넛츠(The Nuts),139
김현식,137
일기예보,137
신화,137
토마스 쿡(Thomas Cook),136
젝스키스(Sechs Kies),135
장윤주,134
정동하,134
동경소녀,134
투엘슨(2LSON),133
여행스케치,131
비(Rain),131
박미경,131
나비(Navi),130
야다(Yada),130
박명수,128
마로니에(Maronnier),128
이효리,127
소규모 아카시아 밴드,127
JUNIEL(주니엘),127
달콤한 소금,126
넥스트(N.EX.T),125
씨야(SeeYa),125
유피(UP),124
동물원,119
2PM,119
좋아서 하는 밴드,118
조원선,118
줄라이(July) [뉴에이지],118
젠틀 레인(Gentle Rain),117
박재범(Jay Park),117
김민종,116
이루(Eru),115
서태지와 아이들,114
김장훈,114
포스트맨(Postmen),113
푸딩(Pudding),113
에이트(8Eight),113
이상은(Lee Tzsche),112
주영(JooYoung),112
서연,111
모리(Morrie),111
김현성,111
라즈베리필드,111
슈퍼주니어(Super Junior),111
YB,110
클론(Clon),110
헤르쯔 아날로그(Herz Analog),110
김지수,110
하우스 룰즈(House Rulez),109
태양,107
디바(Diva),107
아소토 유니온(Asoto Union),106
EXID(이엑스아이디),106
크루셜스타(Crucial Star),106
마이 앤트 메리(My Aunt Mary),106
우쿨렐레 피크닉(Ukulele Picnic),106
원타임(1TYM),105
슈가볼(Sugarbowl),105
스윙스(Swings),105
이소은,105
자자(Zaza),105
더 레이(The Ray),105
이하이,105
아키버드(Aquibird),103
김경호,103
조관우,102
플라워(Flower),102
이아립,101
도나웨일(Donawhale),101
주(Joo),101
허민,100
인디고(Indigo),100
소울스타(Soulstar),99
에이오에이(AOA),99
레이디스 코드(LADIES' CODE),98
써드코스트(3rd Coast),98
강타,98
고유진(플라워),98
산이(San E),97
참깨와 솜사탕,96
브이오에스(V.O.S.),95
이석훈 [SG워너비],95
조정현,95
스프링롤(Springloll),95
이재훈 ,94
처진 달팽이(유재석 & 이적),94
스웨터(Sweater),93
안녕 바다,93
정재형,93
장세용,93
디어(d.ear),92
매드 클라운(Mad Clown),91
영준 [Brown Eyed Soul],91
엠투엠(M To M),91
몽라(Monla/夢兒),90
유아시대,90
디셈버(December),87
아이유 ＆ 나윤권,87
조규만,87
CHEEZE,86
비쥬(Bijou),86
나희경 [Jazz],86
도원경,85
이정,85
카니발(Carnival),84
네미시스(Nemesis),83
양양(YangYang),83
에메랄드 캐슬(Emerald Castle),82
문명진,82
박지헌,82
란(Ran),81
푸디토리움(Pudditorium),81
혜령,81
신성우,80
서인국,80
듀스(Deux),80
크러쉬(Crush),80
태연 (Taeyeon),79
W & Whale(더블유 앤 웨일),79
코쿤벨즈(Cocoon Bells),79
제이워크(J-Walk),79
허소영,79
바람에 오르다,78
프렐류드(Prelude),78
더 멜로디(The Melody),78
야광토끼(Neon Bunny),78
김돈규,77
진주,77
더필름(The Film),77
러브앤팝(Love & Pop),77
벨 에포크(Belle Epoque),76
씨스타19(Sistar 19),76
규현(KYUHYUN),76
헤리티지(Heritage),75
EXO,75
세븐데이즈(7Dayz),75
비스윗(Besweet),75
리사(Lisa),74
조pd(ZoPD),74
불독맨션(Bulldogmansion),73
손담비,73
양정승(Kiroy Y),73
손성제,73
서인영,72
조용필,72
미스터 투(Mr.2),72
손승연,71
모세(Mose),71
포터블 그루브 나인(Portable Groove 09),71
KCM,70
하울(HowL),70
네스티요나(Nastyona),70
나인뮤지스(Nine Muses),70
딕펑스(Dick Punks),70
테이크(Take),69
오지은,69
김우주,69
코나(Kona),69
박보람,69
H.O.T.,69
소울맨(Soulman),69
곰PD,68
클로버(Clover) [남성솔로],68
스윙체어(Swingchair),68
소울라이츠(Soulights),67
피노다인(Pinodyne),67
빅 베이비 드라이버(Big Baby Driver),67
홍대광,67
Glen Check(글렌체크),67
키네틱플로우(K-Flow),66
김보경,66
페이지(Page),66
피터팬 컴플렉스(Peterpan Complex),66
최재훈,66
테테(Tete),66
정인호,65
강승윤 [WINNER],65
달샤벳(Dal★shabet),65
틴 탑(Teen Top),65
JK 김동욱,65
원티드(Wanted),65
샤이니(SHINee),65
모이다 밴드(Moida Band),64
장필순,64
Unknown,64
에릭남,64
가비엔제이(Gavy N.J.),64
더블케이(Double K),64
장연주,64
신예원,63
김정민,63
이지훈,63
소심한 오빠들(Sosimboys),63
이루펀트(Eluphant),63
홍경민,63
메이비(MayBee),62
이원진,62
옥주현,61
정용화(Jung Yong Hwa),60
알레그로(Allegrow),60
에디킴,60
심현보,60
밀크티(Milktea),59
인순이,59
화이트(W.H.I.T.E.),59
남예지,59
소유,58
더 블루(The Blue),58
앤(Ann),58
박상민,58
원써겐(1sagain),58
안치환,58
디아(Dia) [키스 & 크라이],58
트랙 마켓(Track Market),58
브라더수(BrotherSu),58
시와(Siwa),57
보싸다방(Bossa Dabang),57
데이라이트(Daylight),57
재지팩트(Jazzyfact),57
창민,57
장미여관,57
FTISLAND(에프티 아일랜드),57
에이치(H),56
미스티 블루(Misty Blue),56
푸른 하늘,56
양빛나라,56
투투(Two Two),55
제이에스(JS) [여성듀오],55
마이큐(MY-Q),55
박정운,55
윤현상,55
하와이,54
Kricc(크릭),54
원투(Onetwo),53
곽진언,53
로지 피피(RossyPP),53
상상밴드,53
변진섭,53
베이비복스(Baby V.O.X),53
필(Feel),53
K2(김성면),53
도로시밴드(Dorothy Band),53
센티멘탈 시너리(Sentimental Scenery),53
캔(Can),52
성훈 [Brown Eyed Soul],52
해브어티(Have A Tea),52
박주원,52
윤민수,51
간미연,51
권순관,51
국카스텐(Guckkasten),51
유발이의 소풍,51
리치(Rich),51
WINNER,51
박학기,50
수상한 커튼,50
소울크라이(SoulCry),50
박봄,50
조정치,50
신효범,50
슬로우 쥰(Slow 6),50
브리즈(The Breeze),50
더블에스501(SS501),50
이그나이트(Ignite),49
소녀시대-태티서(Girls' Generation-TTS),49
"15&(박지민, 백예린)",48
신혜성,48
솔솔부는 봄바람,48
스윗바이러스(Sweet Virus),47
이현 [에이트],47
제리케이(Jerry. K),47
투빅(2BiC),47
JYJ,47
최호섭,47
오션(5tion),47
양희은,47
더 콰이엇(The Quiett),46
노이즈(Noise),46
업타운(UPT),46
아이 투 아이(Eye To Eye),46
김성호,45
로맨틱 펀치(Romantic Punch),45
강균성 [노을],45
한동준,45
카밀라(Camilla),45
소울사이어티(Soulciety),45
유승준,45
나루(Naru) [솔루션스],45
잠바(Jamba),45
HITCHHIKER (히치하이커),45
하이투힘(Hi to him),44
나윤선,44
드렁큰 타이거(Drunken Tiger),44
김그림,44
문차일드(Moon Child),44
박경환,44
에디(Eddie),43
더더(THETHE),43
W(Where The Story Ends),43
김형석,43
한충완,43
체리필터(Cherry Filter),43
슈가버블(Sugar Bubble),43
Nat King Cole(냇 킹 콜),43
그린티(The Green Tea),43
이현우,43
길미,43
DJ 소울스케이프(DJ Soulscape),42
SMTown,42
내추럴(Natural),42
하이포(HIGH4),42
폴킴(Paul Kim),42
포이트리(Poetree),42
언타이틀(Untitle),42
혁오(hyukoh),42
멜로 브리즈(Melo' Breeze),42
다니엘(Daniel) [DMTN],42
리아(Riaa),41
컨츄리 꼬꼬(Country Kkokko),41
Ab 에비뉴,41
Various Artists,41
아침(Achime),41
이정봉(Lee Jung Bong),41
이영현,40
주윤하 [보드카레인],40
강아솔,40
노블레스(Noblesse),40
김동희,40
녹색지대,40
모던쥬스(Modern Juice),40
알이에프(R.ef),40
Martin Solveig(마틴 솔베이그),39
벤,39
316,38
타블로(Tablo),38
김민우,38
구혜선,38
클릭비(Click-B),38
이상순 ,38
수호,38
타샤니(Tashannie),38
견우,38
GG(박명수 & G-Dragon),37
김종욱,37
흐른,37
김혜림,37
한효주,37
Ennio Morricone(엔니오 모리꼬네),37
조덕배,36
강수지,36
비원에이포(B1A4),36
XIA(준수),36
렉시(Lexy),36
앨리스 인 네버랜드(Alice In Neverland),36
장기하와 얼굴들,36
이오공감,36
채연,36
주니퍼(Junyfore),36
봄(Bom),36
부가킹즈(Buga Kingz),36
채정안,36
일락(一樂),36
재즈홀릭(Jazzholic),35
팔로알토(Paloalto),35
어쿠루브(Acourve),35
하은,35
7공주,35
파티스트릿(Party Street),35
투개월,35
선민(Sunmin),35
브랜뉴직(Brand Newjiq),35
현진영,35
4-49(포포리나인),35
이승훈 [발라드],34
NY 물고기,34
반반 프로젝트,34
백아연,34
페이퍼컷 프로젝트(Papercut Project),34
9와 숫자들,34
Simon Dominic(사이먼 도미닉),34
제이에이(JA),34
이진우 [인디],34
SG워너비 김진호,33
노라조,33
키스 미 조이(Kiss Me Joy),33
범키(Bumkey),33
팀(Team),33
현빈,33
스무살,33
of 비스트(윤두준 & 이기광 & 용준형),33
마망,32
성제 [초신성],32
민설,32
스페이스 A(Space A),32
전기뱀장어,32
스티(STi),32
메이팝(Maypop),32
투샤이(2Shai),32
크리스피 로즈(Crispy Rhodes),32
무한궤도,32
해랑(Haerang) [재즈],32
최정철,32
바다,32
한소아,31
인피니트 H,31
이예린,31
불나방스타쏘세지클럽,31
들국화,31
엠스트리트(M.Street),31
어반스페이스(Urbanspace),31
데미캣(Demicat),31
이지영,31
김예림 [투개월],31
김연지,30
B.A.P,30
정지찬 [원모어찬스],30
강우진,30
민경훈,30
오현란,30
양혜승,30
비투비(BTOB),30
정경화,30
인스턴트 로맨틱 플로어(Instant Romantic Floor),30
베이지(Beige),30
키스(Kiss),30
러브홀릭스(Loveholics),29
라-듀오(La-Duo),29
H-유진,29
고현욱,29
조하문,29
소히(Sorri),29
일렉트로보이즈(ELECTRO BOYZ),29
레비 파티(LEVIPARTY),29
박광현,29
베스티(BESTie),29
낭만유랑악단,29
못(Mot),29
화접몽 밴드,29
클라우드 쿠쿠랜드(Cloud Cuckoo Land),29
임종환,28
흠(Heum),28
박소유,28
Gwyneth Herbert(기네스 허버트),28
스컬&하하(Skull&Haha;),28
수경 [빨간의자],28
차가운 체리(Cold Cherry),28
닥터심슨(Dr.Simpson),28
리나(Lina),28
더 크로스(The Cross),28
레드애플(Led apple),28
강희수,28
정은채 [배우],27
아워멜츠(Hourmelts) ,27
이안,27
루그(Lug),27
코지카페(Cozy Cafe),27
레이디 제인(Lady Jane),27
티오(T.O),27
엠포(M4),27
SAT,27
블루앤블루(Blue & Blue),27
에스트래직 비츠(Estraziq Beats) ,26
하유진 ,26
클린치(Clinch),26
원웨이(Oneway),26
크라잉넛(Crying Nut),26
몰릭(MhOlic),26
언터쳐블,26
어바노(Urbano),26
커먼 그라운드(Common Ground),26
옥수사진관,26
Caramel espreSSo(카라멜 에스프레소),26
신재,26
제이세라(J-Cera),26
블록(Block),26
트리플 이펙트(Triple Effect),26
앤디(Andy),25
신치림(信治琳),25
송 오브 루나(Song Of Luna),25
토이멜라(Toymela),25
서울 전자 음악단,25
에스파파(S.Papa.),25
빅뱅(방승철) [Solo],25
빛과 소금,25
환희,24
투어리스트(The Tourist),24
하찌와 TJ,24
임세준,24
주형진,24
유열,24
린애,24
소울라임(SouLime),24
주영훈,24
루머스(Rumors),24
여진(Yeo Jin),23
안재욱,23
유키스(U-KISS),23
고유비,23
송지은 [시크릿],23
브라이언(Brian),23
미스 미스터(Mis=Mr),23
장리인,23
김민규 [스위트피],23
남경윤,23
지영선,23
루나플라이(Lunafly),23
솔루션스(THE SOLUTIONS),23
여울 [인디],23
달에닿아,23
보이(VOY),23
하리(Hari),22
Susan Jacks(수잔 잭스),22
세븐(SE7EN),22
김필(Kim Feel),22
파니핑크(Fanny Fink) ,22
아톰북(Atombook),22
흑꼬,22
비바 소울(Viva Soul),22
이은하,22
뉴욕 러브 다이어리(Newyork Love Diry),22
마야(Maya),22
스타 러브 피쉬(Star Love Fish),22
제국의아이들[ZE:A],22
이용,22
컬투(Cultwo),22
솔비,22
비프리(B-Free),22
정원영,22
정재일,22
사피에르(Saphier),22
멜로우이어(Mellowyear),22
어른아이(Adultchild),22
더 네임(The Name),21
나원주,21
박라온,21
EXO-K(엑소케이),21
다비,21
포츈 쿠키(Fortune Cookie),21
앤드(And),21
러블리벗(Lovelybut),21
솔지 [EXID],21
leeSA(리싸),21
산울림,21
이지엠(EZ'M),21
리오 케이코아(Leo Kekoa),21
빌리어코스티(Bily Acoustie),20
펄스데이(Pearl's Day),20
권진원,20
3호선 버터플라이(3호선 Butterfly),20
하루(Haroo),20
자화상,20
차호석,20
한선화 [시크릿],20
벅(Buck),20
말로(Malo),20
유성은,20
안녕하신가영,20
유브이(UV),20
크리스탈 레인(Crystal Rain) ,20
슈퍼키드(SuperKidd),20
에스프레소(Espresso),19
20세기 소년,19
캔디맨(Candyman),19
백청강,19
반시(Vansy),19
"S (강타, 신혜성, 이지훈)",19
이승열,19
Iconiq(아이코닉),19
도끼(Dok2),19
하하,19
우주히피(Cosmos Hippie),19
전인권,19
블루베리 [여자],19
라니아(Rania),19
차태현,19
빅스(VIXX),19
썸피플(Sumpeople),19
타블로+페니(이터널 모닝),18
올라이즈 밴드(All Lies Band),18
카페모카,18
이채(Ich'e),18
비비(B.B),18
유진 [S.E.S],18
용감한 녀석들,18
하나(Hana) [타이푼],18
박시후 ,18
임헌일 [메이트],18
에레나(Elena),18
카나리아 살롱(Canaria Salon),18
박아셀,18
에스더(Esther),18
Stay [심태윤],18
인광,17
비비안(BBAhn),17
하비누아주(Ravie Nuage),17
Westlife(웨스트라이프),17
Ed.C,17
성진환 [스윗소로우],17
아미(A-Mi),17
가희,17
Olivia(올리비아) [보사노바],17
이브(Eve),17
Laurent Voulzy(로랑 불지),17
MC 한새(MC haNsAi),17
가을방학 김재훈,17
김사랑,17
보이스원(Voice One),17
차은주,17
타우(Taw),17
킹스턴 루디스카(Kingston Rudieska),17
트랙스(Trax),17
에보니힐(Ebonyhill),17
루체(Luce),17
솔플라워(Sol' Flower),17
네이브로(NeighBro.),17
온유(On.U) [발라드],17
정예경,16
보니(Boni),16
푸른새벽,16
얀(Yarn),16
낯선 사람들,16
소설,16
생각의 여름,16
파인애플(Pineapple),16
달빛요정역전만루홈런,16
철이와 미애,16
서문탁,16
제이독(J-DOGG),16
봄여름가을겨울,16
구창모 ,16
사준,16
디에스 커넥션(DS_Connexion),16
티아라 With 다비치,16
세 개의 시선,16
손성훈,16
JC지은,16
비욘드(Beyond),16
텐시러브(Tensi Love),16
사운디스트(SOUNDist),16
스토리(Story) (솔로),16
에이프릴(April),16
한민규,16
라 벤타나(La Ventana),16
Achordion(아코디언),15
옐로우 몬스터즈(Yellow Monsters),15
로로스(Loro's),15
모노토이(Monotoi),15
우현 [인피니트],15
아침(Achim) [듀오],15
모카(Mocca),15
고한우,15
엠알제이(MRJ),15
최용준,15
론리 하츠 클럽(Lonely Hearts Club),15
걸프렌즈(Girl Friends),15
와이제이 패밀리(YJ Family),15
알앤피(RNP),15
은휼,15
이진아,15
원미연,15
김민석 [트리오로그],15
술탄 오브 더 디스코(Sultan Of The Disco),15
DMTN,15
김수철,15
이정아(Lee Jung-Ah),15
혜지,15
앤덥(Andup),15
Kentaro Takizawa(켄타로 타키자와),15
머쉬멜로우,15
팬텀,15
세이(Say),14
임병수,14
몽구스(Mongoose),14
마루마루,14
James Blunt(제임스 블런트),14
씨유(See U),14
Indecent Obsession(인디센트 옵세션),14
Atlantic Starr(아틀란틱 스타),14
성현주,14
여미,14
지퍼,14
아낌없이 주는 나무,14
Kenny Loggins(케니 로긴스),14
메론씨,14
루이비(Louis.B),14
이종현 [CNBLUE],14
아메리카노,14
효기(Hyoki) [Jazz],14
Morris Albert(모리스 알버트),14
신비,14
청춘학개론,14
이정석,14
Naomi & Goro(나오미 앤 고로),14
샤프(Sharp),14
지나(Gina),14
메이크어위시 합창단,14
조은(Cho Eun),14
리드미스트(Rhythmist),14
장지연 [인디],14
휘(徽),14
철싸(노홍철 & 싸이),14
Laurel Music(로렐 뮤직),14
Travis(트래비스),14
스테이트루(Staytrue),14
Tommy Page(토미 페이지),14
김지호 ,14
히트(HITT),14
요술당나귀,14
공기남녀,14
지브라(Zebra),14
우이경,14
전소영,14
전유나,14
Cheryl Bentyne(셰릴 벤틴),14
노브레인(No Brain),14
노드 플루(Nord Plue),14
김경록 [V.O.S],14
김민준,14
김부용,14
베리굿(Berry Good),14
나드(Nard),14
김상민(Kim SangMin),14
나겸 [아가톤],14
박한별,14
유(U),14
정슬기,14
정승환,14
박혜영,14
Andy Williams(앤디 윌리암스),14
유니크-쉐도우(Unique-Shadow),14
앨리스 스마일(Alice Smile),14
프린세스 디지즈(Princess Disease),14
백미현,14
하지원,14
오리엔탱고(Orientango),14
파니니(Panini),14
비돌스(B.Dolls),14
오지은과 늑대들,14
한기란 [와인루프],14
김진우,14
이호석,14
오종혁(OJ),14
클럼지(Clumsy),14
비스콜릿(Biscolate),14
CMYK(씨엠와이케이),14
하현곤,14
언노운 피플(UKP),14
드라마틱스(Dramatics),14
이랑,14
하키(Hockee),14
추성훈,14
스몰오(Small O),14
장혜리,14
강채이,14
이지연,13
정민아,13
Karrin Allyson(캐린 앨리슨),13
빈티지 블루(Vintage Blue),13
정성하,13
로코베리(Rocoberry),13
마호가니 킹(Mahogany King),13
이치원(EachONE),13
투앤비(2NB),13
예인,13
윈터플레이 혜원,13
Davink(다빈크),13
모자이크,13
그루(GRU),13
조이 [알트리퍼],13
팔드로(8Dro),13
예민,13
리오(Leeo),13
페일그레이(Pale Grey),13
강민경 [다비치],13
은미(Eunmi),13
아일랜드 기타(Island Guitar),13
김나영 [여성솔로],13
원효로1가 13-25,13
엔알지(N.R.G),13
O' Lee,13
영지(버블시스터즈),13
시로스카이(Shirosky),12
실루엣,12
소이,12
신세경,12
힐링프로젝트(Healing Project),12
누보두(Nouveau Deux),12
자미 소울(Jami Soul),12
뎁인뎁쇼,12
세렝게티(Serengeti),12
남아스떼(男兒's 떼),12
러브피쉬 프로젝트(LoveFish_Project),12
유이 [애프터 스쿨],12
엔오케이(NOK),12
고찬용,12
메이랜드(Mayland),12
하젤(Hajel),12
우은미,12
쟈크와 래미(Zac & Lemi),12
강토(Kangto),12
이루마(Yiruma),12
할라맨(Halla Man),12
모든(Moden),12
파스텔 오션(Pastel Ocean),12
조문근,12
박정수 [어덜트 컨템포러리],12
임인건,12
이한진 밴드,12
2스토리(2story),12
Luis Mariano(루이즈 마리아노),12
박지혜 [인디],12
선데이 선셋(Sunday Sunset),12
원 펀치(One Punch),11
BGH to,11
워렌(Warren),11
포스티노(Postino),11
노민우,11
수퍼러너(Superrunner),11
웅산 With DJ Okawari,11
나인(Nine9),11
이승우 [소울스타],11
김창완 밴드(Kim Chang Wan Band),11
이해완 [보드카레인],11
긱스(Gigs),11
그루브 올스타즈(Groove All Stars),11
곽푸른하늘,11
하이디,11
스트로베리 레인(Strawberry Rain),11
헬로비너스(HELLOVENUS),11
저스트(Just),11
헤븐 [솔로],11
이영미 [뮤지컬],11
김디지(Deegie) [트레블러],11
정혜담,11
트리탑스(Tritops),11
최예나,11
키비(Kebee) [이루펀트],11
박준하,11
바스코(Vasco),11
악퉁(Achtung),11
마마무(Mamamoo),11
박준혁,11
디제이 와사(DJ Wasa),11
송광식,11
더 캔버스(The Canvas),11
Michael Buble(마이클 부블레),10
미나,10
이루리 프로젝트,10
이영훈 [인디],10
스카이 하이(Sky High),10
NS Yoon-G ,10
용원,10
Karla Bonoff(칼라 보노프),10
M.I.B(Most Incredible Busters),10
Landon Pigg(랜던 피그),10
장범준,10
알버트 주(Albert Joo),10
이태권,10
카피머신(Copy Machine),10
황규영,10
Air Supply(에어 서플라이),10
아지아틱스(AZIATIX),10
숄(Sol),10
문용(Moonyong),10
모리아(Moria),10
튠(TUNE),10
드린지 오(Dringe Augh),10
승리,10
오세준,10
노매드(Nomad),10
트램폴린(Trampauline),10
오드(Ode),10
줄리아 하트(Julia Hart),10
꽃잠 프로젝트(GGot Jam Project),10
김효진 [배우],10
제이켠(J'Kyun) [럭키제이],10
옐로우 페인트(Yellow Paint),10
소냐(Sonya),10
유잔Q,10
육각수밴드,10
로맨틱 가든(Romantic Garden),10
태인,10
루다(Ruda),10
리미와 감자,10
마더컨트리,10
이수,9
조이락,9
오후만 있던 일요일,9
조(Jo),9
애프터스쿨 Blue,9
썸데이(Someday),9
이퍼블릭(E-Public),9
이지혜,9
유재석,9
신나는섬,9
박수진,9
플럭서스 보이시스,9
Robbie Williams(로비 윌리암스),9
술제이(SOOL J),9
바나나보트(Banana Boat),9
플라스틱(Plastic),9
Dreamhouse,9
초콜렛 박스(Chocolate Box),9
하늘 [그룹],9
The Finnn,9
Tamia(타미아),9
Fesure Native(페셔네이티브),9
콩나물(Bean Sprouts),9
S.M. The Ballad '제규종지',9
G.고릴라,9
미카엘 밴드(Michael Band),9
H2가인(歌人),9
Port Of Notes(포트 오브 노츠),9
보이프렌드(Boyfriend),9
뷰티풀 데이즈(Beautiful Days),9
Michael Franks(마이클 프랭스),9
JUUNO,9
블레스(Bless),9
블루파프리카(Bluepaprika),9
MIWOO(미우),9
사비나앤드론즈(Savina & Drones),9
김은태,9
Yael Naim(야엘 나임),9
서태지,9
406호 프로젝트,9
미(MIIII),9
루앤(Luanne),9
스테이튠(Stay Tune),9
태사비애,9
Blee(블리),9
로맨틱멜로디초비,9
루아민,9
레드소울(Redsoul),9
미드 타운 밴드(Mid Town Band),9
미선이,9
가리나 프로젝트(Garina Project),9
드래곤플라이(Dragonfly),8
루빈(Ruvin),8
브라우니 스픽스(Brownie Speaks),8
곽은기,8
전영진,8
조아혜,8
이상(E.Sang),8
토리 [인디],8
구본승,8
M시그널,8
루이 (긱스),8
Lasse Lindh(라쎄린드),8
아이엠(iM),8
Kurt Bestor(커트 베스터),8
샤크라(Chakra),8
구피(Goofy),8
빨간의자,8
백동우,8
이오스(E.O.S),8
베이시스(Basis),8
Y2K,8
민효린,8
어반 코너(Urban Corner),8
키덜트(Kidult) [인디락],8
한성민,8
바버렛츠,8
타바코쥬스(Tobacco Juice),8
Tama Rhodes(타마 로즈),8
에스프레소(금석균),8
건휘,8
박진혁,8
핸섬피플(Handsome People),8
제아 [브라운 아이드 걸스],8
컬트(Cult),8
한영애,8
투나잇(Tonight),8
하찌와애리(Hachi&Eri;),8
바닐라시티(Vanila City),8
어떤날,8
아웃사이더(Outsider),8
숙희,8
프린지(Pringe),8
스맥스(S'Max),8
신은성,8
BN옴니버스,8
세븐스 플로어(The 7th Floor),8
소방차,8
Alexander Dolsky,8
아날로그 소년,8
Clara C(클라라 씨),8
소울 다이브(Soul Dive),8
스푸키 프로젝트(Spooky Project),8
ASHGRAY(애쉬그레이),8
소울원(Soul One),8
이푸름,8
프리키(Freaky),8
징고(Zingo) [슈퍼키드],8
FOLEY(폴리),8
천상지희 더 그레이스(天上智喜 The Grace),8
더 젬(The Gem),8
나일론에세이(Nylon Essay),8
지선(Jisun) ,8
Funny Powder(퍼니 파우더),8
장동건,8
다방(D'avant),7
엄브렐라 스탠드(Umbrella Stand),7
윤석철 트리오(SC Yun's Trio),7
C-CLOWN(씨클라운),7
어 모던(A Modern),7
트리-비(Tri-be),7
제다이(Jediii),7
송재호,7
프롬(Fromm),7
유민지,7
람다(Ramda),7
늦봄,7
Tony Orlando & Dawn(토니 올란도 앤드 던),7
"바이루피타(Bye, Lupita)",7
전효성 [시크릿],7
네온스(Neons),7
전영록,7
리딤(Riddim),7
권소영,7
나비효과,7
1984,7
스핏 파이어(Spit Fire),7
시드 사운드(SID-Sound),7
남준봉 [여행스케치],7
시인과 촌장,7
권인하,7
이란,7
이범학,7
맹유나(Kikiyuna),7
머쉬룸즈(Mushru:ms),7
은지원,7
한살차이,7
멜로위치(Mellowitch),7
키스위치,7
노사연,7
라임버스(Rhyme Bus),7
그로칼랭(Gros-Calin),7
지플라(G.Fla),7
모노토닉(Monotonik),7
투 체어스(Two Chairs),7
The Papers,7
김정균 (a.k.a 김거지),7
정준영,7
뷰티핸섬(BeautyHandsome),7
JJ Project(제이제이 프로젝트),7
브라운브레스(Brownbreath),7
칵스(THE KOXX),7
조준프로젝트,7
유앤러브앤마마(YouAndLovE & MAMA),7
안경은오형,7
듀크(Duke),7
Janis Ian(재니스 이안),7
Le Blanc & Carr(르 블랑 & 카),7
John Pizzarelli(존 피자렐리),7
조윤성,7
최영준 [체스],7
플랩(Flap),7
와이케이(YK),7
Kelly Clarkson(켈리 클락슨),7
천상혁,7
아이리쉬 커피(Irish Coffee),7
김원준,7
서후,7
씨에스피(CSP) [크리스피 크런치],7
유정균 [세렝게티],7
허쉬(Hush),7
파파야(Papaya),7
PK 헤만(PK Heman),7
벗님들,7
정민경 ['2010],7
애프터 레인(After Rain),7
피플 크루(People Crew),7
더 그랜드(The Grand),7
소리헤다,7
애시드 하이(Acid high),7
데프콘(Defconn),6
윤대장,6
대호(Daeho),6
네임리스(Nameless),6
돈 스파이크,6
피타입,6
대성,6
낯선(Nassun),6
대니 정(Danny Jung),6
닥터 레게(Dr. Reggae),6
김승후,6
우재,6
김준수,6
윤스 다이어리(Yoon's Diary),6
김지연,6
동방신기,6
은표,6
피비스(PB's),6
염따(YumDDa),6
윤서진 [Jazz],6
김재석 [원티드],6
파탈(擺脫/Fatal),6
다람(Daram),6
렌(Len),6
오키(Oki),6
오소영,6
규원,6
김소정,6
김동욱,6
정하윤,6
파스텔블루(Pastel Blue),6
자람 프로젝트(Jaram Project),6
이가희,6
셀로판리버(Cellophane River),6
애쉬(Ash),6
Mike Goudreau & Friends,6
알비-프리 코드 콤비네이션(rb-free code combination),6
Merian 프로젝트,6
블랙펄(Black Pearl),6
Maximilian Hecker(막시밀리안 헤커),6
제이레이디즈(J.lady's),6
최성원,6
살찐고양이,6
이주미,6
샘 리(Sam Lee),6
아이라인(Eyeline),6
이진성 [먼데이 키즈],6
Jackson Browne(잭슨 브라운),6
G.O(지오) [엠블랙],6
배따라기,6
소유(So-U),6
Five(파이브),6
손호영,6
Enrico Pieranunzi(엔리코 피에라눈치),6
수지 [miss A],6
Daniel Powter(다니엘 파우터),6
일단은 준석이들,6
쉐로(Cherot) [블루아일리즈],6
슌(Shoon),6
BoM(비오엠) ,6
지애 [태사비애],6
임주연,6
2YOON(포미닛 투윤),6
시베리안허스키(Siberian Husky),6
Oe,6
김태영,6
한지혜 ,6
마리앤베리(Marie'n Berry),6
문샤이너스(Moonshiners),6
이병우,6
태빈(Taebin),6
무한걸스,6
이동건,6
이덕진,6
반광옥,6
걸(Girl),6
바닐라 유니티(Vanilla Unity),6
마르코(Marco) [힙합],6
바른생활,6
Tobias Gebb,6
박소윤,6
제이로직(Jay Logic),6
에스제이(SJ) [Jazz],6
궐(Geol),5
강준하,5
David Sanborn(데이빗 샌본),5
인디언 수니(Indian Soonie),5
피아노(Piano) [남자듀오],5
이덕진 프로젝트 밴드,5
Christina Aguilera(크리스티나 아길레라),5
일렉 쿠키(Elec Cookie),5
강산에,5
5mg,5
히나인(Heenain),5
11월,5
유니,5
플랜더블유(Plan.W),5
한소현,5
유승우,5
가이아(Gaia) [아트록],5
Sara Bareilles(사라 바렐리스),5
Michael Jackson(마이클 잭슨),5
Shay(셰이),5
Mambo Zombies,5
한효주 With 브로콜리너마저,5
김용준 [SG 워너비],5
재즈오텍(Jazzotheque),5
이보람 [씨야],5
한스밴드(Han's Band),5
이지라이프(Ez-Life),5
Keri Noble(케리 노블),5
Josh Groban(조쉬 그로반),5
JYP Nation(제이와이피 네이션),5
홍갑,5
김재중,5
GRAY(그레이) [힙합],5
그레이스(Grace),5
이정열,5
슬림(S.L.I.M),5
박강수,5
태원(TaeOne),5
오윤혜,5
주석(Joosuc),5
레드락(Red-Roc),5
소수빈,5
세인트(Saint),5
로꼬(Loco),5
조현아 [어반자카파],5
제시(Jessi) [럭키제이],5
성진우,5
천사(1004),5
성수진,5
선우정아(Sunwoojunga),5
아서라 이그(Asra IG),5
아이니(i-ny),5
최백호,5
티라미슈,5
사운드샤워(Sound Shower),5
최진영 [SKY],5
아프로디노(Afrodino),5
치즈가몽키(Cheeze Ga Monkey),5
비다로카(Vida Loca),5
몽실이 시스터즈,5
키미 피에스타(Kimy Fiesta),5
부티끄 나인(Boutique 9),5
애니밴드(Anyband),5
미스티 아이드 걸(Misty-Eyed Girl),5
버나드박,5
크레파스,5
코코넛(Coconut),5
크라운 제이(Crown J),5
라이머(Rhymer),5
세하(Seha),5
진보(Jinbo),5
니콜,5
지니(Geenie),5
지민 [곽지민],5
달총 [CHEEZE],5
더 씨야(The Seeya),5
파란(Paran),5
더하이라이츠(The Hi-Lites),5
달어쿠스틱(Dalacoustic),5
틴틴 파이브,5
지울(Jiwl),5
스타리-아이드(Starry-Eyed),5
펑키 브라운(Funky Brown),5
슈가(Sugar),5
우탄(Wu-Tan),5
신조음계(Sinzo Eumke),5
시보롱보롱(Siborongborong),5
프라이머리 스코어(Primary Score),5
시나코완 트리오(SinaKowan Trio),5
베베미뇽(BeBe Mignon),4
앤비(N.B),4
시계태엽오렌지(Orange Clockwork),4
M.I.S(Made In Soul) ,4
앰프(Amp),4
케미(Kemi),4
45알피엠(45RPM),4
스피카(SPICA),4
Ruby Star(루비스타),4
브롤리(Brolly),4
베니(Venny),4
Priscilla Ahn(프리실라 안),4
백현수(Baek Hyun Soo),4
Polaris 이정민,4
Placido Domingo(플라시도 도밍고),4
시애나(Siaena),4
허윤아,4
Peggy Lee(페기 리),4
조동진,4
Lyrical D,4
이지(EG),4
사계절 정원,4
Gregory Alan Isakov,4
Desert Wind Saxophone Quartet,4
진호,4
장기호(Kio),4
차지연,4
손지연,4
싸지타(Sagitta),4
창고,4
이현도(=D.O),4
채영재,4
지현우,4
소요,4
신촌 블루스,4
줄리엣(Juliet),4
LPG Loves 래피,4
셰인(Shayne),4
박솔 [솔루션스],4
Ilona(일로나),4
지현,4
스왈로우(Swallow),4
챔프온뮤직(Champon Music),4
Jinny,4
아마도이자람밴드,4
서은,4
Awa(아와),4
인디언 팜(Indian Palm),4
스페이스카우보이(Space Cowboy),4
해바라기,4
윈디시티(Windy City),4
박성신,4
하모하모(Hamohamo),4
라임어택(RHYME-A-),4
하늘달리기,4
김란영,4
러브송(Love Song),4
러브시티(LoveCity),4
하늘해,4
트랜스픽션(Trans Fixion),4
길건,4
티아(Tia) ,4
레이지본(Lazybone),4
레일로드(Railroad),4
트래져 아일랜드,4
제아(브라운 아이드 걸스) ＆ 지오(엠블랙),4
류시원,4
리나(Lina) [발라드],4
리디아(Lydia),4
티라미스(Tiramisu),4
피리과(Pirigwa),4
링크(Link),4
우연주,4
김하늘(로티플 스카이),4
나미,4
내일 (2011),4
워킹 디스 플래닛(Walking This Planet),4
플라스틱 케이스(Plastic Case),4
팔로(FarLaw),4
더 비(The Bee),4
더 자두(The Jadu),4
슬로우잼(Slow Jam),4
김완선,4
정태우,4
김신우,4
돕선(Dopesun),4
플랫핏(Flat Feet),4
디갈로(Degalo),4
오후(5Who),4
이규호,4
연진,4
엘피지(LPG),4
메이다니(Maydoni),4
뮤직페이스,4
마끼아또,4
얼스(Earls),4
미스틱 퍼즐(Mystic Puzzle) ,4
미씽 아일랜드(Missing Island),4
가내수공업,4
이상우,4
어쿠스틱 콰이어,4
미키드(에어플레인),4
클로버(Clover),4
민들레 [가요],4
이선행(Sunhang Lee),4
장현승 [비스트],4
프롬유(From. U),4
박꽃별,4
모노리드(Monolead),4
티아라(소연),4
타이푼,4
고니,4
마스코타 블루(Mascota Blue),4
마이티 코알라,4
매슬로(Maslo),4
핑크 엘리펀트(Pink Elephant),3
차수경 [Daisy],3
힐링미(Healing Me),3
하늘樂(락) 프로젝트,3
하이브리파인(HybRefine),3
타코앤제이형(Tako & J Hyung),3
홀린(Hlin),3
최고은,3
플라스틱 피플(Plastic People),3
허밍제이(Humming.J),3
지마스타(G-Masta),3
장지영,3
코코어(Cocore),3
태완(C-Luv),3
태사자,3
태륜,3
주주 클럽(Juju Club),3
제펫(Jeppet),3
카이,3
제이심포니(J-symphony),3
재즈파크 빅밴드(Jazzpark Bigband),3
제드(Jed),3
황세옥,3
황미영,3
플레이밍 스타(Flaming Star),3
지훈(Zi Hoon),3
제인(Jane),3
칸토 [트로이],3
홍은희 [배우],3
정혜민 [가비앤제이],3
제이투엠(J2M),3
(핫펠트)예은 [원더걸스],3
달파란,3
아티슨비츠(Artisan Beats),3
어느하루,3
김성규 [인피니트],3
앤썸(Anthem),3
Patrick Smith,3
바람꽃,3
안은정,3
아이씨사이다(Icycider),3
뮤직스트릿,3
박정은,3
SS501,3
아웃포스트(Outpost),3
박혜민,3
아날로그숲(ANALOgSOOp),3
김목경,3
New Jack,3
임영일,3
배철수,3
엑스오(XO),3
옆집 남자(A Boy Next Door),3
여훈민,3
Mia Doi Todd(미아 도이 토드),3
엠쓰리(M3),3
명인희,3
엑스틴(X-Teen),3
김종환,3
어퍼스케리(Aposcary) ,3
모노(Mono),3
김종찬,3
김종서,3
에니악(Eniac),3
몽키즈(Monkeyz),3
Morten Harket(모튼 하켓),3
배장은 트리오(Jangeun Bae Trio),3
백지웅,3
만쥬한봉지,3
고은(Goeun),3
새바람이 오는 그늘,3
스위티(Swi.T),3
스니커버드(Sneaker Bird),3
숨의숲,3
서진영,3
고재근,3
개구장애,3
스프링쿨러(Sprinkler),3
수연,3
수니(Soonie),3
선율(旋律) [발라드],3
소소한 프로젝트,3
게으른 오후,3
솔리스트(Soliste),3
사랑을 만드는 사람들,3
스피넬(SpinEL),3
범키,3
VEN(벤) [힙합],3
변재원,3
브레이브걸스(Brave Girls),3
심신,3
블랙넛(Black Nut),3
Tommy Bolin(토미 볼린),3
신태권,3
신문희(Moony),3
간종욱,3
신고은,3
가다,3
가리온(Garion),3
빌리브(V.elieve),3
삐삐밴드,3
가비퀸즈(Gavy Queens),3
매드 소울 차일드(Mad Soul Child),3
에세이(sA'),3
오태호,3
데일리노트(DailyNote),3
원택,3
마로니에 걸즈(Maronie Girls),3
리트머스(Litmus),3
유니파이밴드(Uni-Fi Band),3
유소라,3
나인 스트릿(9th STREET),3
이이언(eAeon),3
유익종,3
이우창,3
BGH4,3
윤사라,3
이어부스(Earbooth),3
GMB,3
GD X TAEYANG,3
디스토리(D.Story),3
네오 트래디셔널 재즈 트리오(Neo Traditional Jazz Trio),3
디제이 렉스(DJ Wreckx),3
뉴튼(Newton),3
라킨라드(LaKinRad),3
마리서사(Mary 敍事),3
동요나라,3
6月엔 UFO가 온다,3
마이노스(Minos) [이루펀트],3
마일스톤(Milestone),3
임성은,3
원우 [알앤비],3
나몰라 패밀리 TKO,3
11시11분,3
더 스토리(T.H.E. Story),3
데니안(Ahn Danny),3
마술모자 퍼레이드,3
마지못해민트초코,3
나몰라패밀리N,3
데니스 프로젝트(Denis Project),3
김경민 [재즈],2
티블루(T-Blue),2
디즈(Deez),2
티삼스,2
비트윈어스(Between Us),2
비트겐슈타인(Wittgenstein),2
카말(Kamaal),2
티모시,2
추천음악프로젝트,2
비오아이(B.O.I),2
니케아(Nickea),2
디피(DP),2
디헤븐,2
소울맨 앤 마이노스(Soulman & Minos) ,2
세도나,2
고두림,2
파이브돌스(F-ve Dolls),2
서엘(SEOEL),2
초콜릿 소울(Chocolate Soul),2
도트(Dot),2
하이진(Hyejin),2
더폼프로젝트(The ForM Project),2
하마가파우치(Hamagapouch),2
더 준(The Jun),2
다나 더 그레이스,2
최선배,2
공CD,2
"하이 미스터 메모리(Hi, Mr. Memory)",2
티티마(T.T.Ma),2
드로플렛(Droplet) [리퀴드],2
성태,2
트레스패스(Trespass),2
케이준(K Jun),2
랍티미스트(Loptimist),2
프라이머리 스쿨(Primary Skool),2
피쉬(Fish) [락],2
김새한길,2
나무자전거,2
김성재,2
토스티(Toastie),2
민트그레이(Mintgray),2
달콤(Dalkom),2
마리오(Mario),2
모닝(Morning),2
태하,2
로퀜스(Loquence) ,2
멘사(Mensa),2
메인 스트릿(Main Street),2
메이트리(Maytree),2
마인드 컴바인드(Mind Combined),2
김준선(Kim June Sun),2
메이커슬(Makustle),2
꽃별(Ccotbyel),2
매직플로우(Mazik Flow),2
김창완,2
나폴레옹 다이나마이트(Napoleon Dynamite),2
김사월X김해원,2
펜토(Pento),2
높은음자리,2
벨벳글로브(Velvet Glove),2
레이디 컬렉션(Lady Collection),2
김동욱 (2011),2
레인보우 커피(Rainbow Coffee),2
레트로 바이러스(Retro Virus),2
케이넌(Canaan),2
꽃미남 주식회사,2
배다해,2
누빔,2
김민지 [보이스코리아],2
피에스타(FIESTAR),2
네이쳐(Nature),2
박태영 [보이스 코리아],2
김바다,2
로스 아미고스(Los Amigos),2
필베이(Feelbay),2
쿼트로코드(Quattro Code),2
김사월,2
로켓트리(Rockettree),2
박경원,2
채동하,2
슈퍼주니어-Happy,2
갱생 프로젝트(Rebirth Project),2
제이티엘(JTL),2
원준희,2
정일영,2
ILLIONAIRE RECORDS(일리네어 레코즈),2
우수(Woosoo) [남성솔로],2
왓위민원트(What Women Want),2
정혜원,2
오석준,2
오! 부라더스(Oh! Brothers),2
여하,2
엔젤(Enjel) [채은정],2
에이알티(A.R.T),2
헤븐노우즈(HeavenKnows),2
솔리스츠(Solist),2
Sendyou,2
젠(Zen),2
어반플래닛(Urbanplanet),2
조갑경,2
양수경,2
조동익,2
애쉬(Ash) [R&B;],2
알엔제이(R&J;),2
안상수,2
조윤채,2
조은경,2
아스트로비츠(Astro Bits),2
아가싱즈,2
홍인성,2
유영진,2
홍채린,2
화나(FANA),2
3월의 토끼,2
장기하,2
인소윤,2
희영(Hee Young),2
익사이트(Excite),2
9초(Nine Seconds),2
A.T(에이티),2
휴먼레이스(Human Race),2
이예준,2
이아레,2
효린 [씨스타],2
이상민 ,2
이부영,2
이병헌 [배우],2
BNR(Brand New Radio),2
황혜정,2
이능룡,2
이뉴(Enue),2
이나래 [알앤비],2
Delicat X Stally,2
음란소년,2
은초(Eun Cho),2
은비 [발라드],2
전철,2
윤미래 with 타이거JK & 비지,2
씽 하모니(Xing Harmony),2
어쿠스틱 코어(Acoustic Core),2
소울컴퍼니(Soul Company),2
감성파장,2
진운,2
진선(JinSun),2
써클(Circle),2
강촌사람들,2
술제이 인 어메이징 뮤직(Sool J In Amazing Music),2
Taku & Goro(타쿠 앤 고로),2
해금,2
준잭(Jun Jack),2
지요(G.Yo),2
송희원,2
감성다락방,2
Unlimit,2
지오(Geo) [일렉트로니카],2
갈릭스(Garlixx),2
WHOwho(후후),2
시노(Cino),2
시울,2
Yerim,2
진원,2
싱스(Sings),2
Silvio Rodriguez(실비오 로드리게즈),2
송크라이(SongCry),2
해빗(Habit),2
개인플레이(Gainplay),2
죠앤(Joanne),2
주보라,2
송용창 쿼텟,2
씨리얼(C-Real),2
노룬산 프로젝트,1
곽윤찬 With Brian McKnight,1
Eva(에바),1
한강의 기적,1
개코,1
노블레스 ＆ 어쿠스틱콜라보 ,1
노바소닉(Novasonic),1
팝레코드하우스(Pop Record House),1
권병호,1
Fool's Garden(풀스 가든),1
내가그린(Naega Green),1
다혜,1
권성연,1
권영찬,1
Youn Woo Park Trio(박윤우 트리오),1
나오미(Naomi),1
권은지 [Ballad],1
D. Pec,1
고서이,1
포니테일(Ponytail),1
팝시클(Popsicle ),1
다소니(Dasoni),1
BB.BOYS(비비 보이즈),1
다섯손가락,1
다이브인투유(Dive Into You),1
후레쉬 보이즈(Fresh Boyz),1
후(吼/Hoo),1
효빈,1
고호경,1
한국인 [우주히피],1
GOT7,1
골든팝스(Golden Pops),1
4번출구,1
팻두(FatDoo),1
강백수,1
다이스(D.I.C.E),1
Club505(클럽505),1
다이아(Dia),1
니모(Ne;MO),1
황보(Hwang Bo),1
푸푸엘라(PoohPuella),1
김명주,1
Gazebo(가제보),1
김도연 [인디],1
김정은,1
김영훈,1
김수근,1
김송이,1
김소리,1
김남길,1
플레이트(Plate),1
OK PUNK!,1
Susan Boyle(수잔 보일),1
PD블루,1
하루(Haru) [여성],1
피아(Pia),1
피아노 I,1
Goodbye Sadness 구정현,1
Red Velvet(레드벨벳),1
하라소라(Harasora),1
김동완,1
S.M. THE BALLAD,1
김보령,1
김범룡,1
김박첼라,1
허니 패밀리(Honey In Honey Family),1
김만희 [CCM],1
Savina Yannatou(사비나 야나투),1
햇빛촌,1
김민기,1
김정호,1
김규민,1
Mondo Grosso(몬도 그로소),1
헤윰(Heyum),1
한채윤 [인디],1
길 (Of 리쌍),1
Jackie Allen(재키 알렌),1
Script(스크립트),1
나몰라패밀리 JW,1
하예나,1
Julienne Taylor(줄리언 테일러),1
혜이니(Heyne),1
Ku Il Oh Trio(쿠일오 트리오),1
형용돈죵 (정형돈 & G-Dragon),1
형돈이와 대준이,1
Lenka(렌카),1
하상규,1
김현주,1
하비티(HavyT),1
MJ(써니사이드),1
프리픽스(Prepix),1
김창남,1
김진엽,1
Masta Wu,1
길구봉구,1
헬프미(Help Me),1
Michael Bolton(마이클 볼튼),1
헨미(Henmi),1
헨리(Henry),1
홀리 가든(Holly Garden),1
임현기,1
더 골드(The Gold),1
조이프로젝트(ZOY Project),1
심수봉,1
심재준,1
썸머드레스(Summer Dress),1
쏠라티(Solati),1
죠리(Joe Rhee),1
씨비 매스(CB Mass),1
씨팍(Ssipak),1
아라 [인디],1
아루앤폴(Aroo N Paul),1
아이돌(Idol),1
심성락,1
아카시아(AcAciA),1
알케미스트(R★Chemist),1
애인(Ayn),1
어느새,1
조PD VS. Postino,1
어바날로그(Urbanalog),1
에네스 그레이(Eness Gray),1
에스진(S.Jin),1
제이엔씨(JNC),1
준(June),1
신지,1
더 버드(The Bird),1
슈퍼스타 K 2,1
채환,1
소울 트로닉(Soul Tronik),1
소호대,1
찬스(Chance),1
솔튼페이퍼(SALTNPAPER),1
솜사탕,1
송영주(JuJu Song),1
수와 진,1
수정선,1
스타아트(Starart),1
쥬비(Jubi),1
스텔라(Stellar),1
스패로우,1
스피캣(Speakat),1
지서련,1
시진,1
지니어스디(Genius D),1
신건,1
신도영,1
신소희,1
에이블(A-ble),1
에이투씨(A2C),1
엘리카(Elika),1
이성우 [나잇어클락],1
이경현,1
이규호(Kyo),1
이동원,1
쟈스민 [알앤비],1
잼(Zam),1
이매진(I:magine),1
이상엽,1
이상의날개,1
이상한 나라의 달리스,1
이영준,1
엠&엔(M&N;),1
이예린 [인디팝],1
이주원,1
장미하관 (노홍철 & 장미여관),1
이츠(it's),1
이혁 [노라조],1
익스(Ex),1
인공위성,1
인피니트 F,1
임상아,1
전영세 트리오,1
전자양,1
윤제(Yunje),1
윤성기 [휴먼레이스],1
제이니루즈(Zany Rouge),1
엠씨 메타와 디제이 렉스(MC META & DJ WRECKX),1
연륜,1
오르프제겐 뮤직,1
오수민,1
정형돈,1
오프스텝(Off Step),1
올드피쉬(Oldfish),1
우노(Uno) [댄스팝],1
우림프로젝트,1
우주빌리브러브(UZU Believe Luv),1
우효(Oohyo),1
정재원(a.k.a 적재),1
위치스(Witches),1
유근호,1
유승찬,1
유영석,1
유채영,1
유하은,1
성심당 악단,1
선우 ,1
선데이 시크릿,1
태무,1
투 로맨스(To Romance),1
리브가,1
리코(Rico),1
마스터 케이지(Master Kz),1
터치(Touch),1
마이노스 인 뉴올(Minos In Nuol),1
마이콜(Mycoll),1
마지막 토스트(Lastoast),1
망각화,1
태군,1
미드나잇 램프,1
메건리(Megan Lee),1
타이키즈(Tykeys),1
타이(Tie),1
메이크라인(Makeline),1
모노 다이어리(Mono Diary),1
모모(Momo) [여성],1
몸과마음,1
문선(Moonsun),1
미남오빠,1
류석원,1
룸메이트(Roommate),1
투아(TOA),1
로빈이 토끼란 사실을 알고 있었나?,1
파이브(F-IV),1
더 카(The Car),1
더 크래용스(The Crayons),1
파리돼지앵(정형돈 & 정재형),1
데미안더밴드(DEMIAN THE BAND),1
티지어스(Tgus),1
티엘(T.L) [Acoustic],1
디스코트럭,1
라디오맨,1
락스톤(Rockstone),1
량현량하,1
레시피밴드(Recipe Band),1
트라이엄프(Triump),1
로맨티스코(Romantisco),1
로맨틱 모먼트(Romantic Moment),1
로맨틱 사운드 드라이브(Romantic Sound Drive),1
투엑스(Two X),1
로맨틱 소울(Romantic Soul),1
로빈(Robbin),1
미노(Mino) [프리스타일],1
믹스프레소(Mixpresso),1
서지영,1
비육일이(B612),1
베베퀸,1
베이식(Basick),1
캐비넷 싱얼롱즈(Cabinet Singalongs),1
브이(V) [프로젝트그룹],1
블랙 스트라이크(Black Strike),1
블루 샤벳(Blue Sorbet),1
카모(Kamo),1
블루 스프링(Blue Spring),1
블링 더 캐쉬(Bling The Cash),1
비즈니즈(Bizniz),1
클레오(Cleo),1
최한솔,1
최지훈 트리오,1
빨간머리앤,1
사람과 나무,1
최신인기동요,1
사탕고래,1
최성수,1
샛별,1
서브웨이(Subway),1
커프러버튼(Couple Of Button),1
커피브로스(Coffee Bros),1
번아웃하우스,1
백재아,1
민트비(Mint.B),1
민해경,1
클라우댄서(Cloudancer),1
바닐라 루시(Vanilla Lucy),1
바다새,1
크리스탈 [f(x)],1
바람을 가르고(Untouched Wind),1
바이 바이 배드맨(Bye Bye Badman),1
박강성,1
박남정,1
박신혜 [배우],1
쿤타(Koonta),1
박정아,1
코튼 팩토리(Cotton Factory),1
박정희,1
코인,1
방용국,1
코멘트라이즈(Commentlize),1
배장은,1
무가당(舞歌黨),1
