﻿Title,Artist,cnt
우산 (feat. 윤하),에픽 하이(Epik High),43.0
Rain Drop,아이유(IU),43.0
애상,쿨(COOL),42.0
정,영턱스클럽(YTC),41.0
바람이 분다,이소라,40.0
체념,빅마마(Big Mama),40.0
"너에게 난, 나에게 넌",자전거 탄 풍경,39.0
낙원 (feat. 이재훈),싸이(Psy),39.0
"헤어지지 못하는 여자, 떠나가지 못하는 남자 (feat. 정인)",리쌍(Leessang),38.0
뜨거운 안녕 (feat. 성시경),싸이(Psy),38.0
죽일 놈 (Guilty),다이나믹 듀오(Dynamic Duo),38.0
강남스타일,싸이(Psy),37.0
사랑.. 그 놈,바비 킴(Bobby Kim),36.0
Boogie On & On,빈지노(Beenzino),36.0
Bubble Pop!,현아 [포미닛],35.0
사진을 보다가,바이브(Vibe),35.0
Go Away,투애니원(2NE1),35.0
사랑은 봄비처럼... 이별은 겨울비처럼,임현정,33.0
Second First Date (feat. Ritha K) (Bonus Track From Jazz Set),디제이 아키(DJ AKI),33.0
보고 싶다,김범수,32.0
여름날 (feat. 페퍼톤스 신재평),유희열,31.0
Roly-Poly,티아라(T-ara),31.0
너랑 나,아이유(IU),31.0
좋은 날,아이유(IU),31.0
내게 오는 길 (Bonus Track),성시경,30.0
Aqua Man,빈지노(Beenzino),30.0
비가 오는 날엔,비스트(Beast),30.0
고래의 꿈 (Falling In Love Again) (feat. 김영근 - Bobby'S Father),바비 킴(Bobby Kim),28.0
Diva,애프터 스쿨(After School) ,28.0
Tonight,BIGBANG,28.0
Can't Nobody,투애니원(2NE1),27.0
장마,정인,27.0
3!4!,룰라(Roo'Ra),26.0
Trouble Maker,트러블메이커(Troublemaker),26.0
"씨스루 (feat. 개코, Zion.T)",프라이머리(Primary),26.0
여름 밤 탓,슈가볼(Sugarbowl),26.0
별빛달빛,시크릿(Secret),25.0
왜불러,디바(Diva),23.0
소주 한 잔,임창정,23.0
심장이 없어,에이트(8Eight),23.0
어땠을까 (feat. 박정현),싸이(Psy),23.0
그땐 그땐 그땐,슈프림팀(Supreme Team),23.0
살다가 한번쯤,포맨,23.0
비와 당신 (영화 '라디오 스타 '삽입곡),럼블 피쉬(Rumble Fish),23.0
여전히 아름다운지 (feat. 김연우),토이(Toy),23.0
사랑은 언제나 목마르다,유미,23.0
사랑... 그게 뭔데,양파,23.0
순정(純情) (London Boys의 I'm Gonna Give My Heart 전주 인용),코요태,22.0
With Coffee...,브라운 아이즈(Brown Eyes),22.0
비오는 압구정,브라운 아이즈(Brown Eyes),22.0
Gee,소녀시대,21.0
아이스크림,MC 몽,21.0
꿍따리 샤바라,클론(Clon),21.0
Love Blossom (러브블러썸),케이윌(K.Will),21.0
My Soul,줄라이(July) [뉴에이지],21.0
FANTASTIC BABY,BIGBANG,20.0
오아시스 (feat. 이재훈),브라운 아이드 걸스,20.0
안녕이라고 말하지마,다비치,20.0
자니 (feat. Dynamic Duo),프라이머리(Primary),20.0
미워요,정인,20.0
사랑은 은하수 다방에서,10cm(십센치),20.0
사랑하기 때문에,유재하,20.0
그런 사람 또 없습니다,이승철,20.0
Rain,이적,20.0
밤하늘의 별을.. (With KCM & No Noo),양정승(Kiroy Y),19.0
홀로 (feat. 김나영),정키(Jung Key),19.0
결혼까지 생각했어,휘성,19.0
해변의 여인,쿨(COOL),19.0
사랑한다는 흔한 말,김연우,19.0
Rain,박혜경,19.0
"Love (feat. Bumkey, Paloalto)",프라이머리(Primary),19.0
바람났어 (feat. 박봄),GG(박명수 & G-Dragon),19.0
Officially Missing You,긱스(Geeks),19.0
같이 걸을까,이적,19.0
내가 너의 곁에 잠시 살았다는 걸,김연우,19.0
기억을 걷는 시간,넬(Nell),19.0
Summer Dance,이정현,19.0
"어떤 날도, 어떤 말도",Lucia(심규선),18.0
나만 모르게 (feat. T),슈프림팀(Supreme Team),18.0
그 해 여름,인피니트(Infinite),18.0
가슴 시린 이야기 (feat. 용준형 Of Beast),휘성,18.0
아름다운 밤이야,비스트(Beast),18.0
Rainy Day,러브홀릭(Loveholic),18.0
신나? (우리가 누구?) (feat. Lisa),다이나믹 듀오(Dynamic Duo),18.0
여우야(女雨夜),더 클래식(The Classic),18.0
빗소리,윤하(Younha/ユンナ),18.0
I'm In Love (Piano RMX),라디(Ra.D),18.0
너를 위해,임재범,18.0
압구정 날라리,처진 달팽이(유재석 & 이적),18.0
잔소리 (With 2AM 슬옹),아이유(IU),18.0
Midnight (별 헤는 밤),비스트(Beast),18.0
말 좀 해줘 (feat. Soulman),슈프림팀(Supreme Team),18.0
우리 비 그치면 산책할까?,스웨터(Sweater),18.0
립스틱 (Lipstick),오렌지캬라멜(Orange Caramel),18.0
바람이 불어오는 곳,제이레빗(J Rabbit),18.0
너 사용법,에디킴,18.0
옥상달빛,옥상달빛,17.0
비처럼 음악처럼,김현식,17.0
말해줘 (feat. 엄정화),지누션(Jinusean),17.0
바래진 기억에,박지윤,17.0
STEP,카라(Kara),17.0
Gentleman,싸이(Psy),17.0
I Believe (엽기적인 그녀 O.S.T),신승훈,17.0
안아줘,정준일 [메이트],17.0
거리에서,성시경,17.0
I Don't Care,투애니원(2NE1),17.0
Promise U,바이브(Vibe),17.0
출첵 (feat. 나얼 Of Browneyed Soul),다이나믹 듀오(Dynamic Duo),17.0
안녕 나의 사랑,성시경,17.0
이름 없는 거리 이름 없는 우리,이아립,17.0
365일,알리(Ali),17.0
Festival,엄정화,16.0
망설이지 마요,몽니(Monni),16.0
내꺼하자,인피니트(Infinite),16.0
Hot Issue,포미닛(4minute),16.0
우울한 편지,나얼(Na-Ul),16.0
사랑해 U,서인국,16.0
Nike Shoes (feat. Dynamic Duo),빈지노(Beenzino),16.0
벌써 일년,브라운 아이즈(Brown Eyes),16.0
첫 이별 그날 밤,아이유(IU),16.0
한 여름밤의 꿈,나얼(Na-Ul),16.0
Missing You,플라이 투 더 스카이(Fly To The Sky),16.0
한사람을 위한 마음,럼블 피쉬(Rumble Fish),16.0
별사탕 (feat. 범키),이루펀트(Eluphant),16.0
불꽃놀이 (Fireworks),다이나믹 듀오(Dynamic Duo),15.0
Fly Away,장윤주,15.0
샐러드 기념일,허밍 어반 스테레오(Humming Urban Stereo),15.0
죽을 만큼 아파서 (feat. 멜로우),MC 몽,15.0
버스 안에서,자자(Zaza),15.0
illa illa (일라 일라),JUNIEL(주니엘),15.0
아오테아로아 (Song By 스윗소로우 & 김형준(SS501) & 정지영),이한철,15.0
만약에 말야 (전우성 Solo),노을,15.0
아틀란티스 소녀,보아(BoA),15.0
You Are My Lady,정엽,15.0
A,레인보우(Rainbow),15.0
이별의 맛,김범수,15.0
비오는 거리,이승훈 [발라드],15.0
동경소녀 (feat. 옥상달빛 김윤주),요조(Yozoh),15.0
팥빙수,윤종신,15.0
꽃보다 그대가 (Original ver.),영준 [Brown Eyed Soul],15.0
밥만 잘 먹더라,창민,15.0
친구라도 될 걸 그랬어,거미,15.0
Always Be Mine,어반 자카파(Urban Zakapa),15.0
편지,김광진,15.0
사랑합니다...,팀(Tim),15.0
Don't Be Afraid (feat. 하림),제이독(J-DOGG),15.0
천년의 사랑,박완규,15.0
다시 사랑한다 말할까,김동률,15.0
Style,라니아(Rania),14.0
삐딱하게 (Crooked),G-DRAGON,14.0
사람냄새,정인,14.0
까탈레나 (Catallena),오렌지캬라멜(Orange Caramel),14.0
B.B.B (Big Baby Baby),달샤벳(Dal★shabet),14.0
Summer Couple (태양은 가득히),문차일드(Moon Child),14.0
Ma Boy (마보이),씨스타19(Sistar 19),14.0
아이스크림 (Ice Cream),에프엑스(f(x)),14.0
오늘부터 1일 (Day 1),케이윌(K.Will),14.0
술 한잔 해요,지아(Zia),14.0
짧은 치마 (Miniskirt),에이오에이(AOA),14.0
설레임,청춘학개론,14.0
아빙아빙 (Abing Abing),오렌지캬라멜(Orange Caramel),14.0
청혼,노을,14.0
200%,악동뮤지션(AKMU),14.0
기분이 좋아,러브홀릭(Loveholic),14.0
그렇게 너를 사랑해 (전지현 CF삽입곡),자전거 탄 풍경,14.0
베짱이 찬가,써니힐(Sunny Hill),14.0
Hush (Party ver.),미쓰 에이(miss A),14.0
기억의 습작,전람회,14.0
소설같은 사랑,나비(Navi),14.0
그런 사람이기를,브라운 아이드 소울(Brown Eyed Soul),14.0
Summer Rain,불독맨션(Bulldogmansion),14.0
Mr.Chu (On Stage),에이핑크(Apink),14.0
그대 내품에,유재하,14.0
처음엔 사랑이란게,버스커 버스커(Busker Busker),14.0
More Than Words,오션(5tion),14.0
길,지오디(god),14.0
Speechless (Vanilla Soul Remix),클래지콰이(Clazziquai),14.0
I Love You,투애니원(2NE1),14.0
길에서 만나다,토이(Toy),14.0
선인장 (Acoustic ver.),에피톤 프로젝트(Epitone Project),14.0
말꼬리 (feat. 정준일 - Mate),윤종신,14.0
Abracadabra,브라운 아이드 걸스,14.0
아무도 모른다,캐스커(Casker),14.0
나의 옛날이야기,아이유(IU),14.0
그 중에 그대를 만나,이선희,14.0
와일드 (Wild),나인뮤지스(Nine Muses),14.0
Kiss할까요,성시경,14.0
1분 1초 (feat. 타루),에픽 하이(Epik High),14.0
시간이 흐른 뒤 (As Time Goes By),t윤미래,14.0
이별 참 못할 짓이더라,윤현상,14.0
촛불 하나,지오디(god),14.0
Love Day,양요섭 [비스트],14.0
마쉬멜로우,아이유(IU),14.0
매직 카펫 라이드,자우림(Jaurim),14.0
사랑은 비를 타고,씨엔블루(CNBLUE),14.0
사랑밖엔 난 몰라,써니힐(Sunny Hill),14.0
금요일에 만나요 (feat. 장이정 Of History),아이유(IU),14.0
썸 (feat. 릴보이 Of 긱스),소유,14.0
Tic Toc,매드 클라운(Mad Clown),14.0
끌림,공기남녀,14.0
그대네요 (duet with 아이유) (Bonus Track),성시경,14.0
"그 자리에, 그 시간에",성시경,14.0
한여름밤의 꿀,산이(San E),14.0
나의 사랑노래,조원선,14.0
정거장,김현정,14.0
벌써 1년,윤건,14.0
Only U,박효신,14.0
Viva 청춘,딕펑스(Dick Punks),14.0
기대해,걸스데이(Girl's Day),14.0
한여름날의 꿈 (duet with 옥주현),SG워너비,14.0
사랑이 지나가면,아이유(IU),14.0
무지개,루시드 폴(Lucid Fall),14.0
Love is coffee (맥심 광고 삽입곡),강균성 [노을],14.0
Just The Two Of Us,어반 자카파(Urban Zakapa),14.0
NoNoNo,에이핑크(Apink),14.0
그 여름날 (Live ver.),달콤한 소금,14.0
습관,롤러코스터(Rollercoaster),14.0
아파 (Slow),투애니원(2NE1),14.0
Hold The Line,조pd(ZoPD),14.0
Rachel,타루(Taru),14.0
Something,걸스데이(Girl's Day),14.0
취미는 사랑 (Album ver.),가을방학,14.0
봄날은 간다 - 영화 '봄날은 간다' 中에서,김윤아,14.0
봄 사랑 벚꽃 말고,하이포(HIGH4),14.0
Don't Call It Puppy Love,라이너스의 담요(Linus' Blanket),14.0
여름안에서 (Remix ver.),서연,14.0
첫사랑 자전거,아침(Achime),14.0
사랑해 바보야 (feat. 윤도현),강채이,14.0
그대에게,강아솔,14.0
사랑해 사랑해,2AM,14.0
Some Days I Forget,Gwyneth Herbert(기네스 허버트),14.0
듣고 있어?,스윙스(Swings),14.0
내겐 그대만 있으면 돼요 (Original Song. Herz Analog),어른아이(Adultchild),14.0
낭만 고양이,체리필터(Cherry Filter),14.0
들었다 놨다 (Love Actually),써니힐(Sunny Hill),14.0
넘버나인 (No.9),티아라(T-ara),14.0
Beautiful Day,바닐라 어쿠스틱(Vanilla Acoustic),14.0
Rainy Day (With 서영은),노블레스(Noblesse),14.0
좀 걷자 (feat. 개리),정인,14.0
흔들어 주세요,철싸(노홍철 & 싸이),14.0
사랑했던 이유만으로,빛과 소금,14.0
후유증,제국의아이들[ZE:A],14.0
Fixing A Broken Heart (맥스웰 하우스 조승우편),Indecent Obsession(인디센트 옵세션),14.0
Day By Day,애즈 원(As One),14.0
홍대앞에 눈이 내리면,윤건,14.0
Darling,걸스데이(Girl's Day),14.0
So Cool (쏘쿨),씨스타(Sistar),14.0
연인,김연우,14.0
고백,델리 스파이스(Deli Spice),14.0
열정 (Remake),코요태,14.0
화분 (커피프린스 1호점),러브홀릭(Loveholic),14.0
연애의 시작,이석훈 [SG워너비],14.0
Billie Jean,윈터플레이(Winterplay),14.0
화분 (알렉스 ver.) ('우리 결혼했어요' 삽입곡),알렉스(Alex) [클래지콰이],14.0
봄봄봄,로이킴,14.0
겁이 나서 (With 백지영),나윤권,14.0
연(捐),빅마마(Big Mama),14.0
"걷자, 집앞이야 (feat. 주예인)",스무살,14.0
우산,윤하(Younha/ユンナ),14.0
여행을 떠나요,SMTown,14.0
넋,40(포티),14.0
여행,올라이즈 밴드(All Lies Band),14.0
너의 의미 (feat. 김창완),아이유(IU),14.0
거짓말 거짓말 거짓말,이적,14.0
더 좋아,김지수,14.0
중독된 사랑,조장혁,14.0
여우야,성시경,14.0
바캉스 (Vacance),에프엑스(f(x)),14.0
복숭아,아이유(IU),14.0
My Love,이승철,14.0
그대만 있다면 (어느 멋진 날),러브홀릭(Loveholic),14.0
안을까 말까,of 비스트(윤두준 & 이기광 & 용준형),14.0
내 눈물모아,서지원,14.0
"Hello! Summer! (SMTown (강타, 문희준, Shoo, Fly To The Sky, BoA, Dana,)",플라이 투 더 스카이(Fly To The Sky),14.0
가끔 미치도록 네가 안고 싶어질 때가 있어,가을방학,14.0
빠빠빠,크레용팝(Crayon Pop),14.0
제주도의 푸른 밤,성시경,14.0
야생화,박효신,14.0
비의 랩소디 (Live),최재훈,14.0
Give It To Me,씨스타(Sistar),14.0
이 비가 그치면,도원경,14.0
단발머리 (Short Hair),에이오에이(AOA),14.0
농담 반 진담 반,슈가볼(Sugarbowl),14.0
애타는 마음,울랄라세션(Ulala Session),14.0
BUBIBU (Remix ver.),에이핑크(Apink),14.0
첫 데이트,스윗소로우(SWEET SORROW),14.0
"사이 (feat. 선예, 예은 Of Wondergirls & Pdogg)",에이트(8Eight),14.0
내 눈에는 (feat. 이재훈),싸이(Psy),14.0
러블리 데이,파니니(Panini),14.0
오랜만이죠 (feat. 신지수),라디(Ra.D),14.0
어떻게 하죠,뉴욕 러브 다이어리(Newyork Love Diry),14.0
으쌰! 으쌰!,신화,14.0
Special Day,린(LYn),14.0
Bad Girl Good Girl,미쓰 에이(miss A),14.0
"눈, 코, 입",태양,14.0
Bad Girl,비스트(Beast),14.0
비키니,별,14.0
굿모닝 (feat. 권정열 Of 10cm),버벌진트(Verbal Jint),14.0
어른아이,로지 피피(RossyPP),14.0
그랬나봐,김형중,13.0
Hot Summer,에프엑스(f(x)),13.0
반짝반짝 빛나는 (Song By 조예진),에피톤 프로젝트(Epitone Project),13.0
2시의 데이트,가인 [브라운아이드걸스],13.0
물망초,박새별,13.0
Hi Ya Ya 여름날,동방신기(TVXQ!),13.0
도시의 밤,소울라이츠(Soulights),13.0
우리 했던 이야기,제이레빗(J Rabbit),13.0
이럴거면,아이비(IVY),13.0
까만안경,이루(Eru),13.0
Can't Stop Thinking About You,야광토끼(Neon Bunny),13.0
아직도 사랑하는데...,린(LYn),13.0
비가 오는 날에는,파티스트릿(Party Street),13.0
처음 뵙겠습니다 (With 휘성),지나(G.NA),13.0
All For You,쿨(COOL),13.0
그럴 겁니다... 잊을 겁니다...,씨엔블루(CNBLUE),13.0
Summer Romance (feat. 소심한 오빠들),동경소녀,13.0
Picnic (feat. Sweet Sorrow),라이너스의 담요(Linus' Blanket),13.0
다시 태어나도 (duet with 에스더),김돈규,13.0
너와 함께 있음을,라디(Ra.D),13.0
노래가 늘었어,에일리(Ailee),13.0
Fiction,비스트(Beast),13.0
추억은 사랑을 닮아,박효신,13.0
비오는 날,루싸이트 토끼,13.0
파도,유엔(UN),13.0
Orange Blossom,타루(Taru),13.0
다시 사랑할 수 있을까 (With 박정은),포맨,13.0
Together,코요태,13.0
달빛바다,아이유(IU),13.0
좋을텐데,성시경,13.0
어떤가요?,이정봉(Lee Jung Bong),13.0
Night In Camp Nou (feat. 정엽),박주원,13.0
O My Baby,윤종신,13.0
Rain Drop (With G.고릴라),휘성,13.0
놀러와 (싱글즈),러브홀릭(Loveholic),13.0
여우비,쿨(COOL),13.0
사랑은 비를 타고 오네요,박혜경,13.0
입술이 달빛 (어쿠스틱 버전) (Bonus Track),소규모 아카시아 밴드,13.0
감기,이기찬,13.0
우리가 있던 시간,스웨덴세탁소,13.0
사랑 빛,씨엔블루(CNBLUE),13.0
Dream (feat. Supreme Team),제이(J.ae),13.0
기다리다,윤하(Younha/ユンナ),13.0
Love Affair,임창정,13.0
바다의 왕자,박명수,13.0
오래도록 고맙도록,브라운 아이드 소울(Brown Eyed Soul),12.0
On & On,써드코스트(3rd Coast),12.0
사랑일 뿐야 (feat. 김세황) (원곡가수 김민우),김연우,12.0
사랑해,스윗소로우(SWEET SORROW),12.0
바라만 봐도 좋은데,노리플라이(no reply),12.0
나와 같다면 (김장훈),김연우,12.0
태양은 가득히 (2007 New ver.),엠씨 더 맥스(M.C the Max),12.0
Love Girl (New ver.),씨엔블루(CNBLUE),12.0
타임포스트는 잊지 말아요,스웨터(Sweater),12.0
빗속에서,이문세,12.0
뿌요뿌요,유피(UP),12.0
라라라,SG워너비,12.0
사랑의 바보,더 넛츠(The Nuts),12.0
Give Love,악동뮤지션(AKMU),12.0
니가 싫어,어반 자카파(Urban Zakapa),12.0
I Need You,허각,12.0
이별 못한 이별 (내 이름은 김삼순),러브홀릭(Loveholic),12.0
빨래,이적,12.0
Love,조장혁,12.0
The Times Forgotten (춘천가는 기차),남예지,12.0
사랑은 맛있다 ♡,휘성,12.0
이쁜이,네미시스(Nemesis),12.0
Electric Shock,에프엑스(f(x)),12.0
Love Is So Amazing,제이레빗(J Rabbit),12.0
Loving U (러빙유),씨스타(Sistar),12.0
너에게.. 기대,메이트(Mate),12.0
죄와 벌,SG워너비,12.0
붉은 노을,BIGBANG,12.0
Brown City,브라운 아이드 소울(Brown Eyed Soul),12.0
손잡고 허밍 (With Yozoh),재주소년,12.0
꿈에선 놀아줘,루싸이트 토끼,12.0
Crush On You (feat. Swings),크러쉬(Crush),12.0
없는게 메리트,옥상달빛,11.0
Sad Waltz (Remastered),해브어티(Have A Tea),11.0
Gentle Rain,클래지콰이(Clazziquai),11.0
Chocoholic (feat. Swings),크루셜스타(Crucial Star),11.0
내가 제일 잘 나가,투애니원(2NE1),11.0
비행기,거북이,11.0
광화문연가,이수영,11.0
일상다반사,롤러코스터(Rollercoaster),11.0
"알로하, 기분 좋은 인사",우쿨렐레 피크닉(Ukulele Picnic),11.0
Sad Waltz,해브어티(Have A Tea),11.0
비오는 아침,재주소년,11.0
100%,도끼(Dok2),11.0
Beautiful,비스트(Beast),11.0
헤어지지 말자,고현욱,11.0
여름밤,재주소년,11.0
여름밤,헤르쯔 아날로그(Herz Analog),11.0
널 위한 노래,어쿠스틱 콜라보(Acoustic Collabo),11.0
너를 보내며,김민종,11.0
Right Now,싸이(Psy),11.0
본능적으로 (feat. Swings),강승윤 [WINNER],11.0
여름의 오후 (Album ver.),랄라스윗(lalasweet),11.0
여름이야기 (Original ver.),DJ DOC,11.0
비가 와요,이현우,11.0
"고속도로 로망스 (feat. 박효신, 윤도현, 김종국 & 조PD) (Acoustic ver.)",김장훈,11.0
Hello,샤이니(SHINee),11.0
소나기 (Original ver.),김장훈,11.0
High Tention,트랙 마켓(Track Market),11.0
아름다운 이별,김건모,11.0
사랑의 時,엠씨 더 맥스(M.C the Max),11.0
미녀와 야수 (OK? OK!),SAT,11.0
별 빛이 내린다,안녕 바다,11.0
꽃보다 그대가 (feat. Simon D),영준 [Brown Eyed Soul],11.0
기름 같은걸 끼얹나 (feat. 뎁 & Beenzino),버벌진트(Verbal Jint),11.0
천생연분 (Rave),솔리드(Solid),11.0
바다,유피(UP),11.0
별이 빛나는 밤에,바이브(Vibe),11.0
그냥 그렇게 (feat. 이주한),어반 자카파(Urban Zakapa),11.0
먼지가 되어,로이킴,11.0
빨주노초파남보,옥상달빛,11.0
한여름 밤의 꿈,어쿠스틱 콜라보(Acoustic Collabo),11.0
생각이 나,부활,11.0
Shall We Dance?,데이브레이크(daybreak),11.0
"다시 사랑한다면 (feat. 김보아, 맹지나, 전혜원)",하동균,11.0
하늘을 달리다,이적,11.0
마지막 사랑,박기영,11.0
이름이 뭐예요?,포미닛(4minute),11.0
Speechless,클래지콰이(Clazziquai),11.0
With Chocolate,브라운 아이드 소울(Brown Eyed Soul),11.0
보르헤스의 정원 (feat. 진호),론리 하츠 클럽(Lonely Hearts Club),11.0
바람기억,나얼(Na-Ul),11.0
우리 처음 만난 날,한희정,11.0
Without You,원타임(1TYM),10.0
Sweet Day,바람에 오르다,10.0
친구를 위해,더 블루(The Blue),10.0
푸른 바다의 전설 (inst.),공일오비(015B),10.0
별 짓 다해봤는데,알리(Ali),10.0
다시 와주라,바이브(Vibe),10.0
니가 참 좋아,쥬얼리(Jewelry),10.0
토요일 오후에,라즈베리필드,10.0
그 모든 진짜같던 거짓말,브로콜리너마저,10.0
She (feat. Beenzino),Zion.T,10.0
Touch My Body,씨스타(Sistar),10.0
화창한 봄날에 (feat. Kuan),제리케이(Jerry. K),10.0
소나기 (주르르루),버스커 버스커(Busker Busker),10.0
대화법,원 펀치(One Punch),10.0
I Do,비(Rain),10.0
정전기,캐스커(Casker),10.0
서쪽 하늘,울랄라세션(Ulala Session),10.0
나였으면,나윤권,10.0
점핑 (Jumping),카라(Kara),10.0
미술관 앞길,해이(Hey),10.0
Morning Glow (feat. Ritha K),디제이 아키(DJ AKI),10.0
그랬나봐 (Piano ver.),김형중,10.0
눈물나는 날에는,김연우,10.0
...사랑하나요!?,이승환,10.0
사랑했지만 (원곡가수 故김광석),김연우,10.0
좋아 (JOAH),박재범(Jay Park),10.0
4월에서 8월까지 (With. AG),키네틱플로우(K-Flow),10.0
I Luv U I Luv U I Luv U,신승훈,10.0
동화처럼,러브홀릭(Loveholic),10.0
Replay,김동률,10.0
이순간 이대로,브라운 아이즈(Brown Eyes),10.0
그대와 함께,몽니(Monni),10.0
멀어져 간다 (feat. 박창학),손성제,10.0
분홍신,아이유(IU),10.0
Lonely,투애니원(2NE1),10.0
지금 이 순간 (원곡가수 조승우),김연우,10.0
연애 (feat. Hanyi),프리 스타일(Free Style),10.0
완벽한 봄날 (feat. 소심한 오빠들),동경소녀,9.0
그녀는 날 사랑하지 않아 (Remastering ver.),제이벨(J BEL),9.0
보고싶어서 (Rainy ver.),윤종신,9.0
Idealistic Real,제이벨(J BEL),9.0
그녀는 날 사랑하지 않아,제이벨(J BEL),9.0
Let It Try,코요태,9.0
Long-D,야광토끼(Neon Bunny),9.0
1999 사랑 (부제: 흑야애(黑夜愛)),제이벨(J BEL),9.0
나쁜여자,레이디스 코드(LADIES' CODE),9.0
Today (feat. 김종완 Of Nell),G-DRAGON,9.0
닮은 사람,테이(Tei),9.0
보고싶은 날엔..,브이오에스(V.O.S.),9.0
"Kiss Me, Hold Me",러브홀릭(Loveholic),9.0
내가 니 편이 되어줄게 (feat. 하은),커피소년,9.0
뻔한 멜로디 (feat. Crush),Zion.T,9.0
Yo Soy Maria,라 벤타나(La Ventana),9.0
요즘 너 말야,제이레빗(J Rabbit),9.0
넌 달콤했어 (feat. 스웨덴세탁소),신세경,9.0
봉인해제의 밤,페이퍼컷 프로젝트(Papercut Project),9.0
결혼해 줄래 (feat. Bizniz),이승기,9.0
힘 내! (Way To Go),소녀시대,9.0
여행을 떠나요,이승기,9.0
거짓말,지오디(god),9.0
님은 먼 곳에,거미,9.0
널 생각해,원 모어 찬스(one more chance),9.0
Forever,안재욱,9.0
어쩌다,브라운 아이드 걸스,9.0
가리워진 길,유재하,9.0
으르렁 (Growl),EXO,9.0
Glory,클래지콰이(Clazziquai),9.0
이 노래,브라운 아이즈(Brown Eyes),9.0
빗속에서,존 박(John Park),9.0
내 맘이 안 그래,이승환,9.0
이뻐요,윤건,9.0
사랑한대 (With Windy),스탠딩 에그(Standing Egg),9.0
미소천사,성시경,9.0
새벽 4시,10cm(십센치),9.0
Sorry,원더걸스(Wonder Girls),9.0
Prelude,에피톤 프로젝트(Epitone Project),9.0
Something Special,어반 자카파(Urban Zakapa),9.0
Sunshine,짙은(Zitten),9.0
그런가봐요...,브이원 (V.One),9.0
Something Good,자우림(Jaurim),9.0
기억나지 않는 새로운,제이벨(J BEL),9.0
A Walk In The Rain,Michael Franks(마이클 프랭스),9.0
사랑해,김우주,9.0
Somethin' Stupid (With Nicole Kidman) (캐논 EOS 550D 광고) (Remake ver.),Robbie Williams(로비 윌리암스),9.0
Take Out,가인 [브라운아이드걸스],9.0
Signal Waltz,라이너스의 담요(Linus' Blanket),9.0
Officially Missing You,Tamia(타미아),9.0
미행,나윤권,9.0
입술이 달빛,소규모 아카시아 밴드,9.0
있잖아 (Rock ver.),아이유(IU),9.0
처음처럼 그때처럼 (feat. 강민경 From Davichi),이승기,9.0
그리워 그리워,노을,9.0
굿모닝 레이디,바닐라 어쿠스틱(Vanilla Acoustic),8.0
풍경,장동건,8.0
으샤! 으샤!,신화,8.0
내게기대 (feat. 박세영),스탠딩 에그(Standing Egg),8.0
여름 안에서,듀스(Deux),8.0
BLUE,BIGBANG,8.0
빗속에서 (feat. 알리),리쌍(Leessang),8.0
보헤미안 걸프렌드 ,몽구스(Mongoose),8.0
내사람: Partner For Life,SG워너비,8.0
광대 (With BMK),리쌍(Leessang),8.0
"Good Night (feat. Junggigo, Elly)",피노다인(Pinodyne),8.0
랄랄라 (feat. 소야),마이티 마우스(Mighty Mouth),8.0
Love Affair,서영은,8.0
칵테일 사랑,마로니에(Maronnier),8.0
Come Back Home,투애니원(2NE1),8.0
Shadow,다비치,8.0
흔한 노래,임창정,8.0
박수쳐,투애니원(2NE1),8.0
도시 탈출,클론(Clon),8.0
247 (feat. 아이유),세 개의 시선,8.0
비 눈물,뜨거운 감자(Hot Potato),8.0
준비운동 (feat. 지나),하우스 룰즈(House Rulez),8.0
Snowing (베스킨라빈스 CF 삽입곡),어반 자카파(Urban Zakapa),8.0
Constant No.1,바닐라 어쿠스틱(Vanilla Acoustic),8.0
Falling In Love,제이레빗(J Rabbit),8.0
너에게 쓰는 편지,MC 몽,8.0
같은 베개...,테이(Tei),8.0
Beautiful Life,동방신기(TVXQ!),8.0
충분히 예뻐 (feat. 산체스 Of 팬텀),버벌진트(Verbal Jint),8.0
여름이야기,이지엠(EZ'M),8.0
좋아보여 (feat. 검정치마),버벌진트(Verbal Jint),8.0
Fallin' (feat. 조예진 Of 루싸이트 토끼),에픽 하이(Epik High),8.0
룩셈부르크,크라잉넛(Crying Nut),8.0
You're Beautiful (GM대우 '토스카' TV 광고음악),James Blunt(제임스 블런트),8.0
사랑...후에 (duet with 린),신혜성,8.0
아니 벌써,빨간의자,8.0
나혼자 (Alone),씨스타(Sistar),8.0
병원에 가다 (이별..),강민경 [다비치],8.0
그날에 우리,어반 자카파(Urban Zakapa),8.0
한별 (Implode),보아(BoA),8.0
Missing You (feat. 김윤아 Of 자우림),G-DRAGON,8.0
Ma Boy 2 (feat. 효린),일렉트로보이즈(ELECTRO BOYZ),8.0
Holiday (With 투앤비),애즈 원(As One),8.0
꽃 (With 소규모 아카시아 밴드),요조(Yozoh),8.0
사랑은 창밖에 빗물 같아요,왁스(Wax),8.0
Mr.Mr.,소녀시대,8.0
"그대와 나, 설레임 (feat. 소울맨)",어쿠스틱 콜라보(Acoustic Collabo),8.0
톡톡 (Tok Tok) (feat. Soya),마이티 마우스(Mighty Mouth),8.0
It Was You (Ra.D Remix) ,브라더수(BrotherSu),8.0
이제와,정엽,8.0
Insomnia (불면증),휘성,8.0
흐린 가을 하늘에 편지를 써,나얼(Na-Ul),8.0
I Don't Understand,BIGBANG,8.0
훌쩍 (Let's Try),에프엑스(f(x)),8.0
Tell Me Tell Me (김아중 팬틴 CF BGM),가리나 프로젝트(Garina Project),8.0
초콜릿,케이윌(K.Will),8.0
마법소녀(魔法少女),오렌지캬라멜(Orange Caramel),8.0
미쳤나봐,소란(Soran),8.0
달팽이,패닉(Panic),8.0
화장실이 어디죠?,데이브레이크(daybreak),8.0
세글자,엠투엠(M To M),8.0
파리에 부친 편지,장윤주,8.0
사랑의 인사,씨야(SeeYa),8.0
아이스커피,반반 프로젝트,8.0
중독 (Overdose),EXO-K(엑소케이),7.0
끝사랑,김범수,7.0
그녀... 웃었다,투샤이(2Shai),7.0
별이 빛나는 밤에 (feat. 강선아),매드 클라운(Mad Clown),7.0
저녁 하늘,에일리(Ailee),7.0
잠이솔솔,제이레빗(J Rabbit),7.0
누구도 일러주지 않았네,이란,7.0
부산 바캉스,스컬&하하(Skull&Haha;),7.0
첫사랑,전람회,7.0
저 햇살속의 먼 여행,버블 시스터즈(Bubble Sisters),7.0
그댈 뒤로 난,유앤러브앤마마(YouAndLovE & MAMA),7.0
꿍따리샤바라,클론(Clon),7.0
좋아해,요조(Yozoh),7.0
넌 너무 야해 (The Way You Make Me Melt) (feat. 긱스),씨스타(Sistar),7.0
로맨틱하게,블락비(Block B),7.0
둘이서,한살차이,7.0
나른한 오후에 취해,러브앤팝(Love & Pop),7.0
귀로,나얼(Na-Ul),7.0
잘못된 만남,김건모,7.0
다시 사랑해요 (feat. 장혜진),테이(Tei),7.0
보여줄게,에일리(Ailee),7.0
그대가 좋아 (feat. 크리스피 크런치),동경소녀,7.0
난 좋아,정준일 [메이트],7.0
내게 오는 길,성시경,7.0
보통,Lucia(심규선),7.0
나의 낡은 오렌지나무 (bonus track),랄라스윗(lalasweet),7.0
그대를 사랑하는,원 모어 찬스(one more chance),7.0
버릇,곰PD,7.0
그대 내 품에 (원곡가수 유재하),김연우,7.0
내사랑 내곁에 (김현식),김연우,7.0
차라리,지영선,7.0
지금이 아니면,타루(Taru),7.0
공원에서,유희열,7.0
곳에 따라 비,가을방학,7.0
매듭,이적,7.0
춤,클래지콰이(Clazziquai),7.0
지나간다 (Piano ver.),김범수,7.0
좋은 사람 (feat. 김형중),토이(Toy),7.0
Petal Interlude,페일그레이(Pale Grey),7.0
소년이 어른이 되어,몽니(Monni),7.0
여름바다,정은채 [배우],7.0
Y (Please Tell Me Why),프리 스타일(Free Style),7.0
Mr.Chu,에이핑크(Apink),7.0
Falling In Love,프리키(Freaky),7.0
에구구구,요조(Yozoh),7.0
손꼭잡고,루싸이트 토끼,7.0
투비(鬪悲),루다(Ruda),7.0
HER,블락비(Block B),7.0
솜사탕 손에 핀 아이,한희정,7.0
사랑도... 이별도...,이기찬,7.0
Him & Me (feat. 다이나믹 듀오),비(Rain),7.0
아프고 화나고 미안해,하은,7.0
사랑스러워,김종국,7.0
So Hot,원더걸스(Wonder Girls),7.0
Timing Fools Me (그대안의 블루) (Vocal By Eunjee Han),누보두(Nouveau Deux),7.0
슈퍼맨,노라조,7.0
Timeless,SG워너비,7.0
스무살,이진우 [인디],7.0
Think About' Chu,아소토 유니온(Asoto Union),7.0
The Water Is Wide,우쿨렐레 피크닉(Ukulele Picnic),7.0
아직은 사랑할 때,조장혁,7.0
고래,박명수,7.0
사랑이 방울지네,10cm(십센치),7.0
Summer Time,포지션(Position),7.0
시간이 약이 된다고... (Original ver.) (With Mogi),포스티노(Postino),7.0
Like A Star (feat. 최아롬 Of 버블시스터즈),박효신,7.0
한동안 멍하니,1984,7.0
Rock U,카라(Kara),7.0
With Me,휘성,7.0
혼잣말,빅마마(Big Mama),7.0
선물,유엔(UN),7.0
1004,조성모,7.0
Nothing Better (Guitar ver.),정엽,7.0
와,이정현,7.0
7월의 이파네마 소녀,캐스커(Casker),7.0
서울볼레로 (feat. 전제덕),박주원,7.0
휘파람,로이킴,7.0
Anything (Through The Rain),브라운 아이드 소울(Brown Eyed Soul),7.0
Babay (feat. Gaeko),Zion.T,7.0
오늘같이 좋은 날 (MBC 이소라의 '오후의 발견' 토요일 오후 엔딩곡),몽라(Monla/夢兒),7.0
감사 (Bonus Track),김동률,7.0
Day N Night (Original ver.),이치원(EachONE),7.0
Rainbow Bridge,선민(Sunmin),7.0
일기,김범수,7.0
서울은 흐림 (feat. 한희정),못(Mot),7.0
한번 더 이별,성시경,7.0
Darling (feat. JC a.k.a 지은),슈프림팀(Supreme Team),7.0
사랑했나봐,윤도현,7.0
Corcovado,나희경 [Jazz],7.0
My Soul,써드코스트(3rd Coast),7.0
DOC와 춤을...,DJ DOC,7.0
꿈 속에서,전람회,6.0
인형 (duet with 신혜성),이지훈,6.0
인연 (동녘바람),이선희,6.0
One More Time,쥬얼리(Jewelry),6.0
꿍따리 샤바라 (feat. 클론),아이유(IU),6.0
O.K! Alright (feat. 채연),클론(Clon),6.0
슬픔활용법,김범수,6.0
Love Treatment (feat. 언터쳐블),레이디 제인(Lady Jane),6.0
Maldive,푸딩(Pudding),6.0
긴 생머리 그녀 (Miss Right),틴 탑(Teen Top),6.0
물어 본다,이승환,6.0
꽃잎 날리는 길을 따라,델리 스파이스(Deli Spice),6.0
미워도 다시 한번 (Original ver.),바이브(Vibe),6.0
한 사람을 위한 마음,이오공감,6.0
Moonlight Punch Romance,넬(Nell),6.0
솔직하게,토마스 쿡(Thomas Cook),6.0
익숙한 새벽 3시,오지은,6.0
선물할게,옥상달빛,6.0
Love (With 소규모 아카시아 밴드) (유승호 슈퍼100 CF 삽입곡),요조(Yozoh),6.0
고무줄 (Sub. Cool하게 컴백),써니힐(Sunny Hill),6.0
멈칫하던 순간,나윤권,6.0
열정 (熱情),유승준,6.0
좋아 좋아,서영은,6.0
너에게로,소울맨(Soulman),6.0
너의 뒤에서,박진영,6.0
여행,박혜경,6.0
Carousel (feat. 이적),리쌍(Leessang),6.0
Cafe Siesta (feat. E.P Ho),벨 에포크(Belle Epoque),6.0
Byebyebye,정기고(Junggigo),6.0
오늘 뭐해,포미닛(4minute),6.0
헤어진 다음날,이현우,6.0
당신과 만난 이 날,왁스(Wax),6.0
Always In My Heart (feat. 동경소녀),윤대장,6.0
늘,러브홀릭(Loveholic),6.0
1분만 닥쳐줄래요,넬(Nell),6.0
외롭지 않아,옥상달빛,6.0
요술공주,데이라이트(Daylight),6.0
"1,000 Miles (A Thousand Miles)",정준영,6.0
여름밤의 꿈,아이유(IU),6.0
여름 안에서 (듀스),김범수,6.0
Let Me Dance (feat. Teddy),렉시(Lexy),6.0
상상 (무한걸스 Original ver.),무한걸스,6.0
나를 사랑했던 사람아,허각,6.0
It Was You,브라더수(BrotherSu),6.0
It Was You,대호(Daeho),6.0
Insomnia (feat. Humming Girl),허밍 어반 스테레오(Humming Urban Stereo),6.0
해변으로 가요,노브레인(No Brain),6.0
I'm In Love,나르샤 [브라운아이드걸스],6.0
마지막까지,김범수,6.0
Honeymoon,유엔(UN),6.0
Galaxy,악동뮤지션(AKMU),6.0
진이,하이디,6.0
Heartbreaker,G-DRAGON,6.0
이 빗속에,블루파프리카(Bluepaprika),6.0
러브 레시피,거미,6.0
앵콜요청금지,브로콜리너마저,6.0
Galaxy Tourist (Vocal By 연진 Of 라이너스의 담요),페퍼톤스(Peppertones),6.0
어제처럼,제이(J.ae),6.0
집에 가지마,G-DRAGON,6.0
요즘 너 말야 (Piano ver.),제이레빗(J Rabbit),6.0
키키,장나라,6.0
"봄날, 벚꽃 그리고 너",에피톤 프로젝트(Epitone Project),6.0
Sea Of Love,플라이 투 더 스카이(Fly To The Sky),6.0
사랑해 그리고 기억해,지오디(god),6.0
비의 랩소디,에픽 하이(Epik High),6.0
삐에로는 우릴 보고 웃지,아이유(IU),6.0
가질수 없는 너,박완규,6.0
가슴앓이,지영선,6.0
큰일이다,브이오에스(V.O.S.),6.0
사랑한다는 말로도 위로가 되지 않는,브로콜리너마저,6.0
일주일 (feat. 커피소년),윤스 다이어리(Yoon's Diary),6.0
Rain Dreams,젠틀 레인(Gentle Rain),6.0
카페에 앉아,원 모어 찬스(one more chance),6.0
Summer Dream,씨야(SeeYa),6.0
프랑지파니 (Um Homem E Uma Mulher) (With Dawn Bishop),토이(Toy),6.0
뽀롱뽀롱뽀로로 오프닝 (TV만화 '뽀롱뽀롱뽀로로' 주제가),Unknown,6.0
불러,차가운 체리(Cold Cherry),6.0
사랑은 비를 타고,이승우 [소울스타],6.0
산책,쿨(COOL),6.0
"비타민 (With 정연, 승연) (김태희 요정송, 파리바게뜨 CF 삽입곡)",박학기,6.0
Starlight,빅스(VIXX),6.0
붉은 달 (feat. 소히),클로버(Clover) [남성솔로],6.0
Sweeter,프린세스 디지즈(Princess Disease),6.0
비처럼 음악처럼 (feat. 박상민),김범수,6.0
Song Of The Rain (feat. Bobby Kim),브라운 아이즈(Brown Eyes),6.0
여름 이야기,무한궤도,5.0
Feel Alright,짙은(Zitten),5.0
Winterdays,디제이 와사(DJ Wasa),5.0
귀여운 남자,JUNIEL(주니엘),5.0
뜨거운 안녕 (Vocal By 이지형),토이(Toy),5.0
내사랑,모세(Mose),5.0
여기보다 어딘가에,하림,5.0
Fake Traveler,페퍼톤스(Peppertones),5.0
Voyage,이바디(Ibadi),5.0
"To Where You Are (드라마 '앨리 맥빌' 삽입곡, 박찬호 편 '우리금융그룹' TV 광고음악)",Josh Groban(조쉬 그로반),5.0
내게 와요 (Remastered),해브어티(Have A Tea),5.0
추격자,인피니트(Infinite),5.0
별이 빛나는 밤,다비치,5.0
마지막 춤은 나와 함께 (Original Song. 재주소년),Lucia(심규선),5.0
해열제 (Song By Sammi),에피톤 프로젝트(Epitone Project),5.0
Time Feedback,아워멜츠(Hourmelts) ,5.0
"I Am A Boy, You Are A Girl",타바코쥬스(Tobacco Juice),5.0
낡은 배낭을 메고,노리플라이(no reply),5.0
낡은 편지,나윤권,5.0
사랑에 빠지고 싶다,김조한,5.0
이런 남자,먼데이 키즈(Monday Kiz),5.0
Tonight (feat. 샛별),크루셜스타(Crucial Star),5.0
안녕,옥상달빛,5.0
Train,베란다 프로젝트(Verandah Project),5.0
럭셔리 버스,원 모어 찬스(one more chance),5.0
"Hawaian Couple (영화 '내 사랑' 주제곡, 에뛰드 복숭아송 원곡)",허밍 어반 스테레오(Humming Urban Stereo),5.0
Happy Things,제이레빗(J Rabbit),5.0
총맞은 것처럼,백지영,5.0
UGLY,투애니원(2NE1),5.0
너 없는 하루 (Remastered),해브어티(Have A Tea),5.0
그 어떤 말로도 (feat. 장윤주),보드카 레인(Vodka Rain),5.0
Good Love (feat. BSK A.k.a 김범수),다이나믹 듀오(Dynamic Duo),5.0
우주보다 좋아해 (I Love You More Than Universe),도나웨일(Donawhale),5.0
You're My,태양,5.0
Bon Voyage (Vocal By 조원선),토이(Toy),5.0
환희,싸이(Psy),5.0
우리의 밤은 당신의 낮보다 아름답다,코나(Kona),5.0
오늘 서울은 하루종일 맑음 (Vocal By 윤하),토이(Toy),5.0
좋아해,하이투힘(Hi to him),5.0
죽어도 못 보내,2AM,5.0
Alice (feat. 조규찬),재주소년,5.0
After Love,클래지콰이(Clazziquai),5.0
카페남,초콜렛 박스(Chocolate Box),5.0
달려라 달까지 (With 코보),G.고릴라,5.0
다행이다,이적,5.0
비가 온다,강승윤 [WINNER],5.0
1994년 어느 늦은 밤,장혜진,5.0
잘못된 만남,Iconiq(아이코닉),5.0
"1,2,3,4 (원,투,쓰리,포)",이하이,5.0
고백,뜨거운 감자(Hot Potato),5.0
간식송,제이레빗(J Rabbit),5.0
Boy Meets Girl,네미시스(Nemesis),5.0
너를 만나러 가는 길,달콤한 소금,5.0
넌 감동이었어,성시경,5.0
운명,쿨(COOL),5.0
여름향기 (feat. 베니 Of 상상밴드),PK 헤만(PK Heman),5.0
클라멘타인,쿨(COOL),5.0
그녀와의 이별,김현정,5.0
둘이서,채연,5.0
춘천가는 기차,나희경 [Jazz],5.0
두사람,성시경,5.0
여우야,럼블 피쉬(Rumble Fish),5.0
중독된 사랑 (원곡가수 조장혁),김연우,5.0
Coffeetalgia (duet with 성시경),해이(Hey),5.0
돌고래 자리,이상은(Lee Tzsche),5.0
공항 가는 길,마이 앤트 메리(My Aunt Mary),5.0
독백 (feat. Clazziquai),라임버스(Rhyme Bus),5.0
Chocolate Drive,모이다 밴드(Moida Band),5.0
출발,김동률,5.0
Tell Yourself (Daishi Dance Remix-English ver.),클래지콰이(Clazziquai),5.0
전부 너였다,노을,5.0
I'm OK (보고 싶더라),보아(BoA),5.0
나 요즘,바닐라 어쿠스틱(Vanilla Acoustic),5.0
첫사랑의 멜로디,어쿠스틱 콜라보(Acoustic Collabo),5.0
사랑할 땐 몰랐던 것들,성시경,5.0
긴 여행의 시작,에피톤 프로젝트(Epitone Project),5.0
Sevilla (세비야),이한철,5.0
소원을 말해봐 (Genie),소녀시대,5.0
She's Gone,디셈버(December),5.0
밤하늘의 별을 3 (feat. 김하늘),양정승(Kiroy Y),5.0
Luv Punch,인스턴트 로맨틱 플로어(Instant Romantic Floor),5.0
백야,짙은(Zitten),5.0
LoveSick,산이(San E),5.0
Special Girl (feat. Bumkey),인피니트 H,5.0
챔피언,싸이(Psy),5.0
Suddenly,제이워크(J-Walk),5.0
Summer Break,달샤벳(Dal★shabet),5.0
"Love Letter (feat. 아라, 혜림, 정현, 민현, 동호)",손담비,5.0
벚꽃이 내린다,소란(Soran),5.0
벚꽃지다,말로(Malo),5.0
기찻길 (Vocal By Monla),몽라(Monla/夢兒),5.0
Morning Star,W & Whale(더블유 앤 웨일),5.0
Mr. Wonderful,모리(Morrie),5.0
Novabossa,클래지콰이(Clazziquai),5.0
철부지,존 박(John Park),5.0
하늘땅 별땅,비비(B.B),5.0
새벽녘,에피톤 프로젝트(Epitone Project),5.0
산책,소히(Sorri),5.0
"Oh, My Julia (""Juliani Heartbreak"")",컨츄리 꼬꼬(Country Kkokko),5.0
재회,윤상,5.0
Rain,사운드샤워(Sound Shower),5.0
밀당의 고수,에디킴,5.0
기억의 습작,김동률,5.0
일과 이분의 일,투투(Two Two),5.0
"그래, 너",스탠딩 에그(Standing Egg),5.0
하면 안될 사랑 같아,란(Ran),5.0
"Ready, Get Set, Go! (Radio Edit) (Vocal By Deb)",페퍼톤스(Peppertones),5.0
그댄 행복에 살텐데,리즈(Leeds),5.0
소녀를 만나다 (With O'z),조규찬,5.0
Remember,비원에이포(B1A4),5.0
다른 누구도 아닌 너에게,장재인,5.0
MONSTER,BIGBANG,5.0
Kissing You,소녀시대,5.0
Kiss,스탠딩 에그(Standing Egg),5.0
아름다운 날 (feat. Movie Regrets),블루앤블루(Blue & Blue),5.0
Lemon Tree,박혜경,5.0
한사람 (I'll Be There),울랄라세션(Ulala Session),5.0
Super Star,쥬얼리(Jewelry),5.0
말해요,별,5.0
Summer Melody,쿨(COOL),5.0
"한번 더, OK? (One More Time, OK?)",천상지희 더 그레이스(天上智喜 The Grace),5.0
나의 낡은 오렌지 나무 (은상),랄라스윗(lalasweet),5.0
Sweet Love,어쿠스틱 콜라보(Acoustic Collabo),5.0
항상 엔진을 켜둘께,델리 스파이스(Deli Spice),5.0
맨발의 청춘,벅(Buck),5.0
정말로 사랑한다면,버스커 버스커(Busker Busker),5.0
"아무말도, 아무것도...",박정현,5.0
"씨스루 (feat. Zion.T, 개코 Of 다이나믹듀오)",프라이머리(Primary),5.0
그대 (Original ver.),브라운 아이드 소울(Brown Eyed Soul),5.0
Lie (Original Ver.),화요비,5.0
그대 내게 다시,이기찬,5.0
달아요,박정현,4.0
생일,루싸이트 토끼,4.0
봄바람 (feat. 이종현),이푸름,4.0
웃는거야,서영은,4.0
비가와,링크(Link),4.0
마지막 내 숨소리,엠씨 더 맥스(M.C the Max),4.0
봄 여름 여름 여름,용감한 녀석들,4.0
오늘밤,슈가볼(Sugarbowl),4.0
비로 뒤덮인 세상,이바디(Ibadi),4.0
오늘같은 밤이면,먼데이 키즈(Monday Kiz),4.0
아메리카노,10cm(십센치),4.0
단비,윤종신,4.0
바다에게 (Bonus Track),허민,4.0
아무것도 아닌 나,토마스 쿡(Thomas Cook),4.0
아잉♡,오렌지캬라멜(Orange Caramel),4.0
만남 사랑 이별,미(MIIII),4.0
불면증 (feat. Bobby),다이나믹 듀오(Dynamic Duo),4.0
완소 그대,서영은,4.0
생의 한가운데,클래지콰이(Clazziquai),4.0
봄비 아니면 여름비,아키버드(Aquibird),4.0
우리 존재 화이팅,버벌진트(Verbal Jint),4.0
바닷가에서 내 사랑 고백 들어봐요,란(Ran),4.0
말하는 대로,처진 달팽이(유재석 & 이적),4.0
우리 집에 놀러 와,뎁인뎁쇼,4.0
오빠,왁스(Wax),4.0
다음 역에선,팀(Tim),4.0
바다의 공주 (Club ver.),LPG Loves 래피,4.0
오르막길 (feat. 정인),윤종신,4.0
비를 내려줘요,린(LYn),4.0
바램 (feat. 변재원),토이(Toy),4.0
미인(美人),이기찬,4.0
바보,t윤미래,4.0
슬퍼지려 하기 전에,쿨(COOL),4.0
만화가의 사려 깊은 고양이 (Stormy Monday Mix) (feat. 지선),W(Where The Story Ends),4.0
애원,이승환,4.0
자기야 여보야 사랑아,린(LYn),4.0
사랑인가요,박새별,4.0
여름안에서,서연,4.0
야경,윤종신,4.0
드라이브,스윗소로우(SWEET SORROW),4.0
우린 제법 잘 어울려요,성시경,4.0
"입장정리 (feat. 최자, Simon D)",프라이머리(Primary),4.0
울지마,브로콜리너마저,4.0
어떤가요,화요비,4.0
잠 못 드는 밤 비는 내리고 (박광현 <잠도 오지 않는 밤에> 삽입),김건모,4.0
몽환의 숲 (feat. 이루마),키네틱플로우(K-Flow),4.0
못해 (feat. 美),포맨,4.0
"사랑노래 같은 이별노래 (feat. 한올, 리와인)",어쿠루브(Acourve),4.0
러브바이 (Loveby),카나리아 살롱(Canaria Salon),4.0
뭐해? (Piano ver.),신용재 [4men],4.0
여우비 (Like Weather) (동방신기 ver.) (Bonus Track),동방신기(TVXQ!),4.0
말해줘요,걸스데이(Girl's Day),4.0
비와 당신의 이야기,부활,4.0
안부 (feat. 나윤권),별,4.0
이게 아닌데,존 박(John Park),4.0
이별 여행,린(LYn),4.0
악어떼,오키(Oki),4.0
여행,제이벨(J BEL),4.0
소나기,박정현,4.0
익숙한 그 집 앞,유희열,4.0
비몽,코요태,4.0
우연히 파리에서,윤상,4.0
별처럼,태연 (Taeyeon),4.0
산책 (영화 '참을 수 없는.' 삽입곡),이바디(Ibadi),4.0
살빼지 마요,소란(Soran),4.0
나의 연인(我戀),임창정,4.0
푸른 양철 스쿠터,마이 앤트 메리(My Aunt Mary),4.0
"You, Just A Feeling",챔프온뮤직(Champon Music),4.0
Timeless (feat. 시아준수),장리인,4.0
날 그만 잊어요,거미,4.0
Trap (feat. Soulstar 이승우),거미,4.0
I wonder why,앤(Ann),4.0
Twist King,터보(Turbo),4.0
트위스트 킹,타이푼,4.0
해줄 수 없는 일,박효신,4.0
그대여서,김형중,4.0
High High,G-DRAGON,4.0
Hello Beautiful Day,윤하(Younha/ユンナ),4.0
낭만여행,제이레빗(J Rabbit),4.0
Healing,10cm(십센치),4.0
내 낡은 서랍 속의 바다,패닉(Panic),4.0
Have A Nice Day,CHEEZE,4.0
Hate You,투애니원(2NE1),4.0
Hands Up,2PM,4.0
첫사랑이죠,아이유 ＆ 나윤권,4.0
Only U (feat. 동해 Of 슈퍼주니어),애즈 원(As One),4.0
내 여자라니까,이승기,4.0
Good-bye Baby,미쓰 에이(miss A),4.0
You,푸딩(Pudding),4.0
지나간다,김범수,4.0
내안의 그대,변진섭,4.0
You've Been In My Heart (KOR),마스코타 블루(Mascota Blue),4.0
내안의 그대,업타운(UPT),4.0
함께 (duet with 김건모),박광현,4.0
Tears,소찬휘,4.0
난 남자가 있는데,린(LYn),4.0
차마...,성시경,4.0
기차를 타고,아이유(IU),4.0
기억해줘,이소라,4.0
Perhaps Love (With John Denver),Placido Domingo(플라시도 도밍고),4.0
꽃무늬 비키니,베이비복스(Baby V.O.X),4.0
Rain (원곡가수 이적),김연우,4.0
기억상실,거미,4.0
Raindrops Keep Falling On My Head (박카스 CF 삽입곡 - 봄비편),연진,4.0
Reminiscence Of You,손성제,4.0
Round & Round,제이레빗(J Rabbit),4.0
Set Me Free (feat. Dirty Mack),휘성,4.0
Shock,비스트(Beast),4.0
그립고... 그리운...,박효신,4.0
Sweety,클래지콰이(Clazziquai),4.0
피아노,조성모,4.0
취중진담(醉中眞談),전람회,4.0
Soulstar,소울스타(Soulstar),4.0
Lover Boy,클래지콰이(Clazziquai),4.0
푸른봄 靑春 (feat. 나희경),주윤하 [보드카레인],4.0
Love Has Gone Away (난 행복해),Oe,4.0
천하무적,MC 몽,4.0
Let's Talk About (feat. 지아),써니힐(Sunny Hill),4.0
그리 쉽게 이별을 말하지 말아요,슈퍼키드(SuperKidd),4.0
편지,박효신,4.0
Kissing U,린(LYn),4.0
Going Home,김윤아,4.0
Whoz That Girl,EXID(이엑스아이디),4.0
Gimme! Gimme!,컨츄리 꼬꼬(Country Kkokko),4.0
그게 나인 걸,정재욱,4.0
커피향 나무,멜로위치(Mellowitch),4.0
C'est La Fete (뚜레쥬르 '1000개의 매장' 편),Ilona(일로나),4.0
Brunch,가인 [브라운아이드걸스],4.0
널 사랑하겠어,동물원,4.0
그대 나를 보나요,박기영,4.0
환상,박지윤,4.0
추억 사랑만큼 (feat. 강현정 Of Bubble Sisters),브라운 아이드 소울(Brown Eyed Soul),4.0
Bike Riding,베란다 프로젝트(Verandah Project),4.0
귀여워 (With 권정열 Of 10cm),별,4.0
Beautiful Day,어반 자카파(Urban Zakapa),4.0
Baby You're The Lite,조규찬,4.0
"April Come She Will (With 웨일, 요조, 노리플라이, 세렝게티)",소이,4.0
All I Ever Think About Is You (Intro),신용재 [4men],4.0
친구야 너는 아니 (A-Men Song),부활,4.0
Again,스페이스 A(Space A),4.0
걷고 싶은 거리,보드카 레인(Vodka Rain),4.0
2HOT,지나(G.NA),4.0
2 Chainz & Rollies (feat. Dok2),더 콰이엇(The Quiett),4.0
골목바람,생각의 여름,4.0
골든 글러브 (CF '박카스 - 비즈니스맨 야근 편'),마이 앤트 메리(My Aunt Mary),4.0
12:00,칵스(THE KOXX),4.0
겁쟁이,버즈(Buzz),4.0
...사랑했잖아...,린(LYn),4.0
최면,브라운 아이드 걸스,4.0
On & On,화요비,4.0
Dash,백지영,4.0
혼자서,디아(Dia) [키스 & 크라이],4.0
가로수 그늘 아래 서면,장재인,4.0
너를 원해 (feat. Beenzino),정기고(Junggigo),4.0
가로수 그늘 아래 서면,김연우,4.0
GRACE (feat. 이기찬),이수영,4.0
혼자만의 사랑 (2009 Re-Mastering ver.),김건모,4.0
가수가 된 이유,신용재 [4men],4.0
그대,하찌와 TJ,4.0
xoxo (feat. As One),허밍 어반 스테레오(Humming Urban Stereo),3.0
인천 대공원 (Incheon Park),유브이(UV),3.0
잔소리 (feat. Simon Dominic For Supreme Team),다이나믹 듀오(Dynamic Duo),3.0
고마워 그리고 사랑해,여훈민,3.0
빈가슴,차수경 [Daisy],3.0
거짓말,BIGBANG,3.0
입술을 주고,백지영,3.0
태양계,성시경,3.0
Shocking Pink Rose,W(Where The Story Ends),3.0
비가,S.E.S.,3.0
빙고,거북이,3.0
빨개요,현아 [포미닛],3.0
사랑해 (feat. 윤은혜),마이티 마우스(Mighty Mouth),3.0
빗속의 여인,김건모,3.0
Special,체리필터(Cherry Filter),3.0
상상,코요태,3.0
Rainbow Street,젠틀 레인(Gentle Rain),3.0
붙잡고도,노을,3.0
사르르 (I Wanna Be Your Love) (feat. 정엽),제이(J.ae),3.0
하늘 끝에서 흘린 눈물,주니퍼(Junyfore),3.0
You're My Baby,바닐라 어쿠스틱(Vanilla Acoustic),3.0
카라멜 마끼야또 (Caramel Macchiato),하우스 룰즈(House Rulez),3.0
Voce E Eu,효기(Hyoki) [Jazz],3.0
비가 좋아요,조규찬,3.0
자이언트,스왈로우(Swallow),3.0
사랑과 우정 사이 (With 김연우) (피노키오),김경호,3.0
"사랑, 그 어려운 일 (With J.혜선 Of J.Rabbit)",라킨라드(LaKinRad),3.0
비오는 날 (Piano ver.),줄라이(July) [뉴에이지],3.0
비밀번호 486,윤하(Younha/ユンナ),3.0
잘 지내니 좀 어떠니,좋아서 하는 밴드,3.0
사랑에 빠져본 적 있나요 (With Ra.D) (Acoustic ver.),스탠딩 에그(Standing Egg),3.0
잘가요 로맨스,박선주,3.0
크게 숨을 쉬어봐요,제인(Jane),3.0
The End Of Love Affair,오지은,3.0
Tell Me All About It,웅산,3.0
Tears,이소라,3.0
크리스탈 (Cystal),카나리아 살롱(Canaria Salon),3.0
팝콘,데이브레이크(daybreak),3.0
갈매기의 꿈,하현곤,3.0
사랑은 언제나 목마르다,이영현,3.0
사랑 +,애즈 원(As One),3.0
가시나무,애즈 원(As One),3.0
평화의 날,에픽 하이(Epik High),3.0
토리의 춤,앨리스 인 네버랜드(Alice In Neverland),3.0
카페에 앉아 (First Album ver.),원 모어 찬스(one more chance),3.0
사랑이 오는가봐요,플라워(Flower),3.0
Still,장세용,3.0
가질수 없는 너,뱅크(Bank),3.0
쉽게 사랑한다했죠,더 비(The Bee),3.0
샴푸의 요정,빛과 소금,3.0
유리창엔 비,사랑을 만드는 사람들,3.0
혼자하는 사랑,앤(Ann),3.0
Easy,비스트(Beast),3.0
여름밤,장재인,3.0
Everything (feat. 길미),은지원,3.0
웃고 울고 또 웃네 (feat. 호연주),배치기,3.0
For You (돌아가줘),브라운 아이즈(Brown Eyes),3.0
위로,조정치,3.0
언제까지 내 맘속에서,몽니(Monni),3.0
어쩌면...,버즈(Buzz),3.0
유체이탈,코코어(Cocore),3.0
서랍을 열다,에피톤 프로젝트(Epitone Project),3.0
Giggle Bee,아톰북(Atombook),3.0
Girl Girl (feat. The Quiett & Rado),도끼(Dok2),3.0
행복하란 말 남기고,에스프레소(Espresso),3.0
행복을 찾아서 (피쳐링. 조현아 of 어반자카파),리쌍(Leessang),3.0
어떤 그리움,성시경,3.0
Good Luck,비스트(Beast),3.0
이 밤이 지나고 나면 (feat. 211),팔로알토(Paloalto),3.0
이 밤이 지나면,임재범,3.0
Goodbye,라디(Ra.D),3.0
홈런 (feat. 옥주현),MC 몽,3.0
Couple Song (feat. Kelley),라디(Ra.D),3.0
여우야,투개월,3.0
홍삼맛 캔디,바닐라 어쿠스틱(Vanilla Acoustic),3.0
100 퍼센트,보드카 레인(Vodka Rain),3.0
흰눈,이루(Eru),3.0
왜 그 사람이 지워지지 않을까요,카페모카,3.0
1월부터 6월까지 (feat. 윤종신),공일오비(015B),3.0
1초 만에 만나는 방법,좋아서 하는 밴드,3.0
2년만에,김동률,3.0
30분전,이현 [에이트],3.0
오늘은 휴일입니다,한희정,3.0
우리가 빛이 될 수 있다면 (Rhythm & Blues),노이즈(Noise),3.0
우리는 어쩌면 만약에... (feat. 윤상),토이(Toy),3.0
회상 (December),터보(Turbo),3.0
예뻐할께 (feat. MC한길),타루(Taru),3.0
Bike (Vocal By Westwind),페퍼톤스(Peppertones),3.0
염장송 (With 정민경),한민규,3.0
Blind,정기고(Junggigo),3.0
Bounce,조용필,3.0
Bye Bye Bye,먼데이 키즈(Monday Kiz),3.0
"Can't Take My Eyes Off You (영화 '컨스피러시' 주제곡, 지진희 편 'SK View' TV 광고음악)",Morten Harket(모튼 하켓),3.0
Close Your Eyes,웅산,3.0
HUSH,에이핑크(Apink),3.0
애수(哀愁),일락(一樂),3.0
알잖아,카나리아 살롱(Canaria Salon),3.0
Love Ballad,브라운 아이드 소울(Brown Eyed Soul),3.0
Love Love Love,로이킴,3.0
한 여름밤의 고백 (Summer Night Love),강타,3.0
쉬어요,성시경,3.0
수천번 잠들고 깨어나도,제이(J.ae),3.0
Marry Me,성훈 [Brown Eyed Soul],3.0
Marry Me,양파,3.0
이젠 남이야. (feat. Baby-J Of Jewelry),김경록 [V.O.S],3.0
Missing You,베이비복스(Baby V.O.X),3.0
My Heart Is Yours,허소영,3.0
소금사탕,커먼 그라운드(Common Ground),3.0
My One And Only Love,어쿠스틱 콜라보(Acoustic Collabo),3.0
"성모의 눈물 For Desperado (연주곡, feat. Lee Oskar)",공일오비(015B),3.0
Never Ending Story,부활,3.0
선택,아마도이자람밴드,3.0
선인장 (Song By 심규선),에피톤 프로젝트(Epitone Project),3.0
No Love,어반 자카파(Urban Zakapa),3.0
선곡표,에픽 하이(Epik High),3.0
Noday But Today (feat. Tommy Kim),브라운 아이즈(Brown Eyes),3.0
서울도 비가 오면 괜찮은 도시,김현철,3.0
시간을 거슬러,원 모어 찬스(one more chance),3.0
이브의 경고 (Jungle),박미경,3.0
이게 사랑일까 (feat. 하은),커피소년,3.0
이분단 셋째줄,재주소년,3.0
해피래요,상상밴드,3.0
Hold Your Own,사피에르(Saphier),3.0
I Love You (feat. Flowsik),JYJ,3.0
아주 작게만 보이더라도,시와(Siwa),3.0
아이처럼,김동률,3.0
I Think I,별,3.0
아스피린,딕펑스(Dick Punks),3.0
I'm Your Man,존 박(John Park),3.0
Ice Cream (feat. Maboos),현아 [포미닛],3.0
아무말 말아요 (feat. 전제덕),웅산,3.0
"Indian Boy (feat. 장근이, B.I)",MC 몽,3.0
It Was In Shiraz (이별의 그늘),신예원,3.0
Just A Feeling,어반 자카파(Urban Zakapa),3.0
Just For You,써드코스트(3rd Coast),3.0
Keep Going,스탠딩 에그(Standing Egg),3.0
아련한 너,레일로드(Railroad),3.0
LOVE JAM with Bebop,허밍 어반 스테레오(Humming Urban Stereo),3.0
아나요,브레이브걸스(Brave Girls),3.0
한숨이 늘었어 (duet with 이진우),에피톤 프로젝트(Epitone Project),3.0
치카치카,박정현,3.0
또 한 여잘 울렸어,투빅(2BiC),3.0
나는 그 사람이 아프다 (feat. 타루),에피톤 프로젝트(Epitone Project),3.0
그댈 안은 목소리,어반 자카파(Urban Zakapa),3.0
그대와 춤을 (feat. 호연-달좋은밤),데일리노트(DailyNote),3.0
너에게로 간다,원티드(Wanted),3.0
마중,FTISLAND(에프티 아일랜드),3.0
날씨 맑음 (미스티 블루 Cover Song),타루(Taru),3.0
저 남자가 내꺼였으면,하와이,3.0
돌아와줘,백지영,3.0
그대에게 하는 말,스윗소로우(SWEET SORROW),3.0
백설공주를 사랑한 일곱번째 난장이,쿨(COOL),3.0
그대만 있다면,일기예보,3.0
처음 느낌 그대로,러브홀릭(Loveholic),3.0
처음 그 느낌처럼,솔지 [EXID],3.0
물 한잔도 마실 수 없어,주(Joo),3.0
넌 나 어때,406호 프로젝트,3.0
난 아직 모르잖아요,리즈(Leeds),3.0
도레미송,싸지타(Sagitta),3.0
좋아합니다,테이(Tei),3.0
그대가 분다,엠씨 더 맥스(M.C the Max),3.0
청소하던 날,김연우,3.0
넌 이별 난 아직 (With 한소현 Of 3rd Coast),스탠딩 에그(Standing Egg),3.0
꿈에 잠들다,바닐라 어쿠스틱(Vanilla Acoustic),3.0
잘할게,세븐(SE7EN),3.0
둘이서,걸스데이(Girl's Day),3.0
마음을 잃다,넬(Nell),3.0
"별, 태양, 그리고 너",문명진,3.0
마음을 기울이면,미스티 블루(Misty Blue),3.0
내가 그린 그림,에코(ECO),3.0
"조금씩, 천천히, 너에게 (With 타루)",노리플라이(no reply),3.0
그저 바라볼수만 있어도,유익종,3.0
믿어줄래 (Full Melody Korean ver.),박재범(Jay Park),3.0
내 여친,포맨,3.0
척하면 척 (feat. 강민경),김종욱,3.0
그와 그녀 (duet with 정인),성훈 [Brown Eyed Soul],3.0
내일을 묻는다 (Album Edit),제이레빗(J Rabbit),3.0
기억을 걷다보면,디셈버(December),3.0
그리워져 (feat. 이희성),백청강,3.0
너 때문에 미쳐,티아라(T-ara),3.0
너 없는 하루가,혜령,3.0
들어줄래,스탠딩 에그(Standing Egg),3.0
잿꽃,바닐라 어쿠스틱(Vanilla Acoustic),3.0
너는 내 마음 속에 남아,루시드 폴(Lucid Fall),3.0
너라는 걸,조문근,3.0
"지금, 여기",보드카 레인(Vodka Rain),3.0
미안해요,김건모,3.0
마법 같은 이야기,모이다 밴드(Moida Band),3.0
그댈 위한 사랑,이정,3.0
마법의 성,더 클래식(The Classic),3.0
"별, 열일곱의 너에게",네스티요나(Nastyona),3.0
라디오 천국,유희열,3.0
나비,자우림(Jaurim),3.0
눈물 (feat. 유진 Of 더 씨야),리쌍(Leessang),3.0
나 이런사람이야,DJ DOC,3.0
놓아줘 (feat. 조원선),캐스커(Casker),3.0
잘할걸 그랬나봐요,옥주현,3.0
죄인,이은미,3.0
괜찮아,베란다 프로젝트(Verandah Project),3.0
잘자요 굿나잇,비원에이포(B1A4),3.0
괜찮아,정준일 [메이트],3.0
고집,김동욱,3.0
죽고 싶단 말 밖에,허각,3.0
보고싶어 (Comedy TV 얼짱시대 삽입곡),러브시티(LoveCity),3.0
괜찮아 떠나,스윗소로우(SWEET SORROW),3.0
나비,안은정,3.0
보이나요?,루시드 폴(Lucid Fall),3.0
눈부신 고백,성시경,3.0
별이 진다네,여행스케치,3.0
나만의 그대 모습,고유비,3.0
정류장,패닉(Panic),3.0
노스텔지아 (feat. 에릭),가인 [브라운아이드걸스],3.0
당신은 참..,성시경,3.0
나의 외로움이 널 부를 때,장필순,3.0
당신만이 (원곡가수 이치현과 벗님들),김연우,3.0
나는 사랑이 뭔지 모르나봐요,김연우,3.0
닿을 수 있다면 (Bonus Track),더 콰이엇(The Quiett),3.0
내 여자 손대지마 (Don't Touch My Girl) ,보이프렌드(Boyfriend),2.0
진심 (feat. 임세준),정키(Jung Key),2.0
랄라랜드 (feat. 브라운 아이드 걸스),조pd(ZoPD),2.0
이 여름 Summer,쿨(COOL),2.0
내 마음속에 (feat. 조규찬),토이(Toy),2.0
이제 다시,메이트(Mate),2.0
어느 흐린 날의 행복,성시경,2.0
내 남자친구에겐,씨리얼(C-Real),2.0
He And She,DJ 소울스케이프(DJ Soulscape),2.0
Happy Time,쿨(COOL),2.0
Happy Beanth Day,젠틀 레인(Gentle Rain),2.0
슬픈 인연,공일오비(015B),2.0
머릿속을,임주연,2.0
Love,씨엔블루(CNBLUE),2.0
약속,코요태,2.0
Good-Bye (드라마 '커피프린스 1호점' 삽입곡),더 멜로디(The Melody),2.0
시간이 흘러가도,비비안(BBAhn),2.0
내 안에 하늘과 숲과 그대를,원 모어 찬스(one more chance),2.0
나란 놈은 답은 너다 (feat. 하림),리쌍(Leessang),2.0
리코타 치즈 샐러드,소란(Soran),2.0
Love Is Over,브라운 아이즈(Brown Eyes),2.0
고백 (Go Back) (feat. 정인),다이나믹 듀오(Dynamic Duo),2.0
Love Is Over,조장혁,2.0
행복,H.O.T.,2.0
짝사랑 (산들 Solo),비원에이포(B1A4),2.0
Lollipop (feat. SHINee),에프엑스(f(x)),2.0
Heavy Sun Heavy Moon,페퍼톤스(Peppertones),2.0
아시나요,조성모,2.0
아로하,쿨(COOL),2.0
우리 무슨 사이야? (With 범키),애즈 원(As One),2.0
말해주세요,9와 숫자들,2.0
나비처럼,이바디(Ibadi),2.0
난 너를 사랑해,메이트(Mate),2.0
Inevitability (Reprise),어반 자카파(Urban Zakapa),2.0
La Barrosa 14 Horas,허밍 어반 스테레오(Humming Urban Stereo),2.0
아기염소 (9회 창작동요제 금상곡),Unknown,2.0
짝사랑 (feat. 美),포맨,2.0
망고,CHEEZE,2.0
Good Night,스윗소로우(SWEET SORROW),2.0
마지막 인사,BIGBANG,2.0
Lazy Girl (Dolce Far Niente),소녀시대,2.0
I'm In Love,김민지 [보이스코리아],2.0
날씨 맑음,미스티 블루(Misty Blue),2.0
"안녕, 안녕",Lucia(심규선),2.0
이별의 그늘,윤상,2.0
I Will Give You Everything,클래지콰이(Clazziquai),2.0
해변의 여인 (Remix),쿨(COOL),2.0
마지막 그 아쉬움은 기나긴 시간 속에 묻어둔채,푸른 하늘,2.0
십년이 지나도,박진영,2.0
I My Me Mine,포미닛(4minute),2.0
제발,김범수,2.0
아침 등굣길,우쿨렐레 피크닉(Ukulele Picnic),2.0
Lollipop ,BIGBANG,2.0
I Cry When You Cry,라디(Ra.D),2.0
해운대 연가 (Remix),전철,2.0
나의 허세 (feat. 김C),조정치,2.0
신기루 (흐린날 옥상에서 ver.) ,김바다,2.0
남자를 몰라,버즈(Buzz),2.0
정원 (New),달에닿아,2.0
고속도로 Romance,윤종신,2.0
어떡하니?,뱅크(Bank),2.0
열대야,10cm(십센치),2.0
좋아해줘,검정치마,2.0
네게 난,주영(JooYoung),2.0
"예감 (Re-Mastering, 영화 '동갑내기 과외하기' 주제곡)",피비스(PB's),2.0
우연일까요,권순관,2.0
대박사건 (Crash),B.A.P,2.0
대화가 필요해,바닐라 어쿠스틱(Vanilla Acoustic),2.0
열아홉 밤공기,이지형,2.0
열두시 반,브로콜리너마저,2.0
Blue Rain,핑클(Fin.K.L),2.0
너의 의미 (Programing & Acustic Guitar: Slow 6),김민규 [스위트피],2.0
널 어쩌면 좋을까,김예림 [투개월],2.0
Butterfly (feat. Jin Jung),G-DRAGON,2.0
연애,애즈 원(As One),2.0
Cafe,BIGBANG,2.0
Capuccino,장세용,2.0
Cat Bossa,클래지콰이(Clazziquai),2.0
너의 집 앞에서,손호영,2.0
여자 대통령,걸스데이(Girl's Day),2.0
오 나의 여신님,성시경,2.0
"Baby, Good Night",레이디 제인(Lady Jane),2.0
눈물,리아(Riaa),2.0
오늘밤은 어둠이 무서워요,10cm(십센치),2.0
좋은놈,BGH to,2.0
니가 있어야 할 곳,지오디(god),2.0
10월(月)에 눈이 내리면,성시경,2.0
늦은 후회,린(LYn),2.0
늘.. (Wating..),보아(BoA),2.0
1994년 어느 늦은 밤,럼블 피쉬(Rumble Fish),2.0
1994년 어느 늦은 밤 (원곡가수 장혜진),김연우,2.0
1월부터 6월까지,윤종신,2.0
느리게 하는 일,아이유(IU),2.0
눈치채 줄래요 (Didn't You Know),로맨틱 펀치(Romantic Punch),2.0
"다시, 봄",스웨덴세탁소,2.0
오후의 행진곡 (Vocal By Westwind),페퍼톤스(Peppertones),2.0
오후,박지윤,2.0
오션 드라이브 (Ocean Drive) (feat. 양해중),투어리스트(The Tourist),2.0
A Perfect Day,스탠딩 에그(Standing Egg),2.0
Airbag (feat. 나얼),타블로(Tablo),2.0
눈물날려 그래,박효신,2.0
독 (feat. E-Sens Of 슈프림팀),프라이머리(Primary),2.0
Colors (With 은G Of 5Tones),힐링프로젝트(Healing Project),2.0
음악이 싫어졌어 (With 란),노블레스(Noblesse),2.0
Galaxy (feat. Soulman),하이브리파인(HybRefine),2.0
여기서 끝내자 (duet with 짙은),타루(Taru),2.0
행운을 빌어요,페퍼톤스(Peppertones),2.0
Fly Away ('우리 결혼했어요' 삽입곡),텐시러브(Tensi Love),2.0
원더보이 (Wonder boy),애프터스쿨 Blue,2.0
월화수목 금토일 (feat. 아이유),수호,2.0
얼굴,김건모,2.0
멀어 (feat. Beenzino),프라이머리(Primary),2.0
어쩌지,럼블 피쉬(Rumble Fish),2.0
어제 같은데,채동하,2.0
너의 뒤에서,팀(Tim),2.0
행복하지 말아요,엠씨 더 맥스(M.C the Max),2.0
딱 한마디만 해줄래,자람 프로젝트(Jaram Project),2.0
딱좋아,참깨와 솜사탕,2.0
떠나,에코 브릿지(Eco bridge),2.0
Girl On The Bridge,니케아(Nickea),2.0
음악이 들려오네,보싸다방(Bossa Dabang),2.0
떠나간다,하와이,2.0
똑똑똑,포맨,2.0
Fiona,한충완,2.0
여름 상상,바나나보트(Banana Boat),2.0
Far Away (feat. MC 몽),브라운 아이드 걸스,2.0
Fallin' (비와 당신의 이야기),누보두(Nouveau Deux),2.0
D.D.D (feat. Instant Romantic Floor),허밍 어반 스테레오(Humming Urban Stereo),2.0
여수 밤바다,버스커 버스커(Busker Busker),2.0
우울한 편지,유재하,2.0
너의 뒤에서,성시경,2.0
여배우,가을방학,2.0
동행,스웨덴세탁소,2.0
혼자서 하는 그 말,이지혜,2.0
Dream Racer,포미닛(4minute),2.0
여름의 오후,랄라스윗(lalasweet),2.0
여름안에서 (Original ver.),서연,2.0
여름아! 부탁해,인디고(Indigo),2.0
Emotion Waving,감성파장,2.0
Endless,플라워(Flower),2.0
너에게 주고 싶은 세 가지,박혜경,2.0
Ennes Episode (feat. 엔느),하우스 룰즈(House Rulez),2.0
헤어진 만큼,이뉴(Enue),2.0
너에게 (feat. 김새한길),시로스카이(Shirosky),2.0
언제나 그랬을 우리 (With 안효식),해빗(Habit),2.0
다 줄꺼야 (Acustic ver.),조규만,2.0
"쉼, 비밀, 위로 (Play 우미진)",러브홀릭스(Loveholics),2.0
STARLIGHT (feat. Michelle Shaprow),아스트로비츠(Astro Bits),2.0
비키니 (feat. 스컬),티아라 With 다비치,2.0
피어나,가인 [브라운아이드걸스],2.0
Shining The Morning,장세용,2.0
그저 너 하나,서영은,2.0
사랑한다는 말,김동률,2.0
일요일 오후 (feat. 정인),정재형,2.0
사랑한다 말해요,김예림 [투개월],2.0
천일동안,이승환,2.0
Loving You,김현철,2.0
그리움을 사랑한 가시나무,테이(Tei),2.0
바람 불어 좋은 날,보드카 레인(Vodka Rain),2.0
바람결에,유잔Q,2.0
"그리고, 남겨진 것들",넬(Nell),2.0
좋은 사람 (2007 ver.) (Bonus Track),달빛요정역전만루홈런,2.0
바람만바람만,김종국,2.0
"Sue (Inspired By ""Fingersmith"")",Lucia(심규선),2.0
별사탕 (feat. Bumkey),이루펀트(Eluphant),2.0
사랑할수록,부활,2.0
바다,우쿨렐레 피크닉(Ukulele Picnic),2.0
살다가,SG워너비,2.0
피핑 톰,아침(Achime),2.0
하늘색 풍선,지오디(god),2.0
그대를 그리다 (KBS 드라마 성균관 스캔들 피아노 테마),윤한(Yoonhan),2.0
Rain,김예림 [투개월],2.0
Rain & Cry,"15&(박지민, 백예린)",2.0
비와 당신 - 럼블피쉬,Merian 프로젝트,2.0
사이드미러걸 (feat. 산체스 Of 팬텀),루이 (긱스),2.0
그남자 그여자 (feat. 장혜진),바이브(Vibe),2.0
그녀가 나를 보네...,브라운 아이즈(Brown Eyes),2.0
그녀를 사랑하지마,이효리,2.0
Rainy,타루(Taru),2.0
"Ready, Get Set, Go! (워리어스 Live ver.) ",페퍼톤스(Peppertones),2.0
가로수 그늘 아래 서면,임재범,2.0
하고 싶은 말,김태우,2.0
핑크빛 로맨스 (Pink Romance),케이윌(K.Will),2.0
사랑해 U (Lovely ver.),서인국,2.0
Rock Ur Body,빅스(VIXX),2.0
그녀를 사랑해줘요,하동균,2.0
사랑이 멀어져가,어쿠스틱 콜라보(Acoustic Collabo),2.0
사랑이 떠나가네,김건모,2.0
사랑이 다른 사랑으로 잊혀지네,하림,2.0
Summer Day,타루(Taru),2.0
"Yes, Sir! Captain",티라미스(Tiramisu),2.0
Track 9,이소라,2.0
장가갈 수 있을까 (feat. 내리),커피소년,2.0
그대와 둘이,브라운 아이드 소울(Brown Eyed Soul),2.0
티모시의 Shall We Dance (Remix),티모시,2.0
그대와 같아,주영(JooYoung),2.0
밤이 깊었네,크라잉넛(Crying Nut),2.0
"그대는 어디에 (feat. 한희정) ('지붕뚫고 하이킥' 정음, 지훈 회상씬 삽입곡)",에피톤 프로젝트(Epitone Project),2.0
Unspoken Love,Kricc(크릭),2.0
Waiting For U,어쿠스틱 콜라보(Acoustic Collabo),2.0
자장가,송 오브 루나(Song Of Luna),2.0
토요일밤에,손담비,2.0
뽀뽀,좋아서 하는 밴드,2.0
작고 작게,정민아,2.0
자전거 데이트,심현보,2.0
그대를 사랑하는 10가지 이유,이석훈 [SG워너비],2.0
삐에로,이수,2.0
사랑비,김태우,2.0
Tonight,스피카(SPICA),2.0
그대와 영원히,이문세,2.0
Sunshine Love (feat. 장진영),아미(A-Mi),2.0
잘 있지 말아요,가을방학,2.0
체인지 (영화 '체인지' O.S.T),리치(Rich),2.0
그래도 되겠니,브라운 아이즈(Brown Eyes),2.0
i.myss,허밍 어반 스테레오(Humming Urban Stereo),2.0
사랑을 잃고 난 노래하네,에이트(8Eight),2.0
go,루싸이트 토끼,2.0
Your Love (feat. 알렉산더 Of 유키스),혜지,2.0
그대 나의 강 흐르네,나루(Naru) [솔루션스],2.0
자기야 사랑해,미(MIIII),2.0
"그때와 같은 공간, 같은 노래가",디어 클라우드(Dear Cloud),2.0
사랑은 어디로,이적,2.0
바보,박효신,2.0
바보,브라운 아이드 소울(Brown Eyed Soul),2.0
그대 돌아오면..,거미,2.0
바보 (With 정용화 Of CNBLUE),JUNIEL(주니엘),2.0
바보처럼,버블 시스터즈(Bubble Sisters),2.0
그게 아니고,10cm(십센치),2.0
산책,이지형,2.0
무중력,NY 물고기,2.0
My Angel (feat. 윤후),포맨,2.0
겨울,정준일 [메이트],2.0
My Everything,브라운 아이드 소울(Brown Eyed Soul),2.0
봄날에 눈이 부신,빌리어코스티(Bily Acoustie),2.0
소녀,먼데이 키즈(Monday Kiz),2.0
"봄, 여름 그 사이",박지윤,2.0
곰 세마리 (TV드라마 '풀하우스' 삽입곡),Unknown,2.0
끝나지 않은 노래,노리플라이(no reply),2.0
춤,브로콜리너마저,2.0
하이힐,박혜경,2.0
끝까지,벤,2.0
점점,브라운 아이즈(Brown Eyes),2.0
친구로 남기엔,김원준,2.0
귀여운 꼬마 (모바일 인기송),Unknown,2.0
세러네이드,줄리아 하트(Julia Hart),2.0
Never Again,더블에스501(SS501),2.0
무정(無情) (feat. Steve Chae),채정안,2.0
설마,휘성,2.0
이즐께,참깨와 솜사탕,2.0
곁에만 있어도 좋은 사람,카페모카,2.0
같은 자리,배다해,2.0
Mr.애매모호,마마무(Mamamoo),2.0
술 한잔 하고싶소,시울,2.0
고백,한소아,2.0
고양이편지,캐스커(Casker),2.0
멀어지다,넬(Nell),2.0
"수고했어, 오늘도",옥상달빛,2.0
부탁해,우은미,2.0
멈추지 않는 시간의 끝,허민,2.0
참 이상한 날이야,소란(Soran),2.0
고마워 내사랑,홍대광,2.0
손편지,브로콜리너마저,2.0
손톱달 (영화 '중천' O.S.T),휘성,2.0
한 여름 밤의 꿈,브라운 아이드 걸스,2.0
Miss You (feat. 타루),센티멘탈 시너리(Sentimental Scenery),2.0
불과 며칠전,윤건,2.0
참 좋은 말 (25회 창작동요제 대상곡),Unknown,2.0
계절,벨벳글로브(Velvet Glove),2.0
Monologue,버즈(Buzz),2.0
Poison,시크릿(Secret),2.0
With You,스피카(SPICA),2.0
그 거리..,윤하(Younha/ユンナ),2.0
하루 종일 비가 내렸어,디아(Dia) [키스 & 크라이],2.0
칵테일 사랑,거북이,2.0
가지마라,솔솔부는 봄바람,2.0
하루 끝,아이유(IU),2.0
그 계절의 우리,정준일 [메이트],2.0
샛노랑과 새빨강 사이,가을방학,2.0
하루만에,브이원 (V.One),2.0
가잖아,신승훈,2.0
새,김동률,2.0
미래로 돌아가자 (feat. Ra.D),이루펀트(Eluphant),2.0
하루에 한번씩,SG워너비,2.0
별처럼...,솔비,2.0
샤이닝,자우림(Jaurim),2.0
미련 (김건모),김연우,2.0
서른 즈음에,김광석,2.0
미소를 띄우며 나를 보낸 그 모습처럼 (원곡가수 이은하),김연우,2.0
서약 (황금무지개 유이 & 정일우 러브테마),알리(Ali),2.0
깊은 슬픔,Y2K,2.0
Nostalgia ,요조(Yozoh),2.0
기억이... 눈물이...,정지찬 [원모어찬스],2.0
인생은 금물,언니네 이발관,2.0
Nobody,원더걸스(Wonder Girls),2.0
하루하루,BIGBANG,2.0
인형의 꿈,일기예보,2.0
Playa Love (feat. 린),더블케이(Double K),2.0
회상 (feat. 백지영),리쌍(Leessang),1.0
잘 지내니,실루엣,1.0
죄,루그(Lug),1.0
후회 王 (feat. 김연우),윤종신,1.0
잘못된 만남 (2009 Re-Mastering ver.),김건모,1.0
잔상 (inst.),캐스커(Casker),1.0
우리 이렇게,슈가볼(Sugarbowl),1.0
"잘 지내자, 안녕",스윗바이러스(Sweet Virus),1.0
우리 참 좋았는데 (duet with 박정현),성시경,1.0
우리 헤어지자,이승기,1.0
잠 못 드는 밤에,문명진,1.0
주홍글씨 (Dance ver.),스페이스 A(Space A),1.0
환상 속의 그대 (feat. 최자 Of 다이나믹듀오) (Hey You),케이윌(K.Will),1.0
키친,이소은,1.0
흐린 아침,차은주,1.0
타임머신,강백수,1.0
흐린비가 내리며는,부활,1.0
우리 처음 만난 날,김연우,1.0
좋은 날,새바람이 오는 그늘,1.0
죽도록,더 원(The One),1.0
피노키오 (Danger),에프엑스(f(x)),1.0
화려하지 않은 고백,이승환,1.0
짧은머리,허각,1.0
하루를 시작하는 방법,제이레빗(J Rabbit),1.0
해볼라고,형용돈죵 (정형돈 & G-Dragon),1.0
해변의 추억 (Night ver.),윤종신,1.0
이렇게 살고 있어,노리플라이(no reply),1.0
처음부터 널,이매진(I:magine),1.0
집으로 가는길 (inst.),제이레빗(J Rabbit),1.0
하얀 설레임 (White Love),케이윌(K.Will),1.0
인사 (Vocal By 김연우),토이(Toy),1.0
정신이 나가서 (feat. 미소 Of 앙팡),팻두(FatDoo),1.0
처음,성시경,1.0
이미 슬픈 사랑,야다(Yada),1.0
한장의 추억,쿨(COOL),1.0
하얀나비,브라운 아이즈(Brown Eyes),1.0
이별병,미노(Mino) [프리스타일],1.0
해운대,케이준(K Jun),1.0
하지 못한 말,노을,1.0
이별송,브라운 아이즈(Brown Eyes),1.0
이별을 걸으며,헤르쯔 아날로그(Herz Analog),1.0
한번만 안아줘,걸스데이(Girl's Day),1.0
이별이야기,서영은,1.0
이별이야기 (feat. 조권),왁스(Wax),1.0
이젠 안녕,브로콜리너마저,1.0
차마,펄스데이(Pearl's Day),1.0
이상해,이적,1.0
한강의 작별,10cm(십센치),1.0
한 여름날 눈이 내릴 때까지 너를 사랑해 (한.눈.해),팝시클(Popsicle ),1.0
한 장의 추억,쿨(COOL),1.0
한 여름밤의 꿈,권성연,1.0
인연,윤민수,1.0
집 (feat. 유미),하우스 룰즈(House Rulez),1.0
우울한 편지,버벌진트(Verbal Jint),1.0
풍요 속 빈곤,김부용,1.0
토요일 밤이 좋아 (Saturday Night Fever),로맨틱 펀치(Romantic Punch),1.0
첫사랑의 일기장 (feat. 스타 러브 피쉬),어쿠스틱 콜라보(Acoustic Collabo),1.0
중력 (Gravity),플라이 투 더 스카이(Fly To The Sky),1.0
잊혀지는 것들에 대하여,성시경,1.0
혼자라고 느낄 때 (feat. San E),라임어택(RHYME-A-),1.0
호흡과다,가을방학,1.0
허니문 (Honeymoon),터보(Turbo),1.0
첫사랑,버스커 버스커(Busker Busker),1.0
잊지마요,성훈 [Brown Eyed Soul],1.0
평행세계 (feat. B-Soap & Kjun),Kricc(크릭),1.0
좋아요~,불독맨션(Bulldogmansion),1.0
행복했다...안녕,김연우,1.0
위로,박아셀,1.0
일어나,가내수공업,1.0
햇살이 아파 (With 한소현 Of 3rd Coast),스탠딩 에그(Standing Egg),1.0
피에스타,클래지콰이(Clazziquai),1.0
조별과제,CHEEZE,1.0
천생연분,캐스커(Casker),1.0
일년이면,휘성,1.0
조금만 사랑했다면,화요비,1.0
천만에요,애즈 원(As One),1.0
천국에서 내린 비,듀크(Duke),1.0
"이 비가 그치면... (feat. 베이지, 김현중)",MJ(써니사이드),1.0
이 비는 내 욕심,몽니(Monni),1.0
제주도의 푸른밤,남아스떼(男兒's 떼),1.0
하늘을 날아,메이트(Mate),1.0
이 죽일놈의 사랑,이수영,1.0
하루,포지션(Position),1.0
정말 사랑했을까,브라운 아이드 소울(Brown Eyed Soul),1.0
('Cause) I'm Your Girl,S.E.S.,1.0
용감한 그녀들,써니힐(Sunny Hill),1.0
외톨이야,씨엔블루(CNBLUE),1.0
Where Are You,사비나앤드론즈(Savina & Drones),1.0
Who Are You? (Bossa Nova ver.),윈터플레이(Winterplay),1.0
"With U (feat. 범키, 소울다이브)",소울라임(SouLime),1.0
With You,윤건,1.0
You,주형진,1.0
夢(몽) (드라마 '장희빈' 삽입곡),이수영,1.0
가끔,크러쉬(Crush),1.0
가라,더 네임(The Name),1.0
가리워진 길 (Ra.D Rmx),라디(Ra.D),1.0
가만히 눈을 감고,정재욱,1.0
가을밤,버스커 버스커(Busker Busker),1.0
가을방학 (Album ver.),가을방학,1.0
가을이 오면,서영은,1.0
가을이 지나간다,이석훈 [SG워너비],1.0
가지마 가지마 (Acoustic ver.),상상밴드,1.0
감기라도 걸릴까,휘성,1.0
강(江),패닉(Panic),1.0
같이 걸을까,딕펑스(Dick Punks),1.0
같이가요 하와이 (feat. 조태준 From 우쿨렐레 피크닉),징고(Zingo) [슈퍼키드],1.0
개구리 (TV만화 '뽀로로와 노래해요' 삽입곡),Unknown,1.0
개나리이끼 숲 위로 소나기가 지나가고,두번째 달,1.0
When A Man Loves A Woman,Michael Bolton(마이클 볼튼),1.0
Walking In The Rain (feat. Illinit & 차여울),시로스카이(Shirosky),1.0
Urbanite,어바날로그(Urbanalog),1.0
Summer,루싸이트 토끼,1.0
Shawty,리코(Rico),1.0
Shine (On Your Heart),브라이언(Brian),1.0
Signal Song,라이너스의 담요(Linus' Blanket),1.0
Slowly,A.T(에이티),1.0
So Good (feat. 빈지노 & 예은 Of 원더걸스),리오 케이코아(Leo Kekoa),1.0
"Sophie Marceau (feat. Yozoh, Humming Girl)",허밍 어반 스테레오(Humming Urban Stereo),1.0
Stardust,W & Whale(더블유 앤 웨일),1.0
Stay (Outro),재주소년,1.0
Storm,루머스(Rumors),1.0
Summer Dream,소찬휘,1.0
Urban Zakapa (Interlude),어반 자카파(Urban Zakapa),1.0
Summer Sunset,슈가(Sugar),1.0
Sunday,요조(Yozoh),1.0
Supermagic,슈프림팀(Supreme Team),1.0
Sweet Holiday,씨엔블루(CNBLUE),1.0
"TV를 껐네... (feat. t윤미래, 권정열 Of 10cm)",리쌍(Leessang),1.0
Tonight,쥬얼리(Jewelry),1.0
Track 8,이소라,1.0
U-Go-Girl (With 낯선),이효리,1.0
UGLY,OK PUNK!,1.0
걱정,김동률,1.0
겨울이 오면 (feat. 정준일),조정치,1.0
고백,장나라,1.0
기다리다 (Acoustic ver.),윤하(Younha/ユンナ),1.0
그래 좋아,차가운 체리(Cold Cherry),1.0
그래도 나 사랑하지,스웨덴세탁소,1.0
그렇고 그런 사이,장기하와 얼굴들,1.0
그리스의 해변 (Vocal By Monla With 한경록 From Crying Nut),몽라(Monla/夢兒),1.0
그립습니다 (Piano ver.),지아(Zia),1.0
근황,가을방학,1.0
기다려 줘,김광석,1.0
기다려요,브라운 아이드 소울(Brown Eyed Soul),1.0
기다리다,패닉(Panic),1.0
기억에 흩어지다 (Marcescent),디어 클라우드(Dear Cloud),1.0
그댄 나의 집이죠,유리상자,1.0
기억을 걷다,김범수,1.0
긴 여행을 떠나요,권순관,1.0
길을 걷다가,노룬산 프로젝트,1.0
깊은 밤을 날아서,씨야(SeeYa),1.0
꼭 한번 만나고 싶다,바이브(Vibe),1.0
꽃처럼 한 철만 사랑해 줄 건가요?,Lucia(심규선),1.0
꿈만 같아요,살찐고양이,1.0
꿈에,바비 킴(Bobby Kim),1.0
끝없이 소비하라 (feat. 박주원),튠(TUNE),1.0
그땐 미처 알지 못했지 (feat. JP),이적,1.0
그대의 우주,이예린 [인디팝],1.0
고백하는 날 (Acoustic ver.),노리플라이(no reply),1.0
그 아픔까지 사랑한거야,조정현,1.0
고속도로 로맨스,윤종신,1.0
곰돌이의 여름 (feat. 예쁜 순이),노민우,1.0
곰세마리,Unknown,1.0
곰인형 (feat. 해금),린(LYn),1.0
공부하세요,스텔라(Stellar),1.0
공원여행 (Vocal By 현민),페퍼톤스(Peppertones),1.0
괜찮아,짙은(Zitten),1.0
괜찮아질까요? (With Bigtone),이효리,1.0
귤,재주소년,1.0
그 언젠가는,빌리어코스티(Bily Acoustie),1.0
그대와 영원히,클릭비(Click-B),1.0
그 해 여름,강타,1.0
그게 나였어 (원곡가수 이문세),서문탁,1.0
그녀에게 전화오게 하는 방법 (feat. Verbal Jint),공일오비(015B),1.0
그녀의 웃음소리 뿐,윤성기 [휴먼레이스],1.0
그녀의 웃음소리뿐 (이문세),김경호,1.0
그대 걷던 길,노리플라이(no reply),1.0
그대 때문에,박기영,1.0
그대를 내 안에,커피소년,1.0
그대여서 (Piano ver. with 이루마),김형중,1.0
Rock'n 나라,S.E.S.,1.0
Robotisco,로맨티스코(Romantisco),1.0
Ring My Bell (feat. 나얼 Of Brown Eyed Soul),다이나믹 듀오(Dynamic Duo),1.0
Ever Ever (feat. 계피),보이(VOY),1.0
Day By Day (좋은일만 생각하기),소녀시대,1.0
Dead End,이적,1.0
Deep In A Dream (Outro) ,크루셜스타(Crucial Star),1.0
Dream (feat. Pre-School Girl 윤조),애프터 스쿨(After School) ,1.0
Driving To You,어반 자카파(Urban Zakapa),1.0
ELVIS,에이오에이(AOA),1.0
End... And,딕펑스(Dick Punks),1.0
Enjoy The Holiday (Bonus Track From Jazz Set),디제이 아키(DJ AKI),1.0
Etude,소녀시대,1.0
Everyday (feat. 박현일),메이크라인(Makeline),1.0
Darling,에디킴,1.0
Everything (feat. 리쌍),윤건,1.0
FANTASTIC BABY (Special Edition ver.),BIGBANG,1.0
Flat Shoes (feat. Lovey),크루셜스타(Crucial Star),1.0
Fly Again (MBC 드라마 '9회말 2아웃' OST),별,1.0
Get Out,JYJ,1.0
Golden Compass,전영세 트리오,1.0
"Good Bye Sadness, Hello Happiness",t윤미래,1.0
Growing Process,최고은,1.0
Here For You,빅 베이비 드라이버(Big Baby Driver),1.0
Date (My Boy),카라(Kara),1.0
Coffee (feat. 성아),에픽 하이(Epik High),1.0
Holiday (홀리데이),씨스타(Sistar),1.0
Baby Baby,엔오케이(NOK),1.0
01월 10일,브로콜리너마저,1.0
100년 동안의 진심,언니네 이발관,1.0
2시 20분 (카누 CF 삽입곡),박경환,1.0
4월 16일,박지윤,1.0
7월의 멜로디,줄라이(July) [뉴에이지],1.0
8dayz (feat. 용준형 Of Beast),메건리(Megan Lee),1.0
Amen,이소라,1.0
Anystar (애니스타) (feat. 이준기),이효리,1.0
BAD BOY,BIGBANG,1.0
Ballerino(발레리노),리쌍(Leessang),1.0
Close To You,재지팩트(Jazzyfact),1.0
Beautiful Day,정키(Jung Key),1.0
Because I Love You,윤종신,1.0
"Better Than Yesterday (feat. Mr.Room9, 배치기, KTCOB, MC BK, Outsider, P-Masta)",MC 스나이퍼(MC Sniper),1.0
Bikini,페퍼톤스(Peppertones),1.0
Blingbling (feat. 타루),센티멘탈 시너리(Sentimental Scenery),1.0
Blowin' My Mind,브라운 아이드 소울(Brown Eyed Soul),1.0
Blue 923,러브홀릭(Loveholic),1.0
Breath,Ruby Star(루비스타),1.0
But...,제이엔씨(JNC),1.0
Hero,김소리,1.0
Honey,박진영,1.0
Rain U,하이브리파인(HybRefine),1.0
Night Blue (영화 '마린보이' 뮤직비디오 삽입곡),마이 앤트 메리(My Aunt Mary),1.0
Lovin Ice Cream,애즈 원(As One),1.0
"Loving You (1, 2, 3) (feat. 원써겐)",히나인(Heenain),1.0
Melody,조규찬,1.0
Morning,조규찬,1.0
My Favorite Song (Korean ver.),소규모 아카시아 밴드,1.0
My Lips,JUNIEL(주니엘),1.0
NU 예삐오 (NU ABO),에프엑스(f(x)),1.0
Never Give Up (feat. Heritage),방용국,1.0
Night,스웨덴세탁소,1.0
O.K,비원에이포(B1A4),1.0
"Love, Life, Rap (feat. Gray)",피타입,1.0
One Summer Drive,쿨(COOL),1.0
Onetime Bestseller,넬(Nell),1.0
Outro,프라이머리(Primary),1.0
Paradise,더 멜로디(The Melody),1.0
Plastic Flower (상사병),박정현,1.0
Please Send Me Someone To Love,웅산,1.0
Promise You,브라운 아이드 소울(Brown Eyed Soul),1.0
Push Push (푸시푸시),씨스타(Sistar),1.0
Rain,구혜선,1.0
Lovepotion,반시(Vansy),1.0
Love's A Choice (feat. Alanna Stewart),Blee(블리),1.0
Hot Baby,베스티(BESTie),1.0
It's Okay (feat. 화요비),언터쳐블,1.0
I Believe (신승훈),김조한,1.0
I Love You,포지션(Position),1.0
I Love You Song ,쥬비(Jubi),1.0
I Wanna B,어른아이(Adultchild),1.0
I'm Fine Thank You,레이디스 코드(LADIES' CODE),1.0
Ignition (feat. 나윤권),에픽 하이(Epik High),1.0
In My Room (Unplugged Remix),샤이니(SHINee),1.0
Intro (inst.),슈가볼(Sugarbowl),1.0
"It's Alright, It's Allgood (feat. 윤미래[T])",바비 킴(Bobby Kim),1.0
Je T'aime,해이(Hey),1.0
Love Is... (3+3=0),터보(Turbo),1.0
Kiss And Tell,검정치마,1.0
Labor In Vain,라이너스의 담요(Linus' Blanket),1.0
Lean On Me (feat. 에디킴 & TUNE From 노리플라이),닥터심슨(Dr.Simpson),1.0
Left Lady,흑꼬,1.0
Lie,가비엔제이(Gavy N.J.),1.0
Life Is Tab,슈퍼스타 K 2,1.0
Like Tiffany,헤르쯔 아날로그(Herz Analog),1.0
Love,브라운 아이드 걸스,1.0
Love Is A Song,DJ 소울스케이프(DJ Soulscape),1.0
나 나쁘죠 (feat. 김태우),케이윌(K.Will),1.0
나 홀로,빅마마(Big Mama),1.0
나란 사람은 ('거룩한 계보' OST),영지(버블시스터즈),1.0
썰렁한 왕자와 해적 (Beach Party 2010 Mix) (feat. 바나나보트),트래져 아일랜드,1.0
시간이 달라서,스탠딩 에그(Standing Egg),1.0
시내버스 로맨스,이한철,1.0
시를 위한 시,신혜성,1.0
시소,뜨거운 감자(Hot Potato),1.0
시에스타,포츈 쿠키(Fortune Cookie),1.0
식탐소녀의 여름,양빛나라,1.0
심야식당,보드카 레인(Vodka Rain),1.0
싱크로율 100%,블락비(Block B),1.0
썬글라스,김지수,1.0
쓸쓸하고 씁쓸하고,아키버드(Aquibird),1.0
슬픈 언약식,김정민,1.0
아 시원해,슈가버블(Sugar Bubble),1.0
아까워,재지팩트(Jazzyfact),1.0
아니면서,성시경,1.0
아로새기다,이소라,1.0
아름다워 (Beautiful),샤이니(SHINee),1.0
아무것도 몰라요,피에스타(FIESTAR),1.0
아스피린 소년,전자양,1.0
아이스크림 사랑 (Original ver.),서은,1.0
아저씨,장미여관,1.0
시간을 찾아서 (feat. 적),김진표(JP),1.0
스쿠터 (feat. 아름이),유근호,1.0
안녕 (inst.),언니네 이발관,1.0
삼청동 생강 과자,Tama Rhodes(타마 로즈),1.0
사랑한 후에,박효신,1.0
사랑한 후에,이영준,1.0
사랑한다 사랑한다...,블루 스프링(Blue Spring),1.0
사랑한다 사랑해,컬투(Cultwo),1.0
사랑한다는 말,스탠딩 에그(Standing Egg),1.0
사랑한대,스탠딩 에그(Standing Egg),1.0
사랑해줄래,모세(Mose),1.0
사랑했던 기억으로,아침(Achim) [듀오],1.0
사진 (inst.),이진우 [인디],1.0
상상속의 너,카피머신(Copy Machine),1.0
손편지,에피톤 프로젝트(Epitone Project),1.0
상처는 별이 되죠,커피소년,1.0
새로와,옥상달빛,1.0
새빨간 거짓말,혜이니(Heyne),1.0
서울의 달,김건모,1.0
선인장 (Duet),우현 [인피니트],1.0
세월이 가면 (최호섭),김조한,1.0
섹시한 남자,스페이스 A(Space A),1.0
소년,JUNIEL(주니엘),1.0
속아도 꿈결,가을방학,1.0
아픈날,키스위치,1.0
안녕! 하루,앨리스 인 네버랜드(Alice In Neverland),1.0
사랑이라는 이유로,김광석,1.0
옛사랑,이은미,1.0
여보야,엠투엠(M To M),1.0
여우야 여우야,최신인기동요,1.0
연결고리 (feat. MC Meta),ILLIONAIRE RECORDS(일리네어 레코즈),1.0
연예인,싸이(Psy),1.0
영원속에,윤상,1.0
영원한 사랑,Eva(에바),1.0
영원한 여름,몽니(Monni),1.0
영원한 친구,디스코트럭,1.0
옛사랑,이문세,1.0
오늘밤 뭐해?,이츠(it's),1.0
여름아 부탁해,브이(V) [프로젝트그룹],1.0
오늘은 맑음 (duet with 홍수현),상상밴드,1.0
오래된 노래,김동률,1.0
오래전 그 멜로디 (feat. 오지은),노리플라이(no reply),1.0
오래전 그날 (With 이적),윤종신,1.0
오리 날다,체리필터(Cherry Filter),1.0
오빠라고 불러다오,장미하관 (노홍철 & 장미여관),1.0
옷가게 (Can't Go Out) (feat. Donutman) ,크루셜스타(Crucial Star),1.0
완벽한 날 (feat. 아이비),버벌진트(Verbal Jint),1.0
왜 이러니,티아라(T-ara),1.0
"여보세요 (Summer ver.) (feat. J.Slow, 시나에)",자미 소울(Jami Soul),1.0
여름날의 추억,강타,1.0
알 수 없는 일,윤상,1.0
어떻게 시작할까,Caramel espreSSo(카라멜 에스프레소),1.0
애벌레,정동하,1.0
애송이의 사랑,양파,1.0
애인,허쉬(Hush),1.0
애인이 생기면 하고 싶은 일 (With 비),지나(G.NA),1.0
야상곡(夜想曲),김윤아,1.0
어느 하루,롤러코스터(Rollercoaster),1.0
어느 흐린날의 꿈,후(吼/Hoo),1.0
어때 (feat. 하림),긱스(Geeks),1.0
어떡하죠,2AM,1.0
어떻게 할까요 (feat. 다인),플라스틱(Plastic),1.0
여기까진가요 (Piano ver.),참깨와 솜사탕,1.0
어린 송아지,Unknown,1.0
어린욕심 (feat. 휘성),윤하(Younha/ユンナ),1.0
어머님께,지오디(god),1.0
어제보다 슬픈 오늘,김건모,1.0
언젠가 설명이 필요한 밤,안녕하신가영,1.0
얼굴 (Unplugged Music),김건모,1.0
엄마돼지 아기돼지 (TV만화 '뽀로로와 노래해요' 삽입곡),Unknown,1.0
엄지 어디 있어,Unknown,1.0
에뜨왈르,김윤아,1.0
사랑일뿐야,김민우,1.0
사랑이 지나가면,이문세,1.0
나에게 온다,옥주현,1.0
단 한번의 사랑,더 원(The One),1.0
눈물이 안났어,임정희,1.0
눈을 뜨면,에피톤 프로젝트(Epitone Project),1.0
느낌 좋은날,트랙 마켓(Track Market),1.0
니가 돌아오면,디아(Dia) [키스 & 크라이],1.0
니가 떠난 그날 ,먼데이 키즈(Monday Kiz),1.0
니가 좀 짱인듯 (Re-Record),하리(Hari),1.0
다른 별 (feat. Lovey),브라더수(BrotherSu),1.0
다시,지오디(god),1.0
다시 사랑한다면,도원경,1.0
당부,루그(Lug),1.0
누난 너무 예뻐 (Replay),샤이니(SHINee),1.0
당부,이승환,1.0
더딘 사랑,은휼,1.0
덩그러니,이수영,1.0
둥근해가 떴습니다,오키(Oki),1.0
뒤돌아 보다,노리플라이(no reply),1.0
뒷모습,나윤권,1.0
들장미 소녀 캔디 (락버전),오키(Oki),1.0
따라와,GOT7,1.0
또 왜 그래,이상순 ,1.0
눈물바람,9와 숫자들,1.0
녹턴 (Nocturn),이은미,1.0
러브 레시피,클래지콰이(Clazziquai),1.0
내 사람입니다,더 넛츠(The Nuts),1.0
나에게로 떠나는 여행,버즈(Buzz),1.0
난,필베이(Feelbay),1.0
난 남자가 있어,지오디(god),1.0
난 행복해,이소라,1.0
날 사랑하지 마요 (Acustic ver.),H-유진,1.0
날씨,검정치마,1.0
남과 여 (feat. 김범수),박선주,1.0
남자답게,플라이 투 더 스카이(Fly To The Sky),1.0
내 마음의 보석상자,SG워너비,1.0
내가 할 수 없는 말 (feat. 나비) ,정키(Jung Key),1.0
네게 간다 (Piano ver.),캐스커(Casker),1.0
내입술...따뜻한 커피처럼,샵(S#arp),1.0
너를 너를 너를,플라이 투 더 스카이(Fly To The Sky),1.0
너에게 주고 싶은 세 가지 (feat. 소진 Of 걸스데이),크루셜스타(Crucial Star),1.0
너와 나,유승우,1.0
너의 그 말 (feat. 김태현),블랙 스트라이크(Black Strike),1.0
너의 뒤에서,이승기,1.0
너의 의미,산울림,1.0
넌 그날 (feat. 유인나),허밍 어반 스테레오(Humming Urban Stereo),1.0
넌 내게 반했어,노브레인(No Brain),1.0
뛰뛰빵빵,비투비(BTOB),1.0
러비듀,바닐라 어쿠스틱(Vanilla Acoustic),1.0
사랑을 시작해도 되겠습니까,모던쥬스(Modern Juice),1.0
빨간우산,김건모,1.0
보고싶어,보드카 레인(Vodka Rain),1.0
보라빛 향기,강수지,1.0
보이지 않는 사랑,신승훈,1.0
부서진 바람,수경 [빨간의자],1.0
비밀 (Insane),비투비(BTOB),1.0
비오는 거리,서영은,1.0
비와 당신 (KBS 주말드라마 '부탁해요 엄마' 삽입곡),럼블 피쉬(Rumble Fish),1.0
비처럼 음악처럼 (feat. 김현식),김범수,1.0
빗소리,B.A.P,1.0
빨간자동차 (With 김건모),이효리,1.0
벽지무늬,아이유(IU),1.0
뻐꾸기 둥지위로 날아간 새,김건모,1.0
뿌요 뿌요 <Pyo Pyo>,유피(UP),1.0
삐에로는 우릴보고 웃지,김완선,1.0
사랑 왜했어,솔비,1.0
사랑같은 건,스윗소로우(SWEET SORROW),1.0
사랑과 전쟁 (Narr. 하하),다비치,1.0
사랑그리기 (feat. Jinbo),45알피엠(45RPM),1.0
사랑으로 빚진 날들,윤건,1.0
사랑은 MOVE,시크릿(Secret),1.0
보고싶다,아라 [인디],1.0
벌써 해가 지네,베란다 프로젝트(Verandah Project),1.0
레미제라블 Part 1,루시드 폴(Lucid Fall),1.0
목소리 (feat. 정기고),스웨덴세탁소,1.0
마주치지 말자,장혜진,1.0
마중 나갈게,숨의숲,1.0
마지막 콘서트 (원곡가수 이승철),김연우,1.0
만만하니,유키스(U-KISS),1.0
머리끝에 물기,이규호(Kyo),1.0
머물러요,정기고(Junggigo),1.0
멀리서 (feat. 김지혜),손성제,1.0
며칠째,마이큐(MY-Q),1.0
모노드라마 (With 유승우),허각,1.0
무임승차,검정치마,1.0
벌써 일년,왁스(Wax),1.0
무지개끝의 키스,모던쥬스(Modern Juice),1.0
물고기자리,이안,1.0
뭐 할래요,비원에이포(B1A4),1.0
미뉴에트,에피톤 프로젝트(Epitone Project),1.0
미운 열두살,재주소년,1.0
바다의 공주,엘피지(LPG),1.0
바보에게... 바보가,박명수,1.0
반지하 로맨스 (feat. MC 스나이퍼),바닐라 어쿠스틱(Vanilla Acoustic),1.0
반짝반짝,장재인,1.0
"힘을 내요, 미스터 김",롤러코스터(Rollercoaster),1.0
