﻿Title,Artist,cnt
그런 사람 또 없습니다,이승철,46.0
Must Have Love (우리들의 겨울),SG워너비,44.0
I Love You,포지션(Position),40.0
서쪽 하늘,울랄라세션(Ulala Session),39.0
안녕이라고 말하지마,다비치,38.0
"씨스루 (feat. Zion.T, 개코 Of 다이나믹듀오)",프라이머리(Primary),37.0
너를 위해,임재범,37.0
사랑비,김태우,37.0
소주 한 잔,임창정,36.0
어땠을까 (feat. 박정현),싸이(Psy),36.0
거리에서,성시경,35.0
미리 메리 크리스마스 (feat. 천둥 Of MBLAQ),아이유(IU),34.0
흰눈,이루(Eru),32.0
Loving U (러빙유),씨스타(Sistar),32.0
회상 (December),터보(Turbo),32.0
끝사랑,김범수,30.0
Baby Baby,포맨,30.0
여전히 아름다운지 (feat. 김연우),토이(Toy),29.0
사랑한다는 흔한 말,김연우,29.0
바람기억,나얼(Na-Ul),29.0
홍대앞에 눈이 내리면,윤건,29.0
슬퍼지려 하기 전에,쿨(COOL),28.0
나혼자 (Alone),씨스타(Sistar),28.0
I'm In Love,나르샤 [브라운아이드걸스],28.0
넌 감동이었어,성시경,28.0
여수 밤바다,버스커 버스커(Busker Busker),28.0
눈이 오네,10cm(십센치),28.0
Be My Baby,원더걸스(Wonder Girls),28.0
"Love (feat. Bumkey, Paloalto)",프라이머리(Primary),28.0
만약에 말야 (전우성 Solo),노을,28.0
신촌을 못가,포스트맨(Postmen),28.0
심장이 없어,에이트(8Eight),27.0
벌써 일년,브라운 아이즈(Brown Eyes),27.0
애상,쿨(COOL),27.0
그립고 그립고 그립다,케이윌(K.Will),27.0
사랑합니다...,팀(Tim),27.0
12월 32일,별,26.0
좋은사람,박효신,26.0
옛사랑,이문세,26.0
"바람, 그대",성시경,26.0
겨울이야기 (With 포맨 & 박정은),윤민수,26.0
다시 사랑한다 말할까,김동률,25.0
Never Ending Story,부활,25.0
서시,신성우,25.0
겨울일기,장나라,25.0
그리워 그리워,노을,25.0
해바라기,SG워너비,25.0
두사람,성시경,25.0
바람이 분다,이소라,24.0
Trouble Maker,트러블메이커(Troublemaker),24.0
가시,버즈(Buzz),24.0
그대에게,신해철,23.0
사랑할수록,부활,23.0
좋은 날,아이유(IU),23.0
귀로,나얼(Na-Ul),23.0
아시나요,조성모,23.0
남자답게,플라이 투 더 스카이(Fly To The Sky),23.0
되돌리다,이승기,23.0
늦가을 (feat. 규현),윤종신,23.0
가슴 시린 이야기 (feat. 용준형 Of Beast),휘성,22.0
사랑 Two,윤도현,22.0
대낮에 한 이별 (feat. 선예 Of Wonder Girls),박진영,22.0
출발,김동률,22.0
살다가 한번쯤,포맨,22.0
좋아보여 (feat. 검정치마),버벌진트(Verbal Jint),22.0
벚꽃 엔딩,버스커 버스커(Busker Busker),22.0
친구라도 될 걸 그랬어,거미,22.0
못해 (feat. 美),포맨,22.0
마음을 잃다,넬(Nell),21.0
술 한잔 해요,지아(Zia),21.0
우산 (feat. 윤하),에픽 하이(Epik High),21.0
내 마음에 비친 내 모습,유재하,21.0
널 생각해,원 모어 찬스(one more chance),21.0
비와 당신 (영화 '라디오 스타 '삽입곡),럼블 피쉬(Rumble Fish),21.0
"? (물음표) (feat. 최자 Of 다이나믹듀오, Zion.T)",프라이머리(Primary),21.0
커플 (Couple),젝스키스(Sechs Kies),20.0
사랑이 다른 사랑으로 잊혀지네,하림,20.0
크리스마스니까,성시경,20.0
보고 싶다,김범수,20.0
그녀와의 이별,김현정,20.0
가끔 미치도록 네가 안고 싶어질 때가 있어,가을방학,20.0
인연 (동녘바람),이선희,20.0
사랑의 時,엠씨 더 맥스(M.C the Max),20.0
가을 아침,양희은,19.0
내 마음 깊은 곳의 너,신해철,19.0
가만히 눈을 감고,정재욱,19.0
그리움을 사랑한 가시나무,테이(Tei),19.0
10월(月)에 눈이 내리면,성시경,19.0
사랑하기 때문에,유재하,19.0
연인,김연우,19.0
"사랑눈 (feat. 드로플렛, 슬라임)",김태우,19.0
오랜 이별뒤에,신승훈,19.0
어제처럼,제이(J.ae),19.0
인형의 기사 Part Ⅱ,넥스트(N.EX.T),18.0
내가 그댈,세븐데이즈(7Dayz),18.0
이별택시,김연우,18.0
Love You (feat. Piano By Eco Bridge),정엽,18.0
첫눈이 오는 날,서지원,18.0
사랑은 봄비처럼... 이별은 겨울비처럼,임현정,18.0
Abracadabra,브라운 아이드 걸스,18.0
꿈에,박정현,18.0
나만 몰랐던 이야기,아이유(IU),18.0
잘못된 만남,김건모,17.0
이럴거면,아이비(IVY),17.0
사랑.. 그 놈,바비 킴(Bobby Kim),17.0
추억은 사랑을 닮아,박효신,17.0
그런가봐요...,브이원 (V.One),17.0
이상하다,박효신,17.0
화장을 고치고,왁스(Wax),17.0
Tonight (feat. 샛별),크루셜스타(Crucial Star),17.0
Sexy Love,티아라(T-ara),17.0
낙원 (feat. 이재훈),싸이(Psy),17.0
원하고 원망하죠,애즈 원(As One),16.0
정말 사랑했을까,브라운 아이드 소울(Brown Eyed Soul),16.0
Rain,이적,16.0
나만 몰랐던 이야기 (With Pianist 김광민),아이유(IU),16.0
아로하,쿨(COOL),16.0
Think About' Chu,아소토 유니온(Asoto Union),16.0
Tears,소찬휘,16.0
...사랑했잖아...,린(LYn),16.0
With Me,휘성,16.0
가지마 가지마,브라운 아이즈(Brown Eyes),16.0
그땐 미처 알지 못했지,이적,16.0
화분 (알렉스 ver.) ('우리 결혼했어요' 삽입곡),알렉스(Alex) [클래지콰이],16.0
보통날,지오디(god),16.0
겨울 이야기,조관우,16.0
사랑했나봐,윤도현,16.0
감기,이기찬,16.0
추억 그리고..,별,16.0
소망,바이브(Vibe),16.0
한숨만,바이브(Vibe),15.0
애인... 있어요,이은미,15.0
그런일은,화요비,15.0
바보,박효신,15.0
동경,박효신,15.0
혼자만의 겨울,강수지,15.0
눈물 (feat. 유진 Of 더 씨야),리쌍(Leessang),15.0
나의 외로움이 널 부를 때,장필순,15.0
Roly-Poly,티아라(T-ara),15.0
To Heaven (천국으로 보낸 편지),조성모,15.0
고백,델리 스파이스(Deli Spice),15.0
Snowing (베스킨라빈스 CF 삽입곡),어반 자카파(Urban Zakapa),15.0
죽을 만큼 아파서 (feat. 멜로우),MC 몽,15.0
중독된 사랑,조장혁,15.0
Happy Together (해피투게더),박지헌,15.0
뜨거운 안녕 (Vocal By 이지형),토이(Toy),15.0
안녕 나의 사랑,성시경,15.0
커피를 마시고 (Main ver.),어반 자카파(Urban Zakapa),15.0
눈을 감아도,김보경,15.0
어느 째즈바...,터보(Turbo),14.0
마법의 성,더 클래식(The Classic),14.0
널 잊기 위한 사랑,강희수,14.0
"봄날, 벚꽃 그리고 너",에피톤 프로젝트(Epitone Project),14.0
우리들만의 추억,서태지와 아이들,14.0
그대가 그댈 모르면,박혜영,14.0
그대 내품에,유재하,14.0
듣는편지,40(포티),14.0
가을 우체국 앞에서,윤도현,14.0
Oceans. Sand. Trees.,에픽 하이(Epik High),14.0
Officially Missing You,긱스(Geeks),14.0
들리나요,태연 (Taeyeon),14.0
Once I Loved,웅산,14.0
그대 (Original ver.),브라운 아이드 소울(Brown Eyed Soul),14.0
왜 그럴까,존 박(John Park),14.0
그대에게 쓰는 편지,조정현,14.0
"그대와 나, 설레임 (feat. 소울맨)",어쿠스틱 콜라보(Acoustic Collabo),14.0
비행기,거북이,14.0
Voice (feat. Swings),김예림 [투개월],14.0
밀당의 고수,에디킴,14.0
더 오래된 노래,장윤주,14.0
이별에게,보보(Bobo),14.0
기억 속의 먼 그대에게,박효신,14.0
기억뿐인 곳에서,이수영,14.0
말하는 대로,처진 달팽이(유재석 & 이적),14.0
이렇게 살고 있어,노리플라이(no reply),14.0
"수고했어, 오늘도",옥상달빛,14.0
가슴이 뛴다,이은미,14.0
바보꽃,버블 시스터즈(Bubble Sisters),14.0
기억속으로,이은미,14.0
도대체,카밀라(Camilla),14.0
독 (feat. E-Sens Of 슈프림팀),프라이머리(Primary),14.0
위아래,EXID(이엑스아이디),14.0
비처럼 음악처럼,김현식,14.0
빨간우산,김건모,14.0
Promise,화요비,14.0
You Bring Me Joy (Part 2) (feat. 태연),더 원(The One),14.0
나만의 회상,아낌없이 주는 나무,14.0
나 돌아가,임정희,14.0
안아줘,정준일 [메이트],14.0
어떤 그리움,이은미,14.0
어떤 기다림 (House Music),김건모,14.0
러브 레시피,거미,14.0
꽃피는 봄이오면,BMK,14.0
멍,김현정,14.0
꽃처럼 한 철만 사랑해 줄 건가요?,Lucia(심규선),14.0
언제쯤이면 (duet with 아이유),윤현상,14.0
언젠가는,이상은(Lee Tzsche),14.0
사랑해 쏭,이진아,14.0
모래성,박효신,14.0
라라라,이수영,14.0
Second First Date (feat. Ritha K) (Bonus Track From Jazz Set),디제이 아키(DJ AKI),14.0
썸남썸녀 (feat. 휘성),케이윌(K.Will),14.0
에필로그,유희열,14.0
사랑한다는 말로도 위로가 되지 않는,브로콜리너마저,14.0
라라라,SG워너비,14.0
나 평생 그대 곁을 지킬게,윤현상,14.0
깊이,백지영,14.0
깊은 밤을 날아서,이문세,14.0
광화문에서 (At Gwanghwamun),규현(KYUHYUN),14.0
사뿐사뿐,에이오에이(AOA),14.0
나였으면,나윤권,14.0
아마도 그건,최용준,14.0
사랑 사랑아,다비치,14.0
멀어 (feat. Beenzino),프라이머리(Primary),14.0
김성호의 회상,김성호,14.0
오늘만은,장혜진,14.0
마지막 내게,윤상,14.0
나와 같다면,핑클(Fin.K.L),14.0
헤픈엔딩 (feat. 조원선 Of 롤러코스터),에픽 하이(Epik High),14.0
내 모든것 (Live Mix),서태지와 아이들,14.0
"헤어지지 못하는 여자, 떠나가지 못하는 남자 (feat. 정인)",리쌍(Leessang),14.0
당신은 참..,성시경,14.0
다시 시작해보자,김동률,14.0
내꺼하자,인피니트(Infinite),14.0
Gee,소녀시대,14.0
다시 만난 날,휘성,14.0
내일이 찾아오면,박정운,14.0
다 괜찮아요,리사(Lisa),14.0
눈물이 뚝뚝,케이윌(K.Will),14.0
하고 싶은 말 (feat. 한올),어쿠루브(Acourve),14.0
죽어도 못 보내,2AM,14.0
너를,브라운 아이드 소울(Brown Eyed Soul),14.0
"입장정리 (feat. 최자 Of 다이나믹듀오, Simon D Of 슈프림팀)",프라이머리(Primary),14.0
하루,민경훈,14.0
전화번호,지누션(Jinusean),14.0
해바라기,언니네 이발관,14.0
너에게 쓰는 편지,MC 몽,14.0
커피 한 잔 할래요,폴킴(Paul Kim),14.0
좋았던 순간은 늘 잔인하다,에피톤 프로젝트(Epitone Project),14.0
잔소리 (With 2AM 슬옹),아이유(IU),14.0
다짐 (feat. 김구),조성모,14.0
너를 그리다,디어(d.ear),14.0
늦은 후회,린(LYn),14.0
하얀 고백 (Lately),인피니트(Infinite),14.0
친구야 너는 아니 (A-Men Song),부활,14.0
내 사랑은 말야,2AM,14.0
일요일 오후 놀이터,도로시밴드(Dorothy Band),14.0
Like this,원더걸스(Wonder Girls),14.0
12시 30분,비스트(Beast),14.0
희망사항,유리상자,14.0
내가 웃고 있어요 (가인),브라운 아이드 걸스,14.0
녹턴 (Nocturn),이은미,14.0
혜화동,동물원,14.0
내 생애 가장 행복한 시간 (feat. 허각),MC 몽,14.0
내게 다시,어반 자카파(Urban Zakapa),14.0
"1,2,3,4 (원,투,쓰리,포)",이하이,14.0
눈물아 안녕,아이비(IVY),14.0
Lonely Only You,김지수,14.0
차마...,성시경,14.0
화려하지 않은 고백,이승환,14.0
지금 이대로,변진섭,14.0
Kiss Kiss,레이디스 코드(LADIES' CODE),14.0
이층집 소녀,윤종신,14.0
내가 없어도,린애,14.0
SOFA,크러쉬(Crush),13.0
연애시대 (feat. Ra.D) (Narr. 한효주),이승기,13.0
사랑했나봐,장혜진,13.0
태양계,성시경,13.0
사랑했던 기억으로,윤건,13.0
Replay,김동률,13.0
타인,영턱스클럽(YTC),13.0
가을밤,버스커 버스커(Busker Busker),13.0
예뻐요,스윗소로우(SWEET SORROW),13.0
Crush (Reprise),어반 자카파(Urban Zakapa),13.0
이젠 그랬으면 좋겠네 (조용필),박정현,13.0
니가 싫어,어반 자카파(Urban Zakapa),13.0
취중진담(醉中眞談),전람회,13.0
서약 (황금무지개 유이 & 정일우 러브테마),알리(Ali),13.0
Tell Me (Sampling From 'Two Of Hearts'),원더걸스(Wonder Girls),13.0
아름다운 것,언니네 이발관,13.0
내가 제일 잘 나가,투애니원(2NE1),13.0
야생화,박효신,13.0
Stay,넬(Nell),13.0
다시 사랑한다면,도원경,13.0
나는 그 사람이 아프다 (feat. 타루),에피톤 프로젝트(Epitone Project),13.0
다시 사랑 할 수 있을까 (feat. 다비치),포맨,13.0
썸 (feat. 릴보이 Of 긱스),소유,13.0
마지막 사랑,박기영,13.0
High High,G-DRAGON,13.0
좋은 사람 (feat. 김형중),토이(Toy),13.0
먼곳에서,박효신,13.0
엉뚱한 상상 (White X-Mas를 기다리며),HITCHHIKER (히치하이커),13.0
내 여자,더 원(The One),13.0
거짓말,BIGBANG,13.0
겨울이 오면,김건모,13.0
빨개요,현아 [포미닛],13.0
발걸음,에메랄드 캐슬(Emerald Castle),13.0
바래다 주는 길,바이브(Vibe),13.0
횡계에서 돌아오는 저녁,김현철,13.0
그대와 함께,더 블루(The Blue),13.0
듣기싫은 멜로디,테이(Tei),13.0
우리 참 좋았는데 (duet with 박정현),성시경,13.0
"사람, 사랑",김범수,13.0
겨울 장마 (feat. 루시드폴),푸디토리움(Pudditorium),13.0
공원에서,유희열,13.0
그 중에 그대를 만나,이선희,13.0
너의 의미 (feat. 김창완),아이유(IU),13.0
"눈, 코, 입",태양,13.0
별똥별,전기뱀장어,13.0
My Love,이승철,13.0
비오는 밤,도나웨일(Donawhale),13.0
다행이다,이적,13.0
행복하자 (MBC 월화드라마 '역전의 여왕' 삽입곡),별,13.0
금요일에 만나요 (feat. 장이정 Of History),아이유(IU),13.0
In Your Eyes (Guitar ver.),쿨(COOL),13.0
물론,KCM,13.0
Because Of You,브라운 아이드 소울(Brown Eyed Soul),13.0
까탈레나 (Catallena),오렌지캬라멜(Orange Caramel),13.0
사랑이 지나가면,이문세,13.0
흐린 기억속의 그대 (Club Remix),현진영,13.0
Piano Nocturn (벌써 일년),브라운 아이즈(Brown Eyes),13.0
Bubble (Narr. 보라 Of 씨스타),케이윌(K.Will),13.0
겨울바다,푸른 하늘,13.0
Boogie On & On,빈지노(Beenzino),13.0
안부 (feat. 나윤권),별,13.0
1229,에피톤 프로젝트(Epitone Project),13.0
오늘은 그대와 하늘 위로 (feat. Bobby Kim),브라운 아이드 걸스,13.0
바람인가요,브라운 아이드 소울(Brown Eyed Soul),12.0
뭐라할까!,브리즈(The Breeze),12.0
넌 나를 좋아하게 될거야 (넌.좋.될),소심한 오빠들(Sosimboys),12.0
벌써 일년,왁스(Wax),12.0
그대 내게 다시 (Guitar ver.),럼블 피쉬(Rumble Fish),12.0
화이트 (White),핑클(Fin.K.L),12.0
후회한다,포맨,12.0
Bye By Bye,클린치(Clinch),12.0
슬픔활용법,김범수,12.0
내사람: Partner For Life,SG워너비,12.0
눈물만 눈물만,왁스(Wax),12.0
크리스마스 카드 (Vocal By 김형중),토이(Toy),12.0
꿈의 대화 (Acoustic ver.),SG워너비,12.0
사랑인가요,박새별,12.0
너를 위해,수경 [빨간의자],12.0
공허해,WINNER,12.0
너에게,서태지와 아이들,12.0
한 남자,김종국,12.0
한사람을 위한 마음,럼블 피쉬(Rumble Fish),12.0
김밥,김지수,12.0
이제서야,김동률,12.0
비켜줄께,브라운 아이드 소울(Brown Eyed Soul),12.0
You Are My Lady,정엽,12.0
그녀를 사랑해줘요,하동균,12.0
내사랑 내곁에,김현식,12.0
진짜일 리 없어,임정희,12.0
니가 빈 자리,신용재 [4men],12.0
내가 아는 한 가지,홍경민,12.0
지나간다,김범수,12.0
NoNoNo,에이핑크(Apink),12.0
잘지내,정엽,12.0
내 삶의 반,한경일,12.0
이등병의 편지,박혜경,12.0
Memories... (Smiling Tears),t윤미래,12.0
Left Lady,흑꼬,12.0
Show Me Your Love (With 슈퍼주니어),동방신기(TVXQ!),12.0
Snow Prince,더블에스501(SS501),12.0
내가 니 편이 되어줄게 (feat. 하은),커피소년,12.0
내가 만일,안치환,12.0
운명,쿨(COOL),12.0
Suddenly,제이워크(J-Walk),12.0
네모의 꿈,화이트(W.H.I.T.E.),11.0
선물,박기영,11.0
사랑해도 될까요?,유리상자,11.0
30분 전 (feat. 임정희),이현 [에이트],11.0
미워도 다시 한번 (Original ver.),바이브(Vibe),11.0
간지럽게,스윗소로우(SWEET SORROW),11.0
전활 받지 않는 너에게,2AM,11.0
"TV를 껐네... (feat. t윤미래, 권정열 Of 10cm)",리쌍(Leessang),11.0
사랑한다,럼블 피쉬(Rumble Fish),11.0
청소하던 날,김연우,11.0
나비 (Fly Away),어반 자카파(Urban Zakapa),11.0
이름 없는 거리 이름 없는 우리,이아립,11.0
소원,고유진(플라워),11.0
You'd Be So Nice To Come Home To,재즈홀릭(Jazzholic),11.0
농담 반 진담 반,슈가볼(Sugarbowl),11.0
Goodbye,라디(Ra.D),11.0
아주 오래된 연인들,공일오비(015B),11.0
어젠 (Original Hwanhee ver.),환희,11.0
본능적으로 (feat. Swings),강승윤 [WINNER],11.0
그대 걷던 길,노리플라이(no reply),11.0
그녀가 나를 보네...,브라운 아이즈(Brown Eyes),11.0
단발머리 (Short Hair),에이오에이(AOA),11.0
"빛 (Special Female Song 류시현, Special Recitation 김지영)",자전거 탄 풍경,11.0
그대가 분다,엠씨 더 맥스(M.C the Max),11.0
귤,재주소년,11.0
한여름밤의 꿀,산이(San E),11.0
I'm In Love (With 정성하),나르샤 [브라운아이드걸스],11.0
Beautiful Day,어반 자카파(Urban Zakapa),11.0
사랑에 빠지고 싶다,김조한,11.0
사랑은 맛있다 ♡,휘성,11.0
사랑은 은하수 다방에서,10cm(십센치),11.0
미안한 마음,원더걸스(Wonder Girls),11.0
물끄러미 (Piano ver.),지아(Zia),11.0
속아도 꿈결,가을방학,11.0
가질 수 없는 너,뱅크(Bank),11.0
01월 10일,브로콜리너마저,11.0
Timeless,SG워너비,11.0
시작되는 연인들을 위해,이원진,11.0
시청앞 지하철 역에서,스프링롤(Springloll),11.0
로맨틱 겨울 (feat. 김진호 Of SG워너비),김진표(JP),11.0
내려놓기 (One Last Memory),"S (강타, 신혜성, 이지훈)",11.0
"바람, 어디에서 부는지",루시드 폴(Lucid Fall),11.0
인사 (Vocal By 김연우),토이(Toy),11.0
Viajante (Traveler / 비아잔떼),푸디토리움(Pudditorium),11.0
스토커,10cm(십센치),11.0
앵무새,하울(HowL),11.0
천일동안,이승환,11.0
술이야,바이브(Vibe),11.0
오늘밤은 어둠이 무서워요,10cm(십센치),10.0
"Here, I Stand For You (Original ver.)",넥스트(N.EX.T),10.0
Missing You,플라이 투 더 스카이(Fly To The Sky),10.0
오래도록 고맙도록,브라운 아이드 소울(Brown Eyed Soul),10.0
또 다른 시작,서지원,10.0
이 길 위에 서서 (feat. 조승우),이영미 [뮤지컬],10.0
또 한번 사랑은 가고,이기찬,10.0
잊었니,에이치(H),10.0
I Will,Various Artists,10.0
Love Shine,검정치마,10.0
Bubble Pop!,현아 [포미닛],10.0
버리기 위해서,백지영,10.0
사랑해 이말밖엔 (Acoustic ver.),리치(Rich),10.0
홀로 (feat. 김나영),정키(Jung Key),10.0
거위의 꿈,카니발(Carnival),10.0
꿈,보보(Bobo),10.0
사랑해요,노매드(Nomad),10.0
무한지애(無恨之愛),김정민,10.0
혼자 있는 시간,토이(Toy),10.0
Amen,이소라,10.0
Mr.Chu (On Stage),에이핑크(Apink),10.0
그날에 우리,어반 자카파(Urban Zakapa),10.0
해에게서 소년에게,넥스트(N.EX.T),10.0
너와 같은 별을 보며,알레그로(Allegrow),10.0
안녕,신해철,10.0
너에게 간다,윤종신,10.0
사랑 안해,백지영,10.0
우리 앞의 생이 끝나갈때,무한궤도,10.0
어느날 오후,정원영,10.0
난 그댈 보면서 (duet with 이소라),조규찬,10.0
그립다,김연우,10.0
별이 진다네,여행스케치,10.0
도시인,넥스트(N.EX.T),10.0
Capuccino,장세용,10.0
하얀 겨울,미스터 투(Mr.2),10.0
고백 (Produced By Vibe 윤민수),포맨,10.0
다시 태어나도 (duet with 에스더),김돈규,10.0
Like You (feat. 아이유),원티드(Wanted),10.0
편지,김우주,10.0
나의 고백,자화상,10.0
Hey Girl,팀(Tim),10.0
나와 같다면 (Acoustic ver.),김장훈,10.0
좋아 (JOAH),박재범(Jay Park),10.0
민물장어의 꿈,신해철,10.0
끝난 건가요,장혜진,10.0
"가을, 다시",데이브레이크(daybreak),10.0
Everlasting,보아(BoA),10.0
나에게 쓰는 편지,신해철,10.0
바람아 불어라,레드애플(Led apple),10.0
Sera (In Las Vegas),더 클래식(The Classic),10.0
슬픈 인연,공일오비(015B),10.0
일상으로의 초대,신해철,10.0
I Hate You (Vocal By 유효림),공일오비(015B),10.0
흐린 가을 하늘에 편지를 써,김광석,10.0
추억이 비가 되어,강토(Kangto),10.0
더 아름다워져,성시경,10.0
새벽전화 (feat. 은지) (Guitar ver.),316,10.0
佳人(가인),나윤권,10.0
Whatever They Say,동방신기(TVXQ!),10.0
송년회,이지영,10.0
어쩌면 너를,윤상,10.0
민물 장어의 꿈,신해철,10.0
지울꺼야,이수영,10.0
너를 향한 마음,리즈(Leeds),10.0
자꾸만,이기찬,9.0
미친거니,바이브(Vibe),9.0
가만히 눈을 감고 (New ver.),정재욱,9.0
그대는 모르죠 (Good-Bye),플라이 투 더 스카이(Fly To The Sky),9.0
눈 오는 날 (The Snowy Night),신화,9.0
내 눈물이 하는 말,견우,9.0
"운명 ('94) With 성윤용, 윤사라",여행스케치,9.0
잔혹한 여행,한희정,9.0
첫 눈 그리고 첫 키스 ,다니엘(Daniel) [DMTN],9.0
만약에 우리,빌리어코스티(Bily Acoustie),9.0
눈 녹듯,패닉(Panic),9.0
물망초,박새별,9.0
사는게 힘들어서,노블레스(Noblesse),9.0
소나기,부활,9.0
언제나 그랬죠,브라운 아이즈(Brown Eyes),9.0
Go Away,투애니원(2NE1),9.0
이방인(異邦人),전람회,9.0
安 (안),임재범,9.0
우리 이렇게,슈가볼(Sugarbowl),9.0
Gone,브라운 아이드 소울(Brown Eyed Soul),9.0
그게 아니고,10cm(십센치),9.0
잊혀진 계절,이용,9.0
날아라 병아리,넥스트(N.EX.T),9.0
사랑은 사랑이...,빈티지 블루(Vintage Blue),9.0
들이대 (Men In Black),M.I.B(Most Incredible Busters),9.0
잘자요 그대,박정현,9.0
저 태양 아래,손성훈,9.0
석봉아,불나방스타쏘세지클럽,9.0
코끝에 겨울,어반 자카파(Urban Zakapa),9.0
목소리 (feat. 정기고),스웨덴세탁소,9.0
겨울,정준일 [메이트],9.0
그댈 위한 사랑,이정,9.0
Rain Drop,아이유(IU),9.0
바래진 기억에,박지윤,9.0
먼지가 되어,김광석,9.0
Love Song,에릭남,9.0
비가 오는 날엔,비스트(Beast),9.0
오늘 헤어졌어요,윤하(Younha/ユンナ),9.0
For Your Soul (슬픈 영혼식),조성모,9.0
창문을 열어놓고,별,9.0
Merry-Chri,보아(BoA),9.0
I Tried,원더걸스(Wonder Girls),9.0
그렇습니까,흐른,9.0
Candy (캔디),H.O.T.,9.0
느림보,SG워너비,9.0
하얀 겨울,김범수,9.0
하리오,케이윌(K.Will),9.0
당신은.. 나는 바보입니다,Stay [심태윤],9.0
사랑이 올까봐 (feat. 화요비),KCM,9.0
사랑의 시작은 고백에서부터,소울크라이(SoulCry),9.0
내 안에 하늘과 숲과 그대를,원 모어 찬스(one more chance),9.0
벌써 해가 지네,베란다 프로젝트(Verandah Project),9.0
슬픈 표정 하지 말아요,신해철,9.0
버스 안에서,자자(Zaza),9.0
신(新) 인류의 사랑,공일오비(015B),9.0
그래도 이별은 지나간다,달콤한 소금,9.0
My One And Only Love (Sting),이소라,8.0
날개,언타이틀(Untitle),8.0
"1,2,3 & Love",더 레이(The Ray),8.0
비가 오는 날에는,파티스트릿(Party Street),8.0
이별보다 아픈 하루,조장혁,8.0
이게 사랑이 아니면 (feat. 에일리),버벌진트(Verbal Jint),8.0
그댈 잊는법,테이(Tei),8.0
일상으로의 초대 (Radio Mix),신해철,8.0
별(別),팀(Team),8.0
Maldive,푸딩(Pudding),8.0
밤하늘의 별을.. (With KCM & No Noo),양정승(Kiroy Y),8.0
사랑하오 (duet with 김현철),윤상,8.0
기차를 타고,아이유(IU),8.0
"다시, 겨울 (feat. 간디 Of 부가킹즈)",Ab 에비뉴,8.0
나의 그녀,세븐데이즈(7Dayz),8.0
재즈 카페,신해철,8.0
물어 본다,이승환,8.0
크레용 (Crayon),G-DRAGON,8.0
멀어지다,넬(Nell),8.0
샴푸의 요정,빛과 소금,8.0
가을 편지,박효신,8.0
여울목,한영애,8.0
출국(出國),하림,8.0
Say Goodbye (duet with 김조한),페이지(Page),8.0
끝에,성시경,8.0
"소박했던, 행복했던... (feat. 성시경)",토이(Toy),8.0
같이 걸을까,이적,8.0
어젯밤 이야기,소방차,8.0
White Love (스키장에서) (2007 Winter ver.),터보(Turbo),8.0
For You,브라운 아이즈(Brown Eyes),8.0
어떻게 사랑이 그래요,이승환,8.0
나는,언니네 이발관,8.0
Happy Bubble (CF '하우젠 버블송' 원곡),윈터플레이(Winterplay),8.0
마지막 내 숨소리,엠씨 더 맥스(M.C the Max),8.0
다시 사랑하기엔,2AM,8.0
앤,박정현,8.0
마녀! 여행을 떠나다,코나(Kona),8.0
아름다운 이별,김건모,8.0
같은 이별이겠죠,한경일,8.0
나의 곁엔 언제나,더 블루(The Blue),8.0
잠시만 안녕 (Original),엠씨 더 맥스(M.C the Max),8.0
왜 벌써가 (Be My Brownie) (feat. Bumky),다이나믹 듀오(Dynamic Duo),8.0
눈 오던 날,재주소년,8.0
Always,Atlantic Starr(아틀란틱 스타),8.0
동네 한 바퀴,윤종신,8.0
난 좋아,정준일 [메이트],8.0
사람들은 모두 변하나봐 (가을),봄여름가을겨울,8.0
사람들은 즐겁다,루시드 폴(Lucid Fall),8.0
"사랑, 참...",홍경민,8.0
난 알아요 (Club Mix),서태지와 아이들,8.0
괜찮아요 (feat. 정수욱),박새별,8.0
하얀 그리움,김민종,8.0
C'est La Vie,하와이,8.0
외로운 사람 힘든 사람 슬픈 사람 - 안나를 위하여,김광진,8.0
기다리다,패닉(Panic),8.0
틈,소유,8.0
걱정말아요 그대 ('응답하라 1988' 삽입곡),전인권,8.0
나의 하루,박정현,8.0
결혼까지 생각했어,휘성,8.0
오래된 노래,김동률,8.0
겨울이야기,캔(Can),8.0
Breeze,어반 자카파(Urban Zakapa),8.0
애벌레,정동하,8.0
들었다 놨다,데이브레이크(daybreak),8.0
다시 사랑할 수 있을까,포맨,7.0
루비(淚悲):슬픈 눈물,핑클(Fin.K.L),7.0
기억의 습작,전람회,7.0
나 같은 여자,화요비,7.0
미워도 사랑하니까,다비치,7.0
넌 나를 왜 (feat. 정엽),길미,7.0
미워하자,박효신,7.0
다른 사람들처럼 (Vocal By 김지영),이그나이트(Ignite),7.0
...안 되나요... (부제: 화양연화),휘성,7.0
니목소리,플라이 투 더 스카이(Fly To The Sky),7.0
네가 불던 날,성시경,7.0
우아 (Oo-ah),슈가볼(Sugarbowl),7.0
여름 이야기,무한궤도,7.0
Ordinary People,SG워너비,7.0
프렐류드의 삼바 (feat. 이상순),나희경 [Jazz],7.0
오늘만 놀아요,네이브로(NeighBro.),7.0
Rain Drop,플랩(Flap),7.0
한숨이 늘었어 (duet with 이진우),에피톤 프로젝트(Epitone Project),7.0
예감 좋은 날,럼블 피쉬(Rumble Fish),7.0
Run To You,DJ DOC,7.0
Sad Melody,타루(Taru),7.0
여성시대,씨야(SeeYa),7.0
Snowman,장나라,7.0
Acoustic Breath,한희정,7.0
Songs Of Colored Love ,윈터플레이(Winterplay),7.0
All For You,미카엘 밴드(Michael Band),7.0
아이처럼,김동률,7.0
아니면서,성시경,7.0
아니라기에,2AM,7.0
아 외로워 (맥심 CF 삽입곡),요조(Yozoh),7.0
Tomorrow,웅산,7.0
실화,린(LYn),7.0
슬픔 속에 그댈 지워야만 해 (이현우),이소라,7.0
"온 세상에 눈이 내리면 (feat. 크리스피 크런치, 구자창)",디아(Dia) [키스 & 크라이],7.0
On A Sunny Day (매일 그대와),웅산,7.0
크리스마스엔 (feat. 하은),커피소년,7.0
크리스마스 크리스마스,소심한 오빠들(Sosimboys),7.0
첫눈에... (Snowy Wish),소녀시대,7.0
첫 눈,EXO,7.0
천생연분 (Rave),솔리드(Solid),7.0
천(天)의 안부,엠씨 더 맥스(M.C the Max),7.0
죽일 놈 (Guilty),다이나믹 듀오(Dynamic Duo),7.0
Hello!,포맨,7.0
죽을만큼...,오종혁(OJ),7.0
좋아하는 사람이 생겼어요,소심한 오빠들(Sosimboys),7.0
I Do I Do,시크릿(Secret),7.0
잊혀진 계절 (Remake Op.1),김범수,7.0
Je T'aime,해이(Hey),7.0
Jessie,조규찬,7.0
Easy,프렐류드(Prelude),7.0
Love Me For Me,린(LYn),7.0
이노래,2AM,7.0
Missing You (feat. 김윤아 Of 자우림),G-DRAGON,7.0
이 거지같은 말 (With 정엽 Of 브라운 아이드 소울),서영은,7.0
My My,에이핑크(Apink),7.0
Couple Song (feat. Kelley),라디(Ra.D),7.0
After The Rain,선데이 선셋(Sunday Sunset),7.0
For My Love,엠스트리트(M.Street),7.0
고양이를 찾습니다,안녕 바다,7.0
사랑이 내려,이종현 [CNBLUE],7.0
1년 後 (One Year Later) (Vocal By 제시카 & 샤이니 온유),소녀시대,7.0
거짓말 거짓말 거짓말,이적,7.0
봄눈,루시드 폴(Lucid Fall),7.0
겁쟁이,버즈(Buzz),7.0
사랑 그대로의 사랑,푸른 하늘,7.0
흐릿해져,노리플라이(no reply),7.0
사랑인걸,모세(Mose),7.0
서랍정리,빅마마(Big Mama),7.0
혼자만의 사랑,김건모,7.0
그사랑 그사랑 어디서 오는걸까,김성호,7.0
"1, 2, 3 (원 투 쓰리)",윤하(Younha/ユンナ),7.0
사랑이 그리운 날들에,이오공감,7.0
그대 내 품에,나원주,7.0
날 사랑한다면,로이킴,6.0
으르렁 (Growl),EXO,6.0
LUV,에이핑크(Apink),6.0
넌 이별 난 아직 (With 한소현 Of 3rd Coast),스탠딩 에그(Standing Egg),6.0
놓아줘 (feat. 조원선),캐스커(Casker),6.0
기가 차 (feat. 슈프림팀 ＆ 씨스타),케이윌(K.Will),6.0
카시오페아 (Cassiopeia) (feat. 임정희),비(Rain),6.0
Mr.Mr.,소녀시대,6.0
날 위한 이별,김혜림,6.0
comma,노리플라이(no reply),6.0
비오는 압구정,브라운 아이즈(Brown Eyes),6.0
Day By Day,티아라(T-ara),6.0
취중진담,김동률,6.0
그냥 걸었어,임종환,6.0
눈 내리던 어느 날 ,윈터플레이(Winterplay),6.0
잊어야 한다는 마음으로,김광석,6.0
청소,더 레이(The Ray),6.0
첫눈 오는 날,제이워크(J-Walk),6.0
첫눈,유리상자,6.0
다 줄꺼야 (Acustic ver.),조규만,6.0
바람만바람만,김종국,6.0
챔피언,싸이(Psy),6.0
너 하나만을 위해,구본승,6.0
Happy Beanth Day,젠틀 레인(Gentle Rain),6.0
기억속의 먼 그대에게,박미경,6.0
그대와 둘이,브라운 아이드 소울(Brown Eyed Soul),6.0
End... And (Radio Edit),딕펑스(Dick Punks),6.0
"별, 태양, 그리고 너",문명진,6.0
I'm Back,염따(YumDDa),6.0
잘못 (feat. 성시경),박지윤,6.0
내 사랑 내 곁에 (Bonus Track),럼블 피쉬(Rumble Fish),6.0
잘가요,정재욱,6.0
그대는 나무 같아,박지윤,6.0
너를 만나러 가는 길,달콤한 소금,6.0
New Hippie Generation,페퍼톤스(Peppertones),6.0
니 생각,투개월,6.0
우리가 있던 시간,스웨덴세탁소,6.0
사랑의 바보,더 넛츠(The Nuts),6.0
아름다운 날들,브라운 아이드 소울(Brown Eyed Soul),6.0
얼음연못,두번째 달,6.0
As Voltas Com O Frio (Walk Around In The Cold / 아스 볼따스 꽁 프리우),푸디토리움(Pudditorium),6.0
생각이 나,부활,6.0
Nostalgia ,요조(Yozoh),6.0
Someday,트랙 마켓(Track Market),6.0
혼자만의 사랑 (R&B Ballad),김건모,6.0
가을날의 동화 (With 타우),데이라이트(Daylight),6.0
립스틱 (Lipstick),오렌지캬라멜(Orange Caramel),6.0
살다보면,권진원,6.0
Thank U For,XIA(준수),6.0
가리워진 길,유재하,6.0
세상에 뿌려진 사랑만큼,이승환,6.0
가려진 시간사이로,윤건,6.0
나는 그 사람이 아프다 (feat. 타루) ('우결' 쌍추커플 이별씬 삽입곡),에피톤 프로젝트(Epitone Project),6.0
Track 3,이소라,6.0
세월이 가면,최호섭,6.0
상상속의 너 (Reggae House Music),노이즈(Noise),6.0
레퀴엠,이수,6.0
갈색머리,윤건,6.0
와,이정현,6.0
겨울 고백,성시경,6.0
오늘은 가지마,임세준,6.0
하얀 설레임 (White Love),케이윌(K.Will),6.0
나의 옛날이야기,아이유(IU),6.0
사랑해버렸네,이지형,6.0
우둔남녀,윤종신,6.0
우리 사랑하게 됐어요,가인 [브라운아이드걸스],6.0
Romeo N Juliet,클래지콰이(Clazziquai),6.0
거북이,다비치,6.0
오빠는 황보래용,이가희,6.0
다가와서,브라운 아이드 걸스,5.0
특별한 사람,마이 앤트 메리(My Aunt Mary),5.0
첫눈이 온다구요 ('응답하라 1988' 삽입곡),이정석,5.0
눈이 와요,김광진,5.0
첫눈예보 (feat. 제이켠),나비(Navi),5.0
해요,정인호,5.0
흰눈이 천사처럼 내려와,아메리카노,5.0
첫눈이 오면 설레였던 꼬마아이 (Time Travel),드렁큰 타이거(Drunken Tiger),5.0
노래 불러줘요 (feat. 아이유),지오디(god),5.0
편지,채정안,5.0
흔한 노래,임창정,5.0
첫눈이 와 (First Snow) ,슈퍼주니어(Super Junior),5.0
흰눈이 내리면,유엔(UN),5.0
해열제 (Song By Sammi),에피톤 프로젝트(Epitone Project),5.0
추억#1,조규찬,5.0
추워지니 (With 윤현상),써니힐(Sunny Hill),5.0
눈물날려 그래,박효신,5.0
눈물 뒤에 숨다,몽실이 시스터즈,5.0
첫눈 오던 밤 (feat. 팔로알토),먼데이 키즈(Monday Kiz),5.0
할 말을 하지 못했죠,이문세,5.0
믿어요,동방신기(TVXQ!),5.0
첫눈 오는 날,리드미스트(Rhythmist),5.0
똑같은 사랑 똑같은 이별,어반 자카파(Urban Zakapa),5.0
오늘 (Song By 심규선),에피톤 프로젝트(Epitone Project),5.0
"오, 사랑",루시드 폴(Lucid Fall),5.0
옛 친구에게,여행스케치,5.0
얼굴찌푸리지 말아요,컬투(Cultwo),5.0
애수,클래지콰이(Clazziquai),5.0
루아흐 (Ruach),브라운 아이즈(Brown Eyes),5.0
마지막 그 아쉬움은 기나긴 시간 속에 묻어둔채,푸른 하늘,5.0
슬픈 언약식,김정민,5.0
슬픈 아픔,서태지와 아이들,5.0
숨바꼭질,한효주 With 브로콜리너마저,5.0
서른 즈음에,김광석,5.0
먼지가 되어,로이킴,5.0
산책,온유(On.U) [발라드],5.0
사랑일기,시인과 촌장,5.0
사랑은 전쟁이다 (feat. 아웃사이더),길미,5.0
빨래,이적,5.0
봐봐 (feat. 계피),이호석,5.0
바보처럼,버블 시스터즈(Bubble Sisters),5.0
바보,씨야(SeeYa),5.0
미워요,정인,5.0
"바람, 어디에서 부는지",김연우,5.0
오늘따라 보고싶어서 그래,다비치,5.0
오늘은 휴일입니다,한희정,5.0
첫 이별 그날 밤,아이유(IU),5.0
떠나지마...,t윤미래,5.0
첫 눈,박정현,5.0
천일동안 (이승환),옥주현,5.0
처음,성시경,5.0
챠우챠우 - 아무리 애를 쓰고 막아 보려 해도 너의 목소리가 들려,델리 스파이스(Deli Spice),5.0
지워지지 않을 것 같아,보드카 레인(Vodka Rain),5.0
죽음의 늪,서태지와 아이들,5.0
죽겠네 (Album ver.),10cm(십센치),5.0
조금만 사랑할껄 (feat. 태양),김조한,5.0
잠시 길을 잃다,공일오비(015B),5.0
당부,루그(Lug),5.0
잊혀지다 (feat. 양다일),정키(Jung Key),5.0
잊혀지는 것들에 대하여,성시경,5.0
당신은 천사와 커피를 마셔본 적이 있습니까,김성호,5.0
일년 후 (feat. 요조) (Accoustic ver.),마이큐(MY-Q),5.0
인형의 꿈,러브홀릭(Loveholic),5.0
데려다 줄게,일렉트로보이즈(ELECTRO BOYZ),5.0
동감,나윤권,5.0
두 번 헤어지는 일,다비치,5.0
우리가 이별할 때 (duet with 백지영),소울스타(Soulstar),5.0
우리 처음 만난 날,어반 자카파(Urban Zakapa),5.0
온 세상에 눈이 내리면 (feat. The Black),동경소녀,5.0
솜사탕,네미시스(Nemesis),5.0
떠나지마,브라운 아이즈(Brown Eyes),5.0
Only One For Me,소울스타(Soulstar),5.0
내 입술... 따뜻한 커피처럼,샵(S#arp),5.0
Sanu (사랑느낌 #3),스윗소로우(SWEET SORROW),5.0
Rainy Day,건휘,5.0
내 꿈에서라도,G.O(지오) [엠블랙],5.0
꿈에 네가 보인다,에피톤 프로젝트(Epitone Project),5.0
One,동방신기(TVXQ!),5.0
On & On,동방신기(TVXQ!),5.0
My Foolish Heart,어쿠스틱 콜라보(Acoustic Collabo),5.0
More Than Words,오션(5tion),5.0
Miss. Understand (feat. Simon Dominic),알렉스(Alex) [클래지콰이],5.0
Love Is All Around (Reprise),어반 자카파(Urban Zakapa),5.0
Stone Of Zion,나얼(Na-Ul),5.0
Love Girl,씨엔블루(CNBLUE),5.0
Love,S.E.S.,5.0
Kiss B (feat. Flowsik Of Aziatix),김재중,5.0
Khor Ba,정동하,5.0
I Swear,씨스타(Sistar),5.0
내일 아침 헤어지자 해야겠다,이호석,5.0
I Need Your Love,이지형,5.0
I Need You,허각,5.0
I Can't,2PM,5.0
She Got,정동하,5.0
날 그만 잊어요,거미,5.0
Hello (feat. 인광),스윗바이러스(Sweet Virus),5.0
나를 사랑했던 사람아,허각,5.0
꿈이라는 건,신성우,5.0
까만안경,이루(Eru),5.0
기억을 걷는 시간,넬(Nell),5.0
그리워,메이트(Mate),5.0
그대와 춤을,성시경,5.0
그대만 있다면,일기예보,5.0
그대가 있어서,스윗소로우(SWEET SORROW),5.0
그대 내게 다시,럼블 피쉬(Rumble Fish),5.0
나란 사람 (Your Eyes) ,슈퍼주니어(Super Junior),5.0
그 아픔까지 사랑한거야,조정현,5.0
Sweet Holiday,씨엔블루(CNBLUE),5.0
나만의 꿈,신조음계(Sinzo Eumke),5.0
귤,요조(Yozoh),5.0
나비,딕펑스(Dick Punks),5.0
광화문 연가,이문세,5.0
고백,한소아,5.0
가을이 오네요,김지수,5.0
난 너를 사랑해,메이트(Mate),5.0
What If,슈퍼주니어(Super Junior),5.0
To Me (내게로..),레인보우(Rainbow),5.0
너랑 나,아이유(IU),5.0
꿈 속의 멜로디,데이브레이크(daybreak),5.0
Be My Baby,비욘드(Beyond),5.0
Bubble Love (With 서인영),MC 몽,5.0
Enter Sandman,나윤선,5.0
Ever Ever (feat. 계피),보이(VOY),5.0
Because I Love You,윤종신,5.0
3!4!,룰라(Roo'Ra),5.0
FANTASTIC BABY,BIGBANG,5.0
Falling,존 박(John Park),5.0
너를 처음 만난 그때,박준하,5.0
"Falling, Falling",정동하,5.0
Good Night (feat. TIDY),씨에스피(CSP) [크리스피 크런치],5.0
너에게 달려가,"바이루피타(Bye, Lupita)",5.0
Byebyebye,정기고(Junggigo),5.0
널 위한 거짓말,문명진,5.0
Goodbye,김사랑,5.0
11월 어느 밤,한경일,5.0
Good-Bye,포맨,5.0
겨울이야기,박시후 ,4.0
솔직하게,토마스 쿡(Thomas Cook),4.0
소월에게 묻기를,윤상,4.0
"사랑, 지나고 나면 아무 것도 아닐 마음의 사치",김윤아,4.0
사랑... 그게 뭔데,양파,4.0
Black Coffee,Peggy Lee(페기 리),4.0
사랑은 언제나 목마르다,유미,4.0
사랑은 창밖에 빗물 같아요,지아(Zia),4.0
十二夜,애즈 원(As One),4.0
하루 아침에 (Vocal By 구인회),드라마틱스(Dramatics),4.0
소녀에게 (Hey Girl),신승훈,4.0
피어나,가인 [브라운아이드걸스],4.0
사랑한 후에,박효신,4.0
겨울애(愛) (아이 ver.),김연우,4.0
겨울동화,보이스원(Voice One),4.0
겨울 이야기,가희,4.0
세상의 모든 인연 (duet with 박원 Of 원모어찬스),박새별,4.0
사랑,부활,4.0
가로수 그늘 아래 서면,임재범,4.0
거짓말,지오디(god),4.0
하루,박혜경,4.0
선물 (김창완 아저씨랑),유발이의 소풍,4.0
사랑 빛,씨엔블루(CNBLUE),4.0
집 (feat. 유미),하우스 룰즈(House Rulez),4.0
하지 못한 말,노을,4.0
그 노래,존 박(John Park),4.0
몇해전 삼청동 거리엔 많은 눈이 내렸습니다. (Inst),김연우,4.0
100일째 만남,룰라(Roo'Ra),4.0
기억을 걷다,김범수,4.0
흩어진 나날들,박효신,4.0
기쁜 우리,임창정,4.0
기다리다,윤하(Younha/ユンナ),4.0
흐린 가을 하늘에 편지를 써,동물원,4.0
그대와 같아 (Rhodes RMX),주영(JooYoung),4.0
그대만의 것,소울맨(Soulman),4.0
흐르는 강물처럼,박기영,4.0
별 빛이 내린다,안녕 바다,4.0
그대는 눈물겹다,엠씨 더 맥스(M.C the Max),4.0
환상,박지윤,4.0
그대가 이 세상에 있는 것만으로,한동준,4.0
봄을 그리다,어반 자카파(Urban Zakapa),4.0
그대 모습은 장미,김범수,4.0
1초에 한방울 (feat. 다이나믹 듀오),케이윌(K.Will),4.0
비상,임재범,4.0
빗속에서,이문세,4.0
그곳에 서서,박효신,4.0
365일,알리(Ali),4.0
행복했다...안녕,김연우,4.0
순정(純情) (London Boys의 I'm Gonna Give My Heart 전주 인용),코요태,4.0
뽀뽀,좋아서 하는 밴드,4.0
삐딱하게 (Crooked),G-DRAGON,4.0
숙녀에게,변진섭,4.0
아름다운 밤,울랄라세션(Ulala Session),4.0
폭설 (Piano ver.),네스티요나(Nastyona),4.0
우리가 사랑했을까,우연주,4.0
우리의 밤,정준일 [메이트],4.0
우린 제법 잘 어울려요,성시경,4.0
My Story,브라운 아이드 소울(Brown Eyed Soul),4.0
Evergreen,Susan Jacks(수잔 잭스),4.0
위로,정동하,4.0
체념,빅마마(Big Mama),4.0
이 밤,케미(Kemi),4.0
Merry Love,성제 [초신성],4.0
Love Valentine,어쿠스틱 콜라보(Acoustic Collabo),4.0
이브의 경고 (Jungle),박미경,4.0
첫사랑이죠,아이유 ＆ 나윤권,4.0
인연 ('왕의 남자' 버전),이선희,4.0
For You (돌아가줘),브라운 아이즈(Brown Eyes),4.0
잃어버린 우산,조성모,4.0
Just With U (현호 Solo),아이리쉬 커피(Irish Coffee),4.0
잊혀진 계절,서영은,4.0
I'm In Love (Piano RMX),라디(Ra.D),4.0
Goodbye (Original Mix),라디(Ra.D),4.0
집으로 가는길 (inst.),제이레빗(J Rabbit),4.0
전쟁과 사랑,재주소년,4.0
점점,브라운 아이즈(Brown Eyes),4.0
정류장,패닉(Panic),4.0
"조금씩, 천천히, 너에게 (With 타루)",노리플라이(no reply),4.0
I Do (duet with 성진환 - Sweet Sorrow),박기영,4.0
집 앞이야 (feat. 샛별),김진표(JP),4.0
New Soul (LG전자 엑스노트X300 광고) (Remake ver.),Yael Naim(야엘 나임),4.0
욕심쟁이,김동률,4.0
습관 (Bye Bye),롤러코스터(Rollercoaster),4.0
Dash,백지영,4.0
Um Amor (& Roberto MEnescal),보싸다방(Bossa Dabang),4.0
U,포맨,4.0
평생,유엔(UN),4.0
Thank You ,성시경,4.0
Hot Christmas (feat. 한소리),프리 스타일(Free Style),4.0
아름다웠네 (With 계피),이지형,4.0
아저씨 (feat. 제이레빗),김진표(JP),4.0
"안녕, 나의 메리 (Merry My Mary)",김은태,4.0
안아줘,줄리아 하트(Julia Hart),4.0
알아주길,윤건,4.0
약한 남자,나윤권,4.0
어쩌죠 (Remake ver.) ,우이경,4.0
투명인간,손담비,4.0
Caramel espreSSo,Caramel espreSSo(카라멜 에스프레소),4.0
여인,노을,4.0
연(捐),빅마마(Big Mama),4.0
Run To You,투샤이(2Shai),4.0
River,어반 자카파(Urban Zakapa),4.0
옛 친구에게,박효신,4.0
오늘 서울은 하루종일 맑음 (Vocal By 윤하),토이(Toy),4.0
Dancing Queen 2.0,크레용팝(Crayon Pop),4.0
Promise You,브라운 아이드 소울(Brown Eyed Soul),4.0
오래오래,바이브(Vibe),4.0
카페에 앉아,원 모어 찬스(one more chance),4.0
오르막길,정인,4.0
아름다운 사실,부활,4.0
힘겨워하는 연인들을 위하여,넥스트(N.EX.T),4.0
난 이제 예전의 내가 아냐 (김창기),창고,4.0
너 그럴 때면 (Another ver.),G.고릴라,4.0
내 사랑 내 곁에,럼블 피쉬(Rumble Fish),4.0
나이기를 (Promise You),투빅(2BiC),4.0
내꺼라면,소란(Soran),4.0
내가 그리웠니 (feat. 진실 Of Mad Soul Child),MC 몽,4.0
너를 좋아하니까,뷰티핸섬(BeautyHandsome),4.0
남과 여 (feat. 김범수),박선주,4.0
랄랄라 (With 윤상),소녀시대,4.0
날 닮은 너,임창정,4.0
남자니까 웃는거야,창민,4.0
난치병(難治病),하림,4.0
둘이서,걸스데이(Girl's Day),4.0
니가 아니면 안될것 같은데.. (미녀와 야수),스맥스(S'Max),4.0
낙엽 톡톡톡,유정균 [세렝게티],4.0
눈사람,가비엔제이(Gavy N.J.),4.0
눈물이 안났어,임정희,4.0
도움,화요비,4.0
늦은 후회,노을,4.0
동화(冬話)... Where The Snow Falls,한충완,4.0
난 좋아,성시경,4.0
니가 내린다,보이스원(Voice One),4.0
눈물나는 날에는,김연우,4.0
네가 좋아 (feat. 박원 Of 원모어찬스),안녕하신가영,4.0
내안의 그대,이승기,4.0
눈물샤워 (feat .에일리),배치기,4.0
니가 따끔거려서,제아(브라운 아이드 걸스) ＆ 지오(엠블랙),4.0
나 없이 행복할 널 위해,김범수,4.0
남자를 몰라,버즈(Buzz),4.0
도레미파솔라시도,조원선,3.0
I Know (feat. 오지은),프렐류드(Prelude),3.0
영원속에,윤상,3.0
괜찮을 것 같아,쿨(COOL),3.0
내입술...따뜻한 커피처럼,샵(S#arp),3.0
광화문연가,이수영,3.0
장미 (With 박소연),박혜경,3.0
나쁘고 아픈 나,다비치,3.0
영원한 사랑,핑클(Fin.K.L),3.0
With Coffee...,브라운 아이즈(Brown Eyes),3.0
숲,이승기,3.0
아침 눈물,아이유(IU),3.0
광(狂),SG워너비,3.0
정,영턱스클럽(YTC),3.0
정류장,버스커 버스커(Busker Busker),3.0
아침에 느껴지는 은빛 햇살의 정겨움,흠(Heum),3.0
사랑... 다 거짓말,린(LYn),3.0
좋아해,프롬(Fromm),3.0
비와 외로움,바람꽃,3.0
HUSH,에이핑크(Apink),3.0
가을 인사 (feat. 이적),루시드 폴(Lucid Fall),3.0
그냥 니 생각이 나,정기고(Junggigo),3.0
나란 놈은 답은 너다 (feat. 하림),리쌍(Leessang),3.0
지난날,유재하,3.0
지금이 아니면,타루(Taru),3.0
빨간자동차 (With 김건모),이효리,3.0
그 아픔까지 사랑한 거야,성시경,3.0
슬픈 초대장,한경일,3.0
뻔한 얘기,백지웅,3.0
연애 (Love Song),김그림,3.0
"사라지지 않는, 밤",네스티요나(Nastyona),3.0
"Here, I Stand For You",신해철,3.0
나무,보아(BoA),3.0
귀여워 (With 권정열 Of 10cm),별,3.0
사랑 그 쓸쓸함에 대하여,양희은,3.0
사랑 그 아름답고 소중한 얘기들,배철수,3.0
좋을텐데,성시경,3.0
사랑 부르기,장나라,3.0
뒤돌아 보다,노리플라이(no reply),3.0
국화꽃향기 (feat. Outsider),MC 스나이퍼(MC Sniper),3.0
교실 이데아,서태지와 아이들,3.0
스치듯 안녕,이수영,3.0
You (대단한 우연),스윗소로우(SWEET SORROW),3.0
고양이 왈츠 (박카스 광고 삽입곡),Lucia(심규선),3.0
우연(雨然),이문세,3.0
성인식,박지윤,3.0
또 고마워서 만든 노래 (Cinema ver.),옥상달빛,3.0
같이 있어줘,화요비,3.0
강원도 아리랑,나윤선,3.0
다시... 사랑합니다 (Love Again) (Song By 규현) ,S.M. The Ballad '제규종지',3.0
선인장 (Song By 심규선),에피톤 프로젝트(Epitone Project),3.0
난 그대만을,공일오비(015B),3.0
위잉위잉,혁오(hyukoh),3.0
내 여친,포맨,3.0
Mr.Chu,에이핑크(Apink),3.0
단 한사람 (feat. Mellow),언터쳐블,3.0
당부,이승환,3.0
가지 말아요 ,지아(Zia),3.0
잘 들어가고 있나요 (feat. 조정치),달콤한 소금,3.0
내 맘이 안 그래,이승환,3.0
Never Ending Story,SG워너비,3.0
달라 ,김범수,3.0
가슴앓이,지영선,3.0
우리들의 사랑,유재하,3.0
왜 전화했어... (SBS '패밀리가 떴다' 삽입곡),신혜성,3.0
달빛연애,다비,3.0
낙엽(落葉),김동률,3.0
내 마음에 비친 내 모습,김건모,3.0
가을이 아프다,에코 브릿지(Eco bridge),3.0
우리 지금 만나 (feat. 장기하와 얼굴들),리쌍(Leessang),3.0
가을비 내리는 밤에 ,11시11분,3.0
사랑해...,화요비,3.0
Ordinary,박정현,3.0
Make It Boogie (We've Got Funky Jazz),아소토 유니온(Asoto Union),3.0
검은 고양이,이승철,3.0
You (feat. 스윗소로우),케이윌(K.Will),3.0
It's Gonna Be Rolling,이소라,3.0
진이,하이디,3.0
오 나의 여신님,성시경,3.0
자유시대,모자이크,3.0
사랑이 다 그렇지,렌(Len),3.0
난 사랑에 빠졌죠,박지윤,3.0
You're My,태양,3.0
사랑이 저만치 가네,김종찬,3.0
낮 달,엠씨 더 맥스(M.C the Max),3.0
일산호수공원 (duet with 이루마),더필름(The Film),3.0
일년을 겨울에 살아,브라이언(Brian),3.0
Lead Me,씨스타(Sistar),3.0
Like A Star,노을,3.0
겨울이 오네,시애나(Siaena),3.0
내곁에서 떠나가지 말아요,이소라,3.0
사랑하다,윤하(Younha/ユンナ),3.0
이제 그만,이소라,3.0
사랑한 후에,들국화,3.0
이쁜이,네미시스(Nemesis),3.0
세수,서인영,3.0
Love Story(러브 스토리),지플라(G.Fla),3.0
낙엽 (Fallen Leaves),JYJ,3.0
Lover Cop,DMTN,3.0
검은 산,페퍼톤스(Peppertones),3.0
비와 당신의 이야기,부활,3.0
슬픔보다 더 슬픈 이야기,김범수,3.0
슬픔은 나의 몫,소울라이츠(Soulights),3.0
하여가,서태지와 아이들,3.0
해피송 (feat. 페퍼톤스),박새별,3.0
All Alone With You,이주미,3.0
Another Paradise,윤건,3.0
할아버지 시계,리트머스(Litmus),3.0
애이불비(愛易不非),양파,3.0
그저 그런 하루,노리플라이(no reply),3.0
Take Out,가인 [브라운아이드걸스],3.0
애인이 생기면 하고 싶은 일 (With 비),지나(G.NA),3.0
그런 날이 오겠죠,신승훈,3.0
누구보다 널 사랑해,비쥬(Bijou),3.0
하여가(何如歌),서태지와 아이들,3.0
Begging You (Full ver. 2013) (feat. 효빈),투엘슨(2LSON),3.0
미인(美人),이기찬,3.0
바람이 좋은 날,나윤권,3.0
두근 두근 (Pit-A-Pit),보아(BoA),3.0
그땐 그땐 그땐,슈프림팀(Supreme Team),3.0
어느 60대 노부부 이야기,김광석,3.0
바램 (feat. 변재원),토이(Toy),3.0
하늘을 달리다,이적,3.0
Stardust,W & Whale(더블유 앤 웨일),3.0
비오는 거리,이승훈 [발라드],3.0
Spring I Love You Best,빅 베이비 드라이버(Big Baby Driver),3.0
피(避),플라이 투 더 스카이(Fly To The Sky),3.0
너에게 모자란 나,임창정,3.0
먼 훗날 언젠가,신해철,3.0
행복했을까 (feat.구혜선),서인국,3.0
너야,신용재 [4men],3.0
"아무말도, 아무것도...",박정현,3.0
안녕 사랑아,박효신,3.0
안녕 여자친구,딕펑스(Dick Punks),3.0
면도,브이원 (V.One),3.0
꿈에선 놀아줘,루싸이트 토끼,3.0
12월,루싸이트 토끼,3.0
꽃송이가,버스커 버스커(Busker Busker),3.0
두 걸음 걸어요,나윤권,3.0
12월의 기적 (Miracles In December),EXO,3.0
못난 놈이야,우은미,3.0
못다한 한마디...,조성모,3.0
날 그만 잊어요 (Acoustic ver.) (Bonus Track),거미,3.0
노래가 되어,성시경,3.0
기억상실,오소영,3.0
2년만에,김동률,3.0
널 사랑하겠어,서영은,3.0
물론,지아(Zia),3.0
길,지오디(god),3.0
32℃의 여름,김현철,3.0
물음표를 찍어요,이아립,3.0
아무 말 하지 않을게,에보니힐(Ebonyhill),3.0
A Fairy Tale,윤상,3.0
Again,베이지(Beige),3.0
먼 훗날 언젠가 (Original Ver.),넥스트(N.EX.T),3.0
미안했어요,박기영,3.0
말해줘 (feat. 엄정화),지누션(Jinusean),3.0
하늘땅 별땅,비비(B.B),3.0
가을날의 동화,변진섭,3.0
Good-Bye (드라마 '커피프린스 1호점' 삽입곡),더 멜로디(The Melody),3.0
블루 크리스마스,김연우,3.0
"그대는 어디에 (feat. 한희정) ('지붕뚫고 하이킥' 정음, 지훈 회상씬 삽입곡)",에피톤 프로젝트(Epitone Project),3.0
너를 보내며 (대상),앤썸(Anthem),3.0
그대는 어디에 (feat. 임재범),차지연,3.0
Good-Night Kiss,전효성 [시크릿],3.0
추억속의 그대,이승기,3.0
보이지 않는 기다림,더 스토리(T.H.E. Story),3.0
부탁해요,왁스(Wax),3.0
눈을 감으면,원 모어 찬스(one more chance),3.0
비가 내리는 날,장혜진,3.0
눈이 오는 날이면 (With 나희경),셀로판리버(Cellophane River),3.0
보편적인 노래,브로콜리너마저,3.0
나나 (NaNa) (feat. 로꼬 & AOMG),박재범(Jay Park),3.0
Falling In Love (Re-Recording),로지 피피(RossyPP),3.0
처음 그 자리에,나인 스트릿(9th STREET),3.0
"Untouchable (With SG 워너비, MTOM)",김종국,3.0
봄,봄(Bom),3.0
남남,환희,3.0
얼음들,악동뮤지션(AKMU),3.0
축배,카니발(Carnival),3.0
Constant No.1,바닐라 어쿠스틱(Vanilla Acoustic),3.0
돌아와줘,가다,3.0
Triste,남경윤,3.0
비밀,아이유(IU),3.0
베르사이유의 장미,네미시스(Nemesis),3.0
습관,김건모,3.0
Shake It Up,서인국,3.0
나 그리고 너야,성시경,3.0
여자는 울고 (Women Shed Tears),바다,3.0
슬픔을 참는 세가지 방법,혜령,3.0
친구의 고백,2AM,3.0
찬바람이 불면,김지연,3.0
그대 뒤에서 (feat. 김호중) (Bonus Track),에코 브릿지(Eco bridge),3.0
Day By Day,아이 투 아이(Eye To Eye),3.0
우리,이병우,2.0
동경소녀,버스커 버스커(Busker Busker),2.0
One Sommer Night,이소은,2.0
멈칫하던 순간,나윤권,2.0
Superfantastic (아시아나 항공 CF 배경음악) (Vocal By Westwind),페퍼톤스(Peppertones),2.0
여자야,태원(TaeOne),2.0
Now That You're Gone (feat. 김조한),대니 정(Danny Jung),2.0
연애는 어떻게 하는 거였더라,요조(Yozoh),2.0
당신과의 키스를 세어보아요,화요비,2.0
남반구 (Vocal By Westwind),페퍼톤스(Peppertones),2.0
여행,김동률,2.0
안아줘요,10cm(십센치),2.0
열정 (My Everything),천상지희 더 그레이스(天上智喜 The Grace),2.0
STEP,카라(Kara),2.0
Signal Waltz,라이너스의 담요(Linus' Blanket),2.0
여우야,성시경,2.0
Say I Love You,포맨,2.0
Ribbon In The Sky,윤한(Yoonhan),2.0
Slow Jam (feat. Evo),투엘슨(2LSON),2.0
Slowly Feel My Eyes,디아(Dia) [키스 & 크라이],2.0
So Cool (쏘쿨),씨스타(Sistar),2.0
So Good Bye,소규모 아카시아 밴드,2.0
예뻐졌다 (feat. 지코 Of 블락비),박보람,2.0
어느날 문득,유열,2.0
얼마나 (feat. 버블시스터즈),비욘드(Beyond),2.0
오늘따라,2AM,2.0
오늘밤,박미경,2.0
영화봐요 우리 (feat. 오수민),제이켠(J'Kyun) [럭키제이],2.0
얼음 산책,넬(Nell),2.0
"Serenade (feat. 개코 Of Dynamic Duo, Windy City)",리쌍(Leessang),2.0
Prime Time (feat. 리사),서인국,2.0
Piece Of My Wish,해이(Hey),2.0
Secret Waltz (feat. 이승열),이바디(Ibadi),2.0
Sea Of Love,플라이 투 더 스카이(Fly To The Sky),2.0
낮에,임창정,2.0
Paris Paris! (문근영의 KTF TV CF '선물'편 배경음악),몽라(Monla/夢兒),2.0
오랜만이야,임창정,2.0
Still A Team (feat. MC Meta),소울컴퍼니(Soul Company),2.0
어젠 (duet with 환희),송지은 [시크릿],2.0
애송이의 사랑,양파,2.0
열정 (熱情),유승준,2.0
여기까지,슈가볼(Sugarbowl),2.0
애련(哀戀),컨츄리 꼬꼬(Country Kkokko),2.0
내 눈물모아,서지원,2.0
Over The Rainbow (이지영 솔로),빅마마(Big Mama),2.0
멀어진다,정동하,2.0
우리 만난적 있나요,유희열,2.0
Goodbye sun??Goodbye moon (With ?댁닔??Of ?낅룞裕ㅼ???,토이(Toy),2.0
Brown City,브라운 아이드 소울(Brown Eyed Soul),2.0
"너에게 난, 나에게 넌",자전거 탄 풍경,2.0
Can't Nobody,투애니원(2NE1),2.0
Come Back (feat. Ladysoul),제이 킴(Jay Kim),2.0
Dancing Queen,크레용팝(Crayon Pop),2.0
칵테일 사랑,마로니에(Maronnier),2.0
눈물을 움켜쥐고,장혜진,2.0
카멜레온,아프로디노(Afrodino),2.0
"Don't Lie (feat. Henry Of Super Junior-M) (Song By 종현, Jino)",S.M. The Ballad '제규종지',2.0
Drive,양파,2.0
충분히 예뻐 (feat. 산체스 Of 팬텀),버벌진트(Verbal Jint),2.0
추카해요,이문세,2.0
Endless,플라워(Flower),2.0
청혼,노을,2.0
너를 처음 만난 그때,먼데이 키즈(Monday Kiz),2.0
Forever,원웨이(Oneway),2.0
Gentleman,싸이(Psy),2.0
Good Day,존 박(John Park),2.0
너를 사랑하고도,서영은,2.0
천국의 문 (Heaven’s Door),에릭남,2.0
처음처럼 그때처럼 (feat. 강민경 From Davichi),이승기,2.0
너를 보내고 Ⅱ,윤도현,2.0
집으로 가는 길,leeSA(리싸),2.0
너에게 흔들리고 있어,좋아서 하는 밴드,2.0
하고 싶었어,거미,2.0
Blue Day,브라운 아이드 소울(Brown Eyed Soul),2.0
헤어지는 날,여하,2.0
히어로 (Hero),옥상달빛,2.0
흰눈이 오면,김건모,2.0
희망,브라운 아이즈(Brown Eyes),2.0
12월의 드라마 (The Drama Of December),디바(Diva),2.0
1994년 어느 늦은 밤,장혜진,2.0
널 사랑한다,박효신,2.0
흉터 ,먼데이 키즈(Monday Kiz),2.0
회상,테이(Tei),2.0
놀러와,러브홀릭(Loveholic),2.0
4년전 5월 그때의 우리,강아솔,2.0
널 곁에 두고도,스토리(Story) (솔로),2.0
하나 (HANA),더필름(The Film),2.0
행복한 나를,에코(ECO),2.0
Again (feat. 박장근 Of Supersta),엔젤(Enjel) [채은정],2.0
Aqua Man,빈지노(Beenzino),2.0
BK Love,MC 스나이퍼(MC Sniper),2.0
Ballerino(발레리노),리쌍(Leessang),2.0
Beautiful,스윗소로우(SWEET SORROW),2.0
한겨울의 숨바꼭질,티아라(T-ara),2.0
너와 함께 있음을,라디(Ra.D),2.0
하루 (M/V ver.),김범수,2.0
하늘을 날아,메이트(Mate),2.0
니가 날 떠나,김범수,2.0
지우개,알리(Ali),2.0
우리 모두 여기에,푸른 하늘,2.0
지옥으로 가버려,김사월X김해원,2.0
있는듯 없는듯,곽푸른하늘,2.0
"입장정리 (feat. 최자, Simon D)",프라이머리(Primary),2.0
일요일 오후,빅뱅(방승철) [Solo],2.0
La Song,비(Rain),2.0
Love Day,양요섭 [비스트],2.0
내게 오는 길 (Bonus Track),성시경,2.0
내가 되었으면,노리플라이(no reply),2.0
이별은 (feat. DC) (Song Mad Clown),매드 클라운(Mad Clown),2.0
Love Story,쥬얼리(Jewelry),2.0
이별사랑,이영현,2.0
이미 슬픈 사랑,야다(Yada),2.0
다시 와주라,바이브(Vibe),2.0
이끌림,심현보,2.0
Miracle,유엔(UN),2.0
이 겨울에,디바(Diva),2.0
Moai,서태지,2.0
음악하는 남자친구 (feat. Kuan & 세렝게티),마르코(Marco) [힙합],2.0
우울한 편지,유재하,2.0
우울시계 (feat. 종현 Of SHINee),아이유(IU),2.0
우린 1년을 만났죠,박혜경,2.0
우리는 어쩌면 만약에... (feat. 윤상),토이(Toy),2.0
우리 헤어지자,이승기,2.0
Night Drive,레트로 바이러스(Retro Virus),2.0
Just Married (feat. 해이),조규찬,2.0
자니 (feat. Dynamic Duo),프라이머리(Primary),2.0
작은 기다림,쿨(COOL),2.0
좋다,데이브레이크(daybreak),2.0
지붕 위의 고양이 (feat. 장윤주),정재형,2.0
Happy Birthday Waltz,스웨덴세탁소,2.0
즉흥여행 (feat. MC몽),윤종신,2.0
Hello,허각,2.0
Hellow Tomorrow,미드 타운 밴드(Mid Town Band),2.0
주변인,아웃사이더(Outsider),2.0
주르륵,휘성,2.0
너도 나처럼,2AM,2.0
좋은걸 어떡해,블랙펄(Black Pearl),2.0
Hurb,피아노(Piano) [남자듀오],2.0
제발,정지찬 [원모어찬스],2.0
작은 청혼,소란(Soran),2.0
정전,leeSA(리싸),2.0
정말로 사랑한다면,버스커 버스커(Busker Busker),2.0
I Like It,소울스타(Soulstar),2.0
접속,김사월,2.0
닐리리맘보,블락비(Block B),2.0
전부 너였다,노을,2.0
다른 사람일겁니다,나원주,2.0
I'm Missing You,휘성,2.0
잘 알지도 못하면서,김예림 [투개월],2.0
It Was You (Ra.D Remix) ,브라더수(BrotherSu),2.0
I'm In Love,라디(Ra.D),2.0
널 위해 부르는 노래,티아라(소연),2.0
라일락이 질때,이선희,2.0
바람의 노래,조용필,2.0
"소년, 소녀 (With 토마스쿡)",정은채 [배우],2.0
난 모르죠 (Song By 금석균),내추럴(Natural),2.0
그댈 원했지만 (feat. 박진영),박지윤,2.0
사랑하고 싶어,SG워너비,2.0
라떼처럼,윤건,2.0
겨울추억,영준 [Brown Eyed Soul],2.0
"사랑인거죠 (duet with 우진희) (인터넷 영화 ""파사신검"" 삽입곡)",박상민,2.0
"봄 날, 버스 안에서 (feat. 유정균 Of Serengeti)",곰PD,2.0
소유하지 않은 사랑,K2(김성면),2.0
봄 사랑 벚꽃 말고,하이포(HIGH4),2.0
Wrong Goodbye,말로(Malo),2.0
"봄, 여름 그 사이",박지윤,2.0
바람이 불어오는 곳,김광석,2.0
Why Me?,t윤미래,2.0
시작된 여행,소규모 아카시아 밴드,2.0
Who Do You Love,성시경,2.0
마지막 축제,서태지와 아이들,2.0
바람의 노래,3월의 토끼,2.0
Waltz Lesson (feat. Whale),알렉스(Alex) [클래지콰이],2.0
망설이지 마요,몽니(Monni),2.0
금지된 사랑,김경호,2.0
붙어 있을래요 (With Bestie 혜연),쿼트로코드(Quattro Code),2.0
Vessel,레비 파티(LEVIPARTY),2.0
시간과 낙엽,악동뮤지션(AKMU),2.0
시간이 흐른 뒤 (As Time Goes By),t윤미래,2.0
고등어,루시드 폴(Lucid Fall),2.0
고백,박혜경,2.0
사랑의 인사,씨야(SeeYa),2.0
사랑하긴 했었나요,리사(Lisa),2.0
그댄 행복에 살텐데,리즈(Leeds),2.0
맑음 뒤 흐림,화요비,2.0
세월이 가면 (New Ballad ver.),최호섭,2.0
말을 해줘,휘성,2.0
사진,데이브레이크(daybreak),2.0
벌써 이렇게,쿨(COOL),2.0
사진을 보다가,바이브(Vibe),2.0
산책,박기영,2.0
산책,이지형,2.0
가지 말라고,진주,2.0
강남스타일,싸이(Psy),2.0
사랑해요,디헤븐,2.0
상록수,강타,2.0
백만송이 장미,화요비,2.0
별을 보다,더필름(The Film),2.0
새벽,유희열,2.0
사랑.. 그 몹쓸병,휘성,2.0
사랑해 봤니,이정,2.0
사랑해 그리고 기억해,지오디(god),2.0
발끝을 적시는 눈물,알렉스(Alex) [클래지콰이],2.0
가을엔 편지를 하겠어요,강촌사람들,2.0
사랑한다면...,장혜진,2.0
가시리 (With KCM),SG워너비,2.0
겨울비,김종서,2.0
서울의 달,김건모,2.0
가슴소리,더 레이(The Ray),2.0
보고싶어,보드카 레인(Vodka Rain),2.0
가로수 그늘 아래 서면,장재인,2.0
가려진 시간 사이로,윤상,2.0
바질 (feat. BrotherSu),매드 클라운(Mad Clown),2.0
고양이 왈츠,Lucia(심규선),2.0
슬픈 바다,조정현,2.0
사슬,서문탁,2.0
Track 9,이소라,2.0
미로,솔루션스(THE SOLUTIONS),2.0
모르죠,지오디(god),2.0
사랑보다 깊은 상처 (duet with 임재범),박정현,2.0
비처럼 음악처럼,신문희(Moony),2.0
아버지,인순이,2.0
그남자 그여자 (feat. 장혜진),바이브(Vibe),2.0
물들어,손승연,2.0
아무리 생각해도 난 너를 (With 스윗소로우),박정현,2.0
난 행복해,이소라,2.0
아마도 사랑이겠죠,장나라,2.0
그 때 그 노래,장기하와 얼굴들,2.0
The End Of Love Affair,오지은,2.0
Take It Slow Way,사비나앤드론즈(Savina & Drones),2.0
사랑에 아파본 적 있나요,린(LYn),2.0
시작은 왈츠로,스웨터(Sweater),2.0
끈 (No More) (feat. Junggigo),Simon Dominic(사이먼 도미닉),2.0
공놀이,참깨와 솜사탕,2.0
깍지껴요 (feat. Gaeko From Dynamicduo),알렉스(Alex) [클래지콰이],2.0
사랑은 MOVE,시크릿(Secret),2.0
그대 그리고 사랑,박지윤,2.0
사랑은 그런 것,심현보,2.0
궁금해졌어 (feat. 정엽),왓위민원트(What Women Want),2.0
"러브 스위치 (feat. Sohye, Cheezy Of Crispi Crunch)",시노(Cino),2.0
U Just,소울사이어티(Soulciety),2.0
기억상실,거미,2.0
"사랑을 글로 배워서 (feat. Lyn, 버벌진트)",BNR(Brand New Radio),2.0
미소속에 비친 그대,신승훈,2.0
고양이 왈츠 (Acoustic ver.) (SBS 월화드라마 '내게 거짓말을 해봐' 삽입),Lucia(심규선),2.0
비오는 거리,서영은,2.0
비개인 날,성시경,2.0
궁금해... (feat. Eric),린(LYn),2.0
끝이 아님을,윤사라,2.0
그대 내게 (duet with 이소라),조규찬,2.0
친구에게,시애나(Siaena),1.0
나무,노을,1.0
주문 - MIROTIC,동방신기(TVXQ!),1.0
로맨틱 코메디,유승찬,1.0
그 겨울의 왈츠,플레이트(Plate),1.0
추억 만들기,김현식,1.0
Hot Summer,에프엑스(f(x)),1.0
구두,씨야(SeeYa),1.0
그대네요,성시경,1.0
총 맞은 것처럼,백지영,1.0
너를 향한 마음,이승환,1.0
Ever Forever Whenever,곽윤찬 With Brian McKnight,1.0
별이지네,아일랜드 기타(Island Guitar),1.0
High Tention,트랙 마켓(Track Market),1.0
Emotion,유채영,1.0
귀여운 남자,JUNIEL(주니엘),1.0
춥다 (feat. 이하이),에픽 하이(Epik High),1.0
그대는 정말 대단해요,에이트(8Eight),1.0
별 짓 다해봤는데,알리(Ali),1.0
러브스텝,디아(Dia) [키스 & 크라이],1.0
Echo,소녀시대,1.0
Hello (With 나얼),돈 스파이크,1.0
별이 빛나는 밤 (feat. 팔로알토),제이니루즈(Zany Rouge),1.0
별... (Like Shining Stars...),플라이 투 더 스카이(Fly To The Sky),1.0
별빛달빛,시크릿(Secret),1.0
Dreamming,클릭비(Click-B),1.0
나 어때,걸스데이(Girl's Day),1.0
그대를 사랑하는 10가지 이유,이석훈 [SG워너비],1.0
너만 생각나,장나라,1.0
Honey (허니),카라(Kara),1.0
집으로 오는 길,토마스 쿡(Thomas Cook),1.0
중독 (Overdose),EXO-K(엑소케이),1.0
보이지 않는 사랑,신승훈,1.0
Good Afternoon (feat. Paloalto),소울라이츠(Soulights),1.0
HAPPY TOGETHER,박효신,1.0
Good Night,10cm(십센치),1.0
진심 (feat. 임세준),정키(Jung Key),1.0
"Good Night (feat. Junggigo, Elly)",피노다인(Pinodyne),1.0
그녀는 날 사랑하지 않아 (Remastering ver.),제이벨(J BEL),1.0
그대만 보여요 (feat. TOP),지아(Zia),1.0
그대가,세븐데이즈(7Dayz),1.0
마지막 약속,김정민,1.0
봄의 왈츠를 위한 시계,미스티 블루(Misty Blue),1.0
봉인해제의 밤,페이퍼컷 프로젝트(Papercut Project),1.0
부디,Lucia(심규선),1.0
집 (feat. 이소라),타블로(Tablo),1.0
불러,차가운 체리(Cold Cherry),1.0
Goodbye,노리플라이(no reply),1.0
나는 나비,YB,1.0
나는 너네 옆집에 살고 싶다,로켓트리(Rockettree),1.0
늪 (조관우),김범수,1.0
짧은 치마 (Miniskirt),에이오에이(AOA),1.0
지워도...널,팀(Tim),1.0
Go,브라운 아이드 소울(Brown Eyed Soul),1.0
그녀는 날 사랑하지 않아,제이벨(J BEL),1.0
Fine Thank You And You?,10cm(십센치),1.0
눈이 마주친 하늘,이지형,1.0
그대가 좋아 (feat. 크리스피 크런치),동경소녀,1.0
첫사랑 (feat. 지누),토이(Toy),1.0
Falling (삼성 '애니콜' 광고),Le Blanc & Carr(르 블랑 & 카),1.0
나만의 슬픔 (Rock Ballad),김돈규,1.0
복숭아,아이유(IU),1.0
만나 (feat. Zion.T),프라이머리(Primary),1.0
Feel Alright,짙은(Zitten),1.0
Fly,에픽 하이(Epik High),1.0
Gentle Rain,해랑(Haerang) [재즈],1.0
나를 슬프게 하는 사람들,김경호,1.0
Hands Up,2PM,1.0
첫눈에,윤하(Younha/ユンナ),1.0
지나간다 (Piano ver.),김범수,1.0
나를 사랑하지 않는 그대 (feat. 나원주),유열,1.0
Fly Away,테이크(Take),1.0
볼수록 니가 좋아,유소라,1.0
빛 (Hope),H.O.T.,1.0
뽀롱뽀롱뽀로로 오프닝 (TV만화 '뽀롱뽀롱뽀로로' 주제가),Unknown,1.0
아직은 사랑할 때,조장혁,1.0
너뿐이라고,레인보우(Rainbow),1.0
화이트,모카(Mocca),1.0
긴 오후 (feat. 정재형),엄정화,1.0
기억의 습작,김동률,1.0
혼자한 사랑,김현정,1.0
3月31日 (내겐 그대 뿐이죠..),소울스타(Soulstar),1.0
"3호선 매봉역 (feat. Paloalto, Beenzino)",프라이머리(Primary),1.0
혼자 있다보면 (feat. Supreme Boi),카모(Kamo),1.0
4시 20분,마이 앤트 메리(My Aunt Mary),1.0
혼자 있는 방,아이유(IU),1.0
혼자,커피소년,1.0
9월 12일,비(Rain),1.0
헤어지자고,윤건,1.0
헤어지러 가는 길,티오(T.O),1.0
기억은 겨울보다 차갑다,미스티 블루(Misty Blue),1.0
허구,생각의 여름,1.0
기억나지 않는 새로운,제이벨(J BEL),1.0
미쳐서 너를 불러,테이(Tei),1.0
기름 같은걸 끼얹나 (feat. 뎁 & Beenzino),버벌진트(Verbal Jint),1.0
행복,H.O.T.,1.0
기다림 (영화 ing 주제곡),이승열,1.0
매일 그대와 ('응답하라 1988' 삽입곡),들국화,1.0
Aloha,스탠딩 에그(Standing Egg),1.0
Always,리사(Lisa),1.0
기다려,그루브 올스타즈(Groove All Stars),1.0
바라만 봐도 좋은데,노리플라이(no reply),1.0
긍정의 힘,버벌진트(Verbal Jint),1.0
깊은 밤 안개 속,3호선 버터플라이(3호선 Butterfly),1.0
2 Different Tears,원더걸스(Wonder Girls),1.0
카페인 (feat. 용준형 Of Beast),양요섭 [비스트],1.0
화이트셔츠,쏠라티(Solati),1.0
멀어져가,김현성,1.0
널 위한거야,란(Ran),1.0
멘트 (feat. 개코 Of Dynamic Duo),더블케이(Double K),1.0
11월 그 저녁에,어떤날,1.0
흰눈에 쌓인 이 거리에서...,엠씨 더 맥스(M.C the Max),1.0
명륜동,재주소년,1.0
모노드라마 (With 유승우),허각,1.0
네게 난,주영(JooYoung),1.0
12월 24일,디어(d.ear),1.0
흔들린 우정,홍경민,1.0
목소리 (feat. 개리 Of 리쌍),백지영,1.0
꽃 파는 처녀,베란다 프로젝트(Verandah Project),1.0
네게 줄 수 있는 건 오직 사랑뿐,변진섭,1.0
몸부림,정재욱,1.0
꽃 (With 소규모 아카시아 밴드),요조(Yozoh),1.0
1999 사랑 (부제: 흑야애(黑夜愛)),제이벨(J BEL),1.0
후회는 없어 (feat. 베이지),노블레스(Noblesse),1.0
후회가 싫다,김범수,1.0
후회,이현우,1.0
1월부터 6월까지,윤종신,1.0
1월부터 6월까지 (feat. 윤종신),공일오비(015B),1.0
환희,싸이(Psy),1.0
환상의 커플 (feat. 이환희),아미(A-Mi),1.0
물들어,BMK,1.0
노랫말,김재석 [원티드],1.0
한여름날의 꿈 (duet with 옥주현),SG워너비,1.0
Be Happy (duet with 장나라),정태우,1.0
넌 내 인생의 기적,하라소라(Harasora),1.0
그리운 사랑,권은지 [Ballad],1.0
편지할께요,박정현,1.0
그대와 왈츠를,슬로우 쥰(Slow 6),1.0
눈물 고이면,투 로맨스(To Romance),1.0
퍼플레인 (Purple Rain),신혜성,1.0
파라다이스 (Paradise),인피니트(Infinite),1.0
티가 나나봐,"15&(박지민, 백예린)",1.0
By My Side,보니(Boni),1.0
투셰모나모 (Touche Mon Amour),윈터플레이(Winterplay),1.0
밤하늘의 별을 3 (feat. 김하늘),양정승(Kiroy Y),1.0
텅빈 오늘밤,유재하,1.0
밥만 잘 먹더라,창민,1.0
배려,김동률,1.0
키 작은 꼬마 이야기,하하,1.0
Close Your Eyes,선데이 선셋(Sunday Sunset),1.0
Coming Home,사이포디아즈(Psypodias),1.0
버릇,영지(버블시스터즈),1.0
크리스마스 약속,THEY 2010,1.0
Corona,10cm(십센치),1.0
Cry Cry,티아라(T-ara),1.0
커피를 마시고 (Reprise),어반 자카파(Urban Zakapa),1.0
DOC와 춤을...,DJ DOC,1.0
그대뿐이죠,엑스오(XO),1.0
커플 (feat. 황정음),김용준 [SG 워너비],1.0
그대만이 (MBC '우리 결혼했어요' 알렉스 & 신애 테마곡),김종욱,1.0
버스정류장,모던쥬스(Modern Juice),1.0
반짝반짝 빛나는 (Song By 조예진),에피톤 프로젝트(Epitone Project),1.0
반짝반짝,걸스데이(Girl's Day),1.0
푸른 양철 스쿠터,마이 앤트 메리(My Aunt Mary),1.0
너의 뒤에서,티지어스(Tgus),1.0
한마디,애인(Ayn),1.0
Beautiful,정동하,1.0
그랬으면... (feat. 윤건),왁스(Wax),1.0
"하얀겨울 (With 비즈니즈, 애즈원) (Narr. 이준 Of 솔리드)",알렉스(Alex) [클래지콰이],1.0
Beautiful Day ,매드 소울 차일드(Mad Soul Child),1.0
하얀 기도 (Narration),엄정화,1.0
Beautiful Goodbye,에프엑스(f(x)),1.0
눈 내리던 겨울밤 (Tribute To Kim Hyun Sik),김범수,1.0
바람이 불어오는 곳,제이레빗(J Rabbit),1.0
Bikini,페퍼톤스(Peppertones),1.0
하비샴의 왈츠 (Miss Havisham's Walts),박정현,1.0
하루 종일 비가 내렸어,디아(Dia) [키스 & 크라이],1.0
풍경은 언제나,루시드 폴(Lucid Fall),1.0
그랬나봐,김형중,1.0
하루 더 하루,채환,1.0
하루 끝,아이유(IU),1.0
너에게로 또다시 (영화 '가족' 주제곡),서영은,1.0
Blowin' My Mind,브라운 아이드 소울(Brown Eyed Soul),1.0
그댈 안은 목소리,어반 자카파(Urban Zakapa),1.0
바보같은 내게,김범수,1.0
그대와 함께,몽니(Monni),1.0
바보라서... (고질병),고유진(플라워),1.0
너에게로,소울맨(Soulman),1.0
Breezy (inst.),롤러코스터(Rollercoaster),1.0
태연하게 당연하게,포미닛(4minute),1.0
고해,임재범,1.0
좋아해,요조(Yozoh),1.0
오늘 이 노래,코쿤벨즈(Cocoon Bells),1.0
"Ready, Get Set, Go! (Radio Edit) (Vocal By Deb)",페퍼톤스(Peppertones),1.0
오늘,김완선,1.0
Remember,유엔(UN),1.0
Rewind (feat. 한나),노을,1.0
Yesterday,안재욱,1.0
예술이야,싸이(Psy),1.0
Wonderful Day,원티드(Wanted),1.0
순간,코쿤벨즈(Cocoon Bells),1.0
Room #501,CHEEZE,1.0
영화처럼,아이비(IVY),1.0
듣고 있나요,이승철,1.0
White Love (스키장에서)(Remix ver.),터보(Turbo),1.0
도망가자 (feat. 린),MC 몽,1.0
Welcome To Festa,앨리스 인 네버랜드(Alice In Neverland),1.0
연애소설,가비엔제이(Gavy N.J.),1.0
Want You Hear (하나와 앨리스),러브홀릭(Loveholic),1.0
슬픈 이별,조하문,1.0
여행길 (feat. 윤도현),부가킹즈(Buga Kingz),1.0
여행,제이벨(J BEL),1.0
Waffle,로빈(Robbin),1.0
Sad Waltz,해브어티(Have A Tea),1.0
WHAT SHOULD I DO (feat. 짙은),Lucia(심규선),1.0
둘이서 한잔해,다비치,1.0
시간아 천천히,이진아,1.0
여우비,제이워크(J-Walk),1.0
소원을 말해봐 (Genie),소녀시대,1.0
남자의 첫사랑은 무덤까지 간다,FTISLAND(에프티 아일랜드),1.0
좋아하면 다 그래,디바(Diva),1.0
Your Eyes ,윈터플레이(Winterplay),1.0
Nothing Better,브라운 아이드 소울(Brown Eyed Soul),1.0
서성이네,어른아이(Adultchild),1.0
서울사람들,버스커 버스커(Busker Busker),1.0
서울은 흐림 (feat. 한희정),못(Mot),1.0
요즘 너 말야 (Album Edit),제이레빗(J Rabbit),1.0
Oh My God,"15&(박지민, 백예린)",1.0
서쪽 하늘 (원곡가수 이승철),윤하(Younha/ユンナ),1.0
완벽한 봄날 (feat. 소심한 오빠들),동경소녀,1.0
설야,쿨(COOL),1.0
떠나지마,FOLEY(폴리),1.0
"떠나가지마 (feat. 타루, Casker) (Album ver.)",김민규 [스위트피],1.0
내 남자 친구에게,핑클(Fin.K.L),1.0
세월의 흔적 다 버리고,공일오비(015B),1.0
오래전 그날,윤종신,1.0
오래된 연인,제리케이(Jerry. K),1.0
오래된 노래,스탠딩 에그(Standing Egg),1.0
Part 2 (Acoustic ver.),넬(Nell),1.0
가난한 사랑,김종욱,1.0
Poison,엄정화,1.0
Pra Fazer Uma Cancao (To Make A Song / 빠라 빠젤 우마 깐싸옹),푸디토리움(Pudditorium),1.0
따라해 (Wannabe) (feat. Mellow),에픽 하이(Epik High),1.0
오늘은 가지마,벤,1.0
Rain,박혜경,1.0
Rain & Cry,"15&(박지민, 백예린)",1.0
Raining In Amsterdam,이나래 [알앤비],1.0
Savana Woman (Rap feat. Verbal Jint 김진태),휘성,1.0
시소 (Nylon ver.),뜨거운 감자(Hot Potato),1.0
여름날 (feat. 페퍼톤스 신재평),유희열,1.0
School Bus,Ku Il Oh Trio(쿠일오 트리오),1.0
어느 가을,한희정,1.0
The Days Of Wine And Roses,웅산,1.0
Tell Me Tell Me,레인보우(Rainbow),1.0
Stay Cool (feat. Zion T),Simon Dominic(사이먼 도미닉),1.0
Stay With Me,죠리(Joe Rhee),1.0
Step By Step,제국의아이들[ZE:A],1.0
아름다운 날 (feat. Movie Regrets),블루앤블루(Blue & Blue),1.0
애인...있어요,이은미,1.0
"Steppin' (feat. Dead'P, D.meanor)",김박첼라,1.0
두 잔의 커피가 미치는 영향,좋아서 하는 밴드,1.0
널사랑해,임헌일 [메이트],1.0
THE DOOR,정재원(a.k.a 적재),1.0
애상,10cm(십센치),1.0
Sugar,"15&(박지민, 백예린)",1.0
Sweet Sorrow,스윗소로우(SWEET SORROW),1.0
"아이스크림가게, 팬시보이",타루(Taru),1.0
Sweet Dream,장나라,1.0
Sweet Heart,믹스프레소(Mixpresso),1.0
Sweet Love (feat. 라임버스),별,1.0
Sweet Love (feat. 꼬깔이),라디(Ra.D),1.0
아직도 사랑할 뿐인데 (With 임재범),서영은,1.0
될 대로 되라고 해 (느낌 So Good),개코,1.0
Sweet Love (feat. 김연우),피에스타(FIESTAR),1.0
안녕,박혜경,1.0
안개꽃 추억으로,이문세,1.0
아네스의 노래 (From 영화 '시'),박기영,1.0
Star,"15&(박지민, 백예린)",1.0
어디라도,이승기,1.0
Trap (feat. Soulstar 이승우),거미,1.0
시시콜콜한 이야기,이소라,1.0
엉엉 울었어,메이비(MayBee),1.0
없구나,한기란 [와인루프],1.0
UP (feat. 박봄 Of 2NE1),에픽 하이(Epik High),1.0
신의 시 (feat. BK),MC 스나이퍼(MC Sniper),1.0
얼음꽃 (feat. 김세황),아이유(IU),1.0
신촌거리,미남오빠,1.0
둘이 아닌가 봐 (With 크리스티나 러브 리),스탠딩 에그(Standing Egg),1.0
Share The Vision,임재범,1.0
독기,리쌍(Leessang),1.0
Shy Ma Boy,"15&(박지민, 백예린)",1.0
어쩌다...,윤건,1.0
어딘데?,팬텀,1.0
Silly Boy,"15&(박지민, 백예린)",1.0
썸데이 (싱글파파는 열애중 OST 삽입곡),김동희,1.0
쓸쓸한 연가,사람과 나무,1.0
쓸쓸한 오후,봄여름가을겨울,1.0
어이 (Uh-ee),크레용팝(Crayon Pop),1.0
어머니,이병우,1.0
Snowberry,미스티 블루(Misty Blue),1.0
어떤가요,화요비,1.0
Track 1,이소라,1.0
씻고 준비해야죠 (duet with 손호영),이현욱,1.0
어때 (feat. 하림),긱스(Geeks),1.0
Not Today Not Tomorrow,"15&(박지민, 백예린)",1.0
No.1,보아(BoA),1.0
샤랄라,S.E.S.,1.0
결혼,ASHGRAY(애쉬그레이),1.0
잘지내고 계시죠,테이(Tei),1.0
사랑을 잃고 난 노래하네,에이트(8Eight),1.0
Idealistic Real,제이벨(J BEL),1.0
In My Pockets,모리(Morrie),1.0
Intropella,소울스타(Soulstar),1.0
잘 지내니,실루엣,1.0
사랑의 불시착,박남정,1.0
나쁜 남자,주(Joo),1.0
사랑이 녹다,Ab 에비뉴,1.0
J'S Bar 에서,전람회,1.0
잊혀진다는 거,노을,1.0
잊혀진 이야기,루싸이트 토끼,1.0
JJ,흠(Heum),1.0
Jane's Diary,러브시티(LoveCity),1.0
다른 여자에게 눈길도 가네요 (feat. 희영 Of 가비엔제이 & 마스터챙 Of 써니사이드),포스트맨(Postmen),1.0
Joy,디바(Diva),1.0
Just A Feeling,어반 자카파(Urban Zakapa),1.0
사랑이 떠나가네,김건모,1.0
Just The Way You Are,엔오케이(NOK),1.0
고독한 항해 (Studio ver.),김동률,1.0
고고씽,블랙펄(Black Pearl),1.0
다시 겨울,스윗소로우(SWEET SORROW),1.0
내께 아니잖아,김동희,1.0
다시 만난 세계 (Into The New World),소녀시대,1.0
사랑이 힘들때 (feat. 임정희),지오디(god),1.0
잘할게,세븐(SE7EN),1.0
사랑은...향기를 남기고,테이(Tei),1.0
사랑은 창밖에 빗물 같아요 (Remake),브이원 (V.One),1.0
사랑은 기억보다,강타,1.0
I Do,더 원(The One),1.0
좋아요~ (With 제이),신도영,1.0
니가 있어야 할 곳,지오디(god),1.0
I Dream,"15&(박지민, 백예린)",1.0
사랑끄트머리 (feat. 장근이),지아(Zia),1.0
종로에서 (feat. PK 헤만),솔지 [EXID],1.0
니가 좋다,인피니트(Infinite),1.0
조금만 더 가까이,요조(Yozoh),1.0
조각입니다 (feat. 매직플로우),일락(一樂),1.0
괜찮아요 (Gonna Be Alright),신화,1.0
정전기,캐스커(Casker),1.0
라면왕,밀크티(Milktea),1.0
잠이 온다,스피캣(Speakat),1.0
사랑은 변하지 않아 사람이 변하는 거야 (duet with 드림걸스),태사비애,1.0
점핑 (Jumping),카라(Kara),1.0
라리라,성훈 [Brown Eyed Soul],1.0
젊은 그대,김수철,1.0
I Love You,투애니원(2NE1),1.0
I Love You Mou,가리나 프로젝트(Garina Project),1.0
님의 노래,롤러코스터(Rollercoaster),1.0
사랑은 왜 언제나 (feat. 김지영 & 낯선),이그나이트(Ignite),1.0
아프니까 사랑이죠,민경훈,1.0
내일을 묻는다 (Album Edit),제이레빗(J Rabbit),1.0
고요한,옥상달빛,1.0
내꺼야,브라운 아이드 걸스,1.0
Last Tango,클래지콰이(Clazziquai),1.0
Nike Shoes (feat. Dynamic Duo),빈지노(Beenzino),1.0
Last Train,데미캣(Demicat),1.0
가질 수 없는 너,현빈,1.0
은인,버즈(Buzz),1.0
Moon River,화요비,1.0
유자차,브로콜리너마저,1.0
유리창엔 비,햇빛촌,1.0
사실말야...,김형중,1.0
월화수목 금토일 (feat. 아이유),수호,1.0
울컥,가비엔제이(Gavy N.J.),1.0
울고싶어 우는 사람이 있겠어 (feat. 다이나믹 듀오),에이트(8Eight),1.0
삭제,이승기,1.0
My Soul,줄라이(July) [뉴에이지],1.0
산책,소히(Sorri),1.0
산책,엄브렐라 스탠드(Umbrella Stand),1.0
가을편지,김민기,1.0
삶은 여행,이상은(Lee Tzsche),1.0
달빛바다,아이유(IU),1.0
우리들이 함께 있는 밤,오석준,1.0
우리들의 사랑 (With 이적),정재형,1.0
Never Knew,"S (강타, 신혜성, 이지훈)",1.0
가을이 오면,서영은,1.0
우리는,듀스(Deux),1.0
"Never, Ever...",은지원,1.0
담요송 (Song Blanket),라이너스의 담요(Linus' Blanket),1.0
색깔로 치면 핑크,이아립,1.0
생활의 발견,박정현,1.0
응급실,정준영,1.0
사랑후에 오는것들,이수,1.0
갈색머리 (feat. 김연우),윤건,1.0
사랑한다,이소은,1.0
사랑하기 때문에,조규찬,1.0
이클립스 (Eclipse),네미시스(Nemesis),1.0
Love (feat. 승희 From Brave New Girl Group),일렉트로보이즈(ELECTRO BOYZ),1.0
이젠 보낸다,노을,1.0
사랑하냐고,손성제,1.0
겨울의 첫날,재주소년,1.0
사랑하지 말것을,애프터 레인(After Rain),1.0
이웃에 방해가 되지 않는 선에서,브로콜리너마저,1.0
내가 있을께,조(Jo),1.0
이사(移徙),윤상,1.0
나쁜사람,이브(Eve),1.0
Love Love Love,로이킴,1.0
"걷자, 집앞이야 (feat. 주예인)",스무살,1.0
사랑한다 사랑해,컬투(Cultwo),1.0
겨울비 (With 윤도현),김종서,1.0
이별비,하예나,1.0
다시 쓰는 이력서,다이나믹 듀오(Dynamic Duo),1.0
MONSTER,BIGBANG,1.0
"사랑해, 이 말 밖엔...",리치(Rich),1.0
이런 남자,먼데이 키즈(Monday Kiz),1.0
이런 나를...,신승훈,1.0
Merry Christmas (feat. Colee),하우스 룰즈(House Rulez),1.0
사랑해.. 기억해..,ASHGRAY(애쉬그레이),1.0
사랑해... (feat. 알렉스),지선(Jisun) ,1.0
여우야(女雨夜),더 클래식(The Classic),1.0
