﻿Title,Artist,cnt
비와 당신 (영화 '라디오 스타 '삽입곡),럼블 피쉬(Rumble Fish),50.0
편지,김광진,47.0
끝사랑,김범수,41.0
소주 한 잔,임창정,40.0
넌 이별 난 아직 (With 한소현 Of 3rd Coast),스탠딩 에그(Standing Egg),37.0
가을이 오면,서영은,36.0
보고 싶다,김범수,36.0
좋은 날,아이유(IU),35.0
바람이 분다,이소라,35.0
잘못된 만남,김건모,34.0
가로수 그늘 아래 서면,장재인,34.0
슬퍼지려 하기 전에,쿨(COOL),33.0
All For You,쿨(COOL),33.0
넌 감동이었어,성시경,33.0
칵테일 사랑,마로니에(Maronnier),31.0
감기,이기찬,31.0
그런 사람 또 없습니다,이승철,31.0
여전히 아름다운지 (feat. 김연우),토이(Toy),30.0
넋,40(포티),30.0
사랑할수록,부활,30.0
좋아보여 (feat. 검정치마),버벌진트(Verbal Jint),30.0
다시 사랑한다 말할까,김동률,29.0
바람기억,나얼(Na-Ul),29.0
나 돌아가,임정희,29.0
가슴 시린 이야기 (feat. 용준형 Of Beast),휘성,28.0
그대 돌아오면..,거미,28.0
Just A Feeling,어반 자카파(Urban Zakapa),28.0
"헤어지지 못하는 여자, 떠나가지 못하는 남자 (feat. 정인)",리쌍(Leessang),28.0
가지마 가지마,브라운 아이즈(Brown Eyes),28.0
...사랑했잖아...,린(LYn),28.0
우산 (feat. 윤하),에픽 하이(Epik High),28.0
죽일 놈 (Guilty),다이나믹 듀오(Dynamic Duo),28.0
가만히 눈을 감고 (New Acoustic ver.),정재욱,27.0
언젠가는,나얼(Na-Ul),27.0
아름다운 날들,장혜진,27.0
Loving U (러빙유),씨스타(Sistar),27.0
벌써 이렇게,쿨(COOL),27.0
Missing You (feat. 김윤아 Of 자우림),G-DRAGON,27.0
전부 너였다,노을,26.0
안녕이라고 말하지마,다비치,26.0
거리에서,성시경,26.0
점점,브라운 아이즈(Brown Eyes),26.0
다시 만난 날,휘성,26.0
같은 베개...,테이(Tei),26.0
Boogie On & On,빈지노(Beenzino),26.0
어느 가을,한희정,25.0
슬픔보다 더 슬픈 이야기,김범수,25.0
다 줄꺼야 (Acustic ver.),조규만,25.0
가끔 미치도록 네가 안고 싶어질 때가 있어,가을방학,25.0
새벽녘,에피톤 프로젝트(Epitone Project),25.0
꽃송이가,버스커 버스커(Busker Busker),25.0
먼지가 되어,김광석,24.0
어디선가 나의 노랠 듣고 있을 너에게,공일오비(015B),24.0
미워요,정인,24.0
행복한 나를,에코(ECO),24.0
기억을 걷는 시간,넬(Nell),24.0
낙원 (feat. 이재훈),싸이(Psy),23.0
바본가봐,아이비(IVY),23.0
사랑은...향기를 남기고,테이(Tei),23.0
그땐 그땐 그땐,슈프림팀(Supreme Team),23.0
여수 밤바다,버스커 버스커(Busker Busker),23.0
아니면서,성시경,23.0
첫 이별 그날 밤,아이유(IU),23.0
그댄 행복에 살텐데,리즈(Leeds),22.0
추억은 사랑을 닮아,박효신,22.0
Nike Shoes (feat. Dynamic Duo),빈지노(Beenzino),22.0
어땠을까 (feat. 박정현),싸이(Psy),22.0
남자답게,플라이 투 더 스카이(Fly To The Sky),22.0
이별택시,김연우,22.0
너를 위해,임재범,21.0
내사랑 내곁에,김현식,21.0
첫사랑,버스커 버스커(Busker Busker),21.0
나비효과,신승훈,21.0
그XX,G-DRAGON,21.0
그날에 우리,어반 자카파(Urban Zakapa),21.0
Aqua Man,빈지노(Beenzino),21.0
시계 태엽,임정희,21.0
시작되는 연인들을 위해,이원진,20.0
버스 안에서,자자(Zaza),20.0
"비오는 날의 수채화 (feat. 가비앤제이(정혜민), Misty)",럼블 피쉬(Rumble Fish),20.0
Think About' Chu,아소토 유니온(Asoto Union),20.0
가질 수 없는 너,뱅크(Bank),20.0
J에게,이선희,20.0
결혼해줘,임창정,20.0
뒷모습,나윤권,20.0
사랑.. 그 놈,바비 킴(Bobby Kim),20.0
긴 하루,이승철,19.0
기억의 습작,전람회,19.0
신촌을 못가,포스트맨(Postmen),19.0
오늘 서울은 하루종일 맑음 (Vocal By 윤하),토이(Toy),19.0
내 눈물모아,서지원,19.0
또 한번 사랑은 가고,이기찬,19.0
Missing You,플라이 투 더 스카이(Fly To The Sky),19.0
내일 할 일,윤종신,19.0
잘가요,정재욱,18.0
너 때문에,브라운 아이즈(Brown Eyes),18.0
충분히 예뻐 (feat. 산체스 Of 팬텀),버벌진트(Verbal Jint),18.0
Hello,허각,18.0
고백,델리 스파이스(Deli Spice),18.0
가을방학 (Album ver.),가을방학,18.0
Roly-Poly,티아라(T-ara),18.0
낙엽 (Fallen Leaves),JYJ,18.0
오늘 (Song By 심규선),에피톤 프로젝트(Epitone Project),18.0
우리 참 좋았는데 (duet with 박정현),성시경,18.0
가을 편지,박효신,18.0
그랬나봐,김형중,17.0
부탁해요,왁스(Wax),17.0
그런가봐요...,브이원 (V.One),17.0
아로하,쿨(COOL),17.0
두사람,성시경,17.0
벌써 일년,브라운 아이즈(Brown Eyes),17.0
결혼까지 생각했어,휘성,17.0
사랑은 언제나 목마르다,유미,17.0
사랑 안해,백지영,17.0
늦가을 (feat. 규현),윤종신,16.0
크레용 (Crayon),G-DRAGON,16.0
체념,빅마마(Big Mama),16.0
남과 여 (feat. 김범수),박선주,16.0
"Love (feat. Bumkey, Paloalto)",프라이머리(Primary),16.0
Superfantastic (아시아나 항공 CF 배경음악) (Vocal By Westwind),페퍼톤스(Peppertones),16.0
미워도 다시 한번 (Original ver.),바이브(Vibe),16.0
I Believe (엽기적인 그녀 O.S.T),신승훈,16.0
사랑을 시작해도 되겠습니까,모던쥬스(Modern Juice),16.0
My Everything,브라운 아이드 소울(Brown Eyed Soul),16.0
나는 그 사람이 아프다 (feat. 타루),에피톤 프로젝트(Epitone Project),16.0
옛사랑,이문세,16.0
세글자,엠투엠(M To M),16.0
어떤가요?,이정봉(Lee Jung Bong),16.0
일기,김범수,16.0
후회 王 (Vocal: 김연우),윤종신,16.0
기억속의 먼 그대에게,박미경,16.0
그건 말야,김동률,16.0
이젠 그랬으면 좋겠네,조용필,16.0
Sexy Love,티아라(T-ara),15.0
사랑이 지나가면,이문세,15.0
잔소리 (With 2AM 슬옹),아이유(IU),15.0
사랑 그 쓸쓸함에 대하여,양희은,15.0
사랑하기 때문에,유재하,15.0
River,어반 자카파(Urban Zakapa),15.0
그녀와의 이별,김현정,15.0
STEP,카라(Kara),15.0
다가와서,브라운 아이드 걸스,15.0
물들어,손승연,15.0
Little Star,스탠딩 에그(Standing Egg),15.0
Hello!,포맨,15.0
사랑은 왜 언제나 (feat. 김지영 & 낯선),이그나이트(Ignite),15.0
"너에게 난, 나에게 넌",자전거 탄 풍경,15.0
홀로 (feat. 김나영),정키(Jung Key),15.0
가시,버즈(Buzz),15.0
이별에게,보보(Bobo),14.0
그대도 나같음을,김지호 ,14.0
이별을 걸으며,헤르쯔 아날로그(Herz Analog),14.0
NoNoNo,에이핑크(Apink),14.0
날 울리지마,이정,14.0
"미안해, 사랑해서...",이영현,14.0
옛 사랑 (duet with 장혜진),브라운 아이즈(Brown Eyes),14.0
옛사랑,바이브(Vibe),14.0
Never Leave You,포맨,14.0
여자는 울고 (Women Shed Tears),바다,14.0
그대네요,성시경,14.0
연극이 끝난 후,Ab 에비뉴,14.0
하숙생,김그림,14.0
가버려,써니힐(Sunny Hill),14.0
My Love,이승철,14.0
정말로 사랑한다면,버스커 버스커(Busker Busker),14.0
애상,10cm(십센치),14.0
첫사랑이죠,아이유 ＆ 나윤권,14.0
애송이 (feat. Psy),렉시(Lexy),14.0
Go Away,투애니원(2NE1),14.0
애송이의 사랑,양파,14.0
애원,버블 시스터즈(Bubble Sisters),14.0
가만히 눈을 감고,정재욱,14.0
애타는 마음,울랄라세션(Ulala Session),14.0
어제처럼,주(Joo),14.0
야생화,박효신,14.0
바보 (feat. Bumkey),에픽 하이(Epik High),14.0
가로수 그늘아래 서면,이문세,14.0
Mr.Chu (On Stage),에이핑크(Apink),14.0
광화문 연가,이문세,14.0
내 마음에 비친 내 모습,더 클래식(The Classic),14.0
그대만 있다면,러브홀릭(Loveholic),14.0
가려진 시간 사이로,장혜진,14.0
말하는 대로,처진 달팽이(유재석 & 이적),14.0
내 마음에 비친 내 모습,유재하,14.0
그 중에 그대를 만나,이선희,14.0
우리 만난적 있나요,유희열,14.0
다음 사람에게는,먼데이 키즈(Monday Kiz),14.0
그남자 그여자 (feat. 장혜진),바이브(Vibe),14.0
이미 슬픈 사랑,야다(Yada),14.0
짧은 치마 (Miniskirt),에이오에이(AOA),14.0
너랑 나,아이유(IU),14.0
처음 사랑하는 연인들을 위해 (반말송),정용화(Jung Yong Hwa),14.0
"눈, 코, 입",태양,14.0
외로움증폭장치 (브래드 드럼 한판 쉬기),버스커 버스커(Busker Busker),14.0
창문 너머 어렴풋이 옛 생각이 나겠지요,아이 투 아이(Eye To Eye),14.0
편지할께요,카라(Kara),14.0
너의 의미 (feat. 김창완),아이유(IU),14.0
Sunshine,짙은(Zitten),14.0
그 아픔까지 사랑한거야,조정현,14.0
널 사랑하겠어,동물원,14.0
귀여워 (With 권정열 Of 10cm),별,14.0
단발머리 (Short Hair),에이오에이(AOA),14.0
내게로,보보(Bobo),14.0
내 여자,더 원(The One),14.0
라면인건가,악동뮤지션(AKMU),14.0
멍,김현정,14.0
7년간의 사랑,규현(KYUHYUN),14.0
먼지가 되어,김종국,14.0
그녀의 연인에게,K2(김성면),14.0
내 입술... 따뜻한 커피처럼,샵(S#arp),14.0
마침내 우리 (duet with Brown Eyed Soul 안정엽),옥주현,14.0
Without You,원타임(1TYM),14.0
Whenever You Close Your Eyes,Tommy Page(토미 페이지),14.0
고백 (Produced By Vibe 윤민수),포맨,14.0
독기,리쌍(Leessang),14.0
덩그러니,이수영,14.0
고백,정지찬 [원모어찬스],14.0
준비된 사랑 (그래도 된다면...),신효범,14.0
Replay,김동률,14.0
내게 남은 사랑을 드릴께요,장혜리,14.0
당신과의 키스를 세어보아요,화요비,14.0
화려한 싱글 (Clubmix ver.),양혜승,14.0
광화문연가,이수영,14.0
청소,더 레이(The Ray),14.0
시간이 흐른 뒤 (As Time Goes By),t윤미래,14.0
사랑이 싫다구요,XIA(준수),14.0
나같은 사랑이라면...,정재형,14.0
I'm In Love (Piano RMX),라디(Ra.D),14.0
I'm In Love (With 정성하),나르샤 [브라운아이드걸스],14.0
사랑의 時,엠씨 더 맥스(M.C the Max),14.0
슬픔 속에 그댈 지워야만 해 (이현우),이소라,14.0
습관 (Bye Bye),롤러코스터(Rollercoaster),14.0
헤어지는 중입니다,이은미,14.0
사랑..그 놈,임재범,14.0
사랑은 맛있다 ♡,휘성,14.0
항상 그랬듯,엄정화,14.0
사랑은 가슴이 시킨다,버즈(Buzz),14.0
시계,브라운 아이드 소울(Brown Eyed Soul),14.0
그립고 그립고 그립다,케이윌(K.Will),14.0
사랑에 빠지고 싶다,김조한,14.0
실연,코요태,14.0
사랑일뿐야,김민우,14.0
작은 새 (With 소이 Of Raspberry Field),마이 앤트 메리(My Aunt Mary),14.0
추억은 보사노바를 타고,비바 소울(Viva Soul),14.0
사랑하는 너에게,젝스키스(Sechs Kies),14.0
상심,알이에프(R.ef),14.0
Good Night,넬(Nell),14.0
가을편지,조관우,14.0
산책,박기영,14.0
까탈레나 (Catallena),오렌지캬라멜(Orange Caramel),14.0
잊었니...,t윤미래,14.0
세월이 가면,최호섭,14.0
꽃피는 봄이오면,BMK,14.0
High Tention,트랙 마켓(Track Market),14.0
추억에 살아 (feat. 이영현),포맨,14.0
사랑합니다,이재훈 ,14.0
갈색머리 (feat. 김연우),윤건,14.0
금요일에 만나요 (feat. 장이정 Of History),아이유(IU),14.0
그저 조금 먼곳에서,카밀라(Camilla),14.0
사랑한다는 말로도 위로가 되지 않는,브로콜리너마저,14.0
썸 (feat. 릴보이 Of 긱스),소유,14.0
기억의 꽃,보드카 레인(Vodka Rain),14.0
나의 옛날이야기,아이유(IU),14.0
"사랑, 그 쓸쓸함에 대하여",김건모,14.0
한걸음도,화요비,14.0
Love (feat. 도연),강우진,14.0
특별한 바램,제이레빗(J Rabbit),14.0
사랑 Two,윤도현,14.0
가을 우체국 앞에서 (2014 ver.),윤도현,14.0
아버지,싸이(Psy),14.0
나쁜여자,레이디스 코드(LADIES' CODE),14.0
Love Shine,검정치마,14.0
삐딱하게 (Crooked),G-DRAGON,14.0
혼자 있는 방,아이유(IU),14.0
Chocolate Drive,김지수,14.0
잠시만 안녕 (Original),엠씨 더 맥스(M.C the Max),14.0
안녕,손승연,14.0
한 남자,김종국,14.0
빗소리,윤하(Younha/ユンナ),14.0
한여름밤의 꿀,산이(San E),14.0
아이처럼,김동률,14.0
Lemon Tree,박혜경,14.0
봄 사랑 벚꽃 말고,하이포(HIGH4),14.0
혼자만 하는 사랑,거미,14.0
슬퍼지려 하기전에,쿨(COOL),13.0
내일을 묻는다,제이레빗(J Rabbit),13.0
다행이다,이적,13.0
작은 기다림,쿨(COOL),13.0
같이 걸을까,이적,13.0
미안해요,김건모,13.0
Love Is... (3+3=0),터보(Turbo),13.0
이상하다 (Acoustic ver.),박효신,13.0
나혼자 (Alone),씨스타(Sistar),13.0
사랑해 사랑해,2AM,13.0
행복을 주는 사람 ,프리 스타일(Free Style),13.0
강남스타일,싸이(Psy),13.0
운명,쿨(COOL),13.0
애상,쿨(COOL),13.0
안부 (duet with 나윤권),별,13.0
선인장 (Acoustic ver.),에피톤 프로젝트(Epitone Project),13.0
널 위한 멜로디,엠포(M4),13.0
So Cool (쏘쿨),씨스타(Sistar),13.0
날 그만 잊어요 (Acoustic ver.) (Bonus Track),거미,13.0
Romantico,테테(Tete),13.0
With Coffee...,브라운 아이즈(Brown Eyes),13.0
O My Baby,윤종신,13.0
그리워 그리워,노을,13.0
연애 (feat. Hanyi),프리 스타일(Free Style),13.0
Let Me Say Goodbye,바비 킴(Bobby Kim),13.0
물들어,BMK,13.0
취중고백,필(Feel),13.0
좋아해,요조(Yozoh),13.0
거짓말 거짓말 거짓말,이적,13.0
가을 사랑,SG워너비,13.0
보통,백지영,13.0
"걷자, 집앞이야 (feat. 주예인)",스무살,13.0
오늘은 가지마,벤,13.0
넌 나를 왜 (feat. 정엽),길미,13.0
나였으면,나윤권,13.0
4월에서 8월까지 (With. AG),키네틱플로우(K-Flow),13.0
되돌리다,이승기,13.0
나 때문이죠,오현란,13.0
사랑이 지나가면,아이유(IU),13.0
I'll Be There (feat. 박재범),스윙스(Swings),13.0
사랑이 찾아오면,커피소년,13.0
Love Blossom (러브블러썸),케이윌(K.Will),13.0
내 친구야 (Believe In Vision),소울맨(Soulman),13.0
Timeless (feat. Xiah),장리인,12.0
귀로,나얼(Na-Ul),12.0
낙엽(落葉),김동률,12.0
친구라도 될 걸 그랬어,거미,12.0
Tonight,권순관,12.0
"그녀를 잡아요 (feat. 서동욱, 김진표)",카니발(Carnival),12.0
청혼,노을,12.0
내가 그댈,세븐데이즈(7Dayz),12.0
가을 인사 (feat. 이적),루시드 폴(Lucid Fall),12.0
커피를 마시고 (Reprise),어반 자카파(Urban Zakapa),12.0
하지 못한 말,노을,12.0
That Day (Cinema Paradiso),Karrin Allyson(캐린 앨리슨),12.0
사랑했나봐,윤도현,12.0
"씨스루 (feat. 개코, Zion.T)",프라이머리(Primary),12.0
만약에 말야 (전우성 Solo),노을,12.0
슬퍼지려 하기 전에,왁스(Wax),12.0
잊혀진 계절,동방신기(TVXQ!),12.0
서약 (황금무지개 유이 & 정일우 러브테마),알리(Ali),12.0
Gypsy Girl (집시 걸),윈터플레이(Winterplay),12.0
Officially Missing You,긱스(Geeks),12.0
사랑해서 사랑해서,박완규,12.0
안녕 나의 사랑,성시경,12.0
사랑해,김우주,12.0
바래다 주고,유(U),12.0
바래진 기억에,박지윤,12.0
하지마,히트(HITT),12.0
사랑한다면 (Bonus Track),임재범,12.0
Je T'aime,해이(Hey),12.0
비행소녀,마망,12.0
아마도 사랑이겠죠,장나라,12.0
슬프도록 아름다운 ...,K2(김성면),12.0
단 한번 그대를 위한 일,린(LYn),12.0
와일드 (Wild),나인뮤지스(Nine Muses),12.0
우울한 편지,유재하,12.0
위잉위잉,혁오(hyukoh),12.0
느리게 하는 일,아이유(IU),12.0
단 한 번도 넌,스웨덴세탁소,12.0
널 생각해,원 모어 찬스(one more chance),11.0
그녀를 사랑해줘요,하동균,11.0
우린 지금 어디쯤에 있는 걸까,랄라스윗(lalasweet),11.0
우울한 편지,버벌진트(Verbal Jint),11.0
어이 (Uh-ee),크레용팝(Crayon Pop),11.0
I Love You,포지션(Position),11.0
사랑은 아프려고 하는거죠,엠씨 더 맥스(M.C the Max),11.0
유자차,브로콜리너마저,11.0
잘못했나요,세이(Say),11.0
괜찮아,베란다 프로젝트(Verandah Project),11.0
우리가 있던 시간,스웨덴세탁소,11.0
길,지오디(god),11.0
가을이 오면,이문세,11.0
아침 눈물,아이유(IU),11.0
오래된 노래,김동률,11.0
잊혀진 계절,이용,11.0
오늘부터 1일 (Day 1),케이윌(K.Will),11.0
오늘 같은 밤이면 (그리움),박정운,11.0
잊었니,에이치(H),11.0
기다리다,패닉(Panic),11.0
비가 오는 날엔,비스트(Beast),11.0
신데렐라처럼,나윤선,11.0
어젠 (Solo),송지은 [시크릿],11.0
아니라기에,2AM,11.0
어제와 다른 오늘 (Rave Dance Music),노이즈(Noise),11.0
한번만 더,나얼(Na-Ul),11.0
Hot Summer,에프엑스(f(x)),11.0
마음을 베이다,박선주,11.0
정말 사랑했을까,브라운 아이드 소울(Brown Eyed Soul),11.0
놓치다,선민(Sunmin),11.0
눈물 (feat. 유진 Of 더 씨야),리쌍(Leessang),11.0
"니 생각 (feat. 김그림, 신치림)",윤종신,11.0
내입술...따뜻한 커피처럼,샵(S#arp),11.0
내일을 묻는다 (Album Edit),제이레빗(J Rabbit),11.0
We Call It Love,여울 [인디],11.0
마법의 성,더 클래식(The Classic),11.0
물론,지아(Zia),11.0
뭐를 잘못한거니!,에스더(Esther),11.0
바람이 불어오는 곳,제이레빗(J Rabbit),11.0
바보,혜령,11.0
너를 사랑해,한동준,11.0
별,유미,11.0
버릇,곰PD,10.0
지나간다 (Piano ver.),김범수,10.0
FANTASTIC BABY,BIGBANG,10.0
근황,가을방학,10.0
한여름 밤의 꿈,어쿠스틱 콜라보(Acoustic Collabo),10.0
슬픈 메아리,강우진,10.0
슬픈 사랑,지오디(god),10.0
시시콜콜한 이야기,이소라,10.0
나를 사랑했던 사람아,허각,10.0
내가 너의 곁에 잠시 살았다는 걸 (Unplugged ver.),김연우,10.0
죽을 만큼 아파서 (feat. 멜로우),MC 몽,10.0
당신만이,곽진언,10.0
Memories,사준,10.0
그때 또 다시 (Again),임창정,10.0
내게서 끝나는 추억,오세준,10.0
B.B.B (Big Baby Baby),달샤벳(Dal★shabet),10.0
Falling,존 박(John Park),10.0
A Perfect Day (With Windy) (Forest 프로젝트 테마송),스탠딩 에그(Standing Egg),10.0
풍요 속 빈곤,김부용,10.0
오르막길,정인,10.0
MONSTER,BIGBANG,10.0
왜 하늘은...,이지훈,10.0
재회,어반 자카파(Urban Zakapa),10.0
너에게 쓰는 편지,MC 몽,10.0
너의 꿈을 꿨어 (Acoustic ver.),제이에이(JA),10.0
웃으며 넘길래,제이레빗(J Rabbit),10.0
위아래,EXID(이엑스아이디),10.0
너의 웃음 고마워 (Vision Of Love),포맨,10.0
정류장,버스커 버스커(Busker Busker),10.0
이게 사랑일까 (feat. 하은),커피소년,10.0
Love Song,범키(Bumkey),10.0
보통날,지오디(god),10.0
같은 생각,신혜성,10.0
서툰 이별,더 클래식(The Classic),10.0
잘 있지 말아요,가을방학,10.0
I'm In Love,나르샤 [브라운아이드걸스],10.0
I'm Alright (Acoustic),소울라이츠(Soulights),10.0
난 괜찮아 (I Will Survive),진주,10.0
바보,박효신,10.0
My Soul,줄라이(July) [뉴에이지],10.0
남자가 여자를 사랑할 때,나윤권,10.0
사진을 보다가,바이브(Vibe),10.0
한여름날의 꿈 (duet with 옥주현),SG워너비,10.0
자니 (feat. Dynamic Duo),프라이머리(Primary),10.0
잊을께,YB,10.0
Feel Alright,짙은(Zitten),10.0
Ohio,혁오(hyukoh),10.0
소나기 (주르르루),버스커 버스커(Busker Busker),10.0
세월이 가면 (New Ballad ver.),최호섭,9.0
미인(美人),휘성,9.0
"사랑해, 이 말 밖엔...",리치(Rich),9.0
사랑... 그게 뭔데,양파,9.0
참다행이야,에스파파(S.Papa.),9.0
너에게 나를,컨츄리 꼬꼬(Country Kkokko),9.0
우리는 선처럼 가만히 누워 (feat. 이상순),요조(Yozoh),9.0
사랑에 아파한 날들 (duet with 윤하),임재범,9.0
그날 이후,코요태,9.0
천일동안,이승환,9.0
사랑한다는 흔한 말,김연우,9.0
그 해 여름,강타,9.0
사랑한다는 말,김동률,9.0
말리꽃,이승철,9.0
널 지울 수는 없는지,노리플라이(no reply),9.0
기억을 나눔,성시경,9.0
그런일은,화요비,9.0
그대 (CF ver.) (feat. 한효주),브라운 아이드 소울(Brown Eyed Soul),9.0
중독된 사랑,조장혁,9.0
내 사람,SG워너비,9.0
아버지,인순이,9.0
썸데이 (싱글파파는 열애중 OST 삽입곡),김동희,9.0
뭐가 그리 좋은지 몰라,원 모어 찬스(one more chance),9.0
상심,유리상자,9.0
어디쯤 있나요,알레그로(Allegrow),9.0
어떻게 한번을 안 마주치니,정슬기,9.0
그대품에 잠들었으면,박정수 [어덜트 컨템포러리],9.0
오늘만,윤하(Younha/ユンナ),9.0
그대와 같아,주영(JooYoung),9.0
나만의 천사,트리플 이펙트(Triple Effect),9.0
미운사람,애즈 원(As One),9.0
기대해,걸스데이(Girl's Day),9.0
옛날 여자,간미연,9.0
선인장,성시경,9.0
"사람, 사랑",김범수,9.0
따끔,거미,9.0
듣고 있어?,스윙스(Swings),9.0
가로수 그늘 아래서면,이문세,9.0
Only You,2PM,9.0
커플 (Couple),젝스키스(Sechs Kies),9.0
가을여행,이한진 밴드,9.0
걸음이 느린 아이,고유진(플라워),9.0
That's All,허소영,9.0
가난한 기도,이수영,9.0
831 8,제이(J.ae),9.0
I Swear,씨스타(Sistar),9.0
Hidden Track,캐스커(Casker),9.0
거기서거기 (Without You),다이나믹 듀오(Dynamic Duo),9.0
For You,브라운 아이즈(Brown Eyes),9.0
Love Love Love,로이킴,9.0
동경소녀 (feat. 옥상달빛 김윤주),요조(Yozoh),8.0
꿈에,박정현,8.0
사랑인가요,박새별,8.0
사랑하면 할수록,이수영,8.0
두근두근 뛰는 가슴 사랑이 온건지 (feat. Soulman),소설,8.0
사랑이 우릴 다시 만나게 한다면,박새별,8.0
사랑은 은하수 다방에서,10cm(십센치),8.0
사랑하오 (김현철 & 윤상),김범수,8.0
길에서,나비(Navi),8.0
가을이 오면 (New ver. : 추억),서영은,8.0
동경소녀,버스커 버스커(Busker Busker),8.0
사랑한후에,들국화,8.0
사랑비,김태우,8.0
사랑해요,김조한,8.0
기다리다 (Acoustic ver.),윤하(Younha/ユンナ),8.0
거리마다 계절마다,소울라이츠(Soulights),8.0
"그리고, 남겨진 것들",넬(Nell),8.0
Saturday Night,크레용팝(Crayon Pop),8.0
걱정이죠,쿨(COOL),8.0
Say I Love You,포맨,8.0
추억이 오는 날,쿨(COOL),8.0
죽어도 못 보내,2AM,8.0
Love (키샤콜),이하이,8.0
사랑과 우정 사이 (With 김연우) (피노키오),김경호,8.0
매듭,이적,8.0
좋은 사람 (feat. 김형중),토이(Toy),8.0
너를 너를 너를,플라이 투 더 스카이(Fly To The Sky),8.0
너무 아픈 사랑은 사랑이 아니었음을 (With 김광석),바이브(Vibe),8.0
너 사용법,에디킴,8.0
Officially Missing You,악동뮤지션(AKMU),8.0
U-Go-Girl (With 낯선),이효리,8.0
Nice Guy (feat. Louis Logic),Blee(블리),8.0
"바람, 그대",성시경,8.0
바람이 불어오는 곳,알리(Ali),8.0
바람이 좋은 날,나윤권,8.0
Wedding,SG워너비,8.0
"맴 맴 맴 (feat. Double K, 길학미)",바비 킴(Bobby Kim),8.0
바보처럼,버블 시스터즈(Bubble Sisters),8.0
Labor In Vain,라이너스의 담요(Linus' Blanket),8.0
바질 (feat. BrotherSu),매드 클라운(Mad Clown),8.0
반지를 빼면서,마이 앤트 메리(My Aunt Mary),8.0
정말 우리가 사랑했을까,박혜경,8.0
LoveSick,산이(San E),8.0
챔피언,싸이(Psy),8.0
부르고 싶지 않은 노래,조규찬,8.0
날 닮은 너,임창정,8.0
비오는 거리,장혜진,8.0
Love Day,양요섭 [비스트],8.0
나에게로의 초대,정경화,8.0
사라진 계절,재주소년,8.0
"그대와 나, 설레임 (feat. 소울맨)",어쿠스틱 콜라보(Acoustic Collabo),8.0
Darling,걸스데이(Girl's Day),8.0
모노드라마 (With 유승우),허각,8.0
고백,장나라,8.0
은영이에게,KCM,8.0
Sky,러브홀릭(Loveholic),8.0
...안 되나요... (부제: 화양연화),휘성,8.0
그게 아니고,10cm(십센치),8.0
흑백사진,KCM,8.0
환절기,에피톤 프로젝트(Epitone Project),8.0
고백,어쿠스틱 콜라보(Acoustic Collabo),8.0
고백,뜨거운 감자(Hot Potato),8.0
짧은 한마디,민경훈,8.0
"아무말도, 아무것도...",박정현,8.0
양화대교,Zion.T,8.0
어떤가요,화요비,8.0
1994년 어느 늦은 밤,장혜진,8.0
연예인,싸이(Psy),8.0
아름다운 이별,김건모,8.0
여름밤의 꿈,아이유(IU),8.0
Something,걸스데이(Girl's Day),8.0
이별이 오지 못하게,페이지(Page),8.0
날 위한 이별,성시경,7.0
어쩔 수 없는 (duet with 김조한),양파,7.0
키친,이소은,7.0
우리 이제 어떻게 하나요 (With 거미),김현철,7.0
사랑해도 될까요?,유리상자,7.0
I Miss You,테이(Tei),7.0
두사람 (duet with 이소은),에스프레소(금석균),7.0
립스틱 (Lipstick),오렌지캬라멜(Orange Caramel),7.0
Bubble Pop!,현아 [포미닛],7.0
지운 얼굴;Familiar Face,비(Rain),7.0
내가 니 편이 되어줄게 (feat. 하은),커피소년,7.0
마음을 베는 낫,참깨와 솜사탕,7.0
난 좋아,정준일 [메이트],7.0
I Do (duet with 성진환 - Sweet Sorrow),박기영,7.0
안녕 보헤미안,나겸 [아가톤],7.0
부탁 (Acoustic),비스윗(Besweet),7.0
사랑합니다...,팀(Tim),7.0
애인... 있어요,이은미,7.0
니가 싫어,어반 자카파(Urban Zakapa),7.0
둘이 아닌가 봐 (With 크리스티나 러브 리),스탠딩 에그(Standing Egg),7.0
러브 레시피,클래지콰이(Clazziquai),7.0
"봄날, 벚꽃 그리고 너",에피톤 프로젝트(Epitone Project),7.0
내 남자친구를 부탁해,윤하(Younha/ユンナ),7.0
어떻게 사랑이 그래요,이승환,7.0
한숨만,이정,7.0
Promise U,바이브(Vibe),7.0
보내주자...,FTISLAND(에프티 아일랜드),7.0
다시 사랑할 수 있을까,포맨,7.0
페이지원,옥주현,7.0
"우리는, 거짓말처럼",보드카 레인(Vodka Rain),7.0
나란 놈은 답은 너다 (feat. 하림),리쌍(Leessang),7.0
아파,와이케이(YK),7.0
International Love Song,검정치마,7.0
Love Is So Amazing,제이레빗(J Rabbit),7.0
이 거지같은 말 (With 정엽 Of 브라운 아이드 소울),서영은,7.0
배가 불렀지 (feat. GaeKo Of DYNAMIC DUO),슈프림팀(Supreme Team),7.0
Y (Please Tell Me Why),프리 스타일(Free Style),7.0
잘 지내니,실루엣,7.0
나란 사람 (Original ver.),팀(Tim),7.0
그대 만난 날 (inst.),정예경,7.0
가족,이승환,7.0
소리,빅마마(Big Mama),7.0
속마음,참깨와 솜사탕,7.0
Remember Me,박새별,7.0
거위의 꿈,인순이,7.0
Heaven,김현성,7.0
너뿐이야 (You're The One),박진영,7.0
공원여행 (Vocal By 현민),페퍼톤스(Peppertones),7.0
너 하나만,고유진(플라워),7.0
너라는 명작,휘성,7.0
Excuse Me (Piano feat. 지호),브랜뉴직(Brand Newjiq),7.0
Everyday,마루마루,7.0
오랜만이다,헤르쯔 아날로그(Herz Analog),7.0
네온사인,버스커 버스커(Busker Busker),7.0
시련,최재훈,7.0
시작,박기영,7.0
그댈 마주하는건 힘들어 (그마힘),버스커 버스커(Busker Busker),7.0
흔적,몽니(Monni),7.0
Constant No.1,바닐라 어쿠스틱(Vanilla Acoustic),7.0
아껴둔 사랑,컨츄리 꼬꼬(Country Kkokko),7.0
다짐 (feat. 황종률),보싸다방(Bossa Dabang),7.0
고마워요,최재훈,7.0
인연 (동녘바람),이선희,7.0
소유하지 않은 사랑,K2(김성면),7.0
가끔,크러쉬(Crush),7.0
Game,소울사이어티(Soulciety),7.0
아직은 사랑할 때,조장혁,7.0
산들산들,언니네 이발관,7.0
니가 그리운 밤,제다이(Jediii),7.0
선인장 (Song By 심규선),에피톤 프로젝트(Epitone Project),7.0
파란달이 뜨는 날에,랄라스윗(lalasweet),7.0
좋아 (JOAH),박재범(Jay Park),7.0
흐린 가을하늘에 편지를 써,유리상자,7.0
From. Paris,스웨덴세탁소,7.0
천년의 사랑,손성훈,7.0
迷我(미아),넬(Nell),6.0
Mr. Flower,조성모,6.0
묻어버린 아픔,박효신,6.0
처음 그 느낌처럼,솔지 [EXID],6.0
봄바람,버스커 버스커(Busker Busker),6.0
첫눈에,윤하(Younha/ユンナ),6.0
미소를 띄우며 나를 보낸 그 모습처럼,웅산,6.0
못해 (feat. 美),포맨,6.0
하루는,우주히피(Cosmos Hippie),6.0
멀어 (feat. Beenzino),프라이머리(Primary),6.0
바램 (feat. 변재원),토이(Toy),6.0
그 계절의 우리,정준일 [메이트],6.0
내가 있을께,조(Jo),6.0
눈물이 안났어,임정희,6.0
천생연분 (Rave),솔리드(Solid),6.0
내게 남은 사랑을 다 줄께,왁스(Wax),6.0
못된여자 (feat. 서인영),원투(Onetwo),6.0
천생연분,캐스커(Casker),6.0
흐려진 편지속엔...,김연우,6.0
미워,럼블 피쉬(Rumble Fish),6.0
바야흐로 사랑의 계절 (With 박새별),이한철,6.0
오늘 같은 밤,이수영,6.0
골목길 어귀에서,버스커 버스커(Busker Busker),6.0
이게 사랑이 아니면 (feat. 에일리),버벌진트(Verbal Jint),6.0
미소속에 비친 그대,신승훈,6.0
미녀와 야수 (OK? OK!),SAT,6.0
골목길,버스커 버스커(Busker Busker),6.0
말해줘 (feat. 엄정화),지누션(Jinusean),6.0
"좋은 아침이야, 점심을 먹자",가을방학,6.0
Try To Remember,성시경,6.0
MAMA,EXO-K(엑소케이),6.0
별 짓 다해봤는데,알리(Ali),6.0
내가 눈을 감는 이유,태빈(Taebin),6.0
오랜 이별뒤에,신승훈,6.0
Loving You Was Like A Party,웅산,6.0
보고 싶어... 운다,린(LYn),6.0
On & On,써드코스트(3rd Coast),6.0
이별송,브라운 아이즈(Brown Eyes),6.0
Memory,김범수,6.0
윤회(輪廻) (inst.),김동률,6.0
다만,이승환,6.0
넌 아름답기만 한 기억으로,디어 클라우드(Dear Cloud),6.0
다시 시작해보자,김동률,6.0
전활 거네,버스커 버스커(Busker Busker),6.0
노스텔지아 (feat. 에릭),가인 [브라운아이드걸스],6.0
하늘을 달리다,이적,6.0
노래편지,린(LYn),6.0
행복하지 말아요,엠씨 더 맥스(M.C the Max),6.0
향수,버스커 버스커(Busker Busker),6.0
넌 친구? 난 연인!,유엔(UN),6.0
새벽 4시,10cm(십센치),6.0
생각이 나,부활,6.0
추억은 당신보다 아름답다,규원,6.0
다시 와주라,바이브(Vibe),6.0
대화가 필요해,바닐라 어쿠스틱(Vanilla Acoustic),6.0
기다려주세요,버스커 버스커(Busker Busker),6.0
인연 ('왕의 남자' 버전),이선희,6.0
거리에서,리즈(Leeds),6.0
손잡고 허밍 (With Yozoh),재주소년,6.0
수목원에서,윤종신,6.0
하나도 안 괜찮아요,슌(Shoon),6.0
있는듯 없는듯,곽푸른하늘,6.0
Fallin',Le Blanc & Carr(르 블랑 & 카),6.0
아무도 없는 르네상스 (Original ver.),쉐로(Cherot) [블루아일리즈],6.0
아무도 모른다,캐스커(Casker),6.0
아메리카노에게,커피소년,6.0
핑계 (feat. 칸토 Of 트로이),박혜경,6.0
요즘 너 말야,제이레빗(J Rabbit),6.0
Dash,백지영,6.0
싱크로율 100%,블락비(Block B),6.0
아름다운 구속,서영은,6.0
멜로디로 남아,한희정,6.0
넌 언제나,박효신,6.0
가을이 오네요,김지수,6.0
나는 문제 없어,황규영,6.0
휘파람,로이킴,6.0
재회,포지션(Position),6.0
장가갈 수 있을까 (feat. 내리),커피소년,6.0
빗속의 여인,김건모,6.0
빠빠빠,크레용팝(Crayon Pop),6.0
Too Shy To Say,여진(Yeo Jin),6.0
라라라,SG워너비,6.0
잘못된 만남,Iconiq(아이코닉),6.0
카페에 앉아 (First Album ver.),원 모어 찬스(one more chance),6.0
뜨거운 안녕 (feat. 성시경),싸이(Psy),6.0
So I,슈퍼주니어(Super Junior),6.0
이상형,버스커 버스커(Busker Busker),6.0
Constant No.2 (너 없이 사는 법),바닐라 어쿠스틱(Vanilla Acoustic),6.0
우리 처음 만난 날,한희정,6.0
해바라기,임재범,6.0
Inevitability (Reprise),어반 자카파(Urban Zakapa),6.0
나 항상 그대를,이선희,6.0
취중진담(醉中眞談),전람회,6.0
끼부리지마,WINNER,6.0
나 어릴적 꿈,터보(Turbo),6.0
사랑은 창밖에 빗물 같아요,지아(Zia),6.0
2013 원하고 원망하죠,애즈 원(As One),6.0
가을목이 (Acoustic ver.),소란(Soran),6.0
잘 지내니 좀 어떠니,좋아서 하는 밴드,6.0
다시 사랑할 수 있을까 (With 박정은),포맨,5.0
차라리 때려 (Hit Me),샤이니(SHINee),5.0
Show,김원준,5.0
로미오 & 줄리엣 (Vocal By 슈프림팀) ,신승훈,5.0
머물러줘,재주소년,5.0
Rain,박혜경,5.0
달리 되었더라면,멜로 브리즈(Melo' Breeze),5.0
담담하게,Lucia(심규선),5.0
Ribbon In The Sky,나얼(Na-Ul),5.0
더 좋아,김지수,5.0
좋은사람,박효신,5.0
대낮에 한 이별 (feat. 선예 Of Wonder Girls),박진영,5.0
라디오를 켜봐요,신승훈,5.0
이게 아닌데,존 박(John Park),5.0
모닝콜,피터팬 컴플렉스(Peterpan Complex),5.0
아프고 아픈 이름...,앤(Ann),5.0
Gentleman,싸이(Psy),5.0
세상에 뿌려진 사랑만큼,클래지콰이(Clazziquai),5.0
For You (돌아가줘),브라운 아이즈(Brown Eyes),5.0
손대지마,에일리(Ailee),5.0
손편지,에피톤 프로젝트(Epitone Project),5.0
"수고했어, 오늘도",옥상달빛,5.0
수필과 자동차,공일오비(015B),5.0
숙녀가 못 돼 (Damaged Lady),카라(Kara),5.0
슬프지만 진실,제이(J.ae),5.0
헤어진 연인이 우연히 마주친 상황 (With 이성령),더 그랜드(The Grand),5.0
Enjoy The Holiday (Bonus Track From Jazz Set),디제이 아키(DJ AKI),5.0
시간이 흐른다는 건,디어(d.ear),5.0
Crush,어반 자카파(Urban Zakapa),5.0
Cha Cha (영화 '헬로우 마이 러브' 뮤직비디오),윈터플레이(Winterplay),5.0
아프고 화나고 미안해,하은,5.0
High High,G-DRAGON,5.0
이화동 (duet with 한희정),에피톤 프로젝트(Epitone Project),5.0
알고 싶어요,서영은,5.0
애인만들기,견우,5.0
Believe What I Say (feat. 옥주현),김현철,5.0
Beatles Cream Soup (With 연진) (Acoustic),이지형,5.0
후회없는 사랑 (Remix ver.),터보(Turbo),5.0
언제나 그랬죠,브라운 아이즈(Brown Eyes),5.0
Autumn Leaves,신은성,5.0
Alone,달총 [CHEEZE],5.0
열대야 (feat. 영준 Of Brown Eyed Soul),포이트리(Poetree),5.0
옆사람 (Stand By),보아(BoA),5.0
오늘만 놀아요,네이브로(NeighBro.),5.0
2년만에,김재석 [원티드],5.0
365일,알리(Ali),5.0
자기야 여보야 사랑아,린(LYn),5.0
Hug,동방신기(TVXQ!),5.0
모를까봐서,쥬얼리(Jewelry),5.0
비나리,유성은,5.0
목욕이 좋아 (feat. 지선),심현보,5.0
One Love,더 넛츠(The Nuts),5.0
Oh Yeah (feat. 박봄),G-DRAGON,5.0
뭐라할까!,브리즈(The Breeze),5.0
My Song And...,윤하(Younha/ユンナ),5.0
바래다 주는 길,바이브(Vibe),5.0
Mr.Mr.,소녀시대,5.0
제자리 걸음,김종국,5.0
Miss. Understand (feat. Simon Dominic),알렉스(Alex) [클래지콰이],5.0
Memories... (Smiling Tears),t윤미래,5.0
별(別),팀(Team),5.0
Lovey-Dovey,티아라(T-ara),5.0
봄봄봄,로이킴,5.0
봄을 그리다,어반 자카파(Urban Zakapa),5.0
빌려 드릴께요,JC지은,5.0
I Do,비(Rain),5.0
Love Box (feat. 타루),Maximilian Hecker(막시밀리안 헤커),5.0
뻔한 멜로디 (feat. Crush),Zion.T,5.0
우리가 이별할 때 (duet with 백지영),소울스타(Soulstar),5.0
사라지지 말아요,디어 클라우드(Dear Cloud),5.0
"Like Nobody Else (Outro) (조인성, 박시연편 ""2% 부족할 때"" CF 삽입곡)",CMYK(씨엠와이케이),5.0
사랑스러워,김종국,5.0
It Was You,브라더수(BrotherSu),5.0
사랑은 비를 타고,씨엔블루(CNBLUE),5.0
I'm In Love,시크릿(Secret),5.0
사랑이 떠나가네,김건모,5.0
사랑하기 전에는 (Acoustic ver.),박완규,5.0
사랑하지 말것을,애프터 레인(After Rain),5.0
사랑하지 않으니까요,김동률,5.0
I Don't Care,투애니원(2NE1),5.0
So Fresh (feat. 김태우) (위대한 캣츠비 OST 삽입곡),MC 몽,5.0
이방인(異邦人),전람회,5.0
그대 내게 다시,럼블 피쉬(Rumble Fish),5.0
"첫느낌 (feat. B. L. X, Cubic)",바스코(Vasco),5.0
창문을 열어놓고,별,5.0
You'd Be So Nice To Come Home To,재즈홀릭(Jazzholic),5.0
가을목이,소란(Soran),5.0
나비,자우림(Jaurim),5.0
그리고 사랑해,이수영,5.0
편지,이은미,5.0
추억의 책장을 넘기면,이선희,5.0
너를 그리다,디어(d.ear),5.0
감사 (Bonus Track),김동률,5.0
나랑 가자 (With 정엽),에코 브릿지(Eco bridge),5.0
곳에 따라 비,가을방학,5.0
거짓말,BIGBANG,5.0
키 작은 꼬마 이야기,하하,5.0
내 사랑 내 곁에,박기영,5.0
그대를 알고,양파,5.0
나 돌아가,박진영,5.0
꿈인걸 알지만 (Vocal 소수빈),헤르쯔 아날로그(Herz Analog),5.0
꿍따리 샤바라,클론(Clon),5.0
"그손, 한번만 (Vocal By 강현준)",러블리벗(Lovelybut),5.0
"강남역 4번 출구 (feat. 션리, 다인)",플라스틱(Plastic),5.0
끝나지 않은 노래,노리플라이(no reply),5.0
그대네요 (duet with 아이유) (Bonus Track),성시경,5.0
같은 꿈,알렉스(Alex) [클래지콰이],5.0
그대 내게 다시 (Guitar ver.),럼블 피쉬(Rumble Fish),5.0
난 행복해,업타운(UPT),5.0
그냥 걸었어,임종환,5.0
내가 제일 잘 나가,투애니원(2NE1),5.0
눈물이 주룩주룩,박정현,5.0
눈물샤워 (feat .에일리),배치기,5.0
참 다행이야,왁스(Wax),5.0
나는 고양이로소이다,2스토리(2story),5.0
가슴아 그만해,엠씨 더 맥스(M.C the Max),5.0
너에게 (Chopin의 Nocturnes 중 8마디 삽입),포지션(Position),5.0
괜찮아,정준일 [메이트],5.0
촛불 하나,지오디(god),5.0
나만 몰랐던 이야기,아이유(IU),5.0
그대이길 바래요,이소은,5.0
우울한 너에게,메이트(Mate),5.0
날 그만 잊어요,거미,5.0
"최고의 사랑 (最愛 / Saiai) (후쿠야마 마사하루 리메이크, 영화 '용의자 X의 헌신' 주제가)",2AM,5.0
처음 느낌 그대로,이소라,5.0
창문 너머 어렴풋이 옛 생각이 나겠지요,스프링롤(Springloll),5.0
고백,박혜경,5.0
기다리다,윤하(Younha/ユンナ),5.0
"가을로 (feat. 프리스타일 미노, Daylight, 이상)",타우(Taw),4.0
아파 아이야,양파,4.0
하얀 겨울,미스터 투(Mr.2),4.0
Ice Cream (feat. Maboos),현아 [포미닛],4.0
내꺼하자,인피니트(Infinite),4.0
WHAT SHOULD I DO (feat. 짙은),Lucia(심규선),4.0
믿겨지지 않는 이야기,MC 한새(MC haNsAi),4.0
엄마,라디(Ra.D),4.0
가을바람,장윤주,4.0
못 잊어,하동균,4.0
너무 다른 널 보면서,이소라,4.0
깊은 밤을 날아서,이문세,4.0
우리 사랑 이대로 (duet with 이혜진),주영훈,4.0
200%,악동뮤지션(AKMU),4.0
좋아해,어 모던(A Modern),4.0
없습니다 (어쿠스틱),조덕배,4.0
처음 뵙겠습니다 (With 휘성),지나(G.NA),4.0
좋아 좋아,일기예보,4.0
체온,시계태엽오렌지(Orange Clockwork),4.0
항상 엔진을 켜둘께,델리 스파이스(Deli Spice),4.0
사랑하잖아요 (영화 '아는 여자' 삽입곡),고현욱,4.0
Come Back Home,투애니원(2NE1),4.0
물고기자리,이안,4.0
그냥 가요 (feat. 조현아 Of 어반자카파),긱스(Geeks),4.0
그게 사랑,달콤한 소금,4.0
언제나 비 내리는 날에,정민경 ['2010],4.0
출발,김동률,4.0
사랑이란,윤상,4.0
이밤을 다시 한번,조하문,4.0
Beautiful Moon,10cm(십센치),4.0
Ballerino(발레리노),리쌍(Leessang),4.0
그대 걷던 길,노리플라이(no reply),4.0
내 맘 같지 않던 그 시절,마이 앤트 메리(My Aunt Mary),4.0
You Are My Lady,정엽,4.0
You Are So Beautiful,윤종신,4.0
후애(後愛),엄정화,4.0
혼자만의 사랑 (R&B Ballad),김건모,4.0
앵무새,하울(HowL),4.0
comma,노리플라이(no reply),4.0
나비 무덤,테이크(Take),4.0
汝歌(여가),장연주,4.0
고백,윤상,4.0
애원(愛遠),박상민,4.0
바람인가요,브라운 아이드 소울(Brown Eyed Soul),4.0
젊은 날의 단편,류시원,4.0
불치병 (feat. Masta Wu),휘성,4.0
텅빈 거리에서,뷰티풀 데이즈(Beautiful Days),4.0
이리도,닥터심슨(Dr.Simpson),4.0
Breeze,어반 자카파(Urban Zakapa),4.0
뽀롱뽀롱뽀로로 오프닝 (TV만화 '뽀롱뽀롱뽀로로' 주제가),Unknown,4.0
비밀의 화원,이상은(Lee Tzsche),4.0
빈 방,4-49(포포리나인),4.0
Bye Bye Bye,화요비,4.0
Love Is Magic 2 (feat. Margareta Bengtson - The Real Group),그린티(The Green Tea),4.0
잘해준 것 밖에 없는데,린(LYn),4.0
시간이 흐른 뒤엔,포스티노(Postino),4.0
Love,S.E.S.,4.0
정,영턱스클럽(YTC),4.0
아프죠,해이(Hey),4.0
사랑은 (Song 정인),리쌍(Leessang),4.0
바보 일기,Lyrical D,4.0
내가 너의 곁에 잠시 살았다는 걸,김연우,4.0
Modern Times,아이유(IU),4.0
여자,빅마마(Big Mama),4.0
Winter Kiss (feat. 백찬 Of 에이트),박정현,4.0
10년(年)의 약속,전람회,4.0
천천히,조원선,4.0
백허그 (Back Hug),플랫핏(Flat Feet),4.0
나를 안아 ('05 Home Recording),디어 클라우드(Dear Cloud),4.0
Miss You,타루(Taru),4.0
파도,유엔(UN),4.0
Cat Bossa,클래지콰이(Clazziquai),4.0
Lead Me,씨스타(Sistar),4.0
벌써 일년,왁스(Wax),4.0
Let There Be Love ('경남 아너스빌' 광고 - 배용준 주연),Westlife(웨스트라이프),4.0
정류장,패닉(Panic),4.0
사랑 참 어렵다,이승철,4.0
나만 바라봐,태양,4.0
"가을, 다시",데이브레이크(daybreak),4.0
아무것도 아닌 나,토마스 쿡(Thomas Cook),4.0
우아 (Oo-ah),슈가볼(Sugarbowl),4.0
"그대는 어디에 (feat. 한희정) ('지붕뚫고 하이킥' 정음, 지훈 회상씬 삽입곡)",에피톤 프로젝트(Epitone Project),4.0
세월이 가면,박보람,4.0
Stay,넬(Nell),4.0
신부에게 (Guitar ver.),유리상자,4.0
그저 그런 오후,소요,4.0
Remember (feat. 미료 [브라운아이드걸스]),JK 김동욱,4.0
글루 (Glue),나인뮤지스(Nine Muses),4.0
널 사랑하겠어,서영은,4.0
After Love - Female ver.,클래지콰이(Clazziquai),4.0
For My Love (Acoustic ver.),엠스트리트(M.Street),4.0
도시의 밤,소울라이츠(Soulights),4.0
Remember,유엔(UN),4.0
들었다 놨다,데이브레이크(daybreak),4.0
동쪽으로 가면 우리집이 있다,박주원,4.0
기다릴게,모리(Morrie),4.0
우린 같은 꿈을 꾼 거야,공일오비(015B),4.0
같이 걸을래? (Shall We..),다방(D'avant),4.0
넌 내 애인이고 사랑이고 운명이야,블루베리 [여자],4.0
이별 뒤에 해야 할 몇 가지 (feat. 레이디제인),김진표(JP),4.0
Raining (Play 크리스티나),러브홀릭스(Loveholics),4.0
넌 나 어때,406호 프로젝트,4.0
선물,t윤미래,4.0
귤,재주소년,4.0
9월(月),윤종신,4.0
닮은 사람,테이(Tei),4.0
손꼭잡고,루싸이트 토끼,4.0
오빠가,비스윗(Besweet),4.0
눈물로 (duet with 이정),제이(J.ae),4.0
흔한 노래,임창정,4.0
슬픈 초대장,한경일,4.0
편한 사람이 생겼어 (duet with 브랜뉴데이 채린),일락(一樂),4.0
다섯시 반,브로콜리너마저,4.0
Don't Know What To Say,보아(BoA),4.0
그리고 그후,프리 스타일(Free Style),4.0
시월야경,투어리스트(The Tourist),4.0
잃어버린 것들,성시경,4.0
스물 두 번째 길,윤하(Younha/ユンナ),4.0
"입장정리 (feat. 최자, Simon D)",프라이머리(Primary),4.0
오늘도 굿나잇,커피소년,4.0
지나간다 (원곡가수 김범수),더 원(The One),4.0
노래가 늘었어,에일리(Ailee),4.0
네게 간다 (Piano ver.),캐스커(Casker),4.0
네가 좋아 (feat. 박원 Of 원모어찬스),안녕하신가영,4.0
네가 보고파 지면,고한우,4.0
지금 만나러 갑니다 (feat. 타블로),김연우,4.0
죄와 벌,SG워너비,4.0
세상의 모든 인연 (duet with 박원 Of 원모어찬스),박새별,4.0
Give It To Me,씨스타(Sistar),4.0
Please,이기찬,4.0
삼촌 (feat. 이적),아이유(IU),4.0
러브 레시피,거미,4.0
그대를 사랑하는 10가지 이유,이석훈 [SG워너비],4.0
고백,김지수,4.0
Promise You,애니밴드(Anyband),4.0
너에게 주고 싶은 세 가지,박혜경,4.0
사진은 때때로 거짓말을 한다,참깨와 솜사탕,4.0
아마도 그건,박혜경,4.0
사랑해요 우리 (With Gummy),플라이 투 더 스카이(Fly To The Sky),4.0
잊혀진 계절 (Remake Op.1),김범수,4.0
처음,성시경,4.0
여전히 아름다운지 (Blue ver.),페이지(Page),4.0
사랑해요,이소은,4.0
망설이지 마요,몽니(Monni),4.0
매일 사랑해 (feat. 버벌진트),레이디 제인(Lady Jane),4.0
기적 (duet with 이소은),김동률,4.0
우리 무슨 사이야? (With 범키),애즈 원(As One),4.0
가장 슬픈 말,제이(J.ae),4.0
새,싸이(Psy),4.0
멘트 (feat. 개코 Of Dynamic Duo),더블케이(Double K),4.0
이게 아닌데,아이유(IU),4.0
Just For You,써드코스트(3rd Coast),3.0
나 그리고 너야,성시경,3.0
If I Could Meet Again,푸딩(Pudding),3.0
안아줘,정준일 [메이트],3.0
커피 한 잔 하실래요 (New ver.) (feat. 히나인),원써겐(1sagain),3.0
아니,거미,3.0
꽃,랄라스윗(lalasweet),3.0
헤어진 다음 날,이현우,3.0
사랑한다는 말,스탠딩 에그(Standing Egg),3.0
그대 없는 내가 그렇죠,애즈 원(As One),3.0
사랑한 만큼,포맨,3.0
검은 산,페퍼톤스(Peppertones),3.0
술이야,바이브(Vibe),3.0
술 한잔 해요,지아(Zia),3.0
기억나지 않는 새로운,제이벨(J BEL),3.0
이젠 안녕,공일오비(015B),3.0
그런 사람이 있습니다.,김형중,3.0
Everyday,꽃잠 프로젝트(GGot Jam Project),3.0
일생을,김현철,3.0
가슴으로 외쳐 (feat. Rhymer) ,먼데이 키즈(Monday Kiz),3.0
Dream,Priscilla Ahn(프리실라 안),3.0
그런 날이 오겠죠,신승훈,3.0
추워지니 (With 윤현상),써니힐(Sunny Hill),3.0
가슴 아파도,플라이 투 더 스카이(Fly To The Sky),3.0
"알로하, 기분 좋은 인사",우쿨렐레 피크닉(Ukulele Picnic),3.0
Don't Turn Away (feat. Kjun),제펫(Jeppet),3.0
그대 슬픔까지 사랑해 (Remake),백지영,3.0
깊은잠 깨고 나면 다시,임주연,3.0
취미는 사랑,가을방학,3.0
한번만...,혜령,3.0
아 외로워 (맥심 CF 삽입곡),요조(Yozoh),3.0
I Do,더 원(The One),3.0
그랬으면 좋겠어,신승훈,3.0
Ever Ever (feat. 계피),보이(VOY),3.0
요쿠르트,힐링미(Healing Me),3.0
Gargle (feat. 조휴일),라이너스의 담요(Linus' Blanket),3.0
0%,지오디(god),3.0
사랑보다 깊은 상처 (duet with 임재범),박정현,3.0
Going Home,김윤아,3.0
눈의 꽃 (雪の華),박효신,3.0
소녀에게 (Hey Girl),신승훈,3.0
그대 떠나는 날 비가 오는가,산울림,3.0
사랑하기 때문에,리즈(Leeds),3.0
익숙한 새벽 3시,오지은,3.0
인기 있는 남자애,가을방학,3.0
혹시 자리 비었나요?,소란(Soran),3.0
나란 사람,태완(C-Luv),3.0
"L.B.A (Love Breakin Apart) (feat. E-Sens For Supreme Team, 김연우)",다이나믹 듀오(Dynamic Duo),3.0
아픔 (Play 장은아),러브홀릭스(Loveholics),3.0
할머니,브로콜리너마저,3.0
For Your Soul (슬픈 영혼식),조성모,3.0
사랑이라면,변재원,3.0
실화,린(LYn),3.0
자유인,원 모어 찬스(one more chance),3.0
나 같은 여자 (Acoustic Guitar ver.),화요비,3.0
사랑 먼지,버블 시스터즈(Bubble Sisters),3.0
그리워,메이트(Mate),3.0
기억의 습작,김동률,3.0
Come To Me,썸피플(Sumpeople),3.0
샐러드 기념일,허밍 어반 스테레오(Humming Urban Stereo),3.0
Cappuccino,윤한(Yoonhan),3.0
가을 우체국 앞에서,윤도현,3.0
손잡고 허밍 (feat. 요조) (Album ver.),재주소년,3.0
설레인다,싸이(Psy),3.0
그뿐이죠 (feat. 박세령),세븐데이즈(7Dayz),3.0
Idealistic Real,제이벨(J BEL),3.0
사진,드래곤플라이(Dragonfly),3.0
꿈에 들어와,서울 전자 음악단,3.0
Coffee,박한별,3.0
사랑이라고 말하기엔 (feat. 연호),어반스페이스(Urbanspace),3.0
꽃처럼 한 철만 사랑해 줄 건가요?,Lucia(심규선),3.0
별이 빛나는 밤에 (feat. 강선아),매드 클라운(Mad Clown),3.0
비오는 압구정,브라운 아이즈(Brown Eyes),3.0
또 왜 그래,이상순 ,3.0
먼 훗날에,박정운,3.0
Trouble Maker,트러블메이커(Troublemaker),3.0
여자이니까,키스(Kiss),3.0
좋은 아침이야,파티스트릿(Party Street),3.0
좋은 이유,로코베리(Rocoberry),3.0
Always Be There,브라운 아이드 소울(Brown Eyed Soul),3.0
여행,제이벨(J BEL),3.0
Always Be Mine,어반 자카파(Urban Zakapa),3.0
너의 별 이름은 시리우스 B (Bonus Track),미스티 블루(Misty Blue),3.0
로맨틱 키스,코지카페(Cozy Cafe),3.0
연인,김연우,3.0
너의 세상으로 (Angel),EXO-K(엑소케이),3.0
래퍼들이 헤어지는 방법 (feat. 구지성),데프콘(Defconn),3.0
"하루, 일년 그리고..",박새별,3.0
To Heaven (천국으로 보낸 편지),조성모,3.0
너무 아픈 사랑은 사랑이 아니었음을,김광석,3.0
여우야,성시경,3.0
Paradise,더 멜로디(The Melody),3.0
Trust You,원효로1가 13-25,3.0
고해성사,하림,3.0
Twinkle,소녀시대-태티서(Girls' Generation-TTS),3.0
그곳에 서서,박효신,3.0
물고기 자리,곰PD,3.0
너를 만나러 가는 길,바른생활,3.0
좋아 좋아,서영은,3.0
이름모를 꽃,소소한 프로젝트,3.0
처음 느낌 그대로,러브홀릭(Loveholic),3.0
True Romance (feat. T),드렁큰 타이거(Drunken Tiger),3.0
처음 만난 자유,라즈베리필드,3.0
그게 뭐라고,어쿠루브(Acourve),3.0
너를 향한 마음,리즈(Leeds),3.0
One Love,원타임(1TYM),3.0
완벽한 순간,랄라스윗(lalasweet),3.0
똑같다면,브라운 아이드 소울(Brown Eyed Soul),3.0
땡큐베리머치,피터팬 컴플렉스(Peterpan Complex),3.0
이별을 건너다,어반 자카파(Urban Zakapa),3.0
Rain,이적,3.0
Speechless,클래지콰이(Clazziquai),3.0
다시 사랑할 수 있는데,임재범,3.0
흐릿해져,노리플라이(no reply),3.0
지워지지 않을 것 같아,보드카 레인(Vodka Rain),3.0
오래전 그날,윤종신,3.0
She (feat. Beenzino),Zion.T,3.0
다시 만난 날,다비,3.0
누난 너무 예뻐 (Replay),샤이니(SHINee),3.0
다만,김동욱,3.0
집 (feat. 이소라),타블로(Tablo),3.0
다 줄거야,이승기,3.0
눈물나,정엽,3.0
니가 내리는 날,자화상,3.0
So Good Bye,소규모 아카시아 밴드,3.0
오직 하나뿐인 그대,심신,3.0
Sadness,빅마마(Big Mama),3.0
달팽이,W & Whale(더블유 앤 웨일),3.0
1999 사랑 (부제: 흑야애(黑夜愛)),제이벨(J BEL),3.0
Alice,재주소년,3.0
듣는편지,40(포티),3.0
주문을 걸어,박혜경,3.0
넌 내꺼 넌 내 남자 (feat. 파니니),마끼아또,3.0
Rainy Day,러브홀릭(Loveholic),3.0
넌 어디에,블락비(Block B),3.0
넌 어떠니?! (feat. 조규찬),토이(Toy),3.0
Again,스페이스 A(Space A),3.0
오늘 뭐해,포미닛(4minute),3.0
도도해,Zion.T,3.0
대화가 필요해,더 자두(The Jadu),3.0
당신은...나는 바보입니다,Stay [심태윤],3.0
당신은 참..,성시경,3.0
"오, 사랑",성시경,3.0
그 거리..,윤하(Younha/ユンナ),3.0
1440,허각,3.0
그런 날에는,캔디맨(Candyman),3.0
어느 하루,롤러코스터(Rollercoaster),3.0
My Song,양파,3.0
이브의 경고 (Jungle),박미경,3.0
바람났어 (feat. 박봄),GG(박명수 & G-Dragon),3.0
바람소리 속에 그대가,박정현,3.0
그녀는 날 사랑하지 않아,제이벨(J BEL),3.0
천일동안,린(LYn),3.0
내가 아는 한가지,이덕진,3.0
날짜 변경선,클래지콰이(Clazziquai),3.0
그녀는 날 사랑하지 않아 (Remastering ver.),제이벨(J BEL),3.0
Melody,김동률,3.0
1177 155 400 (I Miss You),모자이크,3.0
어떤 그리움,이은미,3.0
별이 진다네,여행스케치,3.0
고백 (feat. 산드라배),박혜경,3.0
고백,정준일 [메이트],3.0
Y,프리 스타일(Free Style),3.0
내 사랑 내 곁에 (Bonus Track),럼블 피쉬(Rumble Fish),3.0
UGLY,투애니원(2NE1),3.0
방랑자 (feat. 최백호),박주원,3.0
뱅(Bang)!,애프터 스쿨(After School) ,3.0
제발,김범수,3.0
방백 (Aside),샤이니(SHINee),3.0
Love Song,에릭남,3.0
날개,언타이틀(Untitle),3.0
Baby You Are Beautiful,성시경,3.0
비야,옐로우 몬스터즈(Yellow Monsters),3.0
어쩌다...,윤건,3.0
내 반쪽 사과,로맨틱멜로디초비,3.0
미운 열두살,재주소년,3.0
Brown Eyed Girl,브라운 아이드 소울(Brown Eyed Soul),3.0
가만히 두세요.,김윤아,3.0
별 빛이 내린다,안녕 바다,3.0
비오는 거리,서영은,3.0
내사랑 (feat. MJ),태사비애,3.0
별사탕 (feat. 범키),이루펀트(Eluphant),3.0
어제보다 슬픈 오늘,김건모,3.0
Never Ending Story,부활,3.0
Brown City,투개월,3.0
My Story,브라운 아이드 소울(Brown Eyed Soul),3.0
내게로 와,체리필터(Cherry Filter),3.0
잿꽃,바닐라 어쿠스틱(Vanilla Acoustic),3.0
어제처럼,제이(J.ae),3.0
Maman La Plus Belle Du Monde (제8요일),Luis Mariano(루이즈 마리아노),3.0
바느질,마더컨트리,3.0
어둠이 잊혀지기 전에 Let's Fall In Love,솔리드(Solid),3.0
앵콜요청금지,브로콜리너마저,3.0
안녕 여자친구,딕펑스(Dick Punks),2.0
겁쟁이,버즈(Buzz),2.0
그때는 왜 몰랐었는지...,에디(Eddie),2.0
회상 (feat. 백지영),리쌍(Leessang),2.0
고백,스탠딩 에그(Standing Egg),2.0
오 그대는 아름다운 여인,홍인성,2.0
9월,델리 스파이스(Deli Spice),2.0
외로움,더 클래식(The Classic),2.0
신데렐라,서인영,2.0
흐린 기억속의 그대 (Club Remix),현진영,2.0
알아요,양파,2.0
그대 내 품에 (유재하),박정현,2.0
괜찮아,짙은(Zitten),2.0
친구에서 연인이 되기까지,쿨(COOL),2.0
친구에서 연인으로,씨유(See U),2.0
이제야 비로소 사랑을 말할 수 있다,브라운 아이드 걸스,2.0
애수(哀愁),지오디(god),2.0
Delight,더더(THETHE),2.0
오늘 이 노래,코쿤벨즈(Cocoon Bells),2.0
어둠이 깊을수록 별은 더욱 빛난다,안녕 바다,2.0
오늘은 (Acoustic ver.),팔드로(8Dro),2.0
왜 자꾸 눈물이,NY 물고기,2.0
76-70= ♡ (With 박선주),서지원,2.0
공원에서 만나요,박지혜 [인디],2.0
인형의 꿈,일기예보,2.0
귤,요조(Yozoh),2.0
Can't Stop,씨엔블루(CNBLUE),2.0
Dancing Queen,크레용팝(Crayon Pop),2.0
그댈 안은 목소리,어반 자카파(Urban Zakapa),2.0
곰인형 (feat. 해금),린(LYn),2.0
여행을 떠나요,이승기,2.0
Beautiful Day,어반 자카파(Urban Zakapa),2.0
그것은 집착 혹은 환상 (Clean ver.) (feat. Celma),로퀜스(Loquence) ,2.0
As for me,스웨덴세탁소,2.0
휴식,스탠딩 에그(Standing Egg),2.0
이어폰을 나눠 끼고,음란소년,2.0
Baby Ma Baby,소심한 오빠들(Sosimboys),2.0
카페에 앉아,원 모어 찬스(one more chance),2.0
그대는 나무 같아,박지윤,2.0
춤추는 나무,이기찬,2.0
왠지 느낌이 좋아,여행스케치,2.0
엄마돼지 아기돼지 (TV만화 '뽀로로와 노래해요' 삽입곡),Unknown,2.0
고잉고잉 (Going Going),룰라(Roo'Ra),2.0
춤추는 기분 (feat. B.O),네이쳐(Nature),2.0
왠지 좋아,알엔제이(R&J;),2.0
Close To You,롤러코스터(Rollercoaster),2.0
BK Love,MC 스나이퍼(MC Sniper),2.0
카모마일 (feat. 고창인 Of 슈가볼),제이켠(J'Kyun) [럭키제이],2.0
인연 (Live),이선희,2.0
겨울의 사업가,페퍼톤스(Peppertones),2.0
악수,비(Rain),2.0
이해할께,김현성,2.0
흐린 가을 하늘에 편지를 써,동물원,2.0
인형의 꿈,러브홀릭(Loveholic),2.0
Blue Eyes,쿨(COOL),2.0
예뻐 예뻐,레이디스 코드(LADIES' CODE),2.0
그 노래,존 박(John Park),2.0
영원히 내게,안상수,2.0
쓸쓸하고 씁쓸하고,아키버드(Aquibird),2.0
어디에,스윗소로우(SWEET SORROW),2.0
영순위 (feat. 넋업샨),가리온(Garion),2.0
이별후 듣는 노래,스윙체어(Swingchair),2.0
이별 아닌 이별,이범학,2.0
그대와 영원히,김범수,2.0
이별 참 못할 짓이더라,윤현상,2.0
Could You Stop That Smile,leeSA(리싸),2.0
칵테일 사랑 (feat. 김연우),서영은,2.0
그대에게 하는 말,스윗소로우(SWEET SORROW),2.0
그대는 모르죠 (Good-Bye),플라이 투 더 스카이(Fly To The Sky),2.0
나는 그 사람이 아프다 (feat. 타루) ('우결' 쌍추커플 이별씬 삽입곡),에피톤 프로젝트(Epitone Project),2.0
Dressing Room (Acoustic) (Re: ver.),Glen Check(글렌체크),2.0
천 개의 태양,캐스커(Casker),2.0
Unicornio,Silvio Rodriguez(실비오 로드리게즈),2.0
Nothing Better,브라운 아이드 소울(Brown Eyed Soul),2.0
Nothing Without You,10cm(십센치),2.0
천년의 사랑,박완규,2.0
Twist King,터보(Turbo),2.0
하루의 끝에,유발이의 소풍,2.0
뭉게구름 (한국 수력원자력 광고음),장나라,2.0
너 하나면 돼 (feat. 개코 Of 다이나믹 듀오),슈프림팀(Supreme Team),2.0
와,이정현,2.0
친구의 고백,2AM,2.0
One Love,엠씨 더 맥스(M.C the Max),2.0
면사포,이승기,2.0
좋은 날,박태영 [보이스 코리아],2.0
너무 슬퍼하지 말아요,루시드 폴(Lucid Fall),2.0
먼지가 되어,로이킴,2.0
Party (feat. G-Dragon),엄정화,2.0
머피의 법칙,DJ DOC,2.0
너야,신용재 [4men],2.0
미친거니,바이브(Vibe),2.0
밑바닥에서 (feat. Bumkey),타블로(Tablo),2.0
Pintos,몽구스(Mongoose),2.0
내가 날 버린 이유 (R&B Ballad),베이시스(Basis),2.0
티가 나나봐,"15&(박지민, 백예린)",2.0
흔한 사랑이 될까봐 두려워서...,플라워(Flower),2.0
변해가네 (feat. 정인),리쌍(Leessang),2.0
벌써 해가 지네,베란다 프로젝트(Verandah Project),2.0
천천히,클린치(Clinch),2.0
Missing You,숙희,2.0
방안에서 (feat. Lovey),앤덥(Andup),2.0
바통,디셈버(December),2.0
White,타블로+페니(이터널 모닝),2.0
우리의 밤은 당신의 낮보다 아름답다,코나(Kona),2.0
Mr. Wonderful,모리(Morrie),2.0
바보,소울스타(Soulstar),2.0
My Dear,최예나,2.0
My Everything + Love Ballad,브라운 아이드 소울(Brown Eyed Soul),2.0
내게 사랑은 너무 써,꽃별(Ccotbyel),2.0
My Love Is....,성훈 [Brown Eyed Soul],2.0
내게 오는 길 (Bonus Track),성시경,2.0
바람,스웨터(Sweater),2.0
Picnic (feat. Sweet Sorrow),라이너스의 담요(Linus' Blanket),2.0
Promise (With 나얼),화요비,2.0
You Said Goodbye (feat. 정엽 Of Brown Eyed Soul),에코 브릿지(Eco bridge),2.0
Special Girl (feat. Bumkey),인피니트 H,2.0
당부,이승환,2.0
널 위한 이별,신승훈,2.0
Standing In The Rain,넬(Nell),2.0
네게 난,주영(JooYoung),2.0
Sentimental Scene,센티멘탈 시너리(Sentimental Scenery),2.0
노래가 되어,성시경,2.0
녹는 중 (feat. 버벌진트),다비치,2.0
놀러와,미쓰 에이(miss A),2.0
핑계 (Reggae),김건모,2.0
널 위한 거야,미스 미스터(Mis=Mr),2.0
다시 사랑 할 수 있을까 (feat. 다비치),포맨,2.0
다시 비가 내리네,토마스 쿡(Thomas Cook),2.0
진담,조규찬,2.0
프로포즈,써클(Circle),2.0
집에 가지마,G-DRAGON,2.0
니가 뭔데 (Who You?),G-DRAGON,2.0
편한가봐,윤하(Younha/ユンナ),2.0
늘 묻고 싶던 말,이지형,2.0
Right Now,싸이(Psy),2.0
당신은 나의 사랑 나의 반쪽 나의 운명 (feat. 리디아),아이라인(Eyeline),2.0
"좋은 하루에요, 지금은 뭘해요?",더필름(The Film),2.0
The Lady (feat. Bumkey(범키) & Dok2(도끼)),투엘슨(2LSON),2.0
Touch Me,아이비(IVY),2.0
좋을텐데 (Live),성시경,2.0
마음을 잃다,넬(Nell),2.0
책임져,언타이틀(Untitle),2.0
찾아온다,해브어티(Have A Tea),2.0
로맨틱 겨울 (feat. 김진호 Of SG워너비),김진표(JP),2.0
라라라,세븐(SE7EN),2.0
"The Lady (feat. Bumkey, Dok2)",투엘슨(2LSON),2.0
딱 한 시간만,진보(Jinbo),2.0
Stradivarius,Kurt Bestor(커트 베스터),2.0
듣고 있나요,이승철,2.0
뒤척뒤척,달콤한 소금,2.0
둘이서 (With Cool 이재훈),제이(J.ae),2.0
넌 쉽게 말했지만 (With 윤상),조원선,2.0
Rebirth,10cm(십센치),2.0
독 (feat. E-Sens Of 슈프림팀),프라이머리(Primary),2.0
도착,프롬(Fromm),2.0
편지 (feat. 정은),배치기,2.0
Lovin Ice Cream,애즈 원(As One),2.0
복숭아,허민,2.0
헤어진 후에,Y2K,2.0
사랑했어요,박미경,2.0
감아 (feat. Crush),로꼬(Loco),2.0
247 (feat. 아이유),세 개의 시선,2.0
HUSH,에이핑크(Apink),2.0
Happiness,가비엔제이(Gavy N.J.),2.0
산책,한희정,2.0
Happy Beanth Day,젠틀 레인(Gentle Rain),2.0
커피를 마시고 (Crystal S. Remix) (Arpeggio ver.),어반 자카파(Urban Zakapa),2.0
사랑했어요,이기찬,2.0
커피주세요,에이프릴(April),2.0
서방님,이소은,2.0
길에서 만나다,토이(Toy),2.0
I Believe,이수영,2.0
꽃,이승환,2.0
초콜렛군 오렌지양,밀크티(Milktea),2.0
사랑하오,윤상,2.0
행복,H.O.T.,2.0
I Love You,투애니원(2NE1),2.0
해변의 여인,쿨(COOL),2.0
새벽,시인과 촌장,2.0
헤어지자고,윤건,2.0
본능적으로 (feat. Swings),강승윤 [WINNER],2.0
욕심쟁이,김동률,2.0
슬픈 인연,공일오비(015B),2.0
그럴때마다,윤종신,2.0
Fine Thank You And You?,10cm(십센치),2.0
"입장정리 (feat. 최자 Of 다이나믹듀오, Simon D Of 슈프림팀)",프라이머리(Primary),2.0
숨 (feat. Sean2slow),다이나믹 듀오(Dynamic Duo),2.0
그리움만 쌓이네 (여진),윤민수,2.0
거짓말,지오디(god),2.0
거북이,다비치,2.0
Flat Shoes (feat. Lovey),크루셜스타(Crucial Star),2.0
잊혀진 계절,서영은,2.0
Flower,보아(BoA),2.0
소리없는 새벽 (feat. 타루),용원,2.0
기다려 늑대!,줄리엣(Juliet),2.0
기다리는 이유,임창정,2.0
Forever,원웨이(Oneway),2.0
유채꽃,에피톤 프로젝트(Epitone Project),2.0
Girls On Top,보아(BoA),2.0
서쪽 숲,이적,2.0
사랑이야 (송창식),이소라,2.0
끝나지 않은... (feat. 안승준 Of 보드카레인),곰PD,2.0
유리의 성,K2(김성면),2.0
첫사랑,파란(Paran),2.0
웃음 (duet with Epitone Project),Lucia(심규선),2.0
가위,유승준,2.0
낙엽 톡톡톡,유정균 [세렝게티],2.0
가수가 된 이유,신용재 [4men],2.0
비켜줄께,브라운 아이드 소울(Brown Eyed Soul),2.0
한번 더 이별,성시경,2.0
가버려 너,플라이 투 더 스카이(Fly To The Sky),2.0
비오는 날 해바라기,인디언 수니(Indian Soonie),2.0
비밀번호 486,윤하(Younha/ユンナ),2.0
I'm Fine Thank You,레이디스 코드(LADIES' CODE),2.0
비로 뒤덮인 세상,이바디(Ibadi),2.0
난 늘 혼자였죠,페이지(Page),2.0
붉은 노을,이문세,2.0
흔적,엑스오(XO),2.0
날개 잃은 천사,룰라(Roo'Ra),2.0
봉숙이,장미여관,2.0
하지만 돌아와줘,앤(Ann),2.0
볼수록 니가 좋아,유소라,2.0
뿌요 뿌요 <Pyo Pyo>,유피(UP),2.0
Love Ballad,브라운 아이드 소울(Brown Eyed Soul),2.0
가을 아침,양희은,2.0
사람냄새,정인,2.0
나 나쁘죠 (feat. 김태우),케이윌(K.Will),2.0
I'm Lost,허민,2.0
희망,김동률,2.0
사랑은 어디로,이적,2.0
태양계,성시경,2.0
사랑에 아파본 적 있나요,린(LYn),2.0
Just The Two Of Us,어반 자카파(Urban Zakapa),2.0
가을날의 동화,변진섭,2.0
사랑과 전쟁 (Narr. 하하),다비치,2.0
사랑과 우정사이,박혜경,2.0
이미 시작된 이야기,The Papers,2.0
사랑 빛,씨엔블루(CNBLUE),2.0
한사람을 위한 마음,이승환,2.0
"잘생겼잖아 (SKT 잘생겼다 송 '이정재, 전지현 편')",갈릭스(Garlixx),2.0
Love,제이(J.ae),2.0
사랑,노사연,2.0
몽환의 숲 (feat. 이루마),키네틱플로우(K-Flow),2.0
희열이가 준 선물,윤종신,1.0
이미,한국인 [우주히피],1.0
친구와 사랑에 빠질 때,베이지(Beige),1.0
이별 공식,알이에프(R.ef),1.0
하늘색 풍선,지오디(god),1.0
집이 돼줄게,범키(Bumkey),1.0
차마,펄스데이(Pearl's Day),1.0
팝콘,데이브레이크(daybreak),1.0
파초,수와 진,1.0
파라다이스 (Paradise),인피니트(Infinite),1.0
천일동안 (이승환),옥주현,1.0
첫 사랑의 결혼을 듣는 나이,보드카 레인(Vodka Rain),1.0
튀김소보로송,성심당 악단,1.0
청소하던 날,김연우,1.0
청춘 (Spring Time) (feat. 김C),다이나믹 듀오(Dynamic Duo),1.0
청혼가,박진영,1.0
초콜릿 트러플,클래지콰이(Clazziquai),1.0
커피가 좋아,조정치,1.0
커플링,밀크티(Milktea),1.0
축복,긱스(Gigs),1.0
춘천가는 기차,불독맨션(Bulldogmansion),1.0
취미는 사랑 (Album ver.),가을방학,1.0
치맥,키스위치,1.0
친구,S.E.S.,1.0
친구 아닌 남자로,이석훈 [SG워너비],1.0
카멜레온,아프로디노(Afrodino),1.0
질투 나잖아 (Acoustic Ver),라임어택(RHYME-A-),1.0
하루 끝,아이유(IU),1.0
이별여행,원미연,1.0
조별과제,CHEEZE,1.0
이별을 견디는 몇가지 방법,쿨(COOL),1.0
회상 (December),터보(Turbo),1.0
혼자하는 사랑,앤(Ann),1.0
인사,옥주현,1.0
인어의 심장,반시(Vansy),1.0
인연,이승철,1.0
혼자 걸어가는 거리,변진섭,1.0
헤어진 후에야 알 수 있는 것 (duet with BSK (김범수)),윤하(Younha/ユンナ),1.0
잊는다,망각화,1.0
잊어야 한다는 마음으로,김광석,1.0
헤어지자,최재훈,1.0
행복을 주는 사람,차은주,1.0
행복(Happiness),Red Velvet(레드벨벳),1.0
해뜰때까지만 (Girl),다이나믹 듀오(Dynamic Duo),1.0
잘 부탁드립니다,익스(Ex),1.0
잘 해주지 말걸 그랬어,김연우,1.0
한참을 말없이,빌리어코스티(Bily Acoustie),1.0
잠 못 드는 밤 비는 내리고 (박광현 <잠도 오지 않는 밤에> 삽입),김건모,1.0
재회,메이트리(Maytree),1.0
한 우산 아래,윤하(Younha/ユンナ),1.0
정녕,바이브(Vibe),1.0
"조제, 물고기 그리고 강아지들","하이 미스터 메모리(Hi, Mr. Memory)",1.0
('Cause) I'm Your Girl,S.E.S.,1.0
이러지마 제발 (Please Don't...),케이윌(K.Will),1.0
계절의 끝에서,페퍼톤스(Peppertones),1.0
가을의 시작,주윤하 [보드카레인],1.0
가잖아 + 이런 나를 (Live ver.),신승훈,1.0
간질간질 (Vocal 정유연),은초(Eun Cho),1.0
감싸안아,반시(Vansy),1.0
같이 살자 (With 이상순),양양(YangYang),1.0
거짓말처럼 기적처럼,이현우,1.0
걷다,윤건,1.0
계절이 바뀌어도,하은,1.0
구제불능,옥상달빛,1.0
고백,하비누아주(Ravie Nuage),1.0
고백 (feat. 킹스턴 루디스카),블루파프리카(Bluepaprika),1.0
고백합니다,FTISLAND(에프티 아일랜드),1.0
곰 세마리 (TV드라마 '풀하우스' 삽입곡),Unknown,1.0
공원에서,유희열,1.0
공항남녀,플라스틱 피플(Plastic People),1.0
광대 (With BMK),리쌍(Leessang),1.0
가을에 만나,윤건,1.0
가을밤,버스커 버스커(Busker Busker),1.0
가을날의 동화 (With 타우),데이라이트(Daylight),1.0
"가을 속, 바람이 내려",사계절 정원,1.0
So Sad And Alone,메이트리(Maytree),1.0
So Sudden,희영(Hee Young),1.0
Stardust,W & Whale(더블유 앤 웨일),1.0
T.T.L (Time To Love),티아라(T-ara),1.0
Take A Breath,주영(JooYoung),1.0
Tomorrow (feat. 태양),타블로(Tablo),1.0
Top Girl,지나(G.NA),1.0
Touch My Body,씨스타(Sistar),1.0
Twosome,짙은(Zitten),1.0
Vineyard (빈야드),우효(Oohyo),1.0
Where U At? (Solo Simon D),슈프림팀(Supreme Team),1.0
YOU AND I,박봄,1.0
You,피쉬(Fish) [락],1.0
가시리 (With KCM),SG워너비,1.0
가을 (With BJ),플랜더블유(Plan.W),1.0
괜찮을거야,FOLEY(폴리),1.0
그 애 참 싫다,아이유(IU),1.0
응원가,어쿠스틱 콜라보(Acoustic Collabo),1.0
끝의 시작,이문세,1.0
기억하는지 (With 이영훈),옥상달빛,1.0
기억해 줘,이소라,1.0
길을 걷다 우연히 널 만난다면 (feat. Dew),연륜,1.0
꽃 파는 처녀,베란다 프로젝트(Verandah Project),1.0
꽃보다 그대가 (feat. Simon D),영준 [Brown Eyed Soul],1.0
꿈에선 놀아줘,루싸이트 토끼,1.0
끝에는 끝없이 너와 나,요조(Yozoh),1.0
나 그대의 사랑이 되리 (선잠),제이레빗(J Rabbit),1.0
그 어떤 말로도 (feat. 장윤주),보드카 레인(Vodka Rain),1.0
나 없이 행복할 널 위해,김범수,1.0
나만의 그대모습,비육일이(B612),1.0
낙원,싸이(Psy),1.0
난,클론(Clon),1.0
날 떠나지마,박진영,1.0
남겨진 사람들 (feat. 김형중),토이(Toy),1.0
남과 여 2013 (With 양요섭 Of Beast),김명주,1.0
기름 같은걸 끼얹나 (feat. 뎁 & Beenzino),버벌진트(Verbal Jint),1.0
기대,나윤권,1.0
그뿐이죠 (feat. 이정),세븐데이즈(7Dayz),1.0
그림자,김동률,1.0
"그 자리에, 그 시간에",성시경,1.0
그대,오지은,1.0
그대 (Original ver.),브라운 아이드 소울(Brown Eyed Soul),1.0
그대 날 떠난 후로,지오디(god),1.0
그대 날 잊어줘,더더(THETHE),1.0
그대 내게 다시,변진섭,1.0
그대 목소리 (feat. Sammi),러블리벗(Lovelybut),1.0
그대가 분다,엠씨 더 맥스(M.C the Max),1.0
그대가 생각나 (Radio Edition),김만희 [CCM],1.0
그대가 이 세상에 있는 것만으로,한동준,1.0
그대니까요 (duet with 차은주),김현철,1.0
그대에게,강아솔,1.0
그대의 계절,이호석,1.0
그래도 이렇게 (Vocal 피경진),페일그레이(Pale Grey),1.0
그리움이 닿는 곳에,인피니트(Infinite),1.0
Shine,슈가(Sugar),1.0
"She's There (feat. Beenzino, Zion.T)",비다로카(Vida Loca),1.0
Serenade,영준 [Brown Eyed Soul],1.0
Darling,에디킴,1.0
"Bravo, My Life!",봄여름가을겨울,1.0
Cafe,BIGBANG,1.0
Callin' (feat. Rhymebus),프라이머리 스쿨(Primary Skool),1.0
Can't Nobody,투애니원(2NE1),1.0
Candy (캔디),H.O.T.,1.0
Chu Chu,스피넬(SpinEL),1.0
Dancing With You,나윤선,1.0
Darling,캔디맨(Candyman),1.0
Second First Date (feat. Ritha K) (Bonus Track From Jazz Set),디제이 아키(DJ AKI),1.0
Day By Day 2012 (feat. 버벌진트),애즈 원(As One),1.0
Empty Words,골든팝스(Golden Pops),1.0
Ever After,지선(Jisun) ,1.0
Fiction,비스트(Beast),1.0
For You (Acoustic ver.),MC 스나이퍼(MC Sniper),1.0
Give Love,악동뮤지션(AKMU),1.0
Goodbye,라디(Ra.D),1.0
Bounce,조용필,1.0
Bon Voyage (Vocal By 조원선),토이(Toy),1.0
Blue Rain,핑클(Fin.K.L),1.0
Bless You (케세라세라),러브홀릭(Loveholic),1.0
"1,2,3,4 (원,투,쓰리,포)",이하이,1.0
100 (feat. 천재노창),블랙넛(Black Nut),1.0
1024 (10월 24일),유피(UP),1.0
16/20 (열여섯 스물),주주 클럽(Juju Club),1.0
1분 1초 (feat. 타루),에픽 하이(Epik High),1.0
29,류석원,1.0
2HOT,지나(G.NA),1.0
6년동안,별,1.0
6년전 오늘 (With Lyn),김태우,1.0
?곌껐怨좊━ (SMTM Remix) (feat. Masta Wu??San E??Swings??YDG & MC Meta),ILLIONAIRE RECORDS(일리네어 레코즈),1.0
All About You,316,1.0
As U See (feat. 이정),소울 트로닉(Soul Tronik),1.0
Autumn Leaves,솔리스츠(Solist),1.0
Baby Baby,조규찬,1.0
Baby Baby,포맨,1.0
Goodbye Summer (f(Amber+Luna+Krystal) (feat. D.O. Of EXO-K)),에프엑스(f(x)),1.0
Happy Bubble (하우젠 CF 삽입곡),윈터플레이(Winterplay),1.0
Hello ('눈의여왕' 삽입곡),소규모 아카시아 밴드,1.0
Love Is,타블로+페니(이터널 모닝),1.0
"Love Seat (feat. 타루, 허밍 어반 스테레오)",휘성,1.0
Love Song,장윤주,1.0
Love Story,차태현,1.0
Love Virus,롤러코스터(Rollercoaster),1.0
Mr.애매모호,마마무(Mamamoo),1.0
Muzik,포미닛(4minute),1.0
My Romeo,이소라,1.0
No Break ,박정현,1.0
"Officially Missing You, Too",긱스(Geeks),1.0
Piccadilly Circus (Vocal ver.),프렐류드(Prelude),1.0
Push Push (푸시푸시),씨스타(Sistar),1.0
Rainism,비(Rain),1.0
Remember,포지션(Position),1.0
Romeo N Juliet,클래지콰이(Clazziquai),1.0
SILLY,데이브레이크(daybreak),1.0
Love Is A Song,DJ 소울스케이프(DJ Soulscape),1.0
Love Box (Korean ver.),더 멜로디(The Melody),1.0
Hello (With 나얼),돈 스파이크,1.0
Lonely Night (With 8℃ Boyz),Simon Dominic(사이먼 도미닉),1.0
Hello (feat. 버벌진트),조용필,1.0
Hello (feat. 인광),스윗바이러스(Sweet Virus),1.0
"I Could Sing Of Your Love Forever (Silky RMX) (feat. Grace Eun, ◀:꼬깔이)",라디(Ra.D),1.0
I Love Paul,장재인,1.0
I Miss You,서지원,1.0
I Need A Girl (feat. G-Dragon),태양,1.0
I Need You,허각,1.0
I'll Cherish You (난 바람이 될거야...),비욘드(Beyond),1.0
It's All Right,슬로우 쥰(Slow 6),1.0
Java Jive,솔리스츠(Solist),1.0
Lalala,스탠딩 에그(Standing Egg),1.0
Let It Rain,어반 자카파(Urban Zakapa),1.0
Like You All,Lasse Lindh(라쎄린드),1.0
Lilly,좋아서 하는 밴드,1.0
Limeade In The Shade,이지형,1.0
내 마음이 어떻겠니,소유(So-U),1.0
내 사랑 (feat. 명준),태사비애,1.0
내 여자친구에게,트리탑스(Tritops),1.0
세계정복 (Vocal By Deb),페퍼톤스(Peppertones),1.0
산행(山行),베란다 프로젝트(Verandah Project),1.0
상처 (A Cappella),다이아(Dia),1.0
새,전람회,1.0
서시,마야(Maya),1.0
서울의 달,김건모,1.0
서쪽 하늘,울랄라세션(Ulala Session),1.0
세계로 가는 기차,크라잉넛(Crying Nut),1.0
소원,지영선,1.0
비오는 날,루싸이트 토끼,1.0
소중한 사람,Lucia(심규선),1.0
숙녀에게,변진섭,1.0
숙녀에게,유리상자,1.0
술 (C2H5OH),브라운 아이드 소울(Brown Eyed Soul),1.0
숨소리(Breath) (Sung by 태연(소녀시대) & 종현(샤이니)),S.M. THE BALLAD,1.0
스파이더맨,장필순,1.0
슬픈 사랑의 왈츠,네미시스(Nemesis),1.0
삭제,이승기,1.0
사랑한다면,박정운,1.0
사랑하게 될 줄 알았어,신효범,1.0
사랑이라는 이유로,이소은,1.0
비오는날의 수채화,권인하,1.0
빗소리,아프로디노(Afrodino),1.0
빨래,이적,1.0
뽐므에게 (feat. 이영훈),하비누아주(Ravie Nuage),1.0
사랑 Two,YB,1.0
사랑 그 몹쓸 병,휘성,1.0
사랑 그 쉬운 거짓말,주보라,1.0
사랑 그 쓸쓸함에 대하여,이수영,1.0
사랑 참 나쁘다,팀(Tim),1.0
사랑아,더 원(The One),1.0
사랑은 다 그런거래요,양파,1.0
사랑의 바보,더 넛츠(The Nuts),1.0
사랑의 서약,한동준,1.0
사랑의 인사,씨야(SeeYa),1.0
사랑이 그렇게 쉬워 (feat. 태인),나몰라 패밀리 TKO,1.0
슬픈 언약식,김정민,1.0
시청앞 지하철 역에서,동물원,1.0
썸남썸녀,효빈,1.0
어린 사랑,SG워너비,1.0
어서오세요,동경소녀,1.0
어쩌다 가끔씩,앰프(Amp),1.0
어쩌다가,란(Ran),1.0
여름이야기 (Original ver.),DJ DOC,1.0
여자 (New Vocal ver.),김송이,1.0
연어가 되지 못한 채,넬(Nell),1.0
연인,룰라(Roo'Ra),1.0
연인들,나인(Nine9),1.0
옆모습,유희열,1.0
오랜만이야,임창정,1.0
오후에야,달콤한 소금,1.0
왜,장혜진,1.0
우리 했던 이야기,제이레빗(J Rabbit),1.0
우린 친구가 될 수 없어 ,리사(Lisa),1.0
유후 (YouWho),소란(Soran),1.0
어색한 로맨스 (feat. 전제덕),어반 자카파(Urban Zakapa),1.0
어디에도,성시경,1.0
아련한 너,레일로드(Railroad),1.0
어디에 (feat. Navi),낯선(Nassun),1.0
아름다운 비밀 (Accordion 연주곡),심성락,1.0
아저씨 (feat. 제이레빗),김진표(JP),1.0
아주 작게만 보이더라도,시와(Siwa),1.0
아주 흔한 말 (Stage ver.),다소니(Dasoni),1.0
아침,디어 클라우드(Dear Cloud),1.0
안개꽃 추억으로,이문세,1.0
안녕,메이트(Mate),1.0
안녕,부활,1.0
안녕 (Hi To Him),하이투힘(Hi to him),1.0
"안녕, 우주",권영찬,1.0
안녕이라고 말하지마,이승철,1.0
안울래,레이디스 코드(LADIES' CODE),1.0
암연,고한우,1.0
압구정 날라리,처진 달팽이(유재석 & 이적),1.0
애원,어바노(Urbano),1.0
비오는 바다,스패로우,1.0
비를 내려줘요,린(LYn),1.0
내 여친,포맨,1.0
니가 돌아온 날,노을,1.0
누구도 이별을 원하진 않았다,316,1.0
눈물,조규찬,1.0
눈물로 시를 써도,이승환,1.0
눈물만 고이죠,리즈(Leeds),1.0
눈치채 줄래요 (Didn't You Know),로맨틱 펀치(Romantic Punch),1.0
니 옆이고 싶어서,임창정,1.0
니가 가르쳐준 것들,정인호,1.0
니가 들려준 말,박효신,1.0
붉은 노을,BIGBANG,1.0
님,허밍 어반 스테레오(Humming Urban Stereo),1.0
다른 사람 곁은 찬란한가요,비스윗(Besweet),1.0
다섯째 손가락,아이유(IU),1.0
다시 (Acoustic ver.) (드라마 '커피프린스 1호점' 삽입곡),클라우드 쿠쿠랜드(Cloud Cuckoo Land),1.0
다시 비가 내리네 (Acoustic ver.),"하이 미스터 메모리(Hi, Mr. Memory)",1.0
다시 시작해도 될까요,성시경,1.0
다음에 우리,윤제(Yunje),1.0
넌 그날 (feat. 유인나),허밍 어반 스테레오(Humming Urban Stereo),1.0
너의 기억,허민,1.0
너의 곁에,비스윗(Besweet),1.0
너에게.. 기대,메이트(Mate),1.0
내 오랜 그녀(女),이문세,1.0
내가 바라는 나 (With 김종완 Of Nell),유희열,1.0
내가 아니라도,타이키즈(Tykeys),1.0
내게,이승환,1.0
내겐 꿈 같은 하루 (feat. 박지윤),신혜성,1.0
내꺼였는데,2AM,1.0
내일은 없어,트러블메이커(Troublemaker),1.0
너는 내 마음 속에 남아,루시드 폴(Lucid Fall),1.0
너를 보내도,보니(Boni),1.0
너를 읽어보다,2AM,1.0
너를 처음 만난 그때,박준하,1.0
너를 품에 안으면,컬트(Cult),1.0
너만 사랑해,슈가버블(Sugar Bubble),1.0
너에게 간다,윤종신,1.0
너에게 닿기를,알렉스(Alex) [클래지콰이],1.0
단풍,모든(Moden),1.0
달팽이,패닉(Panic),1.0
닮았잖아,이소은,1.0
목소리 (Only Song),백지영,1.0
미치겠어,틴 탑(Teen Top),1.0
미칠듯.. (feat. 진주),비욘드(Beyond),1.0
바다 이야기,윤종신,1.0
바보같은 미소,조갑경,1.0
방백,이상엽,1.0
배웅 (feat. 박기영),메이커슬(Makustle),1.0
백색왜성,넬(Nell),1.0
버담소리,김건모,1.0
벼꽃,루시드 폴(Lucid Fall),1.0
별 수 없는 마음,이영훈 [인디],1.0
별거 아닐거란 생각에,수경 [빨간의자],1.0
별빛달빛,시크릿(Secret),1.0
"봄날의 곰을 좋아하세요? (feat. Minos, 소규모 아카시아 밴드)",클라우댄서(Cloudancer),1.0
북극성,강타,1.0
붉은 감,인디언 수니(Indian Soonie),1.0
문 밖에 있는 그대,박강성,1.0
모르겠어요 (Vocal 김나영),러블리벗(Lovelybut),1.0
당신만이,벗님들,1.0
멜로디,포맨,1.0
닿을 수 있다면 (Bonus Track),더 콰이엇(The Quiett),1.0
동경,박효신,1.0
듣고 싶은 말,스피넬(SpinEL),1.0
(Bonus Track) Voice Mail (Korean Ver.),아이유(IU),1.0
들리나요,태연 (Taeyeon),1.0
마음의 거리,이범학,1.0
마음이 먼저,박정현,1.0
마중 나갈게,숨의숲,1.0
말꼬리 (feat. 정준일 - Mate),윤종신,1.0
말꼬리 (feat. 정준일 Of Mate),윤종신,1.0
말처럼 되지가,클릭비(Click-B),1.0
멀어지다,넬(Nell),1.0
멋쟁이 토마토 (유아 율동동요 인기송),Unknown,1.0
메모리즈,사준,1.0
메타세콰이어 길 (feat. 이한철),수경 [빨간의자],1.0
히히하헤호 (With 긱스),마마무(Mamamoo),1.0
