﻿Title,Artist,cnt
Never Ending Story,부활,52.0
해변의 여인,쿨(COOL),45.0
술이야,바이브(Vibe),43.0
벚꽃 엔딩,버스커 버스커(Busker Busker),42.0
여름아! 부탁해,인디고(Indigo),42.0
사랑합니다...,팀(Tim),40.0
널 생각해,원 모어 찬스(one more chance),40.0
사랑이 다른 사랑으로 잊혀지네,하림,39.0
술 한잔 해요,지아(Zia),39.0
"수고했어, 오늘도",옥상달빛,39.0
커피를 마시고 (Main ver.),어반 자카파(Urban Zakapa),38.0
"TV를 껐네... (feat. t윤미래, 권정열 Of 10cm)",리쌍(Leessang),38.0
Tears,소찬휘,38.0
파도,유엔(UN),36.0
출발,김동률,34.0
벌써 일년,브라운 아이즈(Brown Eyes),33.0
연예인,싸이(Psy),33.0
So Cool (쏘쿨),씨스타(Sistar),33.0
팥빙수,윤종신,33.0
비가 오는 날엔,비스트(Beast),33.0
서쪽 하늘,울랄라세션(Ulala Session),32.0
하늘을 달리다,이적,31.0
"그대와 나, 설레임 (feat. 소울맨)",어쿠스틱 콜라보(Acoustic Collabo),31.0
애인이 생기면 하고 싶은 일 (With 비),지나(G.NA),30.0
붉은 노을,BIGBANG,30.0
좋은 사람 (feat. 김형중),토이(Toy),30.0
바다,유피(UP),30.0
니가 참 좋아,쥬얼리(Jewelry),29.0
오아시스 (feat. 이재훈),브라운 아이드 걸스,29.0
미친거니,바이브(Vibe),28.0
나에게로 떠나는 여행,버즈(Buzz),28.0
한여름날의 꿈 (duet with 옥주현),SG워너비,28.0
맥주와 땅콩,쿨(COOL),28.0
여름안에서,서연,28.0
챠우챠우 - 아무리 애를 쓰고 막아 보려 해도 너의 목소리가 들려,델리 스파이스(Deli Spice),28.0
기억의 습작,전람회,28.0
러브 레시피,거미,28.0
그날에 우리,어반 자카파(Urban Zakapa),27.0
아름다운 이별,김건모,27.0
내가 야! 하면 넌 예! (duet with Lyn),김태우,26.0
뜨거운 안녕 (Vocal By 이지형),토이(Toy),26.0
The Lady (feat. Bumkey(범키) & Dok2(도끼)),투엘슨(2LSON),26.0
Couple Song (feat. Kelley),라디(Ra.D),26.0
그 거리..,윤하(Younha/ユンナ),26.0
1월부터 6월까지 (feat. 윤종신),공일오비(015B),25.0
To Heaven (천국으로 보낸 편지),조성모,25.0
여전히 아름다운지 (feat. 김연우),토이(Toy),24.0
다행이다,이적,24.0
Aqua Man,빈지노(Beenzino),24.0
애상,쿨(COOL),24.0
Hands Up,2PM,24.0
꿈에,박정현,24.0
그남자 그여자 (feat. 장혜진),바이브(Vibe),24.0
귀로,나얼(Na-Ul),24.0
그대 (Original ver.),브라운 아이드 소울(Brown Eyed Soul),23.0
대낮에 한 이별 (feat. 선예 Of Wonder Girls),박진영,23.0
인연 (동녘바람),이선희,23.0
소원을 말해봐 (Genie),소녀시대,23.0
Officially Missing You,긱스(Geeks),22.0
나만 몰랐던 이야기,아이유(IU),22.0
천년의 사랑,박완규,22.0
"Good Night (feat. Junggigo, Elly)",피노다인(Pinodyne),22.0
"씨스루 (feat. Zion.T, 개코 Of 다이나믹듀오)",프라이머리(Primary),22.0
비오는 압구정,브라운 아이즈(Brown Eyes),22.0
보여줄게,에일리(Ailee),21.0
DOC와 춤을...,DJ DOC,21.0
Hot Summer,에프엑스(f(x)),21.0
우리의 밤은 당신의 낮보다 아름답다,코나(Kona),21.0
저녁 하늘,에일리(Ailee),21.0
여름 안에서,듀스(Deux),21.0
비오는 밤,도나웨일(Donawhale),21.0
With Me,휘성,21.0
UGLY,투애니원(2NE1),21.0
고백,델리 스파이스(Deli Spice),21.0
Lonely,투애니원(2NE1),20.0
별이 진다네,여행스케치,20.0
유자차,브로콜리너마저,20.0
죽을 만큼 아파서 (feat. 멜로우),MC 몽,20.0
끝사랑,김범수,19.0
여수 밤바다,버스커 버스커(Busker Busker),19.0
늦은 후회,보보(Bobo),19.0
거기서거기 (Without You),다이나믹 듀오(Dynamic Duo),19.0
사랑은 은하수 다방에서,10cm(십센치),19.0
사랑과 전쟁 (Narr. 하하),다비치,19.0
오랜만이야,임창정,19.0
사랑.. 그 놈,바비 킴(Bobby Kim),19.0
다시 사랑 할 수 있을까 (feat. 다비치),포맨,19.0
Good Night,10cm(십센치),19.0
I Love You,포지션(Position),19.0
Nike Shoes (feat. Dynamic Duo),빈지노(Beenzino),18.0
가끔 미치도록 네가 안고 싶어질 때가 있어,가을방학,18.0
커피가 좋아,조정치,18.0
행복한 나를,에코(ECO),18.0
취중진담(醉中眞談),전람회,18.0
내가 제일 잘 나가,투애니원(2NE1),18.0
바람이 불어오는 곳,제이레빗(J Rabbit),18.0
그런 사람 또 없습니다,이승철,18.0
Endless,플라워(Flower),18.0
우리 사랑하게 됐어요,가인 [브라운아이드걸스],18.0
한번만 더,나얼(Na-Ul),17.0
생각이 나,부활,17.0
Fiction,비스트(Beast),17.0
Feel Alright,짙은(Zitten),17.0
이 여름 Summer,쿨(COOL),17.0
Take Out,가인 [브라운아이드걸스],17.0
"스케치북 (feat. 윤종신, 김장훈)",토이(Toy),17.0
Summer Romance (feat. 소심한 오빠들),동경소녀,17.0
슬픈 초대장,한경일,17.0
달빛바다,아이유(IU),17.0
집에 가지마,G-DRAGON,17.0
아로하,쿨(COOL),17.0
봄을 그리다,어반 자카파(Urban Zakapa),17.0
나혼자 (Alone),씨스타(Sistar),17.0
사랑보다 깊은 상처 (duet with 임재범),박정현,17.0
거리에서,성시경,17.0
제주도의 푸른 밤,성시경,17.0
남과 여 (feat. 김범수),박선주,17.0
그녀와의 이별,김현정,17.0
3!4!,룰라(Roo'Ra),16.0
좋다,데이브레이크(daybreak),16.0
그땐 미처 알지 못했지,이적,16.0
아틀란티스 소녀,보아(BoA),16.0
소주 한 잔,임창정,16.0
정말 사랑했을까,브라운 아이드 소울(Brown Eyed Soul),16.0
화장을 고치고,왁스(Wax),16.0
"? (물음표) (feat. 최자 Of 다이나믹듀오, Zion.T)",프라이머리(Primary),16.0
마지막 춤은 나와 함께,재주소년,16.0
울지마,브로콜리너마저,16.0
넌 감동이었어,성시경,16.0
좋아 좋아,일기예보,16.0
좋아보여 (feat. 검정치마),버벌진트(Verbal Jint),16.0
다시 사랑한다 말할까,김동률,16.0
그게 아니고,10cm(십센치),16.0
달아요,박정현,16.0
Beautiful Day,어반 자카파(Urban Zakapa),16.0
Summer Dance,이정현,15.0
추억 사랑만큼 (feat. 강현정 Of Bubble Sisters),브라운 아이드 소울(Brown Eyed Soul),15.0
Twosome,짙은(Zitten),15.0
공원에서,유희열,15.0
High High,G-DRAGON,15.0
차마...,성시경,15.0
너를 위해,임재범,15.0
좋을텐데,성시경,15.0
으쌰! 으쌰!,신화,15.0
낙원 (feat. 이재훈),싸이(Psy),15.0
Loving U (러빙유),씨스타(Sistar),15.0
Sexy Love,티아라(T-ara),15.0
사진을 보다가,바이브(Vibe),15.0
되돌리다,이승기,15.0
사랑 안해,백지영,15.0
비행기,거북이,15.0
Ballerino(발레리노),리쌍(Leessang),15.0
속아도 꿈결,가을방학,15.0
Festival,엄정화,15.0
먼지가 되어,로이킴,15.0
빗소리,윤하(Younha/ユンナ),15.0
슬퍼지려 하기전에,쿨(COOL),15.0
산들산들,언니네 이발관,15.0
본능적으로 (feat. Swings),강승윤 [WINNER],15.0
좋아요,장미여관,14.0
사랑해 (feat. 윤은혜),마이티 마우스(Mighty Mouth),14.0
Marry Me,양파,14.0
사랑은 아야야,투애니원(2NE1),14.0
커피 한 잔 할래요,폴킴(Paul Kim),14.0
Be OK (feat. 배치기),유성은,14.0
공허해,WINNER,14.0
"조금씩, 천천히, 너에게 (With 타루)",노리플라이(no reply),14.0
Night Scene,러브앤팝(Love & Pop),14.0
"헤어지지 못하는 여자, 떠나가지 못하는 남자 (feat. 정인)",리쌍(Leessang),14.0
Miss Flower,스탠딩 에그(Standing Egg),14.0
Bing Bing,크레용팝(Crayon Pop),14.0
BK Love,MC 스나이퍼(MC Sniper),14.0
당신을 위하여,더 크로스(The Cross),14.0
정말로 사랑한다면,버스커 버스커(Busker Busker),14.0
야상곡(夜想曲),김윤아,14.0
봄 여름 여름 여름,용감한 녀석들,14.0
"Love (feat. Bumkey, Paloalto)",프라이머리(Primary),14.0
그댄 행복에 살텐데,리즈(Leeds),14.0
그대와 함께,몽니(Monni),14.0
그대와 왈츠를,슬로우 쥰(Slow 6),14.0
봄비가 내리는 제주시청 어느 모퉁이의 자취방에서...,재주소년,14.0
그대여서 (feat. 노을),나비(Navi),14.0
잔소리 (With 2AM 슬옹),아이유(IU),14.0
Love Letter,베리굿(Berry Good),14.0
그대 그리워지는 이밤에,쿨(COOL),14.0
불꽃놀이 (Fireworks),다이나믹 듀오(Dynamic Duo),14.0
Bubble Pop!,현아 [포미닛],14.0
그냥 니가 좋아,홍대광,14.0
비상,임재범,14.0
비오는 거리,서영은,14.0
그 어떤 말로도 (feat. 장윤주),보드카 레인(Vodka Rain),14.0
그 애 참 싫다,아이유(IU),14.0
그 아픔까지 사랑한거야,조성모,14.0
가지마 가지마,브라운 아이즈(Brown Eyes),14.0
Nostalgia ,요조(Yozoh),14.0
Time After Time,센티멘탈 시너리(Sentimental Scenery),14.0
석봉아,불나방스타쏘세지클럽,14.0
Thank You (feat. 서인영),싸이(Psy),14.0
Tell Me Tell Me,레인보우(Rainbow),14.0
아파 (Slow),투애니원(2NE1),14.0
솔직하게,토마스 쿡(Thomas Cook),14.0
처음 사랑하는 연인들을 위해 (반말송),정용화(Jung Yong Hwa),14.0
Sweet Dreams,원더걸스(Wonder Girls),14.0
천국의 문 (Heaven’s Door),에릭남,14.0
순환선의 풍경,스몰오(Small O),14.0
Summer Time (자리비움),다이나믹 듀오(Dynamic Duo),14.0
Summer In Love,신비,14.0
아무것도 아닌 나,토마스 쿡(Thomas Cook),14.0
Storm,루머스(Rumors),14.0
So Goodbye,성훈 [Brown Eyed Soul],14.0
출첵 (feat. 나얼 Of Browneyed Soul),다이나믹 듀오(Dynamic Duo),14.0
서시,신성우,14.0
A Little Girl Dreaming,푸딩(Pudding),14.0
간지럽게,스윗소로우(SWEET SORROW),14.0
Poison,엄정화,14.0
형(兄),노라조,14.0
가슴소리,더 레이(The Ray),14.0
알 수 없는 인생,이문세,14.0
안을까 말까,of 비스트(윤두준 & 이기광 & 용준형),14.0
중년,박상민,14.0
You & Me,나얼(Na-Ul),14.0
Yesterday (Trio ver.) (Bonus Track),웅산,14.0
Without You,원타임(1TYM),14.0
새벽 4시,10cm(십센치),14.0
Wish For You (feat. 효빈),투엘슨(2LSON),14.0
색깔로 치면 핑크,하와이,14.0
U You,에이핑크(Apink),14.0
샤이보이 (Shy Boy),시크릿(Secret),14.0
집으로 와,t윤미래,14.0
ABC (With Arina Of Mocca),페퍼톤스(Peppertones),14.0
그땐 왜 몰랐었는지 (Vocal By Epitone Project),헤르쯔 아날로그(Herz Analog),14.0
그대는 나즈막히,루시드 폴(Lucid Fall),14.0
미뉴에트,에피톤 프로젝트(Epitone Project),14.0
바다의 왕자,박명수,14.0
Desperado (Eagles),이정아(Lee Jung-Ah),14.0
난 좋아,성시경,14.0
이미 넌 고마운 사람,김연우,14.0
한사람을 위한 마음,럼블 피쉬(Rumble Fish),14.0
내 눈에는 (feat. 이재훈),싸이(Psy),14.0
내 삶의 반,한경일,14.0
보이나요?,루시드 폴(Lucid Fall),14.0
못다핀 꽃 한송이,김수철,14.0
FANTASTIC BABY,BIGBANG,14.0
모닝콜,피터팬 컴플렉스(Peterpan Complex),14.0
I Feel Good,EXID(이엑스아이디),14.0
I Decide,헤리티지(Heritage),14.0
웃기고 있어,정엽,14.0
예뻐졌다 (feat. 지코 Of 블락비),박보람,14.0
How Deep Is Your Love,지누션(Jinusean),14.0
Fire,투애니원(2NE1),14.0
마지막 약속,포지션(Position),14.0
마지막 사랑,박기영,14.0
눈물아 안녕,아이비(IVY),14.0
로시난테,패닉(Panic),14.0
눈을 뜨면 (Original Song. Epitone Project),센티멘탈 시너리(Sentimental Scenery),14.0
늘 지금처럼 (New ver.),이예린,14.0
한 사람을 사랑했네,한경일,14.0
라라라,SG워너비,14.0
우리 처음 만난 날,어반 자카파(Urban Zakapa),14.0
떨림,아이 투 아이(Eye To Eye),14.0
닐리리맘보,블락비(Block B),14.0
돌아오길,나드(Nard),14.0
Going Home,김윤아,14.0
이별은 (feat. DC) (Song Mad Clown),매드 클라운(Mad Clown),14.0
하고 싶은 말 (feat. 한올),어쿠루브(Acourve),14.0
나만 바라봐,태양,14.0
반딧불,자우림(Jaurim),14.0
기억의 습작,김동률,14.0
기분 좋은 상상,여행스케치,14.0
베란다에서,조원선,14.0
이웃에 방해가 되지 않는 선에서,브로콜리너마저,14.0
이별은 멀었죠,한경일,14.0
기대해,걸스데이(Girl's Day),14.0
파란,코요태,14.0
"이제, 여기에서",에피톤 프로젝트(Epitone Project),14.0
금지된 사랑,김경호,14.0
그렇게 사랑하고 그렇게 웃었습니다,버블 시스터즈(Bubble Sisters),14.0
Let There Be Love (영화 '미술관 옆 동물원'),Nat King Cole(냇 킹 콜),14.0
Kiss Kiss,레이디스 코드(LADIES' CODE),14.0
친구라도 될 걸 그랬어,거미,13.0
봄이다 (임수정 주연 화장품 CF '비욘드' 배경음악),두번째 달,13.0
버스 안에서,자자(Zaza),13.0
즉흥여행 (feat. MC몽),윤종신,13.0
바다에 입맞춤,더 넛츠(The Nuts),13.0
Piccadilly Circus (Vocal ver.),프렐류드(Prelude),13.0
세계정복 (Vocal By Deb),페퍼톤스(Peppertones),13.0
Hot Baby,베스티(BESTie),13.0
오늘 서울은 하루종일 맑음 (Vocal By 윤하),토이(Toy),13.0
I Need You,허각,13.0
기름 같은걸 끼얹나 (feat. 뎁 & Beenzino),버벌진트(Verbal Jint),13.0
보고 싶다,김범수,13.0
Take A Breath,주영(JooYoung),13.0
Hello!,포맨,13.0
"그때와 같은 공간, 같은 노래가",디어 클라우드(Dear Cloud),13.0
Run To You,DJ DOC,13.0
동경,박효신,13.0
Go Away,투애니원(2NE1),13.0
안녕이라고 말하지마,다비치,13.0
밥만 잘 먹더라,창민,13.0
고백,뜨거운 감자(Hot Potato),13.0
고작,SG워너비,13.0
I Will,Various Artists,13.0
고속도로 로맨스,윤종신,13.0
그 아픔까지 사랑한거야,조정현,13.0
Maybe I Love You (feat. 빅톤),걸프렌즈(Girl Friends),13.0
좋은 냄새도...,에디(Eddie),13.0
거위의 꿈,인순이,13.0
Nothing Better (Guitar ver.),정엽,13.0
햇살은 따뜻해,루시드 폴(Lucid Fall),13.0
사랑비,김태우,13.0
바람이 분다,이소라,12.0
고양이편지,캐스커(Casker),12.0
일생을,김현철,12.0
니 눈 니 코 니 입술 (feat. 79),투빅(2BiC),12.0
영원히 둘이서,박진영,12.0
사랑에 아파본 적 있나요,린(LYn),12.0
동경소녀,버스커 버스커(Busker Busker),12.0
이미 슬픈 사랑,야다(Yada),12.0
난 너를 사랑해,메이트(Mate),12.0
대화가 필요해,바닐라 어쿠스틱(Vanilla Acoustic),12.0
시계,브라운 아이드 소울(Brown Eyed Soul),12.0
그럴때마다,윤종신,12.0
쏙쏙쏙 (feat. 종현 From 애프터스쿨 보이즈),유이 [애프터 스쿨],12.0
이별(離別)이 별이 되나봐,백청강,12.0
이런 남자,먼데이 키즈(Monday Kiz),12.0
사랑할수록,부활,12.0
낭만 고양이,체리필터(Cherry Filter),12.0
웃으며 넘길래,제이레빗(J Rabbit),12.0
너와 나의 프롤로그 (With Deb),나루(Naru) [솔루션스],12.0
"비타민 (With 정연, 승연) (김태희 요정송, 파리바게뜨 CF 삽입곡)",박학기,12.0
예뻐 예뻐,레이디스 코드(LADIES' CODE),12.0
Vacation,벨 에포크(Belle Epoque),12.0
응원가,어쿠스틱 콜라보(Acoustic Collabo),12.0
샤이닝,자우림(Jaurim),12.0
운명,쿨(COOL),12.0
여자 대통령,걸스데이(Girl's Day),12.0
내가 더 사랑하니까,차호석,12.0
내가 니 편이 되어줄게 (feat. 하은),커피소년,12.0
좋아해,요조(Yozoh),12.0
대박사건 (Crash),B.A.P,12.0
나 그대에게 모두 드리리 (feat. 정인),리쌍(Leessang),12.0
원하잖아 (feat. JOO),산이(San E),12.0
그래야 할 때,옥상달빛,12.0
인형의 꿈,러브홀릭(Loveholic),12.0
Fiona,한충완,12.0
Anything You Need (Original ver.),할라맨(Halla Man),12.0
해안도로 (Vocal By 현민),페퍼톤스(Peppertones),12.0
Just The Two Of Us,어반 자카파(Urban Zakapa),12.0
Girls On Top,보아(BoA),12.0
Hot Issue,포미닛(4minute),12.0
프라프치노 (feat. 팀버),제이워크(J-Walk),12.0
I Cry When You Cry,라디(Ra.D),12.0
Rain Drop,아이유(IU),12.0
Nobody,원더걸스(Wonder Girls),12.0
Remember (영화 '달콤 살벌한 연인' O.S.T 삽입곡),더 멜로디(The Melody),12.0
Beautiful Day,스프링롤(Springloll),12.0
향,캐스커(Casker),12.0
홀로서기,테이(Tei),12.0
카페에 앉아 (First Album ver.),원 모어 찬스(one more chance),12.0
Cosmic Baby,마호가니 킹(Mahogany King),12.0
뻔한 멜로디 (feat. Crush),Zion.T,11.0
Good Night,스윗소로우(SWEET SORROW),11.0
너에게로,소울맨(Soulman),11.0
오래된 노래,스탠딩 에그(Standing Egg),11.0
Cappuccino,윤한(Yoonhan),11.0
얼음 산책,넬(Nell),11.0
If I Could Meet Again,푸딩(Pudding),11.0
감사 (Bonus Track),김동률,11.0
긴 여행의 시작,에피톤 프로젝트(Epitone Project),11.0
태양은 가득히 (2007 New ver.),엠씨 더 맥스(M.C the Max),11.0
Rainism,비(Rain),11.0
똑같다면,브라운 아이드 소울(Brown Eyed Soul),11.0
아무도 모른다,캐스커(Casker),11.0
연못 속의 호수 그리는 물고기,조규찬,11.0
커피 한 잔 하실래요 (New ver.) (feat. 히나인),원써겐(1sagain),11.0
그리워 그리워,노을,11.0
다시 시작하자,헤븐 [솔로],11.0
아이스커피,반반 프로젝트,11.0
별이 진다네,김범수,11.0
U-Go-Girl (With 낯선),이효리,11.0
사랑하기 때문에,유재하,11.0
넌 이별 난 아직 (With 한소현 Of 3rd Coast),스탠딩 에그(Standing Egg),11.0
말하는 대로,처진 달팽이(유재석 & 이적),11.0
나 이런사람이야,DJ DOC,11.0
이브의 경고 (Jungle),박미경,11.0
Blackbird,Various Artists,11.0
빗속에서 (feat. 알리),리쌍(Leessang),11.0
길에서 만나다,토이(Toy),11.0
아픈 다짐,팀(Tim),11.0
빨개요,현아 [포미닛],11.0
우리 처음 만난 날,한희정,11.0
이별 참 못할 짓이더라,윤현상,11.0
오렌지 마말레이드,자우림(Jaurim),11.0
가수가 된 이유,신용재 [4men],11.0
우리 사랑 이대로 (duet with 이혜진),주영훈,11.0
Sleigh Ride (feat. David Choi),우쿨렐레 피크닉(Ukulele Picnic),11.0
Bounce,조용필,11.0
또 왜 그래,이상순 ,11.0
고백 (feat. 산드라배),박혜경,11.0
Coffee,박한별,11.0
Stardust,W & Whale(더블유 앤 웨일),11.0
I Will Give You Everything,클래지콰이(Clazziquai),11.0
Speechless,클래지콰이(Clazziquai),11.0
언제까지 내 맘속에서,몽니(Monni),11.0
그대가 분다,엠씨 더 맥스(M.C the Max),11.0
촛불 하나,지오디(god),11.0
그대 목소리 (feat. Sammi),러블리벗(Lovelybut),11.0
커피를 마시고 (Crystal S. Remix) (Arpeggio ver.),어반 자카파(Urban Zakapa),11.0
어쩌면...,버즈(Buzz),11.0
자니 (feat. Dynamic Duo),프라이머리(Primary),11.0
Sad Paper (Remaster),헤르쯔 아날로그(Herz Analog),11.0
사랑은 어디로,이적,11.0
너랑 나,아이유(IU),11.0
오늘밤은 어둠이 무서워요,10cm(십센치),11.0
Streetlove (feat. Jazzy Ivy),정기고(Junggigo),11.0
심장이 없어,에이트(8Eight),11.0
행복을 찾아서 (피쳐링. 조현아 of 어반자카파),리쌍(Leessang),11.0
Romeo N Juliet,클래지콰이(Clazziquai),11.0
천생연분 (Rave),솔리드(Solid),11.0
Cat Bossa,클래지콰이(Clazziquai),11.0
Limeade In The Shade,이지형,11.0
그런 이유라는 걸,김범수,11.0
식탐소녀의 여름,양빛나라,11.0
인형의 꿈,일기예보,10.0
글루 (Glue),나인뮤지스(Nine Muses),10.0
You're My Baby,바닐라 어쿠스틱(Vanilla Acoustic),10.0
사랑이란 말이 어울리는 사람 (사말어사),장범준,10.0
Hate You,투애니원(2NE1),10.0
여행,제이벨(J BEL),10.0
작고 작게,정민아,10.0
아름다운 밤이야,비스트(Beast),10.0
새,싸이(Psy),10.0
"입장정리 (feat. 최자, Simon D)",프라이머리(Primary),10.0
제주도의 푸른밤,남아스떼(男兒's 떼),10.0
다 그런거죠 (Vocal By 김지영),이그나이트(Ignite),10.0
사랑에 떨어지다,이태권,10.0
Lead Me,씨스타(Sistar),10.0
감기,이기찬,10.0
좋은 이유,로코베리(Rocoberry),10.0
우울한 편지,나얼(Na-Ul),10.0
Darling (feat. JC a.k.a 지은),슈프림팀(Supreme Team),10.0
"바람, 어디에서 부는지",루시드 폴(Lucid Fall),10.0
기적 (duet with 이소은),김동률,10.0
압구정 날라리,처진 달팽이(유재석 & 이적),10.0
미쳤나봐 (With 권정열 Of 10cm),소란(Soran),10.0
Good-bye Baby,미쓰 에이(miss A),10.0
비밀 (Special Vocal 박완규),부활,10.0
"1,2,3 & Love",더 레이(The Ray),10.0
17171771,자우림(Jaurim),10.0
별이되어 (feat. 안중호 For Soultree),스카이 하이(Sky High),10.0
내일을 묻는다,제이레빗(J Rabbit),10.0
내사랑 내곁에,김현식,10.0
들었다 놨다,데이브레이크(daybreak),10.0
날짜 변경선,클래지콰이(Clazziquai),10.0
Pocupine,박준혁,10.0
내게 오는 길 (Bonus Track),성시경,10.0
낭만여행,제이레빗(J Rabbit),10.0
아메리카노,10cm(십센치),10.0
I'm In Love,나르샤 [브라운아이드걸스],10.0
Caramel espreSSo,Caramel espreSSo(카라멜 에스프레소),10.0
내가 너의 곁에 잠시 살았다는 걸,김연우,10.0
여름날의 추억,강타,10.0
Good Morning (feat. Kholo Masafu),하우스 룰즈(House Rulez),10.0
오후의 속삭임,네미시스(Nemesis),10.0
마녀! 여행을 떠나다,코나(Kona),10.0
마네킹,크리스탈 레인(Crystal Rain) ,10.0
별빛달빛,시크릿(Secret),10.0
너를 원해 (feat. Beenzino),정기고(Junggigo),10.0
랄랄라 (With 윤상),소녀시대,10.0
Waltz For Sue,조정치,10.0
지나간다,김범수,10.0
"여보세요 (Summer ver.) (feat. J.Slow, 시나에)",자미 소울(Jami Soul),10.0
너랑 왔던,신치림(信治琳),10.0
드라이브,스윗소로우(SWEET SORROW),10.0
Brunch,가인 [브라운아이드걸스],10.0
봄봄,양양(YangYang),9.0
커피를 마시고 (Reprise),어반 자카파(Urban Zakapa),9.0
그냥 니 생각이 나,정기고(Junggigo),9.0
Roly-Poly,티아라(T-ara),9.0
나만 모르게 (feat. T),슈프림팀(Supreme Team),9.0
항상 엔진을 켜둘께,델리 스파이스(Deli Spice),9.0
너와 함께 있음을 (Lullaby RMX),라디(Ra.D),9.0
I'm In Love,시크릿(Secret),9.0
봄 (feat. 다현),메이팝(Maypop),9.0
MONSTER,BIGBANG,9.0
좋아요~,불독맨션(Bulldogmansion),9.0
신촌을 못가,포스트맨(Postmen),9.0
Sevilla (세비야),이한철,9.0
"더위 먹은 갈매기 (feat. 송은이, 김숙)",유재석,9.0
하리오 (Sweet Mix),케이윌(K.Will),9.0
키 작은 꼬마 이야기,하하,9.0
눈물샤워 (feat .에일리),배치기,9.0
백야,짙은(Zitten),9.0
Love Today,알레그로(Allegrow),9.0
맨발의 청춘,벅(Buck),9.0
약속해 약속해 (feat. G.NA),버벌진트(Verbal Jint),9.0
멀어지다,넬(Nell),9.0
키스미,참깨와 솜사탕,9.0
곰돌이의 여름 (feat. 예쁜 순이),노민우,9.0
공항 가는 길,마이 앤트 메리(My Aunt Mary),9.0
So Fresh (feat. 김태우) (위대한 캣츠비 OST 삽입곡),MC 몽,9.0
일과 이분의 일,투투(Two Two),9.0
희망고문,에피톤 프로젝트(Epitone Project),9.0
슬픈 선물,김장훈,9.0
숨은 마음 찾기,바닐라 어쿠스틱(Vanilla Acoustic),9.0
Fake Traveler,페퍼톤스(Peppertones),9.0
두사람,성시경,9.0
"29, 어느날의 산책",양빛나라,9.0
널 지울 수는 없는지,노리플라이(no reply),9.0
말해줘 (feat. 엄정화),지누션(Jinusean),9.0
긴 여름의 끝 (feat. 모리),튠(TUNE),9.0
낡은 배낭을 메고,노리플라이(no reply),9.0
긴 생머리 그녀 (Miss Right),틴 탑(Teen Top),9.0
비타민 (VITAMIN),소녀시대,9.0
이별복습,옥주현,9.0
순정(純情) (London Boys의 I'm Gonna Give My Heart 전주 인용),코요태,9.0
남,씨야(SeeYa),9.0
칵테일 사랑 (feat. 김연우),서영은,9.0
세글자,엠투엠(M To M),9.0
이별택시,김연우,9.0
Novabossa,클래지콰이(Clazziquai),9.0
밤하늘의 별을.. (With KCM & No Noo),양정승(Kiroy Y),9.0
챔피언,싸이(Psy),9.0
바람기억,나얼(Na-Ul),9.0
슬퍼지려 하기 전에,쿨(COOL),9.0
Bon Voyage (Vocal By 조원선),토이(Toy),9.0
옥상달빛,옥상달빛,9.0
인연 (Live),이선희,9.0
숙녀가 못 돼 (Damaged Lady),카라(Kara),9.0
이런 날 (Vocal By 이진우),JUUNO,9.0
소풍같은 그대,주형진,9.0
선물할게,옥상달빛,9.0
기억을 걷는 시간,넬(Nell),9.0
잘못된 만남,김건모,8.0
It Was In Shiraz (이별의 그늘),신예원,8.0
그대 걷던 길,노리플라이(no reply),8.0
너에게 주고 싶은 세 가지,박혜경,8.0
사랑이 떠나가네,김건모,8.0
여름 밤 탓,슈가볼(Sugarbowl),8.0
사랑한다는 말로도 위로가 되지 않는,브로콜리너마저,8.0
저기 가는 사람,거미,8.0
너무 좋다,토리 [인디],8.0
Hey U (feat. Danny Ohm),샤크라(Chakra),8.0
해요,정인호,8.0
여름이야기 (Original ver.),DJ DOC,8.0
너 그럴때면,이브(Eve),8.0
바래진 기억에,박지윤,8.0
사랑은 한 잔의 소주,조정치,8.0
Galaxy,악동뮤지션(AKMU),8.0
토요일 오후에,라즈베리필드,8.0
"입장정리 (feat. 최자 Of 다이나믹듀오, Simon D Of 슈프림팀)",프라이머리(Primary),8.0
기억 속의 먼 그대에게,박효신,8.0
삐에로는 우릴 보고 웃지,아이유(IU),8.0
봄,봄(Bom),8.0
"그래, 너",스탠딩 에그(Standing Egg),8.0
인연 ('왕의 남자' 버전),이선희,8.0
우리의 사랑이 필요한 거죠,변진섭,8.0
I'll Wait For You (Theme From 'The Umbrellas Of Cherbourg'),손성제,8.0
오후의 행진곡 (Vocal By Westwind),페퍼톤스(Peppertones),8.0
피에스타,클래지콰이(Clazziquai),8.0
키스해주겠니 (feat. 린),에디(Eddie),8.0
이게 사랑이 아니면 (feat. 에일리),버벌진트(Verbal Jint),8.0
에구구구,요조(Yozoh),8.0
Dash,백지영,8.0
끼부리지마,WINNER,8.0
그게 사랑,달콤한 소금,8.0
먼지가 되어,김광석,8.0
너에게 쓰는 편지,MC 몽,8.0
도시 탈출,클론(Clon),8.0
Special Girl (feat. Bumkey),인피니트 H,8.0
NoNoNo,썸데이(Someday),8.0
After Love - Female ver.,클래지콰이(Clazziquai),8.0
Summer Time,포지션(Position),8.0
겨울 (inst.),허민,8.0
Tears,이소라,8.0
아파,보니(Boni),8.0
The One For Me,엠스트리트(M.Street),8.0
러비듀,바닐라 어쿠스틱(Vanilla Acoustic),8.0
슈퍼맨,노라조,8.0
Ticket,CHEEZE,8.0
Timing,걸스데이(Girl's Day),8.0
Wish You're My Girl,앤드(And),8.0
휴식,스탠딩 에그(Standing Egg),8.0
Muzik,포미닛(4minute),8.0
다시,세븐데이즈(7Dayz),8.0
선인장 (Acoustic ver.),에피톤 프로젝트(Epitone Project),8.0
좋아 (JOAH),박재범(Jay Park),8.0
Maldive,푸딩(Pudding),8.0
사랑해 그리고 기억해,지오디(god),8.0
Shall We Dance?,데이브레이크(daybreak),8.0
Acid Rain,프린지(Pringe),8.0
아까워,재지팩트(Jazzyfact),8.0
아니라기에,2AM,8.0
아디오,이승기,8.0
오늘은 휴일입니다,한희정,7.0
엄마,라디(Ra.D),7.0
HER,블락비(Block B),7.0
소유하지 않은 사랑,K2(김성면),7.0
비밀번호 486,윤하(Younha/ユンナ),7.0
폭설 (Piano ver.),네스티요나(Nastyona),7.0
지난날,유재하,7.0
나비처럼,이바디(Ibadi),7.0
가질 수 없는 너,뱅크(Bank),7.0
말해 줄께,조규찬,7.0
Happy Birthday Waltz (Serenade ver.),스웨덴세탁소,7.0
달콤한 비밀 (feat. Fromm),테테(Tete),7.0
길,지오디(god),7.0
꿍따리 샤바라,클론(Clon),7.0
비오는 날,루싸이트 토끼,7.0
인연,윤민수,7.0
소년이 어른이 되어,몽니(Monni),7.0
아프고 화나고 미안해,하은,7.0
Blue Sky,스탠딩 에그(Standing Egg),7.0
중독된 사랑,조장혁,7.0
You,김상민(Kim SangMin),7.0
왜불러,디바(Diva),7.0
여기보다 어딘가에,하림,7.0
뷰파인더 세상,벨 에포크(Belle Epoque),7.0
빙고,거북이,7.0
뻐꾸기 둥지위로 날아간 새,김건모,7.0
목동에서,박정운,7.0
끝나지 않은 노래,노리플라이(no reply),7.0
한여름 밤의 꿈,어쿠스틱 콜라보(Acoustic Collabo),7.0
Oh,룰라(Roo'Ra),7.0
아이스크림,MC 몽,7.0
International Love Song,검정치마,7.0
So Hot,원더걸스(Wonder Girls),7.0
Spring Spring (feat. MayBee),조pd(ZoPD),7.0
I Don't Care,투애니원(2NE1),7.0
내꺼하자,인피니트(Infinite),7.0
Colors (With 은G Of 5Tones),힐링프로젝트(Healing Project),7.0
너 때문에 미쳐,티아라(T-ara),7.0
너 정말이니,럼블 피쉬(Rumble Fish),7.0
너 하나만,고유진(플라워),7.0
추억의 책장을 넘기면,이선희,7.0
아침인사,김연우,7.0
She (feat. Beenzino),Zion.T,7.0
유난히 (feat. 신예원),김진표(JP),7.0
히어로 (Hero),옥상달빛,7.0
위로,머쉬룸즈(Mushru:ms),7.0
벌써 잊었나,이아립,7.0
I Dream,"15&(박지민, 백예린)",7.0
Season In The Sun,정재욱,7.0
STEP,카라(Kara),7.0
SILLY,데이브레이크(daybreak),7.0
이 도시의 여름,최영준 [체스],7.0
Summer Love,영턱스클럽(YTC),7.0
아직은 사랑할 때,조장혁,7.0
해석남녀,쿨(COOL),7.0
"Indian Boy (feat. 장근이, B.I)",MC 몽,7.0
다시 만난 세계 (Into The New World),소녀시대,7.0
날씨 맑음 (미스티 블루 Cover Song),타루(Taru),7.0
If You Love Me (Acoustic ver.),제이레빗(J Rabbit),7.0
흔한 사랑이 될까봐 두려워서...,플라워(Flower),7.0
Rainy Day,늦봄,7.0
여름밤,장재인,7.0
TV Show,짙은(Zitten),7.0
I'm In Love (With 정성하),나르샤 [브라운아이드걸스],7.0
내 얘길 들어봐,파파야(Papaya),7.0
멀어 (feat. Beenzino),프라이머리(Primary),7.0
시작,박기영,7.0
첫 이별 그날 밤,아이유(IU),7.0
서울은 흐림 (feat. 한희정),못(Mot),7.0
그XX,G-DRAGON,7.0
태양계,성시경,7.0
자기야 여보야 사랑아,린(LYn),7.0
알고있을까?,제이레빗(J Rabbit),7.0
Gentleman,싸이(Psy),7.0
사랑해버렸네,이지형,7.0
Milky Way,보아(BoA),7.0
"좋아하는 것, 괜찮은 것",소규모 아카시아 밴드,7.0
구름위의 산책,블록(Block),7.0
일엽락(一葉落) (Special Guest Vocals 김경호),소찬휘,7.0
Hi Ya Ya 여름날,동방신기(TVXQ!),7.0
잃어버린 것들,성시경,7.0
그대에게 하는 말,스윗소로우(SWEET SORROW),7.0
겁쟁이,버즈(Buzz),7.0
어쩐지,베란다 프로젝트(Verandah Project),7.0
우리 사랑하지만 (어느 멋진 날),러브홀릭(Loveholic),7.0
미워도 다시 한번 (Original ver.),바이브(Vibe),7.0
구름비,악퉁(Achtung),7.0
곁에 (드라마 '트리플' 삽입곡),짙은(Zitten),7.0
산책,이지형,7.0
그대 나의 강 흐르네,나루(Naru) [솔루션스],7.0
사랑의 미학 (Art of Love),다이나믹 듀오(Dynamic Duo),7.0
혼자만의 사랑 (R&B Ballad),김건모,7.0
사랑해도 될까요?,유리상자,7.0
뚜껑별꽃,YB,7.0
또 다시 가을,에코 브릿지(Eco bridge),7.0
녹턴,캐스커(Casker),7.0
Babay (feat. Gaeko),Zion.T,7.0
기다려요,브라운 아이드 소울(Brown Eyed Soul),7.0
좋아해,하이투힘(Hi to him),7.0
감기라도 걸릴까,휘성,7.0
눈물이 왈칵 (feat. 매직플로우),일락(一樂),7.0
안녕 사랑아,박효신,7.0
그대만 보였네,9와 숫자들,7.0
고해성사,하림,7.0
욕심쟁이,김동률,7.0
물망초,박새별,7.0
크리스마스를 부탁해,버벌진트(Verbal Jint),7.0
Mr.Chu,에이핑크(Apink),7.0
Mr. Wonderful,모리(Morrie),7.0
눈물이 안났어,임정희,7.0
After Love,클래지콰이(Clazziquai),7.0
뜨거울 나이,꽃잠 프로젝트(GGot Jam Project),7.0
Love Girl,씨엔블루(CNBLUE),7.0
같이가요 하와이 (feat. 조태준 From 우쿨렐레 피크닉),징고(Zingo) [슈퍼키드],7.0
사랑이야기 (duet with 소닌),하울(HowL),7.0
고백,박혜경,7.0
공원여행 (Vocal By 현민),페퍼톤스(Peppertones),7.0
바라만 봐도 좋은데,노리플라이(no reply),6.0
관찰,지오디(god),6.0
"봄날, 벚꽃 그리고 너",에피톤 프로젝트(Epitone Project),6.0
이게 사랑일까 (feat. 하은),커피소년,6.0
광대 (With BMK),리쌍(Leessang),6.0
Gentle Rain,클래지콰이(Clazziquai),6.0
Golden Touch,레인보우(Rainbow),6.0
여름날 (워리어스 Live ver.) ,유희열,6.0
광화문 연가,이문세,6.0
"잔돈은 됐어요 (Keep The Change) (feat. Garie, Bumky)",다이나믹 듀오(Dynamic Duo),6.0
그대라서,어쿠스틱 콜라보(Acoustic Collabo),6.0
톡톡 (Tok Tok) (feat. Soya),마이티 마우스(Mighty Mouth),6.0
첫사랑이죠,아이유 ＆ 나윤권,6.0
Stradivarius,Kurt Bestor(커트 베스터),6.0
어느 가을,한희정,6.0
늦가을 (feat. 규현),윤종신,6.0
Crush,어반 자카파(Urban Zakapa),6.0
원더보이 (Wonder boy),애프터스쿨 Blue,6.0
Ma Boy 2 (feat. 효린),일렉트로보이즈(ELECTRO BOYZ),6.0
어때 (feat. 하림),긱스(Geeks),6.0
Gee,소녀시대,6.0
어땠을까 (feat. 박정현),싸이(Psy),6.0
Fine Thank You And You?,10cm(십센치),6.0
너에게 주고 싶은 세가지 (feat. 허첵 Of 슈퍼키드),박지헌,6.0
출발 (feat. 하림),김동률,6.0
Manouche Waltz (feat. 전제덕),박주원,6.0
별사탕 (feat. 범키),이루펀트(Eluphant),6.0
She's Urbane (feat. Deez),피노다인(Pinodyne),6.0
Saturday Night,크레용팝(Crayon Pop),6.0
Come Back Home,투애니원(2NE1),6.0
그늘,윤종신,6.0
여름이야기,이지엠(EZ'M),6.0
Solitude,워렌(Warren),6.0
굿모닝 레이디,바닐라 어쿠스틱(Vanilla Acoustic),6.0
내일을 묻는다 (Album Edit),제이레빗(J Rabbit),6.0
초콜릿 트러플,클래지콰이(Clazziquai),6.0
내일,빅 베이비 드라이버(Big Baby Driver),6.0
초콜릿,케이윌(K.Will),6.0
으샤! 으샤!,신화,6.0
If I Die Tomorrow,빈지노(Beenzino),6.0
편지,김광진,6.0
여름 이야기,무한궤도,6.0
Lemon Tree,박혜경,6.0
화장실이 어디죠?,데이브레이크(daybreak),6.0
녹는 중 (feat. 버벌진트),다비치,6.0
Little Star,스탠딩 에그(Standing Egg),6.0
독 (feat. E-Sens Of 슈프림팀),프라이머리(Primary),6.0
계절의 끝에서,페퍼톤스(Peppertones),6.0
물고기,캐스커(Casker),6.0
소원 (Hwany Solo),플라이 투 더 스카이(Fly To The Sky),6.0
오래된 노래,김동률,6.0
"쉼, 비밀, 위로 (Play 우미진)",러브홀릭스(Loveholics),6.0
사라진 계절,재주소년,6.0
가을 인사 (feat. 이적),루시드 폴(Lucid Fall),6.0
환절기,에피톤 프로젝트(Epitone Project),6.0
나 요즘,바닐라 어쿠스틱(Vanilla Acoustic),6.0
You Are My Everything (Rap ver.) (feat. 슈퍼창따이),정하윤,6.0
You're My,태양,6.0
comma,노리플라이(no reply),6.0
Oh Yeah (feat. 박봄),G-DRAGON,6.0
Kiss Me,헬로비너스(HELLOVENUS),6.0
가끔,크러쉬(Crush),6.0
사랑하지 않으니까요,김동률,6.0
"바람, 그대",성시경,6.0
나였으면,나윤권,6.0
아잉♡,오렌지캬라멜(Orange Caramel),6.0
손잡고 허밍 (With Yozoh),재주소년,6.0
Pretty Girl,카라(Kara),6.0
기억상실,거미,6.0
당신은 참..,성시경,6.0
기억속의 먼 그대에게,박미경,6.0
흔한 노래,임창정,6.0
넷째 손가락 (feat. Take) (Sad ver.),네임리스(Nameless),6.0
바람났어 (feat. 박봄),GG(박명수 & G-Dragon),6.0
기억을 걷다,김범수,6.0
날 위한 이별,성시경,6.0
완벽한 순간,랄라스윗(lalasweet),6.0
무도회의 시작 (inst.),시드 사운드(SID-Sound),6.0
Train,베란다 프로젝트(Verandah Project),6.0
From. Paris,스웨덴세탁소,6.0
Officially Missing You,악동뮤지션(AKMU),6.0
Mr.Mr.,소녀시대,6.0
가을이 오면,서영은,6.0
사랑은 봄비처럼... 이별은 겨울비처럼,임현정,6.0
Love (키샤콜),이하이,6.0
가을바람,장윤주,6.0
All The Ways To Find Nothing,아톰북(Atombook),6.0
물 한잔도 마실 수 없어,주(Joo),5.0
연인,김연우,5.0
하드코어 인생아,옥상달빛,5.0
Don't You Know (With 노리플라이),한효주,5.0
우린 친구가 될 수 없어 ,리사(Lisa),5.0
Don't Know What To Say,보아(BoA),5.0
머물러요,정기고(Junggigo),5.0
너희들 것이니까 (I Wish...),동방신기(TVXQ!),5.0
연애는 어떻게 하는 거였더라,요조(Yozoh),5.0
바보처럼,버블 시스터즈(Bubble Sisters),5.0
울어,브이오에스(V.O.S.),5.0
바람 불어 좋은 날,보드카 레인(Vodka Rain),5.0
Falling,존 박(John Park),5.0
완벽한 날 (feat. 아이비),버벌진트(Verbal Jint),5.0
하늘 끝에서 흘린 눈물,주니퍼(Junyfore),5.0
넌 어디에,블락비(Block B),5.0
Heaven,김현성,5.0
눈을 감으면 보이는 것은,일렉 쿠키(Elec Cookie),5.0
여정 (旅程),세인트(Saint),5.0
모노드라마 (With 유승우),허각,5.0
모닝콜,10cm(십센치),5.0
우리의 음악,에피톤 프로젝트(Epitone Project),5.0
놓치다,선민(Sunmin),5.0
바야흐로 사랑의 계절 (With 박새별),이한철,5.0
오늘도 굿나잇,커피소년,5.0
그녀는 날 사랑하지 않아 (Remastering ver.),제이벨(J BEL),5.0
잠 못 드는 밤에,문명진,5.0
화분 (커피프린스 1호점),러브홀릭(Loveholic),5.0
안녕,메이트(Mate),5.0
Nothing Better,브라운 아이드 소울(Brown Eyed Soul),5.0
강남스타일,싸이(Psy),5.0
831 8,제이(J.ae),5.0
샐러드 기념일,허밍 어반 스테레오(Humming Urban Stereo),5.0
좋아하면 다 그래,디바(Diva),5.0
겨울잠 자는 아이,구피(Goofy),5.0
결혼해 줄래 (feat. Bizniz),이승기,5.0
살다가 한번쯤,포맨,5.0
My Story,브라운 아이드 소울(Brown Eyed Soul),5.0
애송이의 사랑,양파,5.0
광화문연가,이수영,5.0
사랑해라 나를,원 모어 찬스(one more chance),5.0
앵무새,검정치마,5.0
Missing You,숙희,5.0
BAD BOY,BIGBANG,5.0
사랑해,김우주,5.0
Baby Baby,조규찬,5.0
한 여름 밤의 꿈,브라운 아이드 걸스,5.0
그녀는 날 사랑하지 않아,제이벨(J BEL),5.0
가을이 오면,이문세,5.0
가을목이 (Acoustic ver.),소란(Soran),5.0
Oh My Love (쿠쿠 CF - 원빈의 핑크로즈 편),자전거 탄 풍경,5.0
숨은 그림 찾기,엄정화,5.0
썸데이 (싱글파파는 열애중 OST 삽입곡),김동희,5.0
Rush (feat. 정인),리쌍(Leessang),5.0
Sweet Day,바람에 오르다,5.0
For You,브라운 아이즈(Brown Eyes),5.0
처음처럼 그때처럼 (feat. 강민경 From Davichi),이승기,5.0
Sylvia (마법사들),러브홀릭(Loveholic),5.0
아무래도,빌리어코스티(Bily Acoustie),5.0
Think About' Chu,아소토 유니온(Asoto Union),5.0
Time Out,제이(J.ae),5.0
Please,그레이스(Grace),5.0
가버려 너,플라이 투 더 스카이(Fly To The Sky),5.0
질주,클릭비(Click-B),5.0
1999 사랑 (부제: 흑야애(黑夜愛)),제이벨(J BEL),5.0
한 사람을 위한 마음,이오공감,5.0
칵테일 사랑,마로니에(Maronnier),5.0
For A While,애즈 원(As One),5.0
선물,유엔(UN),5.0
커플 (Couple),젝스키스(Sechs Kies),5.0
Oh! Happy (Bonus Track),컨츄리 꼬꼬(Country Kkokko),5.0
가로수 그늘 아래서면,이문세,5.0
I Swear,씨스타(Sistar),5.0
있다 없으니까 (Gone Not Around Any Longer),씨스타19(Sistar 19),5.0
Love Song,범키(Bumkey),5.0
이미 시작된 이야기,The Papers,5.0
인기 있는 남자애,가을방학,5.0
빨주노초파남보,옥상달빛,5.0
나 나쁘죠 (feat. 김태우),케이윌(K.Will),5.0
Blowin' My Mind,브라운 아이드 소울(Brown Eyed Soul),5.0
비오는 아침,재주소년,5.0
나만의 사랑,강준하,5.0
Insomnia (feat. Humming Girl),허밍 어반 스테레오(Humming Urban Stereo),5.0
난 네게 (Acoustik RMX) (feat. Inbar),라디(Ra.D),5.0
해변으로 가요,노브레인(No Brain),5.0
"봄이 오면, 그녀는",달어쿠스틱(Dalacoustic),5.0
"Love Seat (feat. 타루, 허밍 어반 스테레오)",휘성,5.0
남자도 우나요,다비치,5.0
Idealistic Real,제이벨(J BEL),5.0
내 마음이 어떻겠니,소유(So-U),5.0
프리티 나잇 (Pretty Night),카나리아 살롱(Canaria Salon),5.0
오르막길 (feat. 정인),윤종신,5.0
보란듯이,아이비(IVY),5.0
보고싶은 날엔..,브이오에스(V.O.S.),5.0
으르렁 (Growl),EXO,5.0
I Turn To You,Christina Aguilera(크리스티나 아길레라),5.0
꽃송이가,버스커 버스커(Busker Busker),5.0
꼭 이만큼만,캐스커(Casker),5.0
까만안경,이루(Eru),5.0
기억나지 않는 새로운,제이벨(J BEL),5.0
사랑을 놓치다 (feat. Hanyi),프리 스타일(Free Style),5.0
사랑은...향기를 남기고,테이(Tei),5.0
만약에 말야 (전우성 Solo),노을,5.0
그대를 알고,양파,5.0
그대만 있다면,일기예보,5.0
그대와 같아,주영(JooYoung),5.0
자꾸만 눈이 마주쳐,피터팬 컴플렉스(Peterpan Complex),5.0
그댈 알고 싶어요,인광,5.0
Love,제이(J.ae),5.0
있잖아 (Rock ver.),아이유(IU),5.0
사랑만들기,엔알지(N.R.G),5.0
행복을 주는 사람,이소라,5.0
Bikini,페퍼톤스(Peppertones),5.0
그만해,더 원(The One),5.0
얼굴 (Unplugged Music),김건모,5.0
기다리다,윤하(Younha/ユンナ),5.0
기다리다 (Acoustic ver.),윤하(Younha/ユンナ),5.0
기다림 (영화 ing 주제곡),이승열,5.0
"기분 좋은 상상 ('02) With 김형중, 이본",여행스케치,5.0
말이 안 나와 (Can't Talk),닥터심슨(Dr.Simpson),4.0
먼 훗날,YB,4.0
오늘 이 노래,코쿤벨즈(Cocoon Bells),4.0
예뻐요,스윗소로우(SWEET SORROW),4.0
Scully Doesn't Know (English ver.),허밍 어반 스테레오(Humming Urban Stereo),4.0
영화봐요 우리,루이비(Louis.B),4.0
사랑보다 아름다운 말 (feat. 숙희),MC 몽,4.0
사랑은 비를 타고,이승우 [소울스타],4.0
"Baby, Good Night",레이디 제인(Lady Jane),4.0
사랑을 시작하다,에코 브릿지(Eco bridge),4.0
어제처럼,제이(J.ae),4.0
사랑이 찾아오면,커피소년,4.0
사랑인가요,박새별,4.0
사랑하게 될 줄 알았어,신효범,4.0
안녕.. 또 안녕,유리상자,4.0
아프죠,해이(Hey),4.0
"3호선 매봉역 (feat. Paloalto, Beenzino)",프라이머리(Primary),4.0
365일,알리(Ali),4.0
2♡,지오디(god),4.0
흐린 기억속의 그대 (Club Remix),현진영,4.0
100 퍼센트,보드카 레인(Vodka Rain),4.0
시간의 날개 (Sentimental Scenery),타루(Taru),4.0
아무 말 하지 않을게,에보니힐(Ebonyhill),4.0
심플하게 (Acustic ver.),심현보,4.0
썸데이 (원곡가수 김동희),더 원(The One),4.0
...안 되나요... (부제: 화양연화),휘성,4.0
헤어지는 기회,소찬휘,4.0
사랑 먼지,버블 시스터즈(Bubble Sisters),4.0
"영화보러 갈래요? (feat. 김민지, 김은지)",프롬유(From. U),4.0
롤러코스터 (In Carnival Land),카니발(Carnival),4.0
Drama (feat. 이언 From MOT),한희정,4.0
Don't Know Why,박효신,4.0
믿어선 안될 말,넬(Nell),4.0
한번만 더,박성신,4.0
한숨만,이정,4.0
여행을 떠나요,이승기,4.0
바보,박효신,4.0
Dalmoon,옥상달빛,4.0
버릇,곰PD,4.0
D + 0,박새별,4.0
Constant No.2 (너 없이 사는 법),바닐라 어쿠스틱(Vanilla Acoustic),4.0
Constant No.1,바닐라 어쿠스틱(Vanilla Acoustic),4.0
Come On,거북이,4.0
보조개,이적,4.0
부탁 (Acoustic),비스윗(Besweet),4.0
분홍신,아이유(IU),4.0
불치병 (feat. Masta Wu),휘성,4.0
비가 오는 날에는,파티스트릿(Party Street),4.0
Bo Peep Bo Peep,티아라(T-ara),4.0
얼음 공주,김윤아,4.0
너에게로 또다시 (영화 '가족' 주제곡),서영은,4.0
오늘만 놀아요,네이브로(NeighBro.),4.0
난 괜찮아 (I Will Survive),진주,4.0
이별 아닌 이별,리나(Lina) [발라드],4.0
LoveSick,산이(San E),4.0
준비 없는 이별,녹색지대,4.0
네 앞에서,백현수(Baek Hyun Soo),4.0
On & On,써드코스트(3rd Coast),4.0
Yo Soy Maria,라 벤타나(La Ventana),4.0
눈물 (feat. 유진 Of 더 씨야),리쌍(Leessang),4.0
Y (Please Tell Me Why),프리 스타일(Free Style),4.0
우리들의 이야기,곰PD,4.0
눈물이나...,소냐(Sonya),4.0
넌 또 다른 나,이승철,4.0
우리가 있던 시간,스웨덴세탁소,4.0
It's Your Day,이루마(Yiruma),4.0
나비 (Fly Away),어반 자카파(Urban Zakapa),4.0
우리 처음 (With 1대 예인) (feat. 유리),란(Ran),4.0
Pasta (Acustic ver.),그루(GRU),4.0
"니 생각 (feat. 김그림, 신치림)",윤종신,4.0
니가 돌아오면,디아(Dia) [키스 & 크라이],4.0
그대 (CF ver.) (feat. 한효주),브라운 아이드 소울(Brown Eyed Soul),4.0
잘할 걸,버스커 버스커(Busker Busker),4.0
Lovely Day,에이핑크(Apink),4.0
피아노의 숲,버블 시스터즈(Bubble Sisters),4.0
"잘 지내자, 안녕",스윗바이러스(Sweet Virus),4.0
Naughty Girl,린(LYn),4.0
제발,김범수,4.0
내게기대 (feat. 박세영),스탠딩 에그(Standing Egg),4.0
괜찮아,베란다 프로젝트(Verandah Project),4.0
I'm Alright (Acoustic),소울라이츠(Soulights),4.0
"그 때, 그 날처럼",미스틱 퍼즐(Mystic Puzzle) ,4.0
고속도로 Romance,윤종신,4.0
고백,하이투힘(Hi to him),4.0
내 마음에 비친 내 모습,유재하,4.0
고백,어쿠스틱 콜라보(Acoustic Collabo),4.0
New York New York (feat. Taoka Miki From Indigo),우쿨렐레 피크닉(Ukulele Picnic),4.0
웃기네 (SB:Bananalama의 'Venus'),김하늘(로티플 스카이),4.0
위아래,EXID(이엑스아이디),4.0
내 마음에 비친 내 모습,박혜경,4.0
걸음이 느린 아이,고유진(플라워),4.0
너에게 (Chopin의 Nocturnes 중 8마디 삽입),포지션(Position),4.0
커피 내리는 시간,마더컨트리,4.0
Let It Shine,캐스커(Casker),4.0
Sea Of Love,플라이 투 더 스카이(Fly To The Sky),4.0
너와 나,유승우,4.0
웃는거야,서영은,4.0
나를 사랑했던 사람아,허각,4.0
나만의 천사,트리플 이펙트(Triple Effect),4.0
Memories,사준,4.0
Pathetic Sight,아침(Achime),4.0
그대와 둘이,브라운 아이드 소울(Brown Eyed Soul),4.0
돌고래 자리,이상은(Lee Tzsche),4.0
와,이정현,4.0
참다행이야,에스파파(S.Papa.),4.0
"Ready, Get Set, Go! (워리어스 Live ver.) ",페퍼톤스(Peppertones),4.0
Love Ballad,브라운 아이드 소울(Brown Eyed Soul),4.0
Remember,유엔(UN),4.0
오늘처럼 종일 비가 내리는 날엔,채영재,4.0
Please,이기찬,4.0
Long-D,야광토끼(Neon Bunny),4.0
Replay,김동률,4.0
Galaxy Tourist (Vocal By 연진 Of 라이너스의 담요),페퍼톤스(Peppertones),4.0
Labor In Vain,라이너스의 담요(Linus' Blanket),4.0
떠나지마,브라운 아이즈(Brown Eyes),4.0
Summer Dream,씨야(SeeYa),4.0
Funk,불독맨션(Bulldogmansion),4.0
이상형,버스커 버스커(Busker Busker),4.0
꿈 속에서,전람회,4.0
Love Is So Amazing,제이레빗(J Rabbit),4.0
나는 그 사람이 아프다 (feat. 타루) ('우결' 쌍추커플 이별씬 삽입곡),에피톤 프로젝트(Epitone Project),4.0
닮은 사람,테이(Tei),4.0
카라멜 마끼야또 (Caramel Macchiato),하우스 룰즈(House Rulez),4.0
이브나,가을방학,4.0
Touch My Body,씨스타(Sistar),4.0
친구를 위해,더 블루(The Blue),4.0
다시 한번 사랑하자,김연우,4.0
금단(禁斷),벨 에포크(Belle Epoque),4.0
U Just,소울사이어티(Soulciety),4.0
이별풍경 (Always),보아(BoA),4.0
왜 하늘은...,이지훈,4.0
하루 종일 비가 내렸어,디아(Dia) [키스 & 크라이],4.0
근황,가을방학,4.0
언젠가 설명이 필요한 밤,안녕하신가영,3.0
Like Tiffany,헤르쯔 아날로그(Herz Analog),3.0
사랑같은 건,스윗소로우(SWEET SORROW),3.0
사랑한다는 말,김동률,3.0
Maria Elena (inst.),우쿨렐레 피크닉(Ukulele Picnic),3.0
그 흔한 남자여서,박효신,3.0
그렇습니까,흐른,3.0
양 끝을 가리켜,달에닿아,3.0
그런가봐요...,브이원 (V.One),3.0
어디까지 왔을까? (매화수 광고음악),아키버드(Aquibird),3.0
어느 파도,클로버(Clover) [남성솔로],3.0
잔혹한 여행,한희정,3.0
그건 사랑이었지,루시드 폴(Lucid Fall),3.0
그때 또 다시 (Again),임창정,3.0
그대는 나무 같아,박지윤,3.0
구애가(求愛歌),김동률,3.0
사랑이 술을 가르쳐 (feat. 백찬 From 8eight),이승기,3.0
장미빛 인생,뷰티풀 데이즈(Beautiful Days),3.0
어른아이,거미,3.0
사랑은 아프려고 하는거죠,엠씨 더 맥스(M.C the Max),3.0
헤어지는 날 바로 오늘,3호선 버터플라이(3호선 Butterfly),3.0
그녀가 웃잖아,김형중,3.0
그대여서 (Piano ver. with 이루마),김형중,3.0
그냥 그렇게 (feat. 이주한),어반 자카파(Urban Zakapa),3.0
사랑치,신승훈,3.0
어쩜 그리,New Jack,3.0
커피잔,커피소년,3.0
어디인지 몰라요,루시드 폴(Lucid Fall),3.0
그대품에 잠들었으면,박정수 [어덜트 컨템포러리],3.0
Luz Solar (Sunlight),하늘樂(락) 프로젝트,3.0
잊혀지다 (feat. 양다일),정키(Jung Key),3.0
그냥 걸었어,임종환,3.0
같이 걸을래? (Shall We..),다방(D'avant),3.0
As Tears Go By,윈터플레이(Winterplay),3.0
Voyage,이바디(Ibadi),3.0
Voce E Eu,효기(Hyoki) [Jazz],3.0
후회한다,포맨,3.0
Plastic Umbrella,타블로+페니(이터널 모닝),3.0
Try To Remember,성시경,3.0
아주 작게만 보이더라도,시와(Siwa),3.0
Trust You,원효로1가 13-25,3.0
Tonight,동방신기(TVXQ!),3.0
Precious Love (feat. Jinbo),다이나믹 듀오(Dynamic Duo),3.0
아이고,거북이,3.0
Tik Tok (feat. 윤은혜),2PM,3.0
찬바람이 불면,김지연,3.0
The Water Is Wide,우쿨렐레 피크닉(Ukulele Picnic),3.0
Reality,박혜경,3.0
흥보가 기가막혀,육각수밴드,3.0
Right Now,싸이(Psy),3.0
"1,2,3,4 (원,투,쓰리,포)",이하이,3.0
SuperB,원더걸스(Wonder Girls),3.0
시작되는 연인들을 위해,이원진,3.0
아메리카노에게,커피소년,3.0
청춘,토마스 쿡(Thomas Cook),3.0
Sonnet,애즈 원(As One),3.0
"Savannah Woman (스카이라이프 이병헌, 오미란편)",Tommy Bolin(토미 볼린),3.0
추억은 사랑을 닮아,박효신,3.0
Signal Waltz,라이너스의 담요(Linus' Blanket),3.0
Shining The Morning,장세용,3.0
추억의 책장을 넘기면 (Live),이선희,3.0
Saying I Love You ,원더걸스(Wonder Girls),3.0
손꼭잡고,루싸이트 토끼,3.0
We Don't Stop (feat. 이주한),아소토 유니온(Asoto Union),3.0
Morning Star,W & Whale(더블유 앤 웨일),3.0
Paradise (드라마 '커피프린스 1호점' 삽입곡),더 멜로디(The Melody),3.0
Mr. Flower,조성모,3.0
헤어진 후에,Y2K,3.0
사랑했나봐,윤도현,3.0
애인... 있어요,이은미,3.0
골든 글러브 (CF '박카스 - 비즈니스맨 야근 편'),마이 앤트 메리(My Aunt Mary),3.0
"헬로, 안녕",바닐라 어쿠스틱(Vanilla Acoustic),3.0
커피나무,커피소년,3.0
My Heart Is Yours,허소영,3.0
상상,몽키즈(Monkeyz),3.0
결론,황세옥,3.0
겨울 장마 (feat. 루시드폴),푸디토리움(Pudditorium),3.0
거짓말,지오디(god),3.0
같이 걸을까,이적,3.0
"강남역 4번 출구 (feat. 션리, 다인)",플라스틱(Plastic),3.0
감아 (feat. Crush),로꼬(Loco),3.0
가질수 없는 너,뱅크(Bank),3.0
좋은 날,아이유(IU),3.0
가여워,아이유(IU),3.0
주섬주섬,정재일,3.0
죽을만큼...,오종혁(OJ),3.0
중독 (Overdose),EXO-K(엑소케이),3.0
Wonderful Day,원티드(Wanted),3.0
카푸치노,커피소년,3.0
"With U (feat. 범키, 소울다이브)",소울라임(SouLime),3.0
쥴리엣,스탠딩 에그(Standing Egg),3.0
소심한 그녀,소심한 오빠들(Sosimboys),3.0
With Chocolate,브라운 아이드 소울(Brown Eyed Soul),3.0
사랑... 다 거짓말,린(LYn),3.0
기억에 흩어지다 (Marcescent),디어 클라우드(Dear Cloud),3.0
그리워,메이트(Mate),3.0
Coffee (feat. J.ae),원웨이(Oneway),3.0
미행,나윤권,3.0
연애 (Love Song),김그림,3.0
눈부신 고백,성시경,3.0
누구보다 널 사랑해,비쥬(Bijou),3.0
우연한 여행의 첫사랑,메이랜드(Mayland),3.0
네가 좋아 (feat. 박원 Of 원모어찬스),안녕하신가영,3.0
널 위한 거야,미스 미스터(Mis=Mr),3.0
Hug,동방신기(TVXQ!),3.0
널 사랑하겠어,동물원,3.0
울다,이승환,3.0
바보 (With 정용화 Of CNBLUE),JUNIEL(주니엘),3.0
박수쳐,투애니원(2NE1),3.0
Dancing Queen,크레용팝(Crayon Pop),3.0
너와 함께 있음을,라디(Ra.D),3.0
너에게로 간다 (tvN '삼시세끼 어촌편 2' 삽입곡),말로(Malo),3.0
너에게 보내는 노래,롤러코스터(Rollercoaster),3.0
너에게 난 나에게 넌 (영화 '클래식' 삽입곡),자전거 탄 풍경,3.0
월화수목 금토일 (feat. 아이유),수호,3.0
너를 처음 만난 그때,박준하,3.0
여우비,제이워크(J-Walk),3.0
너를 보내며,김민종,3.0
별 빛이 내린다,안녕 바다,3.0
너를 만나러 가는 길,바른생활,3.0
너를 만나러 가는 길,달콤한 소금,3.0
별이 빛나는 밤에,바이브(Vibe),3.0
유년에게,재주소년,3.0
유리의 성,K2(김성면),3.0
너 없인 행복할 수 없잖아 (Original ver.),마리서사(Mary 敍事),3.0
너 없는 하루 (Remastered),해브어티(Have A Tea),3.0
미칠듯 (feat. 노을),트리탑스(Tritops),3.0
Hello (feat. 버벌진트),조용필,3.0
"Happy Ending (feat. 진실 Of Mad Soul Child , Garie Of Leessang)",프라이머리(Primary),3.0
한걸음,모세(Mose),3.0
로맨틱 키스,코지카페(Cozy Cafe),3.0
마리,김신우,3.0
마법의 성,더 클래식(The Classic),3.0
마음아 부탁해,모세(Mose),3.0
오늘은 가지마,벤,3.0
레이니 하트 (Rainy Heart),카나리아 살롱(Canaria Salon),3.0
하얀 겨울,미스터 투(Mr.2),3.0
막잔하고 나갈게 (Lost One),다이나믹 듀오(Dynamic Duo),3.0
오래된 인연들에게,강아솔,3.0
만져줘요,박정현,3.0
말만해 (What You Want) (feat. 김성규),칸토 [트로이],3.0
듣고 있어?,스윙스(Swings),3.0
매듭,이적,3.0
옹달샘 (Mountain Spring),동방신기(TVXQ!),3.0
뭐가 그리 좋은지 몰라,원 모어 찬스(one more chance),3.0
도시의 밤,소울라이츠(Soulights),3.0
...사랑하나요!?,이승환,3.0
당신이 필요해요 (Heart-Beat Mix),오지은,3.0
당신의 특별한 날 (Dear. You),수상한 커튼,3.0
완벽한 봄날 (feat. 소심한 오빠들),동경소녀,3.0
Good-Night Kiss,전효성 [시크릿],3.0
왜 벌써가 (Be My Brownie) (feat. Bumky),다이나믹 듀오(Dynamic Duo),3.0
모두 어디로 간걸까? (feat. 이적),토이(Toy),3.0
다줄께 (feat. 송지은),언터쳐블,3.0
못해 (feat. 美),포맨,3.0
"다시 사랑한다면 (feat. 김보아, 맹지나, 전혜원)",하동균,3.0
물론,지아(Zia),3.0
우리 무슨 사이야? (With 범키),애즈 원(As One),3.0
내입술...따뜻한 커피처럼,샵(S#arp),3.0
더 오래된 노래,장윤주,3.0
내맘 훔친 너,한소아,3.0
내 귀에 캔디 (feat. 택연 Of 2PM),백지영,3.0
이름이 뭐예요?,포미닛(4minute),3.0
풍요 속 빈곤,김부용,3.0
봉인해제의 밤,페이퍼컷 프로젝트(Papercut Project),3.0
비와 당신 (영화 '라디오 스타 '삽입곡),럼블 피쉬(Rumble Fish),3.0
난 좋아,정준일 [메이트],3.0
불꽃 (feat. 개리),장혜진,3.0
이별 아닌 이별,이범학,3.0
풍선,조규찬,3.0
블렌딩,커피소년,3.0
나의 낡은 오렌지 나무 (은상),랄라스윗(lalasweet),3.0
이해할께,김현성,3.0
JACKPOT,블락비(Block B),3.0
Kiss,투애니원(2NE1),3.0
내꺼라면,소란(Soran),3.0
에스프레소,커피소년,3.0
JJ,흠(Heum),3.0
나란 놈은 답은 너다 (feat. 하림),리쌍(Leessang),3.0
이상하다 (Acoustic ver.),박효신,3.0
나도야 간다,핑크 엘리펀트(Pink Elephant),3.0
남쪽 끝섬,하찌와 TJ,3.0
꽃보다 그대가 (feat. Simon D),영준 [Brown Eyed Soul],3.0
나는 문제 없어,황규영,3.0
내가 아는 한가지,이덕진,3.0
여름밤의 꿈,윤상,3.0
내가 당신을 사랑하는 이유,왁스(Wax),3.0
내 사랑 내 곁에,럼블 피쉬(Rumble Fish),3.0
사랑 (I Wanna Fall In Love With You),브라운 아이즈(Brown Eyes),3.0
인형 (duet with 신혜성),이지훈,3.0
내가 널 어떻게 잊어,바닐라 유니티(Vanilla Unity),3.0
I'll Be There (feat. 박재범),스윙스(Swings),3.0
Free Hug,세렝게티(Serengeti),3.0
"Chocolate (feat. Annika & 김현중, 구인회)",크라운 제이(Crown J),3.0
여름밤,재주소년,3.0
기억을 지워주는 병원 2 (feat. 주보라) ,원써겐(1sagain),3.0
Coffee,마지못해민트초코,3.0
이 밤이 지나면,임재범,3.0
"그손, 한번만 (Vocal By 강현준)",러블리벗(Lovelybut),3.0
편지,랄라스윗(lalasweet),2.0
작은 기다림,쿨(COOL),2.0
하루만에,브이원 (V.One),2.0
아시나요,조성모,2.0
추억이 비가 되어,강토(Kangto),2.0
착한 내 친구,이승환,2.0
이쁜이,네미시스(Nemesis),2.0
취중고백,필(Feel),2.0
키친,이소은,2.0
오션 드라이브 (Ocean Drive) (feat. 양해중),투어리스트(The Tourist),2.0
에너지 (feat. 선예),마이티 마우스(Mighty Mouth),2.0
오래된 친구 (feat. Loco),45알피엠(45RPM),2.0
익숙한 그 집 앞,유희열,2.0
언제나,허각,2.0
첫눈에,윤하(Younha/ユンナ),2.0
없는게 메리트,옥상달빛,2.0
투게더,DJ DOC,2.0
추격자,인피니트(Infinite),2.0
"오, 사랑",성시경,2.0
충분히 예뻐 (feat. 산체스 Of 팬텀),버벌진트(Verbal Jint),2.0
오래도록 고맙도록,브라운 아이드 소울(Brown Eyed Soul),2.0
춤,브로콜리너마저,2.0
아름다운 이별 (Song By 옥주현),김형석,2.0
오르막길,정인,2.0
어쩌면,서진영,2.0
짐작할 뿐이죠 (feat. 조정치),시와(Siwa),2.0
얼굴,김건모,2.0
해뜰때까지만 (Girl),다이나믹 듀오(Dynamic Duo),2.0
좋아해줘,검정치마,2.0
어디선가 나의 노랠 듣고 있을 너에게,공일오비(015B),2.0
홈런 (feat. 옥주현),MC 몽,2.0
이 정도,양양(YangYang),2.0
함께라면 (feat. 김진표) (jTBC 드라마 '우리 결혼할 수 있을까' 삽입),클래지콰이(Clazziquai),2.0
안녕.. (Vocal By 주보라),디스토리(D.Story),2.0
어떤가요?,이정봉(Lee Jung Bong),2.0
점핑 (Jumping),카라(Kara),2.0
정류장,버스커 버스커(Busker Busker),2.0
홀로 (feat. 김나영),정키(Jung Key),2.0
혼자하는 사랑,앤(Ann),2.0
유실물 보관소,에피톤 프로젝트(Epitone Project),2.0
종로에서,제이에스(JS) [여성듀오],2.0
이별 못한 이별 (내 이름은 김삼순),러브홀릭(Loveholic),2.0
하늘땅 별땅,비비(B.B),2.0
한번 더 이별,성시경,2.0
지우고 버려도,어반 코너(Urban Corner),2.0
잘 들어가고 있나요 (feat. 조정치),달콤한 소금,2.0
잘 있지 말아요,가을방학,2.0
영원,최진영 [SKY],2.0
외로움,더 클래식(The Classic),2.0
염장송 (With 정민경),한민규,2.0
아카시아 (With 수성 Of 송크라이걸즈),타우(Taw),2.0
헤어지자고..,주형진,2.0
우리도 그랬다,개인플레이(Gainplay),2.0
잠시 스쳐갈 뿐,재주소년,2.0
지우개,알리(Ali),2.0
하루,포지션(Position),2.0
연애 (feat. Hanyi),프리 스타일(Free Style),2.0
푸른자살,푸른새벽,2.0
우리가 정말 헤어진 걸까,심현보,2.0
피아노가 있던 방,유희열,2.0
"힘을 내요, 미스터 김",롤러코스터(Rollercoaster),2.0
당신을 파괴하는 순간,선우정아(Sunwoojunga),2.0
눈물이 툭 (feat. 박경 Of 블락비),지아(Zia),2.0
달려가,조정치,2.0
다시 와주라,바이브(Vibe),2.0
My Soul,줄라이(July) [뉴에이지],2.0
Norway,슬로우 쥰(Slow 6),2.0
다시 돌아와,인피니트(Infinite),2.0
On And On,스위티(Swi.T),2.0
늦잠,진호,2.0
느림보,20세기 소년,2.0
느낌 좋은날,트랙 마켓(Track Market),2.0
"Romeo N Juliet (신애, 알렉스 듀엣 원곡) ('우리 결혼했어요' 삽입곡)",클래지콰이(Clazziquai),2.0
돌아보면 청춘(靑春) (feat. Rhyme Bus),DJ DOC,2.0
네가 좋아 (feat. 김효연),안녕 바다,2.0
Second First Date (feat. Ritha K) (Bonus Track From Jazz Set),디제이 아키(DJ AKI),2.0
넌 최고야,별,2.0
넌 나 어때,406호 프로젝트,2.0
넌 그날 (feat. 유인나),허밍 어반 스테레오(Humming Urban Stereo),2.0
너의 뒤에서,박진영,2.0
"너에게 난, 나에게 넌",자전거 탄 풍경,2.0
Soul Breeze,브라운 아이드 소울(Brown Eyed Soul),2.0
너말고 니언니 Part 2 (언니의 오해),이지라이프(Ez-Life),2.0
Mr.Destiny,타루(Taru),2.0
드라마,김건모,2.0
너만 사랑해,슈가버블(Sugar Bubble),2.0
마지막 춤은 나와 함께 (Original Song. 재주소년),Lucia(심규선),2.0
뱅(Bang)!,애프터 스쿨(After School) ,2.0
바람인가요,브라운 아이드 소울(Brown Eyed Soul),2.0
바다에 누워,높은음자리,2.0
미쳤나봐,소란(Soran),2.0
How Could,이상민 ,2.0
I Miss You,서지원,2.0
미소속에 비친 그대,신승훈,2.0
Inevitability,어반 자카파(Urban Zakapa),2.0
Just A Feeling (Original Ver.),S.E.S.,2.0
마지막 내 숨소리,엠씨 더 맥스(M.C the Max),2.0
Lovin Ice Cream,애즈 원(As One),2.0
Kiss Scene (키스씬),하은,2.0
립스틱 (Lipstick),오렌지캬라멜(Orange Caramel),2.0
Kissing U,린(LYn),2.0
Kiss할까요,성시경,2.0
Last Time (feat. Hoody),Delicat X Stally,2.0
뜨거운 안녕 (feat. 성시경),싸이(Psy),2.0
또 보고 싶어 (feat. 상추),NS Yoon-G ,2.0
Love Blossom (러브블러썸),케이윌(K.Will),2.0
Love Love Love,로이킴,2.0
Soul Fever,나얼(Na-Ul),2.0
"Speech 04. [Relation] - Lonely Hearts Club, Beenzino",브라운브레스(Brownbreath),2.0
Hello (feat. 인광),스윗바이러스(Sweet Virus),2.0
그대는 정말 대단해요,에이트(8Eight),2.0
기다려,그루브 올스타즈(Groove All Stars),2.0
그립고... 그리운...,박효신,2.0
그렇고 그런 사이,장기하와 얼굴들,2.0
그렇게 하면 돼,박정현,2.0
가장 쉬운 이야기,옥상달빛,2.0
가족,이승환,2.0
거북이,다비치,2.0
그대를 사랑하는 10가지 이유,이석훈 [SG워너비],2.0
거짓말처럼,김현정,2.0
그대가 좋아 (feat. 크리스피 크런치),동경소녀,2.0
기분 좋은 날 (웅진 쿠첸 광고 삽입곡),알렉스(Alex) [클래지콰이],2.0
그대 만난 날 (inst.),정예경,2.0
그대 떠난 뒤,나얼(Na-Ul),2.0
고독한 마음에게,론리 하츠 클럽(Lonely Hearts Club),2.0
그대 내품에,유재하,2.0
그대 내게 다시 (Guitar ver.),럼블 피쉬(Rumble Fish),2.0
그녀를 찾아줘요,비오아이(B.O.I),2.0
"그녀를 잡아요 (feat. 서동욱, 김진표)",카니발(Carnival),2.0
고백하는 날 (Acoustic ver.),노리플라이(no reply),2.0
"그 여름, 놀이동산 (feat. Zooh)",사계절 정원,2.0
기다려 늑대!,줄리엣(Juliet),2.0
기억해줘,이소라,2.0
Sunday Brunch,박정현,2.0
날아가다,휘성,2.0
내꺼였는데,2AM,2.0
내게 남은 사랑을 드릴께요 (Remake),김경호,2.0
내가 없는 하루,이지형,2.0
Superfantastic (아시아나 항공 CF 배경음악) (Vocal By Westwind),페퍼톤스(Peppertones),2.0
Sweet Bubble ('하우젠 버블송 2' 원곡),윈터플레이 혜원,2.0
내 안에 하늘과 숲과 그대를,원 모어 찬스(one more chance),2.0
내 눈물모아,서지원,2.0
Tell Me Why (feat. 화영),언터쳐블,2.0
Tell Yourself (Daishi Dance Remix-English ver.),클래지콰이(Clazziquai),2.0
난 여자가 있는데,박진영,2.0
아는 오빠,레이디 컬렉션(Lady Collection),2.0
난 알아요,서태지와 아이들,2.0
Too Much (With 서인영) ('우리 결혼했어요' 화제곡),크라운 제이(Crown J),2.0
나를 슬프게 하는 사람들,이승기,2.0
나는 나비,YB,2.0
Wanna Be Loved,티티마(T.T.Ma),2.0
Whoz That Girl,EXID(이엑스아이디),2.0
With Coffee...,브라운 아이즈(Brown Eyes),2.0
끝없는 이야기 (With 임주연),이능룡,2.0
꿈,브라운 아이드 소울(Brown Eyed Soul),2.0
Hey Hey,커먼 그라운드(Common Ground),2.0
그 길을 걷다가,성시경,2.0
사랑아,김장훈,2.0
사랑이 멀어져가,어쿠스틱 콜라보(Acoustic Collabo),2.0
Abracadabra,브라운 아이드 걸스,2.0
사진 (feat. Hanyi),프리 스타일(Free Style),2.0
French Kiss,노블레스(Noblesse),2.0
슬프도록 아름다운 ...,K2(김성면),2.0
숱한 밤들,술탄 오브 더 디스코(Sultan Of The Disco),2.0
Do,어반 자카파(Urban Zakapa),2.0
비가,조규찬,2.0
Crazy,핸섬피플(Handsome People),2.0
빗속에서,존 박(John Park),2.0
All For You,쿨(COOL),2.0
빛 (feat. 김조한),제이(J.ae),2.0
4월의 사쿠라,뎁인뎁쇼,2.0
사랑... 그게 뭔데,양파,2.0
빨간 가방을 맨 소녀,로스 아미고스(Los Amigos),2.0
"소박했던, 행복했던... (feat. 성시경)",토이(Toy),2.0
삼촌 (feat. 이적),아이유(IU),2.0
뽀뽀,마더컨트리,2.0
선물,t윤미래,2.0
봄비 아니면 여름비,아키버드(Aquibird),2.0
사랑에 빠져본 적 있나요 (With Ra.D) (Acoustic ver.),스탠딩 에그(Standing Egg),2.0
1-2 Step (Korean ver.),제시(Jessi) [럭키제이],2.0
변하지 않는 것들,권순관,2.0
Give Love,악동뮤지션(AKMU),2.0
All I See (feat. Soulman),투엘슨(2LSON),2.0
별이 빛나는 밤에 (ver. 2),장나라,2.0
사랑해,스윗소로우(SWEET SORROW),2.0
사랑해... (feat. 알렉스),지선(Jisun) ,2.0
서약 (황금무지개 유이 & 정일우 러브테마),알리(Ali),2.0
사랑해요,김조한,2.0
Gimme! Gimme!,컨츄리 꼬꼬(Country Kkokko),2.0
Day By Day,애즈 원(As One),2.0
복숭아,아이유(IU),2.0
사랑은 맛있다 ♡,휘성,2.0
사르르 (I Wanna Be Your Love) (feat. 정엽),제이(J.ae),2.0
시작된 여행,소규모 아카시아 밴드,2.0
100 (feat. 천재노창),블랙넛(Black Nut),2.0
"Femme Fatale (feat. Tyra, Beenzino)",스윙스(Swings),2.0
Antifreeze,검정치마,1.0
진이,하이디,1.0
Vivaldi's Song,웅산,1.0
Whatever You Do (feat. Gray),크러쉬(Crush),1.0
Wedding,SG워너비,1.0
April (feat. 연진 Of 라이너스의 담요),슬로우 쥰(Slow 6),1.0
U & I,에일리(Ailee),1.0
Touch Me,민효린,1.0
That Day (Cinema Paradiso),Karrin Allyson(캐린 앨리슨),1.0
Together,코요태,1.0
TTL (Time To Love),티아라(T-ara),1.0
Beautiful,비스트(Beast),1.0
천일동안,이승환,1.0
Beatles Cream Soup (With 연진) (Acoustic),이지형,1.0
천사를 사랑한 광대,투아(TOA),1.0
행운을 빌어요,페퍼톤스(Peppertones),1.0
Sweet Dream,장나라,1.0
Sweet Rainyday,옥주현,1.0
처음처럼,성시경,1.0
처음 있는 일 (feat. 박재범),프리픽스(Prepix),1.0
Be My Woman,원티드(Wanted),1.0
짠해 (Cheerz),Simon Dominic(사이먼 도미닉),1.0
Be My Luv,더 콰이엇(The Quiett),1.0
창문너머 어렴풋이 옛 생각이 나겠지요,산울림,1.0
Backer,사비나앤드론즈(Savina & Drones),1.0
YooHoo (유후),시크릿(Secret),1.0
This Time,원더걸스(Wonder Girls),1.0
Baby Love (feat. Humming Girl & Brown Bunny),허밍 어반 스테레오(Humming Urban Stereo),1.0
Azalea,보아(BoA),1.0
Timeless,SG워너비,1.0
Timeless (feat. Xiah),장리인,1.0
혼자만의 사랑,김태영,1.0
"Hawaian Couple (영화 '내 사랑' 주제곡, 에뛰드 복숭아송 원곡)",허밍 어반 스테레오(Humming Urban Stereo),1.0
You,피쉬(Fish) [락],1.0
100년 동안의 진심,언니네 이발관,1.0
2 Chainz & Rollies (feat. Dok2),더 콰이엇(The Quiett),1.0
좋아합니다,테이(Tei),1.0
1994년 어느 늦은 밤,장혜진,1.0
거짓말 같은 시간 (feat. 김연우),토이(Toy),1.0
곁에만 있어도 좋은 사람,카페모카,1.0
흐리고 비 (feat. 정기고),시진,1.0
1024 (10월 24일),유피(UP),1.0
"흐린 뒤, 맑음 (feat. 옥상달빛)",포이트리(Poetree),1.0
고백,이승기,1.0
go,루싸이트 토끼,1.0
10 Minutes,이효리,1.0
흩어진 나날들,박효신,1.0
고백,한소아,1.0
고장난 시간,달콤한 소금,1.0
괜찮아,짙은(Zitten),1.0
괜찮아 떠나,스윗소로우(SWEET SORROW),1.0
...사랑했잖아...,린(LYn),1.0
괜찮아요 (feat. 정수욱),박새별,1.0
갈색머리,구혜선,1.0
가질수 없는 너,박완규,1.0
5월의 당신은,Lucia(심규선),1.0
가시,버즈(Buzz),1.0
줄래 (feat. 서인국),스윙스(Swings),1.0
illa illa (일라 일라),JUNIEL(주니엘),1.0
혼자만의 사랑 (2009 Re-Mastering ver.),김건모,1.0
죽일 놈 (Guilty),다이나믹 듀오(Dynamic Duo),1.0
melody,허민,1.0
melody (Moderato),크리스탈 [f(x)],1.0
행복을 주는 여자,왁스(Wax),1.0
All About You,316,1.0
Alice (feat. 조규찬),재주소년,1.0
죽어도 못 보내,2AM,1.0
Alice,재주소년,1.0
夢(몽) (드라마 '장희빈' 삽입곡),이수영,1.0
죄와 벌,SG워너비,1.0
8282,다비치,1.0
7월의 이파네마 소녀,캐스커(Casker),1.0
汝歌(여가),장연주,1.0
가만히 눈을 감고 (New Acoustic ver.),정재욱,1.0
Super Lady (feat. Bumkey Of 2Wins),슈프림팀(Supreme Team),1.0
Boogie On & On,빈지노(Beenzino),1.0
첫사랑,임현정,1.0
Love Is On,소울맨(Soulman),1.0
튤립 (Re-Recording),로지 피피(RossyPP),1.0
Lalala,스탠딩 에그(Standing Egg),1.0
Lately,성시경,1.0
토요일 밤이 좋아 (Saturday Night Fever),로맨틱 펀치(Romantic Punch),1.0
테이크아웃,만쥬한봉지,1.0
한 여름밤의 꿈,나얼(Na-Ul),1.0
Lemon Tree,Fool's Garden(풀스 가든),1.0
Let Me Say Goodbye,바비 킴(Bobby Kim),1.0
Love,브라운 아이드 걸스,1.0
한 여름밤의 꿈,바버렛츠,1.0
첫사랑 보관소,어쿠스틱 콜라보(Acoustic Collabo),1.0
FANTASTIC BABY (Special Edition ver.),BIGBANG,1.0
콩깍지,하은,1.0
Loving You,박기영,1.0
MILK,에프엑스(f(x)),1.0
Everyday Birthday,성시경,1.0
괜찮을까 (feat. 박윤식),아마도이자람밴드,1.0
Mr.애매모호,마마무(Mamamoo),1.0
My Girl (feat. 애즈원),신건,1.0
Desperado (Eagles),임재범,1.0
한 여름밤의 고백 (Summer Night Love),강타,1.0
팔베개,박신혜 [배우],1.0
First Love,애쉬(Ash) [R&B;],1.0
For My Love (Acoustic ver.),엠스트리트(M.Street),1.0
Hocus-Pocus (feat. 효빈),투엘슨(2LSON),1.0
하루에 한번씩,SG워너비,1.0
Honey (허니),카라(Kara),1.0
하나부터 열까지,데이라이트(Daylight),1.0
하모니카 소리,요조(Yozoh),1.0
"I Am A Boy, You Are A Girl",타바코쥬스(Tobacco Juice),1.0
I CAN'T FLY,Lucia(심규선),1.0
Full Speed Ahead,화나(FANA),1.0
피노키오 (Danger),에프엑스(f(x)),1.0
Ice Cream (feat. Maboos),현아 [포미닛],1.0
프로포즈,이동건,1.0
If U Go Away (feat. 아우라),코멘트라이즈(Commentlize),1.0
In My Room,샤이니(SHINee),1.0
하하하쏭,자우림(Jaurim),1.0
Isn't She Lovely,David Sanborn(데이빗 샌본),1.0
푸른 날 (Blue Day),옥수사진관,1.0
평범하게 사는게 제일 힘든 것 같아,궐(Geol),1.0
Killer,베이비복스(Baby V.O.X),1.0
Kiss (Acoustic ver.),레인보우(Rainbow),1.0
Night Flying,타루(Taru),1.0
No.5 (Rap feat. 은지원),제이(J.ae),1.0
커플링,밀크티(Milktea),1.0
Second (Rock Remix ver.),브라운 아이드 걸스,1.0
Can't Stop,씨엔블루(CNBLUE),1.0
Shadow (그림자),비스트(Beast),1.0
Shine (On Your Heart),브라이언(Brian),1.0
Call Ma Name,무가당(舞歌黨),1.0
Slowly Feel My Eyes,디아(Dia) [키스 & 크라이],1.0
Smile Boy,이승기,1.0
추방,패닉(Panic),1.0
해변의 여인 (2006 Summer Remix),조pd(ZoPD),1.0
Byebyebye,정기고(Junggigo),1.0
Brazilian Cafe,에스제이(SJ) [Jazz],1.0
Goodbye Ceremony,바나나보트(Banana Boat),1.0
Songs Of Colored Love ,윈터플레이(Winterplay),1.0
"최고의 사랑 (最愛 / Saiai) (후쿠야마 마사하루 리메이크, 영화 '용의자 X의 헌신' 주제가)",2AM,1.0
Blah Blah,타루(Taru),1.0
행복을 주는 사람,이상(E.Sang),1.0
Bike Riding,베란다 프로젝트(Verandah Project),1.0
행복을 주는 사람 ,프리 스타일(Free Style),1.0
Suga Luv (Valentine Mix) (feat. 아이유),비즈니즈(Bizniz),1.0
Summer Couple (태양은 가득히),문차일드(Moon Child),1.0
Can't Stop Thinking About You,야광토끼(Neon Bunny),1.0
Say I Love You,포맨,1.0
"Oh, My Love",S.E.S.,1.0
Saturday Night (Dubstep Mix),크레용팝(Crayon Pop),1.0
One More Time,쥬얼리(Jewelry),1.0
One Sweet Day,장연주,1.0
Only One For Me,소울스타(Soulstar),1.0
카모마일 (feat. 고창인 Of 슈가볼),제이켠(J'Kyun) [럭키제이],1.0
카라멜 커피 (Talk To Me),소녀시대,1.0
Perfect Your Love (OST ver.),엠투엠(M To M),1.0
친구에서 연인으로,씨유(See U),1.0
Darling,캔디맨(Candyman),1.0
Cry,오종혁(OJ),1.0
Picnic,라이너스의 담요(Linus' Blanket),1.0
Polaroid,김형중,1.0
친구는 그만해 (With STi),술제이 인 어메이징 뮤직(Sool J In Amazing Music),1.0
취해나 보겠어요,좋아서 하는 밴드,1.0
Promise,어쿠스틱 콜라보(Acoustic Collabo),1.0
Rain,이적,1.0
취미는 사랑,가을방학,1.0
Carnival Amour,자우림(Jaurim),1.0
춤,클래지콰이(Clazziquai),1.0
Run,윤하(Younha/ユンナ),1.0
아름다운 날들,장혜진,1.0
꽃피는 봄이 오면 (BMK),윤민수,1.0
제발,이소라,1.0
벽지무늬,아이유(IU),1.0
물들어,BMK,1.0
연애시대 (feat. Ra.D) (Narr. 한효주),이승기,1.0
연애소설,고현욱,1.0
연애상담인듯,헤르쯔 아날로그(Herz Analog),1.0
미안해요,김건모,1.0
믿음,이소라,1.0
연애,애즈 원(As One),1.0
바로 너 (feat. 김경록 Of V.O.S),낯선(Nassun),1.0
벌써 이렇게,쿨(COOL),1.0
여자는 그래...,김동희,1.0
벚꽃지다,말로(Malo),1.0
별 (Star),박재범(Jay Park),1.0
얼마나 좋을까,루나플라이(Lunafly),1.0
별이 진다네 ('89),여행스케치,1.0
보고싶어,보드카 레인(Vodka Rain),1.0
보르헤스의 정원 (feat. 진호),론리 하츠 클럽(Lonely Hearts Club),1.0
본 적 있나요...? (Have You Seen?),라즈베리필드,1.0
봄봄봄,로이킴,1.0
봄은 있었다,윤하(Younha/ユンナ),1.0
봄이 오면,허민,1.0
붙잡고도,노을,1.0
빗속의 여인,김건모,1.0
빨래,이적,1.0
뿌요 뿌요 <Pyo Pyo>,유피(UP),1.0
물고기자리,이안,1.0
문디가시나,9초(Nine Seconds),1.0
명품노래,김지수,1.0
메타세콰이어 길 (feat. 이한철),수경 [빨간의자],1.0
듣고 싶은 말,스피넬(SpinEL),1.0
듣고 있나요,이승철,1.0
"들려줘 (feat. 고창인 Of 슈가볼, 제이켠)",오수민,1.0
따끔,거미,1.0
딱 한 시간만,진보(Jinbo),1.0
떠나기 전날에,진보(Jinbo),1.0
또 한번 사랑은 가고,이기찬,1.0
라라라,이수영,1.0
라일락이 질때,이선희,1.0
라틴썸머 (Latin Summer),정기고(Junggigo),1.0
랄랄라,시와(Siwa),1.0
로그인 (Log-In),티아라(T-ara),1.0
로맨틱하게,블락비(Block B),1.0
오늘밤,엠&엔(M&N;),1.0
로쿠차 구다사이,이랑,1.0
마음에 남았네,싸지타(Sagitta),1.0
마지막 사랑,플라이 투 더 스카이(Fly To The Sky),1.0
예술이야,싸이(Psy),1.0
망고,CHEEZE,1.0
매일 그대와 ('응답하라 1988' 삽입곡),들국화,1.0
"예감 (Re-Mastering, 영화 '동갑내기 과외하기' 주제곡)",피비스(PB's),1.0
예감,젝스키스(Sechs Kies),1.0
멀어져 간 사람아,박상민,1.0
사고쳤어요,다비치,1.0
사랑 빛,씨엔블루(CNBLUE),1.0
그 말을 해줘,수경 [빨간의자],1.0
술 (C2H5OH),브라운 아이드 소울(Brown Eyed Soul),1.0
새,전람회,1.0
안녕 나의 사랑,성시경,1.0
서울의 달,김건모,1.0
아픔 (Play 장은아),러브홀릭스(Loveholics),1.0
선인장 (Vocal 차세정),에피톤 프로젝트(Epitone Project),1.0
세러네이드,줄리아 하트(Julia Hart),1.0
소년은 울지 않는다,사탕고래,1.0
송애(送愛),에스더(Esther),1.0
송인(送人),쿨(COOL),1.0
수고하셨습니다,이호석,1.0
술,플라이 투 더 스카이(Fly To The Sky),1.0
술과 순정 (feat. 은지원),제이(J.ae),1.0
언제쯤...,김건모,1.0
술버릇,원티드(Wanted),1.0
숨길 수 없어요,롤러코스터(Rollercoaster),1.0
"아무말도, 아무것도...",박정현,1.0
슬픈 언약식,김정민,1.0
슬픈 인연,공일오비(015B),1.0
습관 (ver. 2),유니,1.0
"시작 (feat. 간미연, Mc Smily, 가루다)",박지윤,1.0
신나? (우리가 누구?) (feat. Lisa),다이나믹 듀오(Dynamic Duo),1.0
아름다운 이별 2 (feat. 이재훈),싸이(Psy),1.0
신데렐라처럼,나윤선,1.0
아름다운 이별 (2009 Re-Mastering ver.),김건모,1.0
상상막차(想像終車),허민,1.0
안부 (duet with 나윤권),별,1.0
삶의 향기 (Soul Flower),t윤미래,1.0
살빼지 마요,소란(Soran),1.0
사랑에 빠져본 적 있나요,스탠딩 에그(Standing Egg),1.0
사랑은 봄비처럼...이별은 겨울비처럼... (Bonus Track),임현정,1.0
사랑은 비를 타고,씨엔블루(CNBLUE),1.0
사랑의 바보,더 넛츠(The Nuts),1.0
어이 (Uh-ee),크레용팝(Crayon Pop),1.0
사랑이라는 이유로,이소은,1.0
사랑인가요 (duet with J) (Ivy Mix),하울(HowL),1.0
"어떤 날도, 어떤 말도",Lucia(심규선),1.0
사랑인데,나오미(Naomi),1.0
사랑일 뿐야 (feat. 김세황) (원곡가수 김민우),김연우,1.0
사랑하기 때문에,왁스(Wax),1.0
사랑하기 전에는 (Acoustic ver.),박완규,1.0
사랑한다 말할까봐,어쿠스틱 콜라보(Acoustic Collabo),1.0
어느덧 일주일,오종혁(OJ),1.0
사랑한다는 흔한 말,김연우,1.0
사랑한대 (With Windy),스탠딩 에그(Standing Egg),1.0
양 한 마리 양 두 마리,타이(Tie),1.0
사랑해 사랑해,2AM,1.0
사랑해.. 기억해..,ASHGRAY(애쉬그레이),1.0
사랑했나요,나원주,1.0
애원(愛遠),박상민,1.0
산책,낭만유랑악단,1.0
산행(山行),베란다 프로젝트(Verandah Project),1.0
오직 당신 뿐,몸과마음,1.0
둘이서,채연,1.0
두근두근 뛰는 가슴 사랑이 온건지 (feat. Soulman),소설,1.0
이별시작,나얼(Na-Ul),1.0
이젠,쥬얼리(Jewelry),1.0
나 같은 여자 (Acoustic Guitar ver.),화요비,1.0
나 돌아가,박진영,1.0
나 돌아가,임정희,1.0
나 때문이죠,오현란,1.0
나 때문이죠,최재훈,1.0
나 아직도 꿈꾸네,달콤한 소금,1.0
나 항상 그대를,이선희,1.0
나 홀로,빅마마(Big Mama),1.0
이별의 온도,윤종신,1.0
나의 안부,윤종신,1.0
난,필베이(Feelbay),1.0
동화처럼,러브홀릭(Loveholic),1.0
이별남녀,서인국,1.0
난 너에게,마이콜(Mycoll),1.0
이별 후,서문탁,1.0
난 멈추지 않는다,잼(Zam),1.0
날 그만 잊어요 (Acoustic ver.) (Bonus Track),거미,1.0
날개뼈 (Hot Wings) (feat. 효린 Of Sistar),다이나믹 듀오(Dynamic Duo),1.0
날아오르다,빅마마(Big Mama),1.0
남자를 몰라,버즈(Buzz),1.0
이렇게 살고 있어,노리플라이(no reply),1.0
내 남자친구를 부탁해,윤하(Younha/ユンナ),1.0
이노래,2AM,1.0
이젠 안녕,공일오비(015B),1.0
이토록 뜨거운 순간 (feat. 양다일),정키(Jung Key),1.0
꿈에 들어와,서울 전자 음악단,1.0
인사,린(LYn),1.0
"그 자리에, 그 시간에",성시경,1.0
정,영턱스클럽(YTC),1.0
그 해 여름,써니힐(Sunny Hill),1.0
그녀가 나를 보네...,브라운 아이즈(Brown Eyes),1.0
그녀를 사랑해줘요,하동균,1.0
그대,브라운 아이드 소울(Brown Eyed Soul),1.0
그대 돌아오면..,거미,1.0
잔인한 이별,이정,1.0
그대도 나와 같다면 (feat. 송희란),빌리어코스티(Bily Acoustie),1.0
그대라면,알렉스(Alex) [클래지콰이],1.0
자전거 데이트,심현보,1.0
그대를 사랑할수록,브리즈(The Breeze),1.0
그대와 영원히,김범수,1.0
그대의 향기,유영진,1.0
그댈 마주하는건 힘들어 (그마힘),버스커 버스커(Busker Busker),1.0
그땐 그땐 그땐,슈프림팀(Supreme Team),1.0
그랬나봐,김형중,1.0
그런일은,화요비,1.0
그럴 때도 있어요,원 모어 찬스(one more chance),1.0
그리움,이바디(Ibadi),1.0
그저 그런 하루,노리플라이(no reply),1.0
기다리다,패닉(Panic),1.0
인생은 금물,언니네 이발관,1.0
내 사람,휘성,1.0
내 사랑 내 곁에 (Bonus Track),럼블 피쉬(Rumble Fish),1.0
내 심장이 뛰어요 (feat. 숙희),PK 헤만(PK Heman),1.0
우린 제법 잘 어울려요,성시경,1.0
우리의 삶이 항상 날씨 좋은 그 어느 날 같았으면 좋겠어요,이정아(Lee Jung-Ah),1.0
눈물로 시를 써도,이승환,1.0
눈물사탕,코인,1.0
우리의 밤,정준일 [메이트],1.0
눈물이 주룩주룩,박정현,1.0
눈치채 줄래요 (Didn't You Know),로맨틱 펀치(Romantic Punch),1.0
니 생각,투개월,1.0
우리 존재 화이팅,버벌진트(Verbal Jint),1.0
우리 이별한 거라면,실루엣,1.0
우리 이렇게 스쳐보내면,공일오비(015B),1.0
니가 내리는 날,자화상,1.0
다 알아요,양파,1.0
다 줄꺼야 (Acustic ver.),조규만,1.0
우리 비 그치면 산책할까?,스웨터(Sweater),1.0
우리 결혼할까요? (feat. 문명진),허니 패밀리(Honey In Honey Family),1.0
다시 만난 날,휘성,1.0
요즘 너 말야,제이레빗(J Rabbit),1.0
왼손잡이,패닉(Panic),1.0
외워 두세요,성시경,1.0
다시 시작해도 될까요,성시경,1.0
다시..,클래지콰이(Clazziquai),1.0
당부,이승환,1.0
더 좋아,김지수,1.0
누구도 이별을 원하진 않았다,316,1.0
놀러와 (싱글즈),러브홀릭(Loveholic),1.0
내 안의 눈물,차호석,1.0
우산 (feat. 윤하),에픽 하이(Epik High),1.0
이 밤이 지나면,먼데이 키즈(Monday Kiz),1.0
이 밤의 끝을 잡고 (R&B Ballad),솔리드(Solid),1.0
내겐 너무 가벼운 그녀,45알피엠(45RPM),1.0
내일 할 일,윤종신,1.0
너라는 걸,조문근,1.0
너라서.. 고마워,로맨틱 사운드 드라이브(Romantic Sound Drive),1.0
너를 너를 너를,플라이 투 더 스카이(Fly To The Sky),1.0
너를 만나고 싶다,한스밴드(Han's Band),1.0
너를 사랑하고도,조성모,1.0
너를 좋아하니까,뷰티핸섬(BeautyHandsome),1.0
위로,김사랑,1.0
너무 아픈 사랑은 사랑이 아니었음을,김광석,1.0
너에게 간다,윤종신,1.0
웃으며 안녕,홍대광,1.0
넌 나를 왜 (feat. 정엽 Of Brown Eyed Soul),길미,1.0
울어도 울어도,디아(Dia) [키스 & 크라이],1.0
넌 너무 야해 (The Way You Make Me Melt) (feat. 긱스),씨스타(Sistar),1.0
널 사랑해 2006 (Sweet Bossa ver.),김정은,1.0
우쿨렐레의 로맨스,파티스트릿(Party Street),1.0
우주보다 좋아해 (I Love You More Than Universe),도나웨일(Donawhale),1.0
우울시계 (feat. 종현 Of SHINee),아이유(IU),1.0
노래가 늘었어,에일리(Ailee),1.0
우습지만 믿어야 할,한희정,1.0
(Bonus Track) Voice Mail (Korean ver.),아이유(IU),1.0
