﻿Title,Artist,cnt
잘못된 만남,김건모,43.0
벌써 일년,브라운 아이즈(Brown Eyes),42.0
두사람,성시경,41.0
술 한잔 해요,지아(Zia),38.0
내입술...따뜻한 커피처럼,샵(S#arp),38.0
출발,김동률,37.0
늦은 후회,보보(Bobo),36.0
사랑은...향기를 남기고,테이(Tei),35.0
기억을 걷는 시간,넬(Nell),33.0
후회한다,포맨,32.0
I Believe (엽기적인 그녀 O.S.T),신승훈,32.0
너의 뒤에서,박진영,31.0
서쪽 하늘,울랄라세션(Ulala Session),30.0
그녀를 사랑해줘요,하동균,29.0
우리 참 좋았는데 (duet with 박정현),성시경,28.0
순정(純情) (London Boys의 I'm Gonna Give My Heart 전주 인용),코요태,28.0
어쩌면...,버즈(Buzz),28.0
"? (물음표) (feat. 최자 Of 다이나믹듀오, Zion.T)",프라이머리(Primary),28.0
벚꽃 엔딩,버스커 버스커(Busker Busker),28.0
샤이보이 (Shy Boy),시크릿(Secret),28.0
사랑이 다른 사랑으로 잊혀지네,하림,28.0
눈물이 안났어,임정희,28.0
A-Yo,지누션(Jinusean),28.0
바보,박효신,27.0
고백 (Go Back) (feat. 정인),다이나믹 듀오(Dynamic Duo),27.0
Never Ending Story,부활,27.0
그남자 그여자 (feat. 장혜진),바이브(Vibe),26.0
아름다운 이별,김건모,26.0
기적 (duet with 이소은),김동률,26.0
별 짓 다해봤는데,알리(Ali),26.0
Heaven,김현성,25.0
다시 사랑한다 말할까,김동률,25.0
아름다운 날들,장혜진,25.0
만약에 말야 (전우성 Solo),노을,25.0
여전히 아름다운지 (feat. 김연우),토이(Toy),24.0
사랑합니다...,팀(Tim),24.0
넋,40(포티),24.0
어떤가요,화요비,24.0
야상곡(夜想曲),김윤아,24.0
With Coffee...,브라운 아이즈(Brown Eyes),24.0
편지,김광진,24.0
어떻게 사랑이 그래요,이승환,23.0
저녁 하늘,에일리(Ailee),23.0
Officially Missing You,긱스(Geeks),23.0
사랑을 외치다,엠씨 더 맥스(M.C the Max),23.0
잊어야 한다는 마음으로,김광석,23.0
라라라,이수영,22.0
한 남자,김종국,22.0
나였으면,나윤권,22.0
못해 (feat. 美),포맨,22.0
널 생각해,원 모어 찬스(one more chance),22.0
좋아해,요조(Yozoh),22.0
아시나요,조성모,22.0
사진,어쿠스틱 콜라보(Acoustic Collabo),22.0
사랑은 언제나 목마르다,유미,22.0
가끔 미치도록 네가 안고 싶어질 때가 있어,가을방학,22.0
그대는 눈물겹다,엠씨 더 맥스(M.C the Max),22.0
나를 슬프게 하는 사람들,김경호,22.0
High High,G-DRAGON,21.0
Go,브라운 아이드 소울(Brown Eyed Soul),21.0
"그대와 나, 설레임 (feat. 소울맨)",어쿠스틱 콜라보(Acoustic Collabo),21.0
초대,엄정화,21.0
커피를 마시고 (Main ver.),어반 자카파(Urban Zakapa),21.0
오래전 그날,윤종신,21.0
"수고했어, 오늘도",옥상달빛,21.0
시간이 흐른 뒤 (As Time Goes By),t윤미래,21.0
행복한 나를,에코(ECO),21.0
그리워 그리워,노을,21.0
아마도 사랑이겠죠,장나라,21.0
친구라도 될 걸 그랬어,거미,21.0
거리에서,성시경,20.0
다행이다,이적,20.0
사랑의 바보,더 넛츠(The Nuts),20.0
고백,델리 스파이스(Deli Spice),20.0
천일동안,이승환,20.0
울지마,브로콜리너마저,20.0
Without You,원타임(1TYM),20.0
챠우챠우 - 아무리 애를 쓰고 막아 보려 해도 너의 목소리가 들려,델리 스파이스(Deli Spice),20.0
"봄날, 벚꽃 그리고 너",에피톤 프로젝트(Epitone Project),20.0
"헤어지지 못하는 여자, 떠나가지 못하는 남자 (feat. 정인)",리쌍(Leessang),20.0
기억의 습작,전람회,20.0
화장을 고치고,왁스(Wax),20.0
나만 몰랐던 이야기,아이유(IU),20.0
취중진담(醉中眞談),전람회,19.0
Gee,소녀시대,19.0
난 널 사랑해,신효범,19.0
서른 즈음에,김광석,19.0
So Cool (쏘쿨),씨스타(Sistar),19.0
빗소리,윤하(Younha/ユンナ),19.0
좋아보여 (feat. 검정치마),버벌진트(Verbal Jint),19.0
비상,임재범,19.0
내가 제일 잘 나가,투애니원(2NE1),19.0
마지막 사랑,박기영,19.0
아메리카노,10cm(십센치),19.0
중독된 사랑,조장혁,19.0
그댄 행복에 살텐데,리즈(Leeds),19.0
I Love You,포지션(Position),19.0
그대 떠난 뒤,나얼(Na-Ul),18.0
I'm In Love (Piano RMX),라디(Ra.D),18.0
오늘밤은 어둠이 무서워요,10cm(십센치),18.0
하늘만 허락한 사랑,엄정화,18.0
날개 잃은 천사,룰라(Roo'Ra),18.0
Take Out,가인 [브라운아이드걸스],18.0
Tears,소찬휘,18.0
나비 무덤,테이크(Take),18.0
이미 슬픈 사랑,야다(Yada),18.0
이등병의 편지,김광석,18.0
첫사랑이죠,아이유 ＆ 나윤권,18.0
너를 위해,임재범,18.0
봄날은 간다 - 영화 '봄날은 간다' 中에서,김윤아,18.0
슈퍼스타,이한철,18.0
원하고 원망하죠,애즈 원(As One),18.0
좋은사람,박효신,18.0
현명한 선택,소찬휘,18.0
거기서거기 (Without You),다이나믹 듀오(Dynamic Duo),17.0
안녕이라고 말하지마,다비치,17.0
당신과의 키스를 세어보아요,화요비,17.0
내게 오는 길 (Bonus Track),성시경,17.0
Black & White,지나(G.NA),17.0
오늘 헤어졌어요,윤하(Younha/ユンナ),17.0
"씨스루 (feat. Zion.T, 개코 Of 다이나믹듀오)",프라이머리(Primary),17.0
꿈에,박정현,17.0
With Me,휘성,17.0
Coffeetalgia (duet with 성시경),해이(Hey),17.0
술이야,바이브(Vibe),16.0
그때 또 다시 (Again),임창정,16.0
잔소리 (With 2AM 슬옹),아이유(IU),16.0
Poison,엄정화,16.0
오래된 노래,김동률,16.0
사랑비,김태우,16.0
사라지지 말아요,디어 클라우드(Dear Cloud),16.0
바람만바람만,김종국,16.0
U Just,소울사이어티(Soulciety),16.0
그런 사람 또 없습니다,이승철,16.0
I Don't Care,투애니원(2NE1),16.0
먼지가 되어,김광석,16.0
좋을텐데,성시경,16.0
생각이 나,부활,16.0
괜찮아,베란다 프로젝트(Verandah Project),16.0
넌 이별 난 아직 (With 한소현 Of 3rd Coast),스탠딩 에그(Standing Egg),16.0
그녀와의 이별,김현정,16.0
사랑해 그리고 기억해,지오디(god),16.0
MONSTER,BIGBANG,16.0
그대네요,성시경,16.0
Oh!,소녀시대,16.0
All For You,쿨(COOL),16.0
천년의 사랑,박완규,15.0
귀로,나얼(Na-Ul),15.0
눈물 (feat. 유진 Of 더 씨야),리쌍(Leessang),15.0
사랑이 술을 가르쳐 (feat. 백찬 From 8eight),이승기,15.0
비가 오는 날엔,비스트(Beast),15.0
허밍,스프링롤(Springloll),15.0
"I Love U, Oh Thank U (feat. 김태우)",MC 몽,15.0
I Need You,허각,15.0
보여줄게,에일리(Ailee),15.0
"너에게 난, 나에게 넌",자전거 탄 풍경,15.0
환상,박지윤,15.0
소주 한 잔,임창정,15.0
Rain,이적,15.0
"씨스루 (feat. 개코, Zion.T)",프라이머리(Primary),15.0
처음 느낌 그대로,이소라,15.0
melody,허민,15.0
너무 아픈 사랑은 사랑이 아니었음을,김광석,15.0
비와 당신 (영화 '라디오 스타 '삽입곡),럼블 피쉬(Rumble Fish),15.0
편지할께요,박정현,15.0
"조금씩, 천천히, 너에게 (With 타루)",노리플라이(no reply),15.0
Lovey-Dovey,티아라(T-ara),15.0
미인(美人),이기찬,15.0
Feel So Good,아이유(IU),15.0
Only One For Me,소울스타(Soulstar),15.0
나혼자 (Alone),씨스타(Sistar),15.0
정류장,버스커 버스커(Busker Busker),15.0
애상,10cm(십센치),15.0
애송이의 사랑,양파,14.0
아로하,쿨(COOL),14.0
사랑한다 사랑해,컬투(Cultwo),14.0
앵무새,하울(HowL),14.0
선인장 (Acoustic ver.),에피톤 프로젝트(Epitone Project),14.0
Something About You,Martin Solveig(마틴 솔베이그),14.0
붙잡고도,노을,14.0
사랑한다는 흔한 말,김연우,14.0
My Everything,브라운 아이드 소울(Brown Eyed Soul),14.0
여기서 끝내자 (duet with 짙은),타루(Taru),14.0
아이처럼,김동률,14.0
선인장,성시경,14.0
불꽃놀이 (Fireworks),다이나믹 듀오(Dynamic Duo),14.0
언제나 그랬죠,브라운 아이즈(Brown Eyes),14.0
야야야,베이비복스(Baby V.O.X),14.0
비밀 (Special Vocal 박완규),부활,14.0
"아이스크림가게, 팬시보이",타루(Taru),14.0
Supa Dupa Diva,달샤벳(Dal★shabet),14.0
Missing You (feat. 김윤아 Of 자우림),G-DRAGON,14.0
사진을 보다가,바이브(Vibe),14.0
Lovers,정준일 [메이트],14.0
Rhythm Of My Life,차가운 체리(Cold Cherry),14.0
실화,린(LYn),14.0
"사람, 사랑",김범수,14.0
사랑했나봐,윤도현,14.0
Lie,화요비,14.0
Love,조장혁,14.0
Trouble Maker,트러블메이커(Troublemaker),14.0
어제보다 슬픈 오늘,김건모,14.0
사랑합니다 (feat. 부활),엠씨 더 맥스(M.C the Max),14.0
언제까지 내 맘속에서,몽니(Monni),14.0
새벽 4시,10cm(십센치),14.0
슬픈 언약식,김정민,14.0
기억속의 먼 그대에게,박미경,14.0
영원속에,윤상,14.0
집에 가지마,G-DRAGON,14.0
내게 오는 길,성시경,14.0
충분히 예뻐 (feat. 산체스 Of 팬텀),버벌진트(Verbal Jint),14.0
내게로,성현주,14.0
처음으로 우산을 잃어버렸어요,델리 스파이스(Deli Spice),14.0
그녀가 나를 보네...,브라운 아이즈(Brown Eyes),14.0
Candy (캔디),H.O.T.,14.0
착한 사랑,김민종,14.0
그곳에 그대가 (For J-Han),더 원(The One),14.0
준비 없는 이별,녹색지대,14.0
Bad Girl Good Girl,미쓰 에이(miss A),14.0
Dancing Queen,소녀시대,14.0
그 후로 오랫동안,신승훈,14.0
눈물,리아(Riaa),14.0
눈물샤워 (feat .에일리),배치기,14.0
눈물은 모르게,엠씨 더 맥스(M.C the Max),14.0
본 적 있나요...? (Have You Seen?),라즈베리필드,14.0
Fiction,비스트(Beast),14.0
되돌리다,이승기,14.0
Beatles Cream Soup (With 연진) (Acoustic),이지형,14.0
내가 너의 곁에 잠시 살았다는 걸,김연우,14.0
러비듀,바닐라 어쿠스틱(Vanilla Acoustic),14.0
A,레인보우(Rainbow),14.0
깊이,백지영,14.0
기대,나윤권,14.0
12월 32일,별,14.0
혼자한 사랑,김현정,14.0
"29, 어느날",양빛나라,14.0
그런일은,화요비,14.0
그런날엔,솔솔부는 봄바람,14.0
365일,알리(Ali),14.0
하루 끝,아이유(IU),14.0
내 여자,더 원(The One),14.0
하늘을 달리다,허각,14.0
그때로 돌아가는 게,김조한,14.0
난 행복해,이소라,14.0
그대를 알고,양파,14.0
남자 때문에,주(Joo),14.0
"그대는 어디에 (feat. 한희정) ('지붕뚫고 하이킥' 정음, 지훈 회상씬 삽입곡)",에피톤 프로젝트(Epitone Project),14.0
그대가 들려요,김범수,14.0
내 마음 깊은 곳의 너,신해철,14.0
For Your Soul (슬픈 영혼식),조성모,14.0
다 잊고 살자,휘(徽),14.0
Friday Night,지오디(god),14.0
미치겠어,틴 탑(Teen Top),14.0
이별 공식,알이에프(R.ef),14.0
미친거니,바이브(Vibe),14.0
리쌍부르쓰 (feat. 정인),리쌍(Leessang),14.0
감사,김동률,14.0
이 밤의 끝을 잡고 (R&B Ballad),솔리드(Solid),14.0
Hip Song,비(Rain),14.0
Honey (허니),카라(Kara),14.0
바보에게... 바보가,박명수,14.0
I Decide,헤리티지(Heritage),14.0
가위,유승준,14.0
가식걸,씨스타(Sistar),14.0
I GOT A BOY,소녀시대,14.0
가슴이 뛴다,케이윌(K.Will),14.0
왜 하늘은...,이지훈,14.0
I Need You (Duet with 허각),지아(Zia),14.0
버스 안에서,자자(Zaza),14.0
오늘 이 노래,코쿤벨즈(Cocoon Bells),14.0
illa illa (일라 일라),JUNIEL(주니엘),14.0
오! 나의 여신님 (Oh! My Goddess),트랙스(Trax),14.0
Heart To Heart,포미닛(4minute),14.0
"Quizas, Quizas, Quizas (영화 '화영연화')",Nat King Cole(냇 킹 콜),14.0
몰라,소란(Soran),14.0
잘지내,정엽,14.0
인연 (동녘바람),이선희,14.0
Push Push,씨스타(Sistar),14.0
미소속에 비친 그대,신승훈,14.0
미련한 사랑,JK 김동욱,14.0
목소리 (feat. 개리 Of 리쌍),백지영,14.0
걸음이 느린 아이,고유진(플라워),14.0
멍,김현정,14.0
뭐라할까!,브리즈(The Breeze),14.0
니가 싫어,어반 자카파(Urban Zakapa),13.0
그런가봐요...,브이원 (V.One),13.0
Replay,김동률,13.0
내꺼하자,인피니트(Infinite),13.0
가시,버즈(Buzz),13.0
변해가네 (feat. 정인),리쌍(Leessang),13.0
달팽이,패닉(Panic),13.0
꿈일까봐 (SBS 드라마 '나도야 간다' O.S.T.),백지영,13.0
사랑은 봄비처럼... 이별은 겨울비처럼,임현정,13.0
광대 (With BMK),리쌍(Leessang),13.0
사랑에 빠지고 싶다,김조한,13.0
그래도 사랑이다 (이 죽일 놈의 사랑 O.S.T),신승훈,13.0
내일을 묻는다 (Album Edit),제이레빗(J Rabbit),13.0
난리나,블락비(Block B),13.0
Stay,넬(Nell),13.0
사랑.. 그 몹쓸병,휘성,13.0
갈색머리 (feat. 김연우),윤건,13.0
빈 방,4-49(포포리나인),13.0
UGLY,투애니원(2NE1),13.0
사랑.. 그 놈,바비 킴(Bobby Kim),13.0
사랑 안해,백지영,13.0
너는 왜,철이와 미애,13.0
내가 만일,안치환,13.0
Roly-Poly,티아라(T-ara),13.0
Goodbye Yesterday,터보(Turbo),13.0
이별택시,김연우,13.0
챔피언,싸이(Psy),13.0
제발,이소라,13.0
완벽한 날 (feat. 아이비),버벌진트(Verbal Jint),13.0
첫눈에,윤하(Younha/ユンナ),13.0
이브의 경고 (Jungle),박미경,13.0
어떡하죠 (천국의 나무 O.S.T),신승훈,13.0
Evergreen,Susan Jacks(수잔 잭스),13.0
추억은 사랑을 닮아,박효신,13.0
오직 너뿐인 나를...,이승철,13.0
처음 사랑하는 연인들을 위해 (반말송),정용화(Jung Yong Hwa),13.0
정원 (New),달에닿아,13.0
BK Love,MC 스나이퍼(MC Sniper),13.0
Aqua Man,빈지노(Beenzino),13.0
재회,어반 자카파(Urban Zakapa),13.0
오늘 우린 (feat. 정미란),곰PD,13.0
커플 (Couple),젝스키스(Sechs Kies),13.0
라라라,SG워너비,12.0
아까워 (feat. 개코 Of 다이나믹 듀오),에픽 하이(Epik High),12.0
좋은 사람 (feat. 김형중),토이(Toy),12.0
To Heaven (천국으로 보낸 편지),조성모,12.0
톡톡 (Tok Tok) (feat. Soya),마이티 마우스(Mighty Mouth),12.0
발걸음,에메랄드 캐슬(Emerald Castle),12.0
인생은 알 수가 없어 (핫초코),좋아서 하는 밴드,12.0
다만,이승환,12.0
누구보다 널 사랑해,비쥬(Bijou),12.0
사랑이라는 이유로,김광석,12.0
Sweet Holiday,씨엔블루(CNBLUE),12.0
일년이면,휘성,12.0
미아(迷兒),박정현,12.0
"Don't Worry, Be Happy!",유리상자,12.0
끝사랑,김범수,12.0
사랑은 은하수 다방에서,10cm(십센치),12.0
보고 싶다,김범수,12.0
Loving U (러빙유),씨스타(Sistar),12.0
사랑 Two,윤도현,12.0
좋아요,장미여관,12.0
대낮에 한 이별 (feat. 선예 Of Wonder Girls),박진영,12.0
눈물나,정엽,12.0
거리에서,김광석,12.0
Baby Baby,조규찬,12.0
커피를 마시고 (Crystal S. Remix) (Arpeggio ver.),어반 자카파(Urban Zakapa),12.0
나만의 슬픔 (Rock Ballad),김돈규,12.0
그대를 바라보면,소심한 오빠들(Sosimboys),12.0
취미는 사랑 (Album ver.),가을방학,12.0
피어나,가인 [브라운아이드걸스],12.0
나만 모르게 (feat. T),슈프림팀(Supreme Team),12.0
열정 (熱情),유승준,12.0
그댈 알고 싶어요,인광,12.0
에필로그,유희열,12.0
"쿠키, 커피",바닐라 어쿠스틱(Vanilla Acoustic),12.0
에너지 (feat. 선예),마이티 마우스(Mighty Mouth),12.0
초콜렛군 오렌지양,밀크티(Milktea),12.0
No.5 (Rap feat. 은지원),제이(J.ae),12.0
나 어릴적 꿈,터보(Turbo),12.0
7989 (강타 & 태연),소녀시대,12.0
"다시 사랑한다면 (feat. 김보아, 맹지나, 전혜원)",하동균,12.0
사랑병 ,비투비(BTOB),12.0
영원한 사랑,핑클(Fin.K.L),12.0
i,저스트(Just),11.0
"Love Is Coffee (feat. 이지혜, 진웅)",하루(Haroo),11.0
Timeless,SG워너비,11.0
그리워,메이트(Mate),11.0
정말 사랑했을까,브라운 아이드 소울(Brown Eyed Soul),11.0
YOU AND I,박봄,11.0
어느 60대 노부부 이야기,김광석,11.0
드디어 만났다 (feat. Junggigo),팔로알토(Paloalto),11.0
Where U At? (Solo Simon D),슈프림팀(Supreme Team),11.0
FANTASTIC BABY,BIGBANG,11.0
두 바퀴로 가는 자동차,김광석,11.0
눈이 먼저,포이트리(Poetree),11.0
그 노래,존 박(John Park),11.0
아니면서,성시경,11.0
첫 이별 그날 밤,아이유(IU),11.0
미워하다,윤하(Younha/ユンナ),11.0
첫째 날 (With 나얼),에코 브릿지(Eco bridge),11.0
Second First Date (feat. Ritha K) (Bonus Track From Jazz Set),디제이 아키(DJ AKI),11.0
키스미,참깨와 솜사탕,11.0
초콜릿 트러플 (Unplugged ver.),클래지콰이(Clazziquai),11.0
그대,브라운 아이드 소울(Brown Eyed Soul),11.0
미워요,정인,11.0
같이 걸을까,이적,11.0
Oh Yeah (feat. 박봄),G-DRAGON,11.0
그대 내품에,유재하,11.0
설레임,사운디스트(SOUNDist),11.0
커플,젝스키스(Sechs Kies),11.0
내 삶의 반,한경일,11.0
기름 같은걸 끼얹나 (feat. 뎁 & Beenzino),버벌진트(Verbal Jint),11.0
사랑에 빠져본 적 있나요 (With Ra.D) (Acoustic ver.),스탠딩 에그(Standing Egg),11.0
My Man,다비치,11.0
바래진 기억에,박지윤,11.0
나의 노래,김광석,11.0
감기,이기찬,11.0
기다린 날도 지워질 날도,이승환,11.0
발작(發作),원티드(Wanted),11.0
가질 수 없는 너,뱅크(Bank),11.0
사랑이 지나가면,이문세,11.0
바람이 불어오는 곳,김광석,11.0
잠 못 드는 밤 비는 내리고 (박광현 <잠도 오지 않는 밤에> 삽입),김건모,11.0
사랑이 떠나가네,김건모,11.0
아파 (Slow),투애니원(2NE1),11.0
이별후애 (feat. 주보라),원써겐(1sagain),10.0
잠 못 드는 밤에,문명진,10.0
별(別),팀(Team),10.0
그땐 그땐 그땐,슈프림팀(Supreme Team),10.0
"Here, I Stand For You (Original ver.)",넥스트(N.EX.T),10.0
나비효과,신승훈,10.0
둘이서 좋아 (feat. 구자창),동경소녀,10.0
나를 찾아서 (Vocal 한솔),키스 미 조이(Kiss Me Joy),10.0
검은 고양이,터보(Turbo),10.0
I Need Your Love,이지형,10.0
하지 못한 말,노을,10.0
Hug,동방신기(TVXQ!),10.0
미스터,카라(Kara),10.0
고백,한소아,10.0
눈 내리던 어느 날 ,윈터플레이(Winterplay),10.0
사랑은 창밖에 빗물 같아요,지아(Zia),10.0
보이지 않는 사랑,신승훈,10.0
아이 (Love),에프엑스(f(x)),10.0
꿈을 모아서,S.E.S.,10.0
Sunshine,스윗소로우(SWEET SORROW),10.0
토요일 오후에,라즈베리필드,10.0
썸데이 (싱글파파는 열애중 OST 삽입곡),김동희,10.0
B형 여자,윤한(Yoonhan),10.0
Sketch 1,에피톤 프로젝트(Epitone Project),10.0
Shock,비스트(Beast),10.0
너를 사랑해 (feat. 하대환),S.E.S.,10.0
사막에서 꿈꾸다...,린(LYn),10.0
꽃보다 그대가 (feat. Simon D),영준 [Brown Eyed Soul],10.0
"Oh, My Love",S.E.S.,10.0
Ballerino(발레리노),리쌍(Leessang),10.0
내 사람,SG워너비,10.0
Promise,라-듀오(La-Duo),10.0
꿍따리 샤바라,클론(Clon),10.0
그 자리로 떠나요 (feat. Band Nia Vocal By 전소연),프리 스타일(Free Style),10.0
"L.B.A (Love Breakin Apart) (feat. E-Sens For Supreme Team, 김연우)",다이나믹 듀오(Dynamic Duo),10.0
사랑은 (Song 정인),리쌍(Leessang),10.0
애상,쿨(COOL),10.0
사랑 빛,씨엔블루(CNBLUE),10.0
고백하는 날 (Full ver.) (feat. Jake Shapiro Of Two Ton Shoe) ('스친소' 배경음악),노리플라이(no reply),10.0
Dreams Come True,S.E.S.,10.0
Y,프리 스타일(Free Style),10.0
여수 밤바다,버스커 버스커(Busker Busker),10.0
불꽃 (feat. 개리),장혜진,10.0
마음이 다쳐서 (feat. Crown J),나비(Navi),9.0
전활 받지 않는 너에게,2AM,9.0
잠이 늘었어,조규찬,9.0
출발 (feat. 하림),김동률,9.0
정말로 사랑한다면,버스커 버스커(Busker Busker),9.0
미련,김건모,9.0
핑계 (Reggae),김건모,9.0
닐리리맘보,블락비(Block B),9.0
다섯시 반,브로콜리너마저,9.0
하늘,하늘 [그룹],9.0
Goodbye To Romance,써니힐(Sunny Hill),9.0
Addio,양파,9.0
집으로 돌아오는 길 (feat. SG워너비 - 김진호),씨야(SeeYa),9.0
Dancing Queen,크레용팝(Crayon Pop),9.0
편지,랄라스윗(lalasweet),9.0
Darling (feat. JC a.k.a 지은),슈프림팀(Supreme Team),9.0
녹턴 (Nocturn),이은미,9.0
그대이길 바래요 (With 케이윌),지아(Zia),9.0
"힘을 내요, 그대",더필름(The Film),9.0
바래다 주는 길,바이브(Vibe),9.0
약속해 약속해 2012 (feat. 조현아 Of 어반 자카파),버벌진트(Verbal Jint),9.0
Like You (feat. 아이유),원티드(Wanted),9.0
새벽,유희열,9.0
살다가,SG워너비,9.0
산들산들,언니네 이발관,9.0
오 나의 여신님,성시경,9.0
Y (Please Tell Me Why),프리 스타일(Free Style),9.0
블렌딩,커피소년,9.0
More Than Words,오션(5tion),9.0
바보 (feat. Bumkey),에픽 하이(Epik High),9.0
사랑이 지나가면,이수영,9.0
아메리카노에게,커피소년,9.0
근.자.감 (feat. 박지혜),포이트리(Poetree),9.0
안녕 나야,포맨,9.0
"Love (feat. Bumkey, Paloalto)",프라이머리(Primary),9.0
Love Is...,이퍼블릭(E-Public),9.0
우리 처음 만난 날,한희정,9.0
The Water Is Wide,Karla Bonoff(칼라 보노프),9.0
...안 되나요... (부제: 화양연화),휘성,9.0
힐링이 필요해 (October Rain),윤건,9.0
강남스타일,싸이(Psy),9.0
가장 따뜻한 위로,소란(Soran),9.0
소원,김현성,9.0
그대 내게 다시,럼블 피쉬(Rumble Fish),8.0
길,지오디(god),8.0
내 입술... 따뜻한 커피처럼,샵(S#arp),8.0
너의 뒤에서,성시경,8.0
흐르는 눈물 막을 수 없어,박진혁,8.0
편지,김종국,8.0
P.S. I Love You,박정현,8.0
쥴리엣,스탠딩 에그(Standing Egg),8.0
스물 셋 (My Life),강타,8.0
Reason 4 Breathing (Bonus Track),나얼(Na-Ul),8.0
사랑이라서,임재범,8.0
Compassion (Prologue),센티멘탈 시너리(Sentimental Scenery),8.0
소월에게 묻기를,윤상,8.0
누구도 이별을 원하진 않았다,316,8.0
안아줘,정준일 [메이트],8.0
난,아이비(IVY),8.0
수취인불명,프리 스타일(Free Style),8.0
힘 내! (Way To Go),소녀시대,8.0
사랑한 후에,박효신,8.0
Mr. Wonderful,모리(Morrie),8.0
Once Again (Bonus Track),윤한(Yoonhan),8.0
청소,더 레이(The Ray),8.0
서시,신성우,8.0
그대 걷던 길,노리플라이(no reply),8.0
Nothing Better (서울무림전 OST ver.),정엽,8.0
슬픔을 참는 세가지 방법,혜령,8.0
춘천가는 기차,나희경 [Jazz],8.0
희망고문,에피톤 프로젝트(Epitone Project),8.0
Baby Baby,포맨,8.0
Nothing Better,브라운 아이드 소울(Brown Eyed Soul),8.0
시작,박기영,8.0
그곳에 서서,박효신,8.0
기다리는 이유,임창정,8.0
시작되는 연인들을 위해,이원진,8.0
사랑해,스윗소로우(SWEET SORROW),8.0
신촌을 못가,포스트맨(Postmen),8.0
사랑합니다,이재훈 ,8.0
너에게,박혜경,8.0
Chocolate Drive,모이다 밴드(Moida Band),8.0
사랑한다는 말로도 위로가 되지 않는,브로콜리너마저,8.0
사랑해도 될까요?,유리상자,8.0
미안해,노리플라이(no reply),8.0
애인... 있어요,이은미,8.0
2HOT,지나(G.NA),8.0
같은 베개...,테이(Tei),8.0
가슴소리 (Radio Edit),더 레이(The Ray),8.0
백야,짙은(Zitten),8.0
배려,박기영,8.0
우리 지금 만나 (feat. 장기하와 얼굴들),리쌍(Leessang),8.0
For You (돌아가줘),브라운 아이즈(Brown Eyes),8.0
가시나무,애즈 원(As One),8.0
I Do,더 원(The One),8.0
Galaxy Tourist (Vocal By 연진 Of 라이너스의 담요),페퍼톤스(Peppertones),8.0
Get Up,베이비복스(Baby V.O.X),8.0
낙원 (feat. 이재훈),싸이(Psy),8.0
와,이정현,8.0
맡겨,인피니트(Infinite),8.0
"겨울, 밤",이지형,8.0
작은 자유 (Bonus Track),오지은,8.0
하루하루,BIGBANG,8.0
그랬나요,이승기,8.0
행복한 나를 (feat. 존박),허각,8.0
웃으며 넘길래,제이레빗(J Rabbit),8.0
위로,하림,8.0
감사 (Bonus Track),김동률,8.0
이화동 (duet with 한희정),에피톤 프로젝트(Epitone Project),8.0
고등어,루시드 폴(Lucid Fall),8.0
헤어지지 말자,고현욱,8.0
I'm In Love,라디(Ra.D),8.0
다시 와주라,바이브(Vibe),8.0
Lost,박효신,8.0
Double,김건모,8.0
끝이라기엔,소울맨(Soulman),8.0
Long Story Short,가을방학 김재훈,8.0
제자리 걸음,김종국,8.0
나 같은 여자,화요비,8.0
홀로 된다는 것,이루(Eru),8.0
汝歌(여가),장연주,8.0
얼음요새,디어 클라우드(Dear Cloud),8.0
어머님께,지오디(god),8.0
보통날,지오디(god),8.0
정,영턱스클럽(YTC),8.0
오래된 사진처럼,김범수,8.0
오늘 (Vocal 차세정),에피톤 프로젝트(Epitone Project),8.0
보이지 않는 사랑,김효진 [배우],8.0
부디,Lucia(심규선),8.0
그대를 그리다 (KBS 드라마 성균관 스캔들 피아노 테마),윤한(Yoonhan),8.0
담요송 (Song Blanket),라이너스의 담요(Linus' Blanket),8.0
닮았잖아,이소은,8.0
편지,채정안,7.0
나는 그 사람이 아프다 (feat. 타루),에피톤 프로젝트(Epitone Project),7.0
남쪽 끝섬,하찌와 TJ,7.0
회상 (December),터보(Turbo),7.0
하루 (feat. 린),옥수사진관,7.0
행복을 찾아서 (피쳐링. 조현아 of 어반자카파),리쌍(Leessang),7.0
한번 더 이별,성시경,7.0
큰일이다,브이오에스(V.O.S.),7.0
손잡고 허밍 (feat. 요조) (Album ver.),재주소년,7.0
내가 웃는게 아니야 (With Ali),리쌍(Leessang),7.0
안아줘요,10cm(십센치),7.0
우린 친구가 될 수 없어 ,리사(Lisa),7.0
외출,최재훈,7.0
왜 이러니,티아라(T-ara),7.0
복숭아,아이유(IU),7.0
부디,정재욱,7.0
비(悲)의 Rhapsody,최재훈,7.0
비밀번호 486,윤하(Younha/ユンナ),7.0
어떤 그리움,핑클(Fin.K.L),7.0
어땠을까 (feat. 박정현),싸이(Psy),7.0
어느 멋진 날,세븐스 플로어(The 7th Floor),7.0
약속,김범수,7.0
아프고 아파도,솔플라워(Sol' Flower),7.0
친구가 연인이 되기까지,쿨(COOL),7.0
아침 눈물,아이유(IU),7.0
아무말 말아요 (feat. 전제덕),웅산,7.0
사랑이란 이유로,JK 김동욱,7.0
사랑인가요,박새별,7.0
상처,안재욱,7.0
시계,브라운 아이드 소울(Brown Eyed Soul),7.0
시간이 지나면,백지영,7.0
슬픈연가,조은(Cho Eun),7.0
세상에 뿌려진 사랑만큼,이승환,7.0
소녀,SG워너비,7.0
속아도 꿈결,가을방학,7.0
바보,t윤미래,7.0
바람기억,나얼(Na-Ul),7.0
이별,서영은,7.0
이별 그리고 사랑,엠투엠(M To M),7.0
내사랑 내곁에,김현식,7.0
너에게 ('라디오 스타' MC몽 추천곡),피플 크루(People Crew),7.0
진심 (feat. 임세준),정키(Jung Key),7.0
넌 언제나,박효신,7.0
널 지울 수는 없는지,노리플라이(no reply),7.0
노래가 되어,성시경,7.0
죽도록 사랑해 (feat. 박정현),MC 몽,7.0
좋은 사람 (2007 ver.) (Bonus Track),달빛요정역전만루홈런,7.0
단 한번 그대를 위한 일,린(LYn),7.0
"두 번째, 방",Lucia(심규선),7.0
잠시 길을 잃다 (Original),공일오비(015B),7.0
드라마,김건모,7.0
"말로 사랑하는 건 쉽잖아, 마음으로 사랑하는게 어렵지 (feat. 박서영)",정혜담,7.0
말해주세요,9와 숫자들,7.0
맛좋은산 (feat. Min),산이(San E),7.0
매듭,이적,7.0
머리를 자르고,데이라이트(Daylight),7.0
먼지가 되어,로이킴,7.0
잊혀지다 (feat. 양다일),정키(Jung Key),7.0
잊었니...,t윤미래,7.0
손 틈새로,거미,7.0
미안해요 (feat. T.O.P),거미,7.0
이별이 오지 못하게,페이지(Page),7.0
몽중인(夢中人),김현정,7.0
루팡 (Lupin),카라(Kara),7.0
Ordinary,박정현,7.0
Stardust,W & Whale(더블유 앤 웨일),7.0
Home Again,권순관,7.0
"3호선 매봉역 (feat. Paloalto, Beenzino)",프라이머리(Primary),7.0
Memories... (Smiling Tears),t윤미래,7.0
Hold The Line,조pd(ZoPD),7.0
고백 (Produced By Vibe 윤민수),포맨,7.0
가장 듣고 싶은 말,이아립,7.0
Again & Again,2PM,7.0
그게 되나요,브이오에스(V.O.S.),7.0
7년간의 사랑,규현(KYUHYUN),7.0
8282,다비치,7.0
Again,스페이스 A(Space A),7.0
For My Love,엠스트리트(M.Street),7.0
곰인형 (feat. 해금),린(LYn),7.0
Heartbreaker,G-DRAGON,7.0
공원여행 (Vocal By 현민),페퍼톤스(Peppertones),7.0
Moon Lover,블록(Block),7.0
Tomorrow (feat. 태양),타블로(Tablo),7.0
Nike Shoes (feat. Dynamic Duo),빈지노(Beenzino),7.0
Good-bye Baby,미쓰 에이(miss A),7.0
Good Bye,랄라스윗(lalasweet),7.0
Good Night,10cm(십센치),7.0
굿바이 (With 소유 Of 씨스타),홍대광,7.0
My Soul,줄라이(July) [뉴에이지],7.0
가지마 가지마,브라운 아이즈(Brown Eyes),7.0
Acoustic Breath,한희정,7.0
겨울밤,장재인,7.0
Antifreeze,검정치마,7.0
Storm,루머스(Rumors),7.0
Peace!,재주소년,7.0
기억속의 먼 그대에게,투앤비(2NB),7.0
Because Of You,거미,7.0
Just A Feeling (Original Ver.),S.E.S.,7.0
그대가 나에게,포지션(Position),7.0
1월부터 6월까지 (feat. 윤종신),공일오비(015B),7.0
Insomnia (feat. Humming Girl),허밍 어반 스테레오(Humming Urban Stereo),7.0
그녀안의 나,양파,7.0
In My Tin Case,루싸이트 토끼,7.0
눈 오던 날,재주소년,6.0
그 놈 때문에,엠투엠(M To M),6.0
그녀가 처음 울던 날,김광석,6.0
별,이소라,6.0
눈물빛 글씨,박정현,6.0
내가 되었으면,노리플라이(no reply),6.0
출첵 (feat. 나얼 Of Browneyed Soul),다이나믹 듀오(Dynamic Duo),6.0
Going Home,김윤아,6.0
친구의 친구를 사랑했네,가비엔제이(Gavy N.J.),6.0
썬글라스 (duet with 김지수),바닐라 어쿠스틱(Vanilla Acoustic),6.0
출국(出國),하림,6.0
촛불 하나,지오디(god),6.0
그 자리에 있어,스탠딩 에그(Standing Egg),6.0
잠시 길을 잃다,공일오비(015B),6.0
슬퍼지려 하기 전에,쿨(COOL),6.0
별이 지다..,휘성,6.0
Excuse Me (Piano feat. 지호),브랜뉴직(Brand Newjiq),6.0
너 때문에,브라운 아이즈(Brown Eyes),6.0
참고 살아 (be...),다이나믹 듀오(Dynamic Duo),6.0
좋겠다,한경일,6.0
Dash,백지영,6.0
차마 (Every Breath You Take),보아(BoA),6.0
Your Eyes ,윈터플레이(Winterplay),6.0
귀여워 (With 권정열 Of 10cm),별,6.0
숙취 (duet with 계피),보드카 레인(Vodka Rain),6.0
봄을 그리다,어반 자카파(Urban Zakapa),6.0
스치듯 안녕,이수영,6.0
고마워요,최재훈,6.0
이별이란 걸,주영(JooYoung),6.0
"입장정리 (feat. 최자, Simon D)",프라이머리(Primary),6.0
바보,혜령,6.0
"I Do (feat. 이루펀트, 소울맨)",김디지(Deegie) [트레블러],6.0
미쳤나봐 (With 권정열 Of 10cm),소란(Soran),6.0
떠나지마...,t윤미래,6.0
애수,클래지콰이(Clazziquai),6.0
I'm In Love,나르샤 [브라운아이드걸스],6.0
러브 레시피,거미,6.0
겨울이 오면 (With 테이),임재범,6.0
거북이라도 (Solo 김영우),스윗소로우(SWEET SORROW),6.0
거위의 꿈,카니발(Carnival),6.0
"마음, 얼음처럼 단단하게 (feat. 조원선)",손성제,6.0
영원히 너와 꿈꾸고 싶다 (Forever),소녀시대,6.0
마지막 사랑,엠투엠(M To M),6.0
거짓말,지오디(god),6.0
Lonely,투애니원(2NE1),6.0
여우비,쿨(COOL),6.0
매직 카펫 라이드,자우림(Jaurim),6.0
에구구구,요조(Yozoh),6.0
Love Story,비(Rain),6.0
고백,어쿠스틱 콜라보(Acoustic Collabo),6.0
Must Have Love (우리들의 겨울),SG워너비,6.0
이 정도,양양(YangYang),6.0
인형 (duet with 신혜성),이지훈,6.0
니까짓게,씨스타(Sistar),6.0
아름다운 밤이야,비스트(Beast),6.0
괜찮다,봄(Bom),6.0
Gypsy Girl (집시 걸),윈터플레이(Winterplay),6.0
다시 내게로 돌아와,조관우,6.0
Waltz Lesson (feat. Whale),알렉스(Alex) [클래지콰이],6.0
아름다운 이별 2 (feat. 이재훈),싸이(Psy),6.0
공원에서,유희열,6.0
다시 태어나도 (duet with 에스더),김돈규,6.0
골든 글러브 (CF '박카스 - 비즈니스맨 야근 편'),마이 앤트 메리(My Aunt Mary),6.0
단비,윤종신,6.0
Moment (캐논 EOS M 캠페인송),수지 [miss A],6.0
"아무도, 아무것도",조원선,6.0
이렇게 살고 있어,노리플라이(no reply),6.0
이노래,2AM,6.0
아버지 (feat. Ra.D),다이나믹 듀오(Dynamic Duo),6.0
칵테일 사랑,마로니에(Maronnier),6.0
얼음연못,두번째 달,6.0
내 맘 같지 않던 그 시절,마이 앤트 메리(My Aunt Mary),6.0
하지 못했던 이야기,김경호,6.0
Snowman,장나라,6.0
샤이닝,자우림(Jaurim),6.0
생각이난다 (Mellow),알비-프리 코드 콤비네이션(rb-free code combination),6.0
Smile Boy,이승기,6.0
투명인간,손담비,6.0
난 사랑에 빠졌죠,박지윤,6.0
Trap (feat. Soulstar 이승우),거미,6.0
사랑해 (feat. 윤은혜),마이티 마우스(Mighty Mouth),6.0
"TV를 껐네... (feat. t윤미래, 권정열 Of 10cm)",리쌍(Leessang),6.0
난 너를 사랑해,메이트(Mate),6.0
사랑 사랑아,다비치,6.0
"Tell Me, Tell Me",샵(S#arp),6.0
타인,영턱스클럽(YTC),6.0
사랑해요,김범수,6.0
나란 놈은 답은 너다 (feat. 하림),리쌍(Leessang),6.0
살랑살랑,조원선,6.0
나의 사랑 나의 신부,유엔(UN),6.0
그럴 때도 있어요,원 모어 찬스(one more chance),6.0
사랑해요,이소은,6.0
The Lady (feat. Bumkey(범키) & Dok2(도끼)),투엘슨(2LSON),6.0
나만 몰랐던 이야기 (With Pianist 김광민),아이유(IU),6.0
사랑과 전쟁 (Narr. 하하),다비치,6.0
하고 싶은 말,김태우,6.0
하늘을 품은 소년,바닐라시티(Vanila City),6.0
기대해,걸스데이(Girl's Day),6.0
나비부인,캐스커(Casker),6.0
기분이 좋아,일단은 준석이들,6.0
Song Of The Rain (feat. Bobby Kim),브라운 아이즈(Brown Eyes),6.0
Still Belongs 2 U,김광진,6.0
기적 (feat. 제이비),양정승(Kiroy Y),6.0
10월(月)에 눈이 내리면,성시경,6.0
...사랑했잖아...,린(LYn),6.0
연인,김연우,5.0
어제와 다른 비가 내리는 창 밖을 보며,박경환,5.0
Let's Go Out (feat. Dave Grusin & Mark Douthit),재즈오텍(Jazzotheque),5.0
단꿈,베란다 프로젝트(Verandah Project),5.0
몽환의 숲 (feat. 이루마),키네틱플로우(K-Flow),5.0
Hello,허각,5.0
기도,써니힐(Sunny Hill),5.0
다시 찾은 겨울,장혜진,5.0
Little Star,스탠딩 에그(Standing Egg),5.0
Shake It!,커먼 그라운드(Common Ground),5.0
달을 녹이네,좋아서 하는 밴드,5.0
물끄러미,지아(Zia),5.0
희망사항 (feat. 아이유),마이티 마우스(Mighty Mouth),5.0
Sweety You,어반 자카파(Urban Zakapa),5.0
으쌰! 으쌰!,신화,5.0
끝의 시작,이문세,5.0
하루,포지션(Position),5.0
Headache,원더걸스(Wonder Girls),5.0
다시 시작해보자,김동률,5.0
위로,모든(Moden),5.0
그랬으면 좋겠어,신승훈,5.0
머물러줘,재주소년,5.0
인연,노을,5.0
나비 (Fly Away),어반 자카파(Urban Zakapa),5.0
사랑했지만,김광석,5.0
머물러요,정기고(Junggigo),5.0
다 줄꺼야 (Acustic ver.),조규만,5.0
머물고 싶은 순간,11월,5.0
사랑꿈 (duet with noon),아이니(i-ny),5.0
비와 당신의 이야기,부활,5.0
그런 사람이기를,브라운 아이드 소울(Brown Eyed Soul),5.0
JJ,흠(Heum),5.0
그럼에도 불구하고,김현철,5.0
다시 사랑할 수 있을까,포맨,5.0
모르겠니,바이브(Vibe),5.0
유리,이기찬,5.0
Sweety,샵(S#arp),5.0
해요,정인호,5.0
오늘도 눈물나게 기억속을 걷고있죠.,브이오에스(V.O.S.),5.0
길에서,나비(Navi),5.0
따뜻했던 커피조차도,이지형,5.0
알아요,양파,5.0
Love Latte (duet with 유진),김진우,5.0
마쉬멜로우,아이유(IU),5.0
또 왜 그래,이상순 ,5.0
마법의 성,더 클래식(The Classic),5.0
Look At Me (영화 '도쿄 타워' 삽입곡),Keri Noble(케리 노블),5.0
똑같다면,브라운 아이드 소울(Brown Eyed Soul),5.0
Love Is...,진주,5.0
헤어진 다음날,이현우,5.0
Super Star,크리스탈 레인(Crystal Rain) ,5.0
미안,스타 러브 피쉬(Star Love Fish),5.0
홍콩반점,리미와 감자,5.0
Love,S.E.S.,5.0
거위의 꿈,인순이,5.0
미리 메리 크리스마스 (feat. 천둥 Of MBLAQ),아이유(IU),5.0
들었다 놨다 (Love Actually),써니힐(Sunny Hill),5.0
미치겠어 (feat. M.A.C),MC 몽,5.0
겨울이 오는길에,예민,5.0
고백,박혜경,5.0
후회,박혜경,5.0
기다리다 (Acoustic ver.),윤하(Younha/ユンナ),5.0
겨울의 끝,수상한 커튼,5.0
웃고 울고 또 웃네 (feat. 호연주),배치기,5.0
2시 20분 (카누 CF 삽입곡),박경환,5.0
Loving You,김현철,5.0
아침을 기다리며,재주소년,5.0
기다립니다 (feat. 조원선),토이(Toy),5.0
결혼해 줄래 (feat. Bizniz),이승기,5.0
안녕이란 말대신 Remix,비(Rain),5.0
Supermagic,슈프림팀(Supreme Team),5.0
니가 돌아오면,디아(Dia) [키스 & 크라이],5.0
Love Song,7공주,5.0
회상,터보(Turbo),5.0
우리 산책할까요?,조규만,5.0
우리 사랑했잖아,티아라 With 다비치,5.0
두 잔의 커피가 미치는 영향,좋아서 하는 밴드,5.0
Morning Coffee,리나(Lina),5.0
니가 너무,먼데이 키즈(Monday Kiz),5.0
점핑 (Jumping),카라(Kara),5.0
Coffee (feat. 성아),에픽 하이(Epik High),5.0
그대를 사랑하는,원 모어 찬스(one more chance),5.0
Couple Song (feat. Kelley),라디(Ra.D),5.0
지우고 버려도,어반 코너(Urban Corner),5.0
서른 즈음에 (Live),성시경,5.0
스피드,김건모,5.0
지루한 일요일 (inst.),언니네 이발관,5.0
Good Night (Vocal By SoulOne),스테이튠(Stay Tune),5.0
Aloha,슬로우 쥰(Slow 6),5.0
줄래,이정현,5.0
You Mean Everything To Me,박정현,5.0
뿌요 뿌요 <Pyo Pyo>,유피(UP),5.0
너에게 (마음으로 하는 말),김건모,5.0
보고싶은 날엔..,브이오에스(V.O.S.),5.0
좋았던 순간은 늘 잔인하다,에피톤 프로젝트(Epitone Project),5.0
좋아 좋아,서영은,5.0
너의 얘기를,성진우,5.0
Falling,존 박(John Park),5.0
정류장,패닉(Panic),5.0
남자를 몰라,버즈(Buzz),5.0
Promise U,바이브(Vibe),5.0
낯선 사람들,낯선 사람들,5.0
White Love (스키장에서)(Remix ver.),터보(Turbo),5.0
비오니까,싸이(Psy),5.0
Ribbon In The Sky,윤한(Yoonhan),5.0
내 여자 맞아,슬림(S.L.I.M),5.0
설야,쿨(COOL),5.0
커피는 싫어요 (Bonus Track),아침(Achime),5.0
At Seventeen,Janis Ian(재니스 이안),5.0
선인장 (Vocal 차세정),에피톤 프로젝트(Epitone Project),5.0
Right Now,싸이(Psy),5.0
총 맞은 것처럼,백지영,5.0
첫눈,SG워너비,5.0
손등이 스친다,틴 탑(Teen Top),5.0
커피한잔의 여유,나윤권,5.0
내게 다시,더더(THETHE),5.0
내게 다시,어반 자카파(Urban Zakapa),5.0
Wish You're My Girl,앤드(And),5.0
청소하던 날,김연우,5.0
Propose,강타,5.0
첫눈,한소현,5.0
별처럼,태연 (Taeyeon),5.0
그녀가 웃잖아,김형중,5.0
그건 사랑이었지,루시드 폴(Lucid Fall),5.0
사진 (feat. Hanyi),프리 스타일(Free Style),5.0
사랑 참 어렵다,이승철,5.0
귀향,박기영,5.0
눈 녹듯,패닉(Panic),5.0
yayaya,티아라(T-ara),5.0
가로수 그늘 아래 서면,장재인,5.0
그 아픔까지 사랑한거야,조정현,5.0
습관 (Bye Bye),롤러코스터(Rollercoaster),5.0
신기루,러브홀릭(Loveholic),5.0
상상막차(想像終車),허민,5.0
피아노,조성모,5.0
그 사람 때문에,김동희,5.0
One Love,엠씨 더 맥스(M.C the Max),5.0
자리 (feat. 김박첼라),앤덥(Andup),5.0
널 사랑하겠어,동물원,5.0
나의 외로움이 널 부를 때,장필순,5.0
푸른봄 靑春 (feat. 나희경),주윤하 [보드카레인],5.0
Novabossa,클래지콰이(Clazziquai),5.0
입맛이 없어요,스웨덴세탁소,5.0
사르르 (I Wanna Be Your Love) (feat. 정엽),제이(J.ae),5.0
방안에서,이보람 [씨야],4.0
북극성,강타,4.0
십년이 지나도,박진영,4.0
어느 째즈바...,터보(Turbo),4.0
Sea Of Love,플라이 투 더 스카이(Fly To The Sky),4.0
별,엠씨 더 맥스(M.C the Max),4.0
어디서 어떻게 언제쯤 얼마나,달빛요정역전만루홈런,4.0
With Chocolate,브라운 아이드 소울(Brown Eyed Soul),4.0
Wishes Come True,메이크어위시 합창단,4.0
손편지,에피톤 프로젝트(Epitone Project),4.0
"어떤 날도, 어떤 말도",Lucia(심규선),4.0
붉은 노을,BIGBANG,4.0
싸구려 커피,장기하와 얼굴들,4.0
무릎베개,낭만유랑악단,4.0
백조,박지윤,4.0
멈추지 않는 시간의 끝,허민,4.0
겨울,M.I.S(Made In Soul) ,4.0
Separation Anxiety,넬(Nell),4.0
멍 (Remix ver.) ,김현정,4.0
언제나 그대는 (원곡 - 長い間 / Kiroro),서영은,4.0
뱅(Bang)!,애프터 스쿨(After School) ,4.0
사랑하는 일,성시경,4.0
부탁해요,왁스(Wax),4.0
성냥팔이 소녀 (feat. 호란),공일오비(015B),4.0
Timeless (feat. Xiah),장리인,4.0
어제와 다른 오늘,JC지은,4.0
몬스터,윤종신,4.0
소망,애즈 원(As One),4.0
배반의 장미,엄정화,4.0
사랑한다는 말,김동률,4.0
사랑은 이런게 아닌데...,박정현,4.0
부디 (Album ver.),Lucia(심규선),4.0
바이올린,지아(Zia),4.0
O Final Do Filme,이해완 [보드카레인],4.0
안부 (duet with 나윤권),별,4.0
사랑은 맛있다 ♡,휘성,4.0
슬픈 혼잣말,숄(Sol),4.0
One Love,원타임(1TYM),4.0
안녕 (inst.),언니네 이발관,4.0
감싸 안으며 (Show Me Your Love),S.E.S.,4.0
Your Name,샤이니(SHINee),4.0
보통여자,린(LYn),4.0
사랑 Two (윤도현밴드),뮤직페이스,4.0
새로운 시작 (feat. 박새별),김동률,4.0
슬픈 혼잣말,임창정,4.0
별이지네,아일랜드 기타(Island Guitar),4.0
가장 보통의 존재,언니네 이발관,4.0
얼음벌레 (Ice Bug),바닐라 어쿠스틱(Vanilla Acoustic),4.0
가인,김란영,4.0
That Girl (feat. Crucial Star),앤덥(Andup),4.0
슬픈 부탁,먼데이 키즈(Monday Kiz),4.0
밤하늘의 별을.. (With KCM & No Noo),양정승(Kiroy Y),4.0
애써 (feat. 박화요비),박효신,4.0
With You (duet with 박효신),리사(Lisa),4.0
That's Nothing,커피소년,4.0
Shining The Morning,장세용,4.0
Super Star,쥬얼리(Jewelry),4.0
약속,플라이 투 더 스카이(Fly To The Sky),4.0
Love Is A Song,DJ 소울스케이프(DJ Soulscape),4.0
선물,유엔(UN),4.0
Poision,엄정화,4.0
Love Letter (언약),투샤이(2Shai),4.0
Wordkill,에픽 하이(Epik High),4.0
미워하고 싶은데,휘성,4.0
사랑해요,김조한,4.0
Love Is... (3+3=0),터보(Turbo),4.0
서울은 흐림 (feat. 한희정),못(Mot),4.0
사랑을 할꺼야,녹색지대,4.0
가시나무,조성모,4.0
선생님 사랑해요,한스밴드(Han's Band),4.0
사랑하기 때문에,유재하,4.0
없다,김장훈,4.0
동감,나윤권,4.0
난 괜찮아 (I Will Survive),진주,4.0
잔향,김동률,4.0
귤,재주소년,4.0
편한가봐,윤하(Younha/ユンナ),4.0
Gone,브라운 아이드 소울(Brown Eyed Soul),4.0
그땐 미처 알지 못했지,이적,4.0
"입장정리 (feat. 최자 Of 다이나믹듀오, Simon D Of 슈프림팀)",프라이머리(Primary),4.0
인형의 꿈,일기예보,4.0
이젠 없다,2AM,4.0
괜찮아,정준일 [메이트],4.0
나의 바램이 저하늘 닿기를...,이동건,4.0
다시 (feat. 려원 Of 스피캣),애쉬(Ash),4.0
다시 만난 날,휘성,4.0
다시 사랑한다면,도원경,4.0
다시 쓰는 이력서,다이나믹 듀오(Dynamic Duo),4.0
Heaven,에일리(Ailee),4.0
이밤이 가면,김건모,4.0
피아노가 있던 방,유희열,4.0
고해,임재범,4.0
After Love,클래지콰이(Clazziquai),4.0
나쁘고 아픈 나,다비치,4.0
유자차,브로콜리너마저,4.0
월화수목 금토일 (feat. 아이유),수호,4.0
독 (feat. E-Sens Of 슈프림팀),프라이머리(Primary),4.0
웃음 (duet with Epitone Project),Lucia(심규선),4.0
Gargle (feat. 조휴일),라이너스의 담요(Linus' Blanket),4.0
그 사람이 나라면,이진성 [먼데이 키즈],4.0
난 너에게,민들레 [가요],4.0
Always Be Mine,어반 자카파(Urban Zakapa),4.0
추억은 수채화처럼,장재인,4.0
그대 내게 기대,에피톤 프로젝트(Epitone Project),4.0
첫인상,김건모,4.0
내가 너무 아파,티아라(T-ara),4.0
Brown Eyed Girl,브라운 아이드 소울(Brown Eyed Soul),4.0
처음처럼,성시경,4.0
Aspirin 아스피린 (12 String Guitar Ver.),걸(Girl),4.0
집으로 오는 길,토마스 쿡(Thomas Cook),4.0
크리스마스니까,성시경,4.0
너는 나의 봄이다 (Bonus Track),성시경,4.0
집으로 돌아가는 길,박지혜 [인디],4.0
너를 만나러 가는 길,달콤한 소금,4.0
그 어떤 말로도 (feat. 장윤주),보드카 레인(Vodka Rain),4.0
태양계,성시경,4.0
너를 업던 기억,김창완 밴드(Kim Chang Wan Band),4.0
D.I.S.C.O (feat. TOP),엄정화,4.0
토요일밤에,손담비,4.0
겨울 나그네,터보(Turbo),4.0
그날들,김광석,4.0
난치병(難治病),하림,4.0
너에게 쓰는 편지 Part2 (feat. 메이비),MC 몽,4.0
그건 말야,김동률,4.0
잠시만 안녕 (Original),엠씨 더 맥스(M.C the Max),4.0
넥타이를 풀고,엠스트리트(M.Street),4.0
Abracadabra,브라운 아이드 걸스,4.0
달리기,S.E.S.,4.0
동경소녀,버스커 버스커(Busker Busker),4.0
뜨거운 안녕 (feat. 성시경),싸이(Psy),4.0
해열제 (Song By Sammi),에피톤 프로젝트(Epitone Project),4.0
오래오래,바이브(Vibe),4.0
럭셔리 버스,원 모어 찬스(one more chance),4.0
If,짙은(Zitten),4.0
오늘은 휴일입니다,한희정,4.0
If You Love Me (feat. 박재범),NS Yoon-G ,4.0
In Heaven (Narr. 김정은),JYJ,4.0
우울한 편지,나얼(Na-Ul),4.0
Intermission (봄산에 OST 메인 테마),토이(Toy),4.0
마지막 춤은 나와 함께,재주소년,4.0
헛사랑,더 레이(The Ray),4.0
많은 계절이 지나,이해완 [보드카레인],4.0
2 Different Tears,원더걸스(Wonder Girls),4.0
호흡과다,가을방학,4.0
겨울비,조동진,4.0
말해줘 (You Are My Everything),김조한,4.0
여행,올라이즈 밴드(All Lies Band),4.0
긴 하루,이승철,4.0
흐린 기억속의 그대 (Club Remix),현진영,4.0
흰눈,이루(Eru),4.0
머리치워 머리,틴틴 파이브,4.0
한숨이 늘었어 (duet with 이진우),에피톤 프로젝트(Epitone Project),4.0
In The Club,투애니원(2NE1),4.0
"우리는, 거짓말처럼",보드카 레인(Vodka Rain),4.0
나 나쁘죠 (feat. 김태우),케이윌(K.Will),4.0
우산 (feat. 윤하),에픽 하이(Epik High),4.0
나를 사랑했던 사람아,허각,4.0
나를...,김현철,4.0
하루,김범수,4.0
나는... (feat. Ivy),MC 몽,4.0
그런 날에는,어떤날,4.0
나는 사랑이 뭔지 모르나봐요,김연우,4.0
하드코어 인생아,옥상달빛,4.0
동화 (초록빛 당신의 세상은...),박혜경,4.0
한사람을 위한 마음,럼블 피쉬(Rumble Fish),4.0
우린 제법 잘 어울려요,성시경,4.0
또 하루를 살아,이규호,4.0
나보다 더 나같은 사람,아이라인(Eyeline),4.0
그림자,김장훈,4.0
Someday,어느하루,3.0
선물할게,옥상달빛,3.0
사랑할 거야,이상은(Lee Tzsche),3.0
커피주세요,에이프릴(April),3.0
사랑해 봤나요?,엠씨 더 맥스(M.C the Max),3.0
커피 타는 방법,소규모 아카시아 밴드,3.0
B TL B TL (비틀 비틀),어른아이(Adultchild),3.0
Be Happy (duet with 장나라),정태우,3.0
화분 (알렉스 ver.) ('우리 결혼했어요' 삽입곡),알렉스(Alex) [클래지콰이],3.0
혼(魂) (inst.),줄라이(July) [뉴에이지],3.0
Beautiful Life,브이오에스(V.O.S.),3.0
세상이 그대를 속일지라도,김건모,3.0
...해서,강우진,3.0
Remember,네오 트래디셔널 재즈 트리오(Neo Traditional Jazz Trio),3.0
Beautiful Day (With 송상은),FOLEY(폴리),3.0
Alone Again (Gilbert O'Sullivan),이소라,3.0
탄일종,유아시대,3.0
Secret Waltz (feat. 이승열),이바디(Ibadi),3.0
한여름날의 꿈 (duet with 옥주현),SG워너비,3.0
삶은 여행,이상은(Lee Tzsche),3.0
포근해,성진환 [스윗소로우],3.0
삶의 향기 (Soul Flower),t윤미래,3.0
풍선 (Balloons),동방신기(TVXQ!),3.0
하얀 연인들 (New),마로니에 걸즈(Maronie Girls),3.0
해피엔드 (Vocal By 유희열),토이(Toy),3.0
산책,흐른,3.0
Again,리사(Lisa),3.0
행복한 그리움,원우 [알앤비],3.0
상상속의 너 (Reggae House Music),노이즈(Noise),3.0
팔베개,뜨거운 감자(Hot Potato),3.0
새로운 아침,토마스 쿡(Thomas Cook),3.0
사랑해 (D.O Original Mix),이현도(=D.O),3.0
하루하루,조원선,3.0
허수아비,앰프(Amp),3.0
헤매이다,게으른 오후,3.0
Black Rain,윤하(Younha/ユンナ),3.0
서른 너머...집으로 가는 길,윤종신,3.0
소리없는 새벽 (feat. 타루),용원,3.0
슬픈 해바라기처럼,에피톤 프로젝트(Epitone Project),3.0
"소박했던, 행복했던... (feat. 성시경)",토이(Toy),3.0
으라차차,럼블 피쉬(Rumble Fish),3.0
애정표현,플라워(Flower),3.0
애원,버블 시스터즈(Bubble Sisters),3.0
와줘..,세븐(SE7EN),3.0
I'll Be There (feat. 박재범),스윙스(Swings),3.0
왜 나만 아프죠,장혜진,3.0
요즘 너 말야 (Album Edit),제이레빗(J Rabbit),3.0
욕심쟁이,김동률,3.0
우리,전람회,3.0
우리 모두에게 행운이 함께 하길,오태호,3.0
우리 사랑하게 됐어요,가인 [브라운아이드걸스],3.0
우리가 세상을 살아가는 법 (feat. Friends),김동률,3.0
Hug (포옹),동방신기(TVXQ!),3.0
아파도 아파도,노을,3.0
Love pop (Acoustic ver.),신고은,3.0
아파,보니(Boni),3.0
오랜만이야,임창정,3.0
Love Blossom (러브블러썸),케이윌(K.Will),3.0
오늘은 하늘에 별이 참 많다,오지은,3.0
Like this,원더걸스(Wonder Girls),3.0
LaLaLa,윤하(Younha/ユンナ),3.0
없었으면 좋았을걸,오지은과 늑대들,3.0
Last Scene,롤러코스터(Rollercoaster),3.0
어쩌다가 (New ver.),란(Ran),3.0
It's All Right,앤(Ann),3.0
여정,왁스(Wax),3.0
어떻게,카밀라(Camilla),3.0
Instant,테테(Tete),3.0
연애,김현철,3.0
연애 (feat. Hanyi),프리 스타일(Free Style),3.0
연인,룰라(Roo'Ra),3.0
열을 세어 보아요,이승철,3.0
Lonely Night (With 8℃ Boyz),Simon Dominic(사이먼 도미닉),3.0
"Interlude ""동화같은 이야기 (feat. Rhyme-A-)",마이노스(Minos) [이루펀트],3.0
아잉♡,오렌지캬라멜(Orange Caramel),3.0
아빠를 닮은 소녀,이바디(Ibadi),3.0
손꼭잡고,루싸이트 토끼,3.0
이게 아닌데,아이유(IU),3.0
지붕 위의 고양이 (feat. 장윤주),정재형,3.0
지우개,알리(Ali),3.0
스물 그리고 서른,이승열,3.0
지워지지 않을 것 같아,보드카 레인(Vodka Rain),3.0
Piano Nocturn - 어쩌다...,윤건,3.0
Picnic,라이너스의 담요(Linus' Blanket),3.0
짝사랑,이하이,3.0
창밖은 겨울,캐스커(Casker),3.0
Coffee,멜로우이어(Mellowyear),3.0
처음,성시경,3.0
Chitty Chitty Bang Bang (feat. Ceejay Of Freshboyz),이효리,3.0
Bubble Love (With 서인영),MC 몽,3.0
첫날의 약속,이승환,3.0
Break Away,빅마마(Big Mama),3.0
초비콜링,로맨틱멜로디초비,3.0
Crush,어반 자카파(Urban Zakapa),3.0
Dancing Out,슈퍼주니어(Super Junior),3.0
좋은하루 (feat. Elena),러브피쉬 프로젝트(LoveFish_Project),3.0
잊혀질 때까지,클린치(Clinch),3.0
Mint Morning,Ed.C,3.0
"Hawaian Couple (영화 '내 사랑' 주제곡, 에뛰드 복숭아송 원곡)",허밍 어반 스테레오(Humming Urban Stereo),3.0
이제 다시,메이트(Mate),3.0
이젠,달파란,3.0
아니라기에,2AM,3.0
있기 없기,달샤벳(Dal★shabet),3.0
자유롭게 날수 있도록,H.O.T.,3.0
좋아 (JOAH),박재범(Jay Park),3.0
잘 지내고 있나요,견우,3.0
잘가요,정재욱,3.0
잠 못 드는 밤 비는 내리고,김건모,3.0
Fly,에픽 하이(Epik High),3.0
Festival (인생은 아름다워),엄정화,3.0
Endless,플라워(Flower),3.0
기억에서 추억하다,장세용,3.0
서울의 달,김건모,3.0
근황,가을방학,3.0
버스정류장,모던쥬스(Modern Juice),3.0
당신을 향한 나의 작은 사랑은,오지은,3.0
그리고 사랑해,이수영,3.0
내일 해,이정,3.0
밥만 잘 먹더라,창민,3.0
길을 내,패닉(Panic),3.0
내 눈물모아,서지원,3.0
미련,임성은,3.0
불편한 진실,브라운 아이드 걸스,3.0
너에게 쓰는 편지,MC 몽,3.0
"맨날 (Vocal By 김현중, 구인회)",드라마틱스(Dramatics),3.0
"사랑, 그 쓸쓸함에 대하여",김건모,3.0
You're My Baby,바닐라 어쿠스틱(Vanilla Acoustic),3.0
니가 필요해 (I Need You),케이윌(K.Will),3.0
나의 왕자님,동경소녀,3.0
너 땜에,빌리브(V.elieve),3.0
물고기자리,이안,3.0
다시 만나 줘,업타운(UPT),3.0
그냥 가요 (feat. 조현아 Of 어반자카파),긱스(Geeks),3.0
너 때문이야 (feat. Soulman),슈프림팀(Supreme Team),3.0
그대 없이는 못살아 (늦가을),윤종신,3.0
異常記憶(이상기억),장세용,3.0
빛 (Hope),H.O.T.,3.0
말해줘 (feat. 엄정화),지누션(Jinusean),3.0
멀어 (feat. Beenzino),프라이머리(Primary),3.0
너를 사랑해,S.E.S.,3.0
가슴아 그만해,엠씨 더 맥스(M.C the Max),3.0
걷다,윤건,3.0
겁쟁이,버즈(Buzz),3.0
별사탕 (feat. 범키),이루펀트(Eluphant),3.0
그녀의 지금은 (feat. 피경진),페일그레이(Pale Grey),3.0
비켜줄께,브라운 아이드 소울(Brown Eyed Soul),3.0
뻐꾸기 둥지위로 날아간 새,김건모,3.0
걸어가자,루시드 폴(Lucid Fall),3.0
길 위,루시드 폴(Lucid Fall),3.0
남자도 우나요,다비치,3.0
박수쳐,투애니원(2NE1),3.0
바람아 불어라,레드애플(Led apple),3.0
비련애가 (비원 Part 2),줄라이(July) [뉴에이지],3.0
마지막 모습,천사(1004),3.0
사랑을 위하여,김종환,3.0
Super Women,원택,3.0
봄,이소라,3.0
감싸안아,반시(Vansy),3.0
기필코,베란다 프로젝트(Verandah Project),3.0
Sunshine,짙은(Zitten),3.0
돈키호테 (feat. 휘성),피타입,3.0
그대와 같아,주영(JooYoung),3.0
누나라고 하지마 (feat. Geeks),정혜민 [가비앤제이],3.0
너는 나에게,피터팬 컴플렉스(Peterpan Complex),3.0
(이런 XX) 뭐야 이건,지니(Geenie),3.0
바꿔,이정현,3.0
그 흔한 남자여서,박효신,3.0
눈물속에,강균성 [노을],3.0
난 좋아,정준일 [메이트],3.0
그녀의 연인에게 #Story 1,K2(김성면),3.0
끝인사,옐로우 몬스터즈(Yellow Monsters),3.0
뉴스 (News),나인뮤지스(Nine Muses),3.0
너의 앞길에 햇살만 가득하길,러브홀릭(Loveholic),3.0
겨울일기 (Bossa Nova ver.),장나라,3.0
미워도 사랑하니까,다비치,3.0
You Are The One,유엔(UN),3.0
내가 그댈,세븐데이즈(7Dayz),3.0
사랑보다 깊은 상처,김범수,3.0
그대뿐이죠,보이스원(Voice One),3.0
사랑에 다친 사람들에 대한 충고,더필름(The Film),3.0
눈물이,사운디스트(SOUNDist),3.0
강아지의 꿈,노리플라이(no reply),3.0
Talk That,시크릿(Secret),3.0
난 몰라..,코지카페(Cozy Cafe),3.0
"별, 바람, 햇살 그리고 사랑",김종국,3.0
내가 싫다,케이윌(K.Will),2.0
여자는 그래...,김동희,2.0
만년설,서영은,2.0
맑은 날 흐린 날,루나플라이(Lunafly),2.0
연(捐),빅마마(Big Mama),2.0
내게,이승환,2.0
Bo Peep Bo Peep,티아라(T-ara),2.0
말 좀 해줘 (feat. Soulman),슈프림팀(Supreme Team),2.0
그대 내 맘에 들어오면은,성시경,2.0
It Was You,브라더수(BrotherSu),2.0
체념,빅마마(Big Mama),2.0
마지막 변명,리치(Rich),2.0
옆사람 (Stand By),보아(BoA),2.0
Boogie On & On,빈지노(Beenzino),2.0
겨울이 오면,김건모,2.0
겨울바다,푸른 하늘,2.0
Stay,사비나앤드론즈(Savina & Drones),2.0
Kiss Kiss,김민규 [스위트피],2.0
같은 생각,신혜성,2.0
그대를 그린다,홀린(Hlin),2.0
거미줄,에픽 하이(Epik High),2.0
야경,윤종신,2.0
Always Awake (Bonus Track),빈지노(Beenzino),2.0
거꾸로 강을 거슬러 오르는 저 힘찬 연어들처럼,강산에,2.0
애수(哀愁),지오디(god),2.0
앓아요,한경일,2.0
내 남자의 자격,바닐라 어쿠스틱(Vanilla Acoustic),2.0
미치겠다 (With V.O.S),먼데이 키즈(Monday Kiz),2.0
날 위한 이별,조규찬,2.0
날 위한 이별,린(LYn),2.0
날 닮은 너,임창정,2.0
믿을진 모르겠지만,김진표(JP),2.0
안되나요,휘성,2.0
양 끝을 가리켜,달에닿아,2.0
내 눈물보다,란(Ran),2.0
맨발의 청춘,벅(Buck),2.0
언제나,허각,2.0
겨울,허민,2.0
없는게 메리트,옥상달빛,2.0
없는 번호,소울스타(Soulstar),2.0
Beautiful People,쿨(COOL),2.0
언젠가의 그 곳에서,어쿠스틱 코어(Acoustic Core),2.0
언젠가는,이상은(Lee Tzsche),2.0
내 아픔 아시는 당신께,서영은,2.0
내 마음에 비친 내 모습,유재하,2.0
모노드라마 (With 유승우),허각,2.0
어쩌다가,란(Ran),2.0
친한 사이,레이디 제인(Lady Jane),2.0
그대가 가르쳐준 이별,환희,2.0
물어 본다,이승환,2.0
어떡하죠,2AM,2.0
몰라요,에이핑크(Apink),2.0
그녀에게,3호선 버터플라이(3호선 Butterfly),2.0
오늘까지만,김조한,2.0
오늘밤 (Part.2) (feat. 박성준 Of Paper Bag),초콜릿 소울(Chocolate Soul),2.0
인형의 꿈,러브홀릭(Loveholic),2.0
니가 있어야 할 곳,지오디(god),2.0
그게 정말이니,장나라,2.0
Dientes,검정치마,2.0
December (Album ver.),벨 에포크(Belle Epoque),2.0
이태원 프리덤 (With JYP),유브이(UV),2.0
Daylight,데이라이트(Daylight),2.0
이젠 남이야. (feat. Baby-J Of Jewelry),김경록 [V.O.S],2.0
주변인 (Song ver.) (feat. Zico Of 블록버스터),정슬기,2.0
이제 막 시작된 이야기 (The Story Has Just Begun),동방신기(TVXQ!),2.0
이상해,이적,2.0
다시,지오디(god),2.0
Happy Birthday,B.A.P,2.0
Happy New Year... With You (feat. 김광민),윤종신,2.0
이별의 그늘,윤상,2.0
"그녀가 결혼했다 (feat. 태인, 김경욱 For 나몰라패밀리)",케이넌(Canaan),2.0
너를 처음 만난 그때,박준하,2.0
단념,이승기,2.0
지금은 새벽 3시 반,화이트(W.H.I.T.E.),2.0
굴레를 벗어나 (Mo's Funk ver.),듀스(Deux),2.0
Don't Hate Me,에픽 하이(Epik High),2.0
Dream,멘사(Mensa),2.0
잘 된 일이야,나비(Navi),2.0
잠들때 까지,네스티요나(Nastyona),2.0
잠깐만요 (Acoustic),로맨틱멜로디초비,2.0
적당한 선,NY 물고기,2.0
잘해줘봐야,걸스데이(Girl's Day),2.0
그 날들처럼,박지윤,2.0
잘자요 아침까지,송희원,2.0
정말 많이,김동욱 (2011),2.0
잘 들어가고 있나요 (feat. 조정치),달콤한 소금,2.0
Feeling You (feat. 샛별),키비(Kebee) [이루펀트],2.0
눈이 녹아요,신세경,2.0
작지만 큰 행복,김성재,2.0
눈물을 마시고 자라는 이별,혜령,2.0
Falling In Love (Re-Recording),로지 피피(RossyPP),2.0
그게 나인 걸,정재욱,2.0
넌 모르지 (SBB 드라마 '패션 70's OST),바비 킴(Bobby Kim),2.0
자기야 여보야 사랑아,린(LYn),2.0
잊었니,에이치(H),2.0
좋다,데이브레이크(daybreak),2.0
너를 사랑해,레인보우 커피(Rainbow Coffee),2.0
이렇게 천일 동안 모으면 이별이 사라진다고 했다 (H.ManciniSunflower 삽입),포맨,2.0
달리기,윤상,2.0
Bubble Pop!,현아 [포미닛],2.0
계절의 끝에서,페퍼톤스(Peppertones),2.0
I Go,럼블 피쉬(Rumble Fish),2.0
뒷모습,나윤권,2.0
결혼해줘,임창정,2.0
따라해 (Wannabe) (feat. Mellow),에픽 하이(Epik High),2.0
처음 그 느낌처럼,신승훈,2.0
퇴근길 봄바람,비트윈어스(Between Us),2.0
처음처럼 그때처럼 (feat. 강민경 From Davichi),이승기,2.0
똑같은 사랑 똑같은 이별,어반 자카파(Urban Zakapa),2.0
그녀를 믿지마,걸스데이(Girl's Day),2.0
오르막길,정인,2.0
오랜만에,데이브레이크(daybreak),2.0
내겐 너무 멋진 그대,씨야(SeeYa),2.0
I'm Your Girl,S.E.S.,2.0
내게로,장혜진,2.0
If I Could Meet Again,푸딩(Pudding),2.0
첫사랑,버스커 버스커(Busker Busker),2.0
첫사랑,파란(Paran),2.0
계절이 돌아오듯이,성시경,2.0
사랑하기 때문에,왁스(Wax),2.0
Hello (feat. 다라),G-DRAGON,2.0
지워진다,김종국,2.0
달아요,박정현,2.0
"달이 차오른다, 가자",장기하와 얼굴들,2.0
고양이 왈츠 (Acoustic),Lucia(심규선),2.0
이 사람이다,김종국,2.0
Hero,루다(Ruda),2.0
이 거지같은 말 (With 정엽 Of 브라운 아이드 소울),서영은,2.0
닮은 사람,테이(Tei),2.0
그녀는 예뻤다,박진영,2.0
너는 아름답다,이은미,2.0
고백,뜨거운 감자(Hot Potato),2.0
Corona,10cm(십센치),2.0
월광 (月狂),W & Whale(더블유 앤 웨일),2.0
도레미파솔라시도,조원선,2.0
"돌아갈래 (With 나성호 From 노을, Dead'p)",프라이머리 스코어(Primary Score),2.0
How Do I Say,신화,2.0
울다,에릭남,2.0
착한 거짓말,이승기,2.0
찬란한 사랑 (상심 Ⅱ),알이에프(R.ef),2.0
밀물 (Scratch By DJ Friz),타블로(Tablo),2.0
키 작은 꼬마 이야기,하하,2.0
Flashback,애프터 스쿨(After School) ,2.0
한숨만,이정,2.0
Yesterday,웅산,2.0
살다가 한번쯤,포맨,2.0
Tonight (feat. 샛별),크루셜스타(Crucial Star),2.0
사랑 그 쓸쓸함에 대하여,양희은,2.0
해바라기,롤러코스터(Rollercoaster),2.0
삼자대면,엄정화,2.0
1994년 어느 늦은 밤,장혜진,2.0
술이 너보다 낫더라,성태,2.0
사랑 그 마지막,박경원,2.0
화려하지 않은 고백,이승환,2.0
술 (C2H5OH),브라운 아이드 소울(Brown Eyed Soul),2.0
봄이다 (임수정 주연 화장품 CF '비욘드' 배경음악),두번째 달,2.0
봄이여 오라 (feat. 유리),MC 스나이퍼(MC Sniper),2.0
With Coffee,브라운 아이즈(Brown Eyes),2.0
솔직하게,토마스 쿡(Thomas Cook),2.0
Pathetic Sight,아침(Achime),2.0
"사랑, 참...",홍경민,2.0
시계 태엽,임정희,2.0
환희,싸이(Psy),2.0
사랑경보 II (feat. 소향 Of Pos),H-유진,2.0
습관 (feat. 하동균),에픽 하이(Epik High),2.0
사랑... 다 거짓말,린(LYn),2.0
하루종일 (24-7) (feat. 태완 Aka C-Luv),주석(Joosuc),2.0
사랑... 그게 뭔데,양파,2.0
빗속에서 (feat. 알리),리쌍(Leessang),2.0
나란 사람 (Original ver.),팀(Tim),2.0
A Bitter Day (feat. 용준형 & G.NA),현아 [포미닛],2.0
To Be Continued,클릭비(Click-B),2.0
긴 하루,수상한 커튼,2.0
슬픈 얼굴,에이알티(A.R.T),2.0
"그리고, 남겨진 것들",넬(Nell),2.0
You And Me,자우림(Jaurim),2.0
기도 (Bonus Track),정일영,2.0
You,토이(Toy),2.0
불어오라 바람아,롤러코스터(Rollercoaster),2.0
손톱달 (영화 '중천' O.S.T),휘성,2.0
행복,H.O.T.,2.0
티켓 (Ticket),나인뮤지스(Nine Muses),2.0
Welcome A Day,왁스(Wax),2.0
Remember (그녀의 속눈썹은 길다),DJ DOC,2.0
세상끝에서의 시작,김민종,2.0
서른을 바라보며,여행스케치,2.0
세레나데 (Serenade),HITCHHIKER (히치하이커),2.0
서른의 노래,김완선,2.0
비밀계단,커먼 그라운드(Common Ground),2.0
서른이면 (Piano ver.),박상민,2.0
Rose,이하이,2.0
설마,윤건,2.0
We Belong Together (feat. 박봄),BIGBANG,2.0
꽃피는 봄이오면,BMK,2.0
비행기,거북이,2.0
꽃이 바람에게 전하는 말,박강수,2.0
Road,노리플라이(no reply),2.0
서른 한번째 봄,에코 브릿지(Eco bridge),2.0
혜야 (Y Si Fuera Ella),샤이니(SHINee),2.0
빵,푸른새벽,2.0
소풍 (feat. 이지선),이그나이트(Ignite),2.0
Rush (feat. 정인),리쌍(Leessang),2.0
홀로 (feat. 김나영),정키(Jung Key),2.0
비가,박정현,2.0
혼잣말,김장훈,2.0
R.P.G. Shine (SK브로드밴드 광고 삽입 원곡),W & Whale(더블유 앤 웨일),2.0
깜빡 (feat. Zion.T & Crucial Star),GRAY(그레이) [힙합],2.0
소주한잔,임창정,2.0
비가 좋아요,조규찬,2.0
Rain,박혜경,2.0
Rain Drop,아이유(IU),2.0
행복하라고 Part 2 (feat. 우재 Of 타이푼),태사비애,2.0
"소외된 모두, 왼발을 한 보 앞으로!",드렁큰 타이거(Drunken Tiger),2.0
White Love (스키장에서) (2007 Winter ver.),터보(Turbo),2.0
비가 오는 날엔,이기찬,2.0
A Fairy Tale,윤상,2.0
A Door,권순관,2.0
방학과 개학사이,정혜원,2.0
"사랑이 술을 가르쳐 (feat. 백찬 Of 8eight) (2010년 발매 / 4th Album ""Shadow"" Repackage 수록)",이승기,2.0
Mr. Player,소울사이어티(Soulciety),2.0
..더라면,나윤권,2.0
Mr. Alzheimer,나폴레옹 다이나마이트(Napoleon Dynamite),2.0
After,얀(Yarn),2.0
Sweet Dream,장나라,2.0
가슴에 살아 (feat. 나르샤 Of Brown Eyed Girls),언터쳐블,2.0
Show! (feat. Alex & Tablo),정인,2.0
Moonlight Melody,아워멜츠(Hourmelts) ,2.0
아마추어,이승철,2.0
나와 같다면 (김장훈),김연우,2.0
아무것도 아닌 나,토마스 쿡(Thomas Cook),2.0
그래서 행복합니다,쿨(COOL),2.0
아무렇지 않더라,진원,2.0
사랑할수록,부활,2.0
아버지,인순이,2.0
흩날리다.. (Interlude),어반 자카파(Urban Zakapa),2.0
Still Love You (우빈),사운디스트(SOUNDist),2.0
바보처럼 왜이래 (feat. 나윤권),길미,2.0
가지 말라고,진주,2.0
Mad (feat. 언터쳐블),바다,2.0
그대와 함께,더 블루(The Blue),2.0
Luv Luv (feat. 소울트로닉),한지혜 ,2.0
그대와 영원히,이문세,2.0
사랑이란 (feat. 김희선),마이티 마우스(Mighty Mouth),2.0
가질 수 없는 것,몽라(Monla/夢兒),2.0
"바람, 어디에서 부는지",루시드 폴(Lucid Fall),2.0
All I See (feat. Soulman),투엘슨(2LSON),2.0
팬이야,자우림(Jaurim),2.0
Love Treatment (feat. 언터쳐블),레이디 제인(Lady Jane),2.0
안녕,성시경,2.0
Mr.Destiny,타루(Taru),2.0
꽃송이가,버스커 버스커(Busker Busker),2.0
긴 시간의 끝,메이트(Mate),2.0
하늘을 달리다,이적,2.0
휴일,윤종신,2.0
벙어리,JK 김동욱,2.0
나비야,하동균,2.0
아니,이수영,2.0
베짱이 찬가,써니힐(Sunny Hill),2.0
가로수길,렌(Len),2.0
싫다,백지영,2.0
흐린 가을 하늘에 편지를 써,김광석,2.0
My One And Only Love (Sting),이소라,2.0
신부에게,유리상자,2.0
Never Mind,빅마마(Big Mama),2.0
Acoustic Love (감성변태) (feat. Acserum Of Paranormal Classic),팔로(FarLaw),2.0
사랑은 전쟁이다 (feat. 아웃사이더),길미,2.0
하루,심현보,2.0
사랑과 우정사이,박혜경,2.0
TTL (Time To Love),티아라(T-ara),2.0
나쁜 혈통,양파,2.0
종이날개,수상한 커튼,1.0
Do Me,샛별,1.0
전설속의 사랑 (With 박효신),화요비,1.0
꽂혔어,JJ Project(제이제이 프로젝트),1.0
기름과 물처럼 우린 섞일 수 없는 운명 (feat. 박화요비) (Supertouch Remix),다이나믹 듀오(Dynamic Duo),1.0
꽃,랄라스윗(lalasweet),1.0
기억해,양파,1.0
First Love,애쉬(Ash) [R&B;],1.0
힘든가요 (Morning Mix),제이레빗(J Rabbit),1.0
Everything,더블에스501(SS501),1.0
후회가 싫다,김범수,1.0
지상에서 영원으로,정경화,1.0
넌 감동이었어,성시경,1.0
너를 사랑해,한동준,1.0
그게 아니고,10cm(십센치),1.0
종이 나비,패닉(Panic),1.0
훗 (Hoot),소녀시대,1.0
꼬마야,김창완,1.0
Fine Thank You And You?,10cm(십센치),1.0
죽일 놈 (Guilty),다이나믹 듀오(Dynamic Duo),1.0
까만안경,이루(Eru),1.0
그곳에 네가 서 있기를,문명진,1.0
죽을 만큼 아파서 (feat. 멜로우),MC 몽,1.0
Do,슈프림팀(Supreme Team),1.0
홍대앞에 눈이 내리면,윤건,1.0
1년 後 (One Year Later) (Vocal By 제시카 & 샤이니 온유),소녀시대,1.0
너의 의미,산울림,1.0
긴 방랑이 끝나는 아침,스왈로우(Swallow),1.0
10점 만점에 10점,2PM,1.0
넌 참 좋은 사람,최정철,1.0
흰눈이 내리면,유엔(UN),1.0
좋은 날,아이유(IU),1.0
0%,지오디(god),1.0
넌 친구 난 연인!,김건모,1.0
1분 1초 (feat. 타루),에픽 하이(Epik High),1.0
혼자만의 겨울,강수지,1.0
준비할께,일락(一樂),1.0
Film 2-607,모노리드(Monolead),1.0
넌 할 수 있어,강산에,1.0
점점,브라운 아이즈(Brown Eyes),1.0
1024 (10월 24일),유피(UP),1.0
그대안의 블루 (duet with 김태우),린(LYn),1.0
21st Century Magic (Vocals By WestWind),페퍼톤스(Peppertones),1.0
나쁜사람,박혜경,1.0
"친구여 (Dear Friend 2, feat. 인순이)",조pd(ZoPD),1.0
친구야 너는 아니 (A-Men Song),부활,1.0
Babay (feat. Gaeko),Zion.T,1.0
내 여친,포맨,1.0
"그랬단 말이야 (feat. 이승철, 윤도현, 휘성, 홍경민, 바비킴)",신소희,1.0
춤,클래지콰이(Clazziquai),1.0
그대 아름다워,우주빌리브러브(UZU Believe Luv),1.0
나만의 친구 (Hip Hop),솔리드(Solid),1.0
"그런가봐요 (Acoustic, inst.)",브이원 (V.One),1.0
Beyond The Wall (feat. Supreme Team),다이나믹 듀오(Dynamic Duo),1.0
그대 때문에,박기영,1.0
그대 내게 올 때,커피소년,1.0
나른한 오후,소심한 오빠들(Sosimboys),1.0
A Walk (산책),스타아트(Starart),1.0
하루를 시작하는 방법,제이레빗(J Rabbit),1.0
Bless My Name (Tic Tac Toe 제작위원회 - Tic Tac Toe 엔딩),시드 사운드(SID-Sound),1.0
총맞은 것처럼,백지영,1.0
그대.. 잘했어요,고은(Goeun),1.0
그랬나봐 (Piano ver.),김형중,1.0
Blue Christmas,전람회,1.0
BTD (Before The Dawn),인피니트(Infinite),1.0
Alcoholic (Piano ver.),아워멜츠(Hourmelts) ,1.0
날개,언타이틀(Untitle),1.0
평화로운 세상,터보(Turbo),1.0
날씨 맑음,미스티 블루(Misty Blue),1.0
키작은 하늘,장혜진,1.0
장가갈 수 있을까 (feat. 내리),커피소년,1.0
그래서 그런지 현실이 낯설었어,재주소년,1.0
날아라 병아리,넥스트(N.EX.T),1.0
큐피트,별,1.0
푸른 날 (Blue Day),옥수사진관,1.0
쿨하게 헤어지는 방법 (feat. 잔디),김진표(JP),1.0
나의 연인(我戀),임창정,1.0
내 귀에 캔디 (feat. 택연 Of 2PM),백지영,1.0
내 남자 친구에게,핑클(Fin.K.L),1.0
피너츠 송,상상밴드,1.0
커피 한잔 할까?,포스트맨(Postmen),1.0
내 맘이 말을 해,안녕 바다,1.0
그대 내게 다시,김범수,1.0
나나나,유승준,1.0
너를 보내고,YB,1.0
Bye-Bye 'Blue' Bird (duet with Junggigo),소울맨 앤 마이노스(Soulman & Minos) ,1.0
행복을 주는 사람,플라이 투 더 스카이(Fly To The Sky),1.0
내일을 묻는다,제이레빗(J Rabbit),1.0
Chocolate (feat. 동옥),브롤리(Brolly),1.0
챔피언 (feat. 정인),리쌍(Leessang),1.0
내일이 찾아오면,박정운,1.0
5月,정원영,1.0
책임져,언타이틀(Untitle),1.0
기다리다,패닉(Panic),1.0
꿈이었으면 (feat. 스윗소로우),데니안(Ahn Danny),1.0
너 없는 하루,이승훈 [발라드],1.0
꿈에서 본 거리,푸른 하늘,1.0
너 하나면 돼 (feat. 개코 Of 다이나믹 듀오),슈프림팀(Supreme Team),1.0
Constant No.1,바닐라 어쿠스틱(Vanilla Acoustic),1.0
"29, 어느날의 산책",양빛나라,1.0
너는 내 맘속에,마이 앤트 메리(My Aunt Mary),1.0
꿈 속의 멜로디,데이브레이크(daybreak),1.0
너랑 나,아이유(IU),1.0
처음 뵙겠습니다 (With 휘성),지나(G.NA),1.0
내맘 훔친 너,한소아,1.0
나 항상 그대를,이선희,1.0
내리막 (feat. Tablo & 미쓰라 진 Of Epik High),버벌진트(Verbal Jint),1.0
Bon Voyage (Vocal By 조원선),토이(Toy),1.0
청혼 (드라마 '장난스런 키스' 삽입 원곡),안녕 바다,1.0
청춘 (feat. 옥상달빛),타바코쥬스(Tobacco Juice),1.0
청춘,뜨거운 감자(Hot Potato),1.0
그대 (Original ver.),브라운 아이드 소울(Brown Eyed Soul),1.0
Bounce,JJ Project(제이제이 프로젝트),1.0
끝을 말할 순 없어도 (feat. Mblaq '지오'),제이(J.ae),1.0
할 말 있어 (feat. 버벌 진트),반광옥,1.0
항상 엔진을 켜둘께,델리 스파이스(Deli Spice),1.0
Bow Wow,아이돌(Idol),1.0
첫사랑,우노(Uno) [댄스팝],1.0
기다려요,브라운 아이드 소울(Brown Eyed Soul),1.0
첫눈이 오는 날,서지원,1.0
끝나지 않은 이야기,이바디(Ibadi),1.0
기다리다,윤하(Younha/ユンナ),1.0
햇볕이 내게로 오다 (feat. 주영),아티슨비츠(Artisan Beats),1.0
내꺼라면,소란(Soran),1.0
Callin' (feat. Rhymebus),프라이머리 스쿨(Primary Skool),1.0
두근두근 (feat. 레아),매직플로우(Mazik Flow),1.0
널 잊을 수가 없어 (Acoustic ver.),하현곤,1.0
아에이오우,예민,1.0
반딧불,자우림(Jaurim),1.0
아무리 생각해도 난 너를 (With 스윗소로우),박정현,1.0
아무렇지 않은 척 (T.O.P Solo) (feat. 지은),BIGBANG,1.0
아무렇지 않게,별,1.0
반창꼬,노을,1.0
가을 우체국 앞에서,윤도현,1.0
아름다운 세상,유리상자,1.0
백번을 불러도,에스진(S.Jin),1.0
아름다운 날들,브라운 아이드 소울(Brown Eyed Soul),1.0
아니,거미,1.0
가면놀이,벅(Buck),1.0
My My,에이핑크(Apink),1.0
썸싱 스페셜 (Something Special),박혜경,1.0
썬글라스,김지수,1.0
심장소리,나윤권,1.0
Never Forget (feat. 연호),어반스페이스(Urbanspace),1.0
변해가네,김광석,1.0
"New Day (feat. 조선아, 류병임)",세븐스 플로어(The 7th Floor),1.0
가로수 그늘 아래 서면,임재범,1.0
One Fine Day,모리(Morrie),1.0
시간이 약이 된다고 (Blue Sorbet Original Mix) ,조PD VS. Postino,1.0
별빛달빛,시크릿(Secret),1.0
슬픔 속에 그댈 지워야만 해 (이현우),이소라,1.0
슬픔 속에 그댈 지워야만 해,이현우,1.0
"별이 빛나는 밤에 (feat. Mad Clown, 강선아 Of Downstream)",소리헤다,1.0
별총총,하찌와 TJ,1.0
보고싶어요,JC지은,1.0
아버지의 이름으로,더 골드(The Gold),1.0
"Ma Girl (With 성수, Triump)",람다(Ramda),1.0
어디인지 몰라요,루시드 폴(Lucid Fall),1.0
가지마,브라이언(Brian),1.0
거짓말,이기찬,1.0
Losing My Love,버벌진트(Verbal Jint),1.0
거울 (duet with 모세),베이지(Beige),1.0
약속해 약속해 (feat. G.NA),버벌진트(Verbal Jint),1.0
약속의 장소 (Remastered Alb. ver.),가리온(Garion),1.0
약속 (Narration 강경헌),지오디(god),1.0
Love Ballad,브라운 아이드 소울(Brown Eyed Soul),1.0
미안해,패닉(Panic),1.0
미안해 바보야 (feat. 랄라스윗),네미시스(Nemesis),1.0
Love Is So Amazing,제이레빗(J Rabbit),1.0
앤,박정현,1.0
미안해요,김건모,1.0
미워도 다시 한번 (Original ver.),바이브(Vibe),1.0
Love Is...,터보(Turbo),1.0
강북멋쟁이,정형돈,1.0
알 수 없는 인생,이문세,1.0
강남역 10번 출구,소울스타(Soulstar),1.0
안아주세요,이한철,1.0
밀크쉐이크,오렌지캬라멜(Orange Caramel),1.0
Love Today (Original Song. Allegrow),타루(Taru),1.0
안녕 (Hi To Him),하이투힘(Hi to him),1.0
아픈 번호,길 (Of 리쌍),1.0
바다 앞 언덕에,소규모 아카시아 밴드,1.0
아파도 더 아파도,조은(Cho Eun),1.0
가질수 없는 너,뱅크(Bank),1.0
아침에 문득,불독맨션(Bulldogmansion),1.0
아직 넌 소중해 (feat. 한얼),내추럴(Natural),1.0
슬픈 인연,공일오비(015B),1.0
보편적인 노래,브로콜리너마저,1.0
슬픈 다짐,서엘(SEOEL),1.0
스물 아홉 문득,3호선 버터플라이(3호선 Butterfly),1.0
새해 각국 새해 인사송,베베퀸,1.0
Sanu (사랑느낌 #3),스윗소로우(SWEET SORROW),1.0
뿌요뿌요,유피(UP),1.0
U,포맨,1.0
Scully Doesn't Know (Korean ver.),허밍 어반 스테레오(Humming Urban Stereo),1.0
Twist King,터보(Turbo),1.0
삼청동,루시드 폴(Lucid Fall),1.0
"사랑, 지나고 나면 아무 것도 아닐 마음의 사치",김윤아,1.0
산책,온유(On.U) [발라드],1.0
Second Chance (feat. 동옥),노을,1.0
산다는 건 다 그런게 아니겠니,여행스케치,1.0
산골소년의 사랑이야기,예민,1.0
Sevilla (세비야),이한철,1.0
사랑했지만 (원곡가수 故김광석),김연우,1.0
Sexy Love,티아라(T-ara),1.0
사랑시 고백구 행복동,제이세라(J-Cera),1.0
사랑해서 미안합니다,캔(Can),1.0
사랑해서 더 슬픈 일,란(Ran),1.0
사랑해 그 거짓말 같은... (feat. 태인),나몰라패밀리 JW,1.0
사랑은...,더 네임(The Name),1.0
사랑해 (Piano ver.),김우주,1.0
Somebody,푸디토리움(Pudditorium),1.0
사랑이 변하니,테이(Tei),1.0
Song For Love,스트로베리 레인(Strawberry Rain),1.0
Sparkle,애즈 원(As One),1.0
Stay,팝레코드하우스(Pop Record House),1.0
사랑하기 전에는,박완규,1.0
색칠을 할까,낯선 사람들,1.0
샛노랑과 새빨강 사이,가을방학,1.0
Running,정재형,1.0
"Ready, Get Set, Go! (Full ver.) (Vocal By Deb)",페퍼톤스(Peppertones),1.0
스물 두 번째 길,윤하(Younha/ユンナ),1.0
"봄 날, 버스 안에서 (feat. 유정균 Of Serengeti)",곰PD,1.0
쉬어요,성시경,1.0
숲으로 걷는 아이 (duet with 박지윤),박아셀,1.0
숨,비스트(Beast),1.0
봄이 오는 동안,재주소년,1.0
봄이 오면,허민,1.0
순정(純情) (Remix-Miami ver.),코요태,1.0
Prime Time (feat. Lisa),서인국,1.0
손수건,김동완,1.0
Who Do You Love,성시경,1.0
Radio 3:14,에이투씨(A2C),1.0
소망,바이브(Vibe),1.0
뻔한 멜로디 (feat. Crush),Zion.T,1.0
"소녀, 사랑을 만나다 (With 소녀시대 티파니)",케이윌(K.Will),1.0
세탁기,타루(Taru),1.0
세가지 소원,이승환,1.0
Wedding Dress,태양,1.0
설레인다,싸이(Psy),1.0
Ring My Bell (feat. 나얼 Of Brown Eyed Soul),다이나믹 듀오(Dynamic Duo),1.0
W.H.I.T.E.,화이트(W.H.I.T.E.),1.0
U R The Only One,소울원(Soul One),1.0
기억은 겨울보다 차갑다,미스티 블루(Misty Blue),1.0
빨간 자전거 타는 우체부,장필순,1.0
Run (feat. YB),리쌍(Leessang),1.0
Run Devil Run,소녀시대,1.0
뮤지컬,임상아,1.0
Look At Me,최예나,1.0
그XX,G-DRAGON,1.0
인생은 아름다워,달콤한 소금,1.0
님은 먼 곳에,거미,1.0
괜찮아,언니네 이발관,1.0
다섯째 손가락,아이유(IU),1.0
이세상 살아가다 보면,이문세,1.0
이별후회 Part.2,PD블루,1.0
관찰,지오디(god),1.0
이별연습,인순이,1.0
이별 못한 이별 (내 이름은 김삼순),러브홀릭(Loveholic),1.0
"다시 사랑해 (feat. 266, Bora)",MC 한새(MC haNsAi),1.0
다짐 (feat. 김구),조성모,1.0
달라 ,김범수,1.0
달리 되었더라면,멜로 브리즈(Melo' Breeze),1.0
이러지마 제발 (Please Don't...),케이윌(K.Will),1.0
이게 아닌데,존 박(John Park),1.0
은인,버즈(Buzz),1.0
담담하게,Lucia(심규선),1.0
고양이 왈츠 (Acoustic ver.) (SBS 월화드라마 '내게 거짓말을 해봐' 삽입),Lucia(심규선),1.0
High Romance (Vocal By Deb),페퍼톤스(Peppertones),1.0
대화가 필요해,더 자두(The Jadu),1.0
월화수목금토일,럼블 피쉬(Rumble Fish),1.0
도,태사자,1.0
돌고 돌아도,XIA(준수),1.0
웃어요,오석준,1.0
울보처럼,박정은,1.0
우울한 편지,유재하,1.0
동네 한 바퀴,윤종신,1.0
우연한 여행의 첫사랑,메이랜드(Mayland),1.0
"Grand Final (feat. 정인, MC 날유)",리쌍(Leessang),1.0
괜찮아졌어 (feat. 김지영),이그나이트(Ignite),1.0
뭉게구름 (한국수력원자력 광고음),박혜경,1.0
인생은 즐거워,제시(Jessi) [럭키제이],1.0
네게 난,주영(JooYoung),1.0
Forever With U (feat. 박봄),BIGBANG,1.0
From Mark,하동균,1.0
잠,수상한 커튼,1.0
잘못했나요,세이(Say),1.0
Gift,박효신,1.0
잘못,이승기,1.0
눈물만 (Acoustic ver.),김성규 [인피니트],1.0
"잘 지내자, 안녕",스윗바이러스(Sweet Virus),1.0
그 겨울의 찻집,조용필,1.0
Give Me Your Love,김조한,1.0
작은 기다림,쿨(COOL),1.0
자장가,송 오브 루나(Song Of Luna),1.0
눈물이 마를까요 (duet with 강태우),린(LYn),1.0
눈사람,정지찬 [원모어찬스],1.0
눈을 보고 말해요,브이오에스(V.O.S.),1.0
잊혀지는 것들에 대하여,성시경,1.0
눈의 꽃,박효신,1.0
눈이 내리네,태무,1.0
잊어가잖아,브라운 아이드 걸스,1.0
눈이 오네,10cm(십센치),1.0
눈이 와요,김광진,1.0
일어나,김광석,1.0
늦잠,백지영,1.0
일과 이분의 일,투투(Two Two),1.0
인형,베이비복스(Baby V.O.X),1.0
"Good Night (feat. Junggigo, Elly)",피노다인(Pinodyne),1.0
동화(同化),성시경,1.0
되돌아온 이별,김현정,1.0
우리는 어쩌면 만약에... (feat. 윤상),토이(Toy),1.0
I Decide (Piano Remix),헤리티지(Heritage),1.0
마지막 사람,NY 물고기,1.0
마지막 인사,BIGBANG,1.0
겨울은 가고,롤러코스터(Rollercoaster),1.0
연애조건,윤하(Younha/ユンナ),1.0
연애시대 (feat. Ra.D) (Narr. 한효주),이승기,1.0
말꼬리 (feat. 정준일 - Mate),윤종신,1.0
겨울애,테이(Tei),1.0
연못 속의 호수 그리는 물고기,조규찬,1.0
여행을 떠나자,이지영,1.0
겨울비,김종서,1.0
매력쟁이 (feat. MC 몽),린(LYn),1.0
여기보다 어딘가에,하림,1.0
Just The Way You Are,엔오케이(NOK),1.0
겨울 이야기,조관우,1.0
엄마의 일기,왁스(Wax),1.0
Know That (feat. 윤형빈),하비티(HavyT),1.0
멀리서 (feat. 김지혜),손성제,1.0
멍청이,나윤권,1.0
멍하니,미쓰 에이(miss A),1.0
모노드라마,문차일드(Moon Child),1.0
Let Me Be The One,어반 자카파(Urban Zakapa),1.0
어쩌다가 (With 손호영),예인,1.0
어쩌다,브라운 아이드 걸스,1.0
어제처럼,제이(J.ae),1.0
검은 행복,t윤미래,1.0
"Life (feat. 조PD, 이하늘, JP, Masta Wu)",싸이(Psy),1.0
물망초,장나라,1.0
옛사랑,이문세,1.0
오 필승 코리아 (윤도현밴드),Unknown,1.0
마음이 먼저,박정현,1.0
I'm Gonna Stick With You (Guitar ver.) (feat. 효빈),투엘슨(2LSON),1.0
듣는편지,40(포티),1.0
들러리,클린치(Clinch),1.0
우리,지플라(G.Fla),1.0
떠나는 날의 흥분,유희열,1.0
떠나지마,FOLEY(폴리),1.0
I Love You,차태현,1.0
I Need A Girl (feat. G-Dragon),태양,1.0
I Swear,"S (강타, 신혜성, 이지훈)",1.0
"왜 날 떠나갔는지 (feat. 아메리카노, 유나)",추천음악프로젝트,1.0
떳다!! 그녀!!,위치스(Witches),1.0
"왕자, 백마탄",밀크티(Milktea),1.0
또 한번 사랑은 가고,이기찬,1.0
옷가게 (Can't Go Out) (feat. Donutman) ,크루셜스타(Crucial Star),1.0
In Your Eyes,강타,1.0
라떼처럼,윤건,1.0
오즈의 마법사,박선주,1.0
오랜 버릇처럼,백지영,1.0
겨울일기,장나라,1.0
레미제라블 Part 1,루시드 폴(Lucid Fall),1.0
레미제라블 Part 2,루시드 폴(Lucid Fall),1.0
려인 (여인의 향기),김건모,1.0
오늘은 가지마,벤,1.0
루비(淚悲):슬픈 눈물,핑클(Fin.K.L),1.0
오늘같이 좋은 날 (MBC 이소라의 '오후의 발견' 토요일 오후 엔딩곡),몽라(Monla/夢兒),1.0
립스틱 (Lipstick),오렌지캬라멜(Orange Caramel),1.0
마냥 걷는다,장기하와 얼굴들,1.0
('Cause) I'm Your Girl,S.E.S.,1.0
