﻿Title,Artist,cnt
해변의 여인,쿨(COOL),69.0
바다의 왕자,박명수,53.0
오아시스 (feat. 이재훈),브라운 아이드 걸스,52.0
여름안에서,서연,46.0
여행을 떠나요,이승기,45.0
바다,유피(UP),42.0
비행기,거북이,42.0
출발,김동률,41.0
여름 안에서,듀스(Deux),41.0
여수 밤바다,버스커 버스커(Busker Busker),40.0
Sea Of Love,플라이 투 더 스카이(Fly To The Sky),40.0
잘못된 만남,김건모,40.0
그런 사람 또 없습니다,이승철,39.0
팥빙수,윤종신,39.0
그남자 그여자 (feat. 장혜진),바이브(Vibe),37.0
MONSTER,BIGBANG,37.0
여름아! 부탁해,인디고(Indigo),36.0
남과 여 (feat. 김범수),박선주,35.0
끝사랑,김범수,35.0
벚꽃 엔딩,버스커 버스커(Busker Busker),35.0
사랑이 다른 사랑으로 잊혀지네,하림,35.0
동경,박효신,35.0
Hot Summer,에프엑스(f(x)),34.0
랄랄라 (feat. 소야),마이티 마우스(Mighty Mouth),34.0
이별택시,김연우,33.0
소주 한 잔,임창정,32.0
나혼자 (Alone),씨스타(Sistar),32.0
니가 참 좋아,쥬얼리(Jewelry),32.0
파도,유엔(UN),32.0
사랑한다는 흔한 말,김연우,31.0
벌써 일년,브라운 아이즈(Brown Eyes),31.0
Loving U (러빙유),씨스타(Sistar),29.0
맥주와 땅콩,쿨(COOL),28.0
다시 사랑한다 말할까,김동률,28.0
3!4!,룰라(Roo'Ra),28.0
정말 사랑했을까,브라운 아이드 소울(Brown Eyed Soul),28.0
그리워 그리워,노을,28.0
이미 슬픈 사랑,야다(Yada),27.0
사랑은 은하수 다방에서,10cm(십센치),27.0
"고속도로 로망스 (feat. 박효신, 윤도현, 김종국 & 조PD) (Acoustic ver.)",김장훈,27.0
Summer Couple (태양은 가득히),문차일드(Moon Child),27.0
고백,델리 스파이스(Deli Spice),27.0
Nothing Better (Guitar ver.),정엽,27.0
그녀와의 이별,김현정,27.0
인연 (동녘바람),이선희,26.0
거리에서,성시경,25.0
이 여름 Summer,쿨(COOL),25.0
연애 (feat. Hanyi),프리 스타일(Free Style),25.0
Summer Dance,이정현,25.0
사랑과 전쟁 (Narr. 하하),다비치,24.0
애인... 있어요,이은미,24.0
I Don't Care,투애니원(2NE1),24.0
비가 오는 날엔,비스트(Beast),24.0
7월의 이파네마 소녀,캐스커(Casker),24.0
여름날 (feat. 페퍼톤스 신재평),유희열,23.0
"봄날, 벚꽃 그리고 너",에피톤 프로젝트(Epitone Project),23.0
사랑 안해,백지영,23.0
좋아보여 (feat. 검정치마),버벌진트(Verbal Jint),23.0
If You Love Me (Acoustic ver.),제이레빗(J Rabbit),23.0
Officially Missing You,긱스(Geeks),23.0
미친거니,바이브(Vibe),22.0
챔피언,싸이(Psy),22.0
나와 둘이,야광토끼(Neon Bunny),22.0
Dash,백지영,22.0
고백,뜨거운 감자(Hot Potato),22.0
"? (물음표) (feat. 최자 Of 다이나믹듀오, Zion.T)",프라이머리(Primary),22.0
두사람,성시경,22.0
아름다운 이별,김건모,22.0
NU 예삐오 (NU ABO),에프엑스(f(x)),21.0
부산 바캉스,스컬&하하(Skull&Haha;),21.0
으쌰! 으쌰!,신화,21.0
나에게로 떠나는 여행,버즈(Buzz),21.0
별이 진다네,여행스케치,21.0
술이야,바이브(Vibe),21.0
UGLY,투애니원(2NE1),21.0
사랑합니다...,팀(Tim),21.0
비오는 압구정,브라운 아이즈(Brown Eyes),21.0
가지마 가지마,브라운 아이즈(Brown Eyes),21.0
별빛달빛,시크릿(Secret),21.0
귀로,나얼(Na-Ul),20.0
With Coffee...,브라운 아이즈(Brown Eyes),20.0
연애시대 (feat. Ra.D) (Narr. 한효주),이승기,20.0
슬픔을 참는 세가지 방법,혜령,20.0
빙고,거북이,20.0
멘트 (feat. 개코 Of Dynamic Duo),더블케이(Double K),20.0
우산 (feat. 윤하),에픽 하이(Epik High),20.0
"그대와 나, 설레임 (feat. 소울맨)",어쿠스틱 콜라보(Acoustic Collabo),20.0
기억의 습작,전람회,20.0
그 거리..,윤하(Younha/ユンナ),20.0
해뜰때까지만 (Girl),다이나믹 듀오(Dynamic Duo),20.0
So Cool (쏘쿨),씨스타(Sistar),19.0
Never Ending Story,부활,19.0
고래,박명수,19.0
너를 위해,임재범,19.0
Festival,엄정화,19.0
어쩌다,브라운 아이드 걸스,19.0
"그대는 어디에 (feat. 한희정) ('지붕뚫고 하이킥' 정음, 지훈 회상씬 삽입곡)",에피톤 프로젝트(Epitone Project),19.0
비와 당신 (영화 '라디오 스타 '삽입곡),럼블 피쉬(Rumble Fish),19.0
그리워,메이트(Mate),18.0
중독된 사랑,조장혁,18.0
샤이보이 (Shy Boy),시크릿(Secret),18.0
잔소리 (With 2AM 슬옹),아이유(IU),18.0
좋을텐데,성시경,18.0
"I Love U, Oh Thank U (feat. 김태우)",MC 몽,18.0
행복한 나를 (feat. 존박),허각,18.0
좋아 (JOAH),박재범(Jay Park),18.0
"Good Bye Sadness, Hello Happiness",t윤미래,18.0
Love Love Love,에픽 하이(Epik High),18.0
365일,알리(Ali),17.0
소나기 (주르르루),버스커 버스커(Busker Busker),17.0
"수고했어, 오늘도",옥상달빛,17.0
바람기억,나얼(Na-Ul),17.0
널 생각해,원 모어 찬스(one more chance),17.0
좋다,데이브레이크(daybreak),17.0
서쪽 하늘,울랄라세션(Ulala Session),17.0
Beautiful Day,어반 자카파(Urban Zakapa),17.0
제주도의 푸른 밤,성시경,17.0
아틀란티스 소녀,보아(BoA),17.0
Fiction,비스트(Beast),16.0
보고 싶다,김범수,16.0
여전히 아름다운지 (feat. 김연우),토이(Toy),16.0
사랑에 아파본 적 있나요,린(LYn),16.0
곳에 따라 비,가을방학,16.0
I Believe (엽기적인 그녀 O.S.T),신승훈,16.0
첫사랑,버스커 버스커(Busker Busker),16.0
좋아 좋아,일기예보,16.0
Gee,소녀시대,16.0
하루 하루 (Radio Edit.),타샤니(Tashannie),16.0
Love Ballad (Piano ver.),브라운 아이드 소울(Brown Eyed Soul),16.0
LOVE SONG,BIGBANG,16.0
고백하는 날 (Full ver.) (feat. Jake Shapiro Of Two Ton Shoe) ('스친소' 배경음악),노리플라이(no reply),16.0
Rain,박혜경,16.0
Little Star,스탠딩 에그(Standing Egg),16.0
이상하다 (Acoustic ver.),박효신,16.0
빗속에서 (feat. 알리),리쌍(Leessang),16.0
일탈,자우림(Jaurim),16.0
아로하,쿨(COOL),16.0
시작,박기영,15.0
비오는 거리,서영은,15.0
가시,버즈(Buzz),15.0
꽃송이가,버스커 버스커(Busker Busker),15.0
새벽녘,에피톤 프로젝트(Epitone Project),15.0
Cafe,BIGBANG,15.0
촛불 하나,지오디(god),15.0
잘가요,정재욱,15.0
사랑의 바보,더 넛츠(The Nuts),15.0
그랬나봐,김형중,15.0
7989 (강타 & 태연),소녀시대,15.0
처음 뵙겠습니다 (With 휘성),지나(G.NA),15.0
YOU AND I,박봄,15.0
Y (Please Tell Me Why),프리 스타일(Free Style),15.0
가려진 시간사이로,윤건,15.0
바라만 봐도 좋은데,노리플라이(no reply),15.0
귀여워 (With 권정열 Of 10cm),별,15.0
빗소리,윤하(Younha/ユンナ),15.0
달빛바다,아이유(IU),15.0
Aqua Man,빈지노(Beenzino),15.0
화장을 고치고,왁스(Wax),15.0
All For You,쿨(COOL),15.0
Hi Ya Ya 여름날,동방신기(TVXQ!),15.0
아까워,재지팩트(Jazzyfact),15.0
"씨스루 (feat. Zion.T, 개코 Of 다이나믹듀오)",프라이머리(Primary),15.0
머니 [Money],왁스(Wax),14.0
"쏘리 쏘리 (Sorry, Sorry)",슈퍼주니어(Super Junior),14.0
Paris Paris! (문근영의 KTF TV CF '선물'편 배경음악),몽라(Monla/夢兒),14.0
I'm In Love (Piano RMX),라디(Ra.D),14.0
빨주노초파남보,옥상달빛,14.0
I'm In Love (With 정성하),나르샤 [브라운아이드걸스],14.0
아름다운 밤이야,비스트(Beast),14.0
Shock,비스트(Beast),14.0
사랑비,김태우,14.0
Sketch 1,에피톤 프로젝트(Epitone Project),14.0
붉은 밭,국카스텐(Guckkasten),14.0
Mojito (feat. 하늘),하우스 룰즈(House Rulez),14.0
STEP,카라(Kara),14.0
"Officially Missing You, Too",긱스(Geeks),14.0
미쳤어 (feat. 에릭),손담비,14.0
사랑해 마지막 그날까지,럼블 피쉬(Rumble Fish),14.0
Love Day,양요섭 [비스트],14.0
러브 레시피,클래지콰이(Clazziquai),14.0
산책,박기영,14.0
사랑한 후에,박효신,14.0
살다가,SG워너비,14.0
발걸음,에메랄드 캐슬(Emerald Castle),14.0
살다가 한번쯤,포맨,14.0
Rainy Day,러브홀릭(Loveholic),14.0
사랑인걸,모세(Mose),14.0
별이될께,디셈버(December),14.0
선물할게,옥상달빛,14.0
멍,김현정,14.0
On A Sunny Day (매일 그대와),웅산,14.0
미안해요,김건모,14.0
설레인다,싸이(Psy),14.0
Run To You,DJ DOC,14.0
Say I Love You,포맨,14.0
별처럼,태연 (Taeyeon),14.0
못해 (feat. 美),포맨,14.0
슬퍼지려 하기 전에,쿨(COOL),14.0
목소리 (feat. 개리 Of 리쌍),백지영,14.0
보통,백지영,14.0
신촌을 못가,포스트맨(Postmen),14.0
빨간자동차 (With 김건모),이효리,14.0
Loving You Was Like A Party,웅산,14.0
I'm In Love,나르샤 [브라운아이드걸스],14.0
Black & White,지나(G.NA),14.0
천생연분 (Rave),솔리드(Solid),14.0
처음이었죠 (Love Sick),소녀시대-태티서(Girls' Generation-TTS),14.0
기다리다,윤하(Younha/ユンナ),14.0
Bubble Pop!,현아 [포미닛],14.0
기억의 습작,김동률,14.0
좋은 사람 (feat. 김형중),토이(Toy),14.0
꽃보다 그대가 (Original ver.),영준 [Brown Eyed Soul],14.0
제발,김범수,14.0
You'd Be So Nice To Come Home To,재즈홀릭(Jazzholic),14.0
You Bring Me Joy (Part 2) (feat. 태연),더 원(The One),14.0
꿈에,박정현,14.0
꿍따리 샤바라,클론(Clon),14.0
잘가요 로맨스,서인영,14.0
"잘 지내자, 안녕",스윗바이러스(Sweet Virus),14.0
아메리카노,10cm(십센치),14.0
이브의 경고 (Jungle),박미경,14.0
나 항상 그대를,이선희,14.0
"유혹의 소나타 (Sampling Fur Elise, L.van Beethoven)",아이비(IVY),14.0
FANTASTIC BABY,BIGBANG,14.0
"철수와 미미 (feat. 길, Supreme Team)",정인,14.0
총 맞은 것처럼,백지영,14.0
우리 결혼할까? (feat. 미료 Of 브라운 아이드 걸스),리사(Lisa),14.0
Beautiful,10cm(십센치),14.0
화이트,모카(Mocca),14.0
화려한 싱글 (Clubmix ver.),양혜승,14.0
고래의 꿈 (Falling In Love Again) (feat. 김영근 - Bobby'S Father),바비 킴(Bobby Kim),14.0
공원여행 (Vocal By 현민),페퍼톤스(Peppertones),14.0
행복하지 말아요,엠씨 더 맥스(M.C the Max),14.0
겁이 나서 (With 백지영),나윤권,14.0
해요,정인호,14.0
8282,다비치,14.0
그 노래,존 박(John Park),14.0
한번만 안아줘,걸스데이(Girl's Day),14.0
한 남자,김종국,14.0
거울,국카스텐(Guckkasten),14.0
그XX,G-DRAGON,14.0
그대 내게 다시 (Guitar ver.),럼블 피쉬(Rumble Fish),14.0
가질 수 없는 너,현빈,14.0
가질 수 없는 너,뱅크(Bank),14.0
친구라도 될 걸 그랬어,거미,14.0
그대로 있어도 돼 (feat. Crush),슈프림팀(Supreme Team),14.0
Baby Baby,포맨,14.0
나였으면,나윤권,14.0
"입장정리 (feat. 최자, Simon D)",프라이머리(Primary),14.0
님은 먼 곳에,거미,14.0
눈물샤워 (feat .에일리),배치기,14.0
너 하나면 돼 (feat. 개코 Of 다이나믹 듀오),슈프림팀(Supreme Team),14.0
너를 그리다,디어(d.ear),14.0
넌 이별 난 아직 (With 한소현 Of 3rd Coast),스탠딩 에그(Standing Egg),14.0
둘이서,채연,14.0
널 위한 멜로디,엠포(M4),14.0
눈물 (feat. 유진 Of 더 씨야),리쌍(Leessang),14.0
약속해 약속해 (feat. G.NA),버벌진트(Verbal Jint),14.0
내꺼하자,인피니트(Infinite),14.0
Tears,소찬휘,14.0
여행길 (feat. 윤도현),부가킹즈(Buga Kingz),14.0
Gypsy Girl (집시 걸),윈터플레이(Winterplay),14.0
다시 만난 날,휘성,14.0
달라 ,김범수,14.0
Summer Time,포지션(Position),14.0
들어줄래,스탠딩 에그(Standing Egg),14.0
대낮에 한 이별 (feat. 선예 Of Wonder Girls),박진영,14.0
내 사람,SG워너비,14.0
오늘은 가지마,임세준,14.0
날 그만 잊어요,거미,14.0
내 여자 (Acoustic ver.),비(Rain),14.0
아이처럼,김동률,14.0
떠나지마,브라운 아이즈(Brown Eyes),14.0
Second First Date (feat. Ritha K) (Bonus Track From Jazz Set),디제이 아키(DJ AKI),13.0
그럴 때마다 (inst.),유희열,13.0
외톨이야,씨엔블루(CNBLUE),13.0
복숭아,아이유(IU),13.0
Women Like Chanel,화접몽 밴드,13.0
어땠을까 (feat. 박정현),싸이(Psy),13.0
곰인형 (feat. 해금),린(LYn),13.0
다시 시작해보자,김동률,13.0
Nothing Better,브라운 아이드 소울(Brown Eyed Soul),13.0
Remembering My Childhood,남경윤,13.0
뽀뽀,좋아서 하는 밴드,13.0
Billie Jean,윈터플레이(Winterplay),13.0
With Me,휘성,13.0
Vessel,레비 파티(LEVIPARTY),13.0
요즘 너 말야 (Album Edit),제이레빗(J Rabbit),13.0
U-Go-Girl (With 낯선),이효리,13.0
I GOT A BOY,소녀시대,13.0
순정(純情) (London Boys의 I'm Gonna Give My Heart 전주 인용),코요태,13.0
들었다 놨다,데이브레이크(daybreak),13.0
Your Love (feat. 알렉산더 Of 유키스),혜지,13.0
Holiday (홀리데이),씨스타(Sistar),13.0
종로에서,제이에스(JS) [여성듀오],13.0
듣는편지,40(포티),13.0
Chocolate Drive,모이다 밴드(Moida Band),13.0
사랑해 이말밖엔 (Acoustic ver.),리치(Rich),13.0
속아도 꿈결,가을방학,13.0
도시 탈출,클론(Clon),12.0
낙원 (feat. 이재훈),싸이(Psy),12.0
거리에서,리즈(Leeds),12.0
달에서의 하루 (화성 드림파크 CF 한가인편),장세용,12.0
다가와서,브라운 아이드 걸스,12.0
그대와 같아,주영(JooYoung),12.0
가만히 눈을 감고 (New Acoustic ver.),정재욱,12.0
STILL ALIVE,BIGBANG,12.0
Poison,시크릿(Secret),12.0
별사탕 (feat. Bumkey),이루펀트(Eluphant),12.0
내일 해,이정,12.0
Rain,화접몽 밴드,12.0
밤이 깊었네,크라잉넛(Crying Nut),12.0
바람이 분다 (feat. World HO),스윙체어(Swingchair),12.0
바람이 부네요,어쿠스틱 콜라보(Acoustic Collabo),12.0
나만 몰랐던 이야기,아이유(IU),12.0
무정(無情) (feat. Steve Chae),채정안,12.0
...사랑했잖아...,린(LYn),12.0
Heartbreaker,G-DRAGON,12.0
I My Me Mine,포미닛(4minute),12.0
잘자요 굿나잇,비원에이포(B1A4),12.0
장마,정인,12.0
술 한잔 해요,지아(Zia),12.0
연애조건,윤하(Younha/ユンナ),12.0
Gift,박효신,12.0
Love,씨엔블루(CNBLUE),12.0
오늘도 굿나잇,커피소년,12.0
Lollipop ,BIGBANG,12.0
Come To Me,썸피플(Sumpeople),12.0
춘천가는 기차,나희경 [Jazz],12.0
For You (돌아가줘),브라운 아이즈(Brown Eyes),12.0
서쪽 하늘에,두번째 달,12.0
Just A Feeling,어반 자카파(Urban Zakapa),12.0
슈퍼스타,이한철,12.0
"Hawaian Couple (영화 '내 사랑' 주제곡, 에뛰드 복숭아송 원곡)",허밍 어반 스테레오(Humming Urban Stereo),12.0
아이스크림,주(Joo),12.0
칵테일 사랑 (feat. 김연우),서영은,12.0
"요지경 (feat. Supreme Team, Yankie, Mellow)",프라이머리(Primary),12.0
야상곡(夜想曲),김윤아,12.0
환상,박지윤,12.0
뻔한 멜로디 (feat. Crush),Zion.T,12.0
HUSH,에이핑크(Apink),12.0
행복한 나를,에코(ECO),12.0
좋은 일만 생각하기 (Day By Day),소녀시대,12.0
2HOT,지나(G.NA),12.0
친구와 사랑에 빠질 때,베이지(Beige),11.0
Sunshine,짙은(Zitten),11.0
BK Love,MC 스나이퍼(MC Sniper),11.0
얼마나 좋을까 (Final Fantasy X O.S.T),이수영,11.0
시작이 좋아 (feat. 강민희 Of 미스에스),버벌진트(Verbal Jint),11.0
I Do (살아는 볼게),포맨,11.0
"Baby, It's You",허소영,11.0
JJ,흠(Heum),11.0
It Was In Shiraz (이별의 그늘),신예원,11.0
내입술...따뜻한 커피처럼,샵(S#arp),11.0
맘이 너무 아프다,신재,11.0
다섯째 손가락,아이유(IU),11.0
좋은 날,아이유(IU),11.0
말해요,별,11.0
좋아해,요조(Yozoh),11.0
Sweet Love,어쿠스틱 콜라보(Acoustic Collabo),11.0
마지막 인사,BIGBANG,11.0
영원한 여름,몽니(Monni),11.0
가슴이 뛴다,케이윌(K.Will),11.0
마음이 다쳐서 (feat. Crown J),나비(Navi),11.0
열대야,10cm(십센치),11.0
지나간다 (Piano ver.),김범수,11.0
가끔 미치도록 네가 안고 싶어질 때가 있어,가을방학,11.0
이별을 해야 한다면,강희수,11.0
Noday But Today (feat. Tommy Kim),브라운 아이즈(Brown Eyes),11.0
Goodbye,노리플라이(no reply),11.0
Cha Cha (영화 '헬로우 마이 러브' 뮤직비디오),윈터플레이(Winterplay),11.0
떠난 내 님은,라디(Ra.D),11.0
가수가 된 이유,신용재 [4men],11.0
Fly With Me,웅산 With DJ Okawari,11.0
그대가 너무 많은,김동률,11.0
그대 없이는 못살아 (Spring ver.),윤종신,11.0
버릇처럼,조성모,11.0
하늘을 달리다,이적,11.0
거기서거기 (Without You),다이나믹 듀오(Dynamic Duo),11.0
사랑했으므로,조관우,11.0
사랑했던 기억으로,아침(Achim) [듀오],11.0
나 돌아가,임정희,11.0
Promise U,바이브(Vibe),11.0
Twosome,짙은(Zitten),11.0
완소 그대,서영은,11.0
사랑해 U (Lovely ver.),서인국,11.0
하루하루,BIGBANG,11.0
날 위한 이별,성시경,11.0
사랑은 봄비처럼... 이별은 겨울비처럼,임현정,11.0
함께 (duet with 김건모),박광현,11.0
사랑 참 어렵다,이승철,11.0
하늘로 쓰는 편지,쿨(COOL),11.0
"1,2,3,4 (원,투,쓰리,포)",이하이,11.0
Too Shy To Say,여진(Yeo Jin),11.0
선인장 (Acoustic ver.),에피톤 프로젝트(Epitone Project),11.0
미인(美人),휘성,11.0
회상 (December),터보(Turbo),11.0
우린 지금 어디쯤에 있는 걸까,랄라스윗(lalasweet),11.0
Vis-A-Vis,멜로 브리즈(Melo' Breeze),11.0
서랍을 열다,에피톤 프로젝트(Epitone Project),11.0
그대 내 품에,박정운,11.0
빌고 또 빌어도,플라이 투 더 스카이(Fly To The Sky),11.0
여자이니까,키스(Kiss),10.0
우리가 있던 시간,스웨덴세탁소,10.0
여행,김동률,10.0
자기야 여보야 사랑아,린(LYn),10.0
Don't You Know (With 노리플라이),한효주,10.0
우주보다 좋아해 (I Love You More Than Universe),도나웨일(Donawhale),10.0
끝나지 않은 노래,노리플라이(no reply),10.0
꽃 내리는 불면의 밤,랄라스윗(lalasweet),10.0
Flat Shoes (feat. Lovey),크루셜스타(Crucial Star),10.0
왜불러,디바(Diva),10.0
Good Night,10cm(십센치),10.0
누군가 피워놓은 모닥불,이아립,10.0
오늘은 (Acoustic ver.),팔드로(8Dro),10.0
GRACE (feat. 이기찬),이수영,10.0
오빠가,비스윗(Besweet),10.0
Trap (feat. Soulstar 이승우),거미,10.0
오래오래,바이브(Vibe),10.0
내 아픔 아시는 당신께,서영은,10.0
오래된 노래,김동률,10.0
내안의 그대,업타운(UPT),10.0
꿈을 모아서,S.E.S.,10.0
To Heaven (천국으로 보낸 편지),조성모,10.0
연(捐),빅마마(Big Mama),10.0
I wonder why,앤(Ann),10.0
Baby You're The Lite,조규찬,10.0
살빼지 마요,소란(Soran),10.0
달아요,박정현,10.0
취중고백,필(Feel),10.0
물끄러미,지아(Zia),10.0
"서커스 (feat. 임유경 - 달래 음악단, $howgun)",MC 몽,10.0
그대 돌아오면..,거미,10.0
바다를 꿈꾸다,두번째 달,10.0
서른 즈음에,JK 김동욱,10.0
생각이 나,부활,10.0
상상속의 너 (Reggae House Music),노이즈(Noise),10.0
All I Ever Think About Is You (Intro),신용재 [4men],10.0
Inevitability (Reprise),어반 자카파(Urban Zakapa),10.0
사랑한다는 말로도 위로가 되지 않는,브로콜리너마저,10.0
그 해 여름,인피니트(Infinite),10.0
한여름날의 꿈 (duet with 옥주현),SG워너비,10.0
해열제 (Song By Sammi),에피톤 프로젝트(Epitone Project),10.0
향기로운 추억,박혜경,10.0
혼자 남은 밤,김광석,10.0
비로 뒤덮인 세상,이바디(Ibadi),10.0
On & On,화요비,10.0
Nike Shoes (feat. Dynamic Duo),빈지노(Beenzino),10.0
Set Me Free (feat. Dirty Mack),휘성,10.0
원하고 원망하죠,애즈 원(As One),10.0
만약에 말야 (전우성 Solo),노을,10.0
애상,10cm(십센치),10.0
차마...,성시경,10.0
그리 쉽게 이별을 말하지 말아요,슈퍼키드(SuperKidd),10.0
Blind,정기고(Junggigo),10.0
Soulstar,소울스타(Soulstar),10.0
애송이의 사랑,양파,10.0
라떼처럼,윤건,10.0
기억을 걷는 시간,넬(Nell),10.0
러비듀,바닐라 어쿠스틱(Vanilla Acoustic),10.0
가슴 시린 이야기 (feat. 용준형 Of Beast),휘성,10.0
Something Good,자우림(Jaurim),10.0
마지막 사랑,박지헌,10.0
청춘,토마스 쿡(Thomas Cook),10.0
언젠가는,나얼(Na-Ul),10.0
당신과의 키스를 세어보아요,화요비,10.0
듣고 있어?,스윙스(Swings),10.0
죄,루그(Lug),9.0
Destination Moon,허소영,9.0
고백,김지수,9.0
결혼까지 생각했어,휘성,9.0
행복,H.O.T.,9.0
흩어진 나날들,박효신,9.0
정말로 사랑한다면,버스커 버스커(Busker Busker),9.0
하루 끝,아이유(IU),9.0
총맞은 것처럼,백지영,9.0
그녀를 찾아주세요,더 네임(The Name),9.0
푸른봄 靑春 (feat. 나희경),주윤하 [보드카레인],9.0
Coffeetalgia (duet with 성시경),해이(Hey),9.0
꽃피는 봄이오면,BMK,9.0
저녁 하늘,에일리(Ailee),9.0
재회,윤상,9.0
가을방학 (Album ver.),가을방학,9.0
You (대단한 우연),스윗소로우(SWEET SORROW),9.0
기찻길 (Vocal By Monla),몽라(Monla/夢兒),9.0
Novabossa,클래지콰이(Clazziquai),9.0
고백 (Go Back) (feat. 정인),다이나믹 듀오(Dynamic Duo),9.0
다행이다,이적,9.0
사랑에 빠지고 싶다,김조한,9.0
뒤로 걸어요,레드소울(Redsoul),9.0
Peace!,재주소년,9.0
사랑의 시작은 고백에서부터,소울크라이(SoulCry),9.0
Lovin Ice Cream,애즈 원(As One),9.0
아름다웠네 (With 계피),이지형,9.0
"마음, 얼음처럼 단단하게 (feat. 조원선)",손성제,9.0
사랑해라 나를,원 모어 찬스(one more chance),9.0
아름다운 날 (feat. Movie Regrets),블루앤블루(Blue & Blue),9.0
"별, 바람, 햇살 그리고 사랑",김종국,9.0
산책,소히(Sorri),9.0
"Love (feat. Bumkey, Paloalto)",프라이머리(Primary),9.0
신나? (우리가 누구?) (feat. Lisa),다이나믹 듀오(Dynamic Duo),9.0
바람났어 (feat. 박봄),GG(박명수 & G-Dragon),9.0
Kiss,스탠딩 에그(Standing Egg),9.0
소녀를 만나다 (With O'z),조규찬,9.0
서울의 달,김건모,9.0
Heaven (feat. MYK),에픽 하이(Epik High),9.0
"Stay (애니콜 '컬러로 찾았다' 이나영, 차태현편)",Dreamhouse,9.0
여름이야기 (Original ver.),DJ DOC,9.0
넌 감동이었어,성시경,9.0
나의 외로움이 너를 부를 때,성시경,9.0
One,펄스데이(Pearl's Day),9.0
왜,지오디(god),9.0
비밀의 화원,이상은(Lee Tzsche),9.0
Time Feedback,아워멜츠(Hourmelts) ,9.0
불꽃놀이 (Fireworks),다이나믹 듀오(Dynamic Duo),9.0
내가 제일 잘 나가,투애니원(2NE1),9.0
니가 싫어,어반 자카파(Urban Zakapa),9.0
눈치채 줄래요 (Didn't You Know),로맨틱 펀치(Romantic Punch),9.0
"봄, 여름 그 사이",박지윤,9.0
"L.B.A (Love Breakin Apart) (feat. E-Sens For Supreme Team, 김연우)",다이나믹 듀오(Dynamic Duo),9.0
사랑...후에 (duet with 린),신혜성,8.0
홀로 (feat. 김나영),정키(Jung Key),8.0
산들산들,언니네 이발관,8.0
사랑은 맛있다 ♡,휘성,8.0
비상,임재범,8.0
사랑 빛,씨엔블루(CNBLUE),8.0
물어 본다,이승환,8.0
피노키오 (Danger),에프엑스(f(x)),8.0
샐러드 기념일,허밍 어반 스테레오(Humming Urban Stereo),8.0
비오는 날,루싸이트 토끼,8.0
바람결에,유잔Q,8.0
비오는 날 (Piano ver.),줄라이(July) [뉴에이지],8.0
빗물이 내려서 ,김태우,8.0
사랑쟁이 (feat. 김은정 Of Jewelry),김경록 [V.O.S],8.0
나른한 오후에 취해,러브앤팝(Love & Pop),8.0
그대네요,성시경,8.0
카페에 앉아,원 모어 찬스(one more chance),8.0
요즘 너 말야 (Piano ver.),제이레빗(J Rabbit),8.0
난 괜찮아 (I Will Survive),진주,8.0
난 좋아,정준일 [메이트],8.0
날씨 맑음 (미스티 블루 Cover Song),타루(Taru),8.0
내 눈물모아,서지원,8.0
내 안에 하늘과 숲과 그대를,원 모어 찬스(one more chance),8.0
너를 처음 본 순간,러브앤팝(Love & Pop),8.0
너와 함께 있음을,라디(Ra.D),8.0
늦은 후회,보보(Bobo),8.0
여행의 시작,두번째 달,8.0
어제처럼,주(Joo),8.0
어느 째즈바...,터보(Turbo),8.0
집 (feat. 유미),하우스 룰즈(House Rulez),8.0
짜릿한 입맞춤 (feat. 이한철),소히(Sorri),8.0
안녕! 하루,앨리스 인 네버랜드(Alice In Neverland),8.0
아파 (Slow),투애니원(2NE1),8.0
라디오 천국,유희열,8.0
마지막 사랑,엠투엠(M To M),8.0
말리꽃,이승철,8.0
매력쟁이 (feat. MC 몽),린(LYn),8.0
아 시원해,슈가버블(Sugar Bubble),8.0
나와 같다면 (김장훈),김연우,8.0
출첵 (feat. 나얼 Of Browneyed Soul),다이나믹 듀오(Dynamic Duo),8.0
슬픔활용법,김범수,8.0
"스케치북 (feat. 윤종신, 김장훈)",토이(Toy),8.0
심장이 없어,에이트(8Eight),8.0
힘내!!!,박정현,8.0
Coffee,멜로우이어(Mellowyear),8.0
Let Me Dance (feat. Teddy),렉시(Lexy),8.0
Nobody,원더걸스(Wonder Girls),8.0
Insomnia (feat. Humming Girl),허밍 어반 스테레오(Humming Urban Stereo),8.0
My Romance Car,박라온,8.0
My One And Only Love (Sting),이소라,8.0
I Need You,허각,8.0
Joy,디바(Diva),8.0
BAD BOY,BIGBANG,8.0
"April Come She Will (With 웨일, 요조, 노리플라이, 세렝게티)",소이,8.0
Rainbow Street,젠틀 레인(Gentle Rain),8.0
Love Love,김필(Kim Feel),8.0
Amelie,포터블 그루브 나인(Portable Groove 09),8.0
"걱정하지마 (feat. Swings, 엄지희)",제이에이(JA),8.0
간격은 허물어졌다,에피톤 프로젝트(Epitone Project),8.0
Starlight (feat. P-Type),헤리티지(Heritage),8.0
Lay back,케이윌(K.Will),8.0
Kiss the Rain,이루마(Yiruma),8.0
Trouble Maker,트러블메이커(Troublemaker),8.0
오늘같은 밤이면,먼데이 키즈(Monday Kiz),7.0
Lovey-Dovey,티아라(T-ara),7.0
유난히 (feat. 신예원),김진표(JP),7.0
Get Out,JYJ,7.0
C.O.C (Choice Of Cinderella) (Remix),권소영,7.0
사랑에 빠져본 적 있나요 (With Ra.D) (Acoustic ver.),스탠딩 에그(Standing Egg),7.0
난 너에게,다비치,7.0
웃으며 넘길래,제이레빗(J Rabbit),7.0
욕심쟁이,김동률,7.0
웃는다,커피소년,7.0
웃는거야,서영은,7.0
빗속에서,존 박(John Park),7.0
In Your Eyes (Guitar ver.),쿨(COOL),7.0
"Krazy (KBS 2TV ""미녀들의 수다"" 주제곡) (feat. 시현 From gavy nj)",모노토닉(Monotonik),7.0
I Don't Know,써드코스트(3rd Coast),7.0
Lead Me,씨스타(Sistar),7.0
Let It Rain,어반 자카파(Urban Zakapa),7.0
그대죠 (duet with 신혜성),린(LYn),7.0
사랑하기 때문에,유재하,7.0
내 영혼이 따뜻했던 날들 (inst.),정예경,7.0
이 밤이 지나면,임재범,7.0
그땐 그땐 그땐,슈프림팀(Supreme Team),7.0
그래도 좋아,스탠딩 에그(Standing Egg),7.0
Oh Happy Day,Achordion(아코디언),7.0
기적 (duet with 이소은),김동률,7.0
이게 사랑일까 (feat. 하은),커피소년,7.0
Flash Point,스핏 파이어(Spit Fire),7.0
Corcovado,나희경 [Jazz],7.0
이별살이,린(LYn),7.0
실낙원,9와 숫자들,7.0
내 사람입니다,더 넛츠(The Nuts),7.0
Oh Yeah (feat. 박봄),G-DRAGON,7.0
우리 처음 만난 날,한희정,7.0
우리 정말 사랑했어요 (With 케이윌),나비(Navi),7.0
마음의 지도,재주소년,7.0
With Chocolate,브라운 아이드 소울(Brown Eyed Soul),7.0
그 애 참 싫다,아이유(IU),7.0
그 남자 그 여자,포맨,7.0
하하하쏭,자우림(Jaurim),7.0
네게 간다 (Piano ver.),캐스커(Casker),7.0
몽상 (Acoustic ver.),아키버드(Aquibird),7.0
메타세콰이어 길 (feat. 이한철),수경 [빨간의자],7.0
만나 (feat. Zion.T),프라이머리(Primary),7.0
눈물샘,별,7.0
Romance In Euro,투 체어스(Two Chairs),7.0
안아주세요,이한철,7.0
Soul Music (feat. Alex),비바 소울(Viva Soul),7.0
애상,쿨(COOL),7.0
I Can't,2PM,7.0
혼자 있는 방,아이유(IU),7.0
Summer Swing!,라이너스의 담요(Linus' Blanket),7.0
다 줄거야,조규만,7.0
화분 (알렉스 ver.) ('우리 결혼했어요' 삽입곡),알렉스(Alex) [클래지콰이],7.0
안부 (feat. 나윤권),별,7.0
평범한 사람,루시드 폴(Lucid Fall),7.0
미치도록,이승기,7.0
뱅(Bang)!,애프터 스쿨(After School) ,7.0
봄의 멜로디,에피톤 프로젝트(Epitone Project),7.0
"꿈, 여름",루싸이트 토끼,7.0
보조개,이적,7.0
안락의자,노리플라이(no reply),7.0
별이 진다네,성시경,7.0
안녕이라고 말하지마,다비치,7.0
칵테일 사랑,거북이,7.0
발자국,먼데이 키즈(Monday Kiz),7.0
Rainbow Bridge,선민(Sunmin),7.0
River,어반 자카파(Urban Zakapa),7.0
Kiss,레인보우(Rainbow),6.0
실화,린(LYn),6.0
난 아직 모르잖아요,리즈(Leeds),6.0
아름다운 너를,박정현,6.0
안녕 나의 사랑,성시경,6.0
Kiss,윤한(Yoonhan),6.0
나만의 그대 모습,고유비,6.0
아름다워 (Beautiful),샤이니(SHINee),6.0
애수(哀愁),일락(一樂),6.0
We Will Rock You,Five(파이브),6.0
IDOL,자우림(Jaurim),6.0
고백 (Produced By Vibe 윤민수),포맨,6.0
내가 너의 곁에 잠시 살았다는 걸 (Unplugged ver.),김연우,6.0
소원 (Hwany Solo),플라이 투 더 스카이(Fly To The Sky),6.0
불타는 금요일 (Friday Night),다이나믹 듀오(Dynamic Duo),6.0
단꿈,베란다 프로젝트(Verandah Project),6.0
Summer Day,타루(Taru),6.0
드라이브,스윗소로우(SWEET SORROW),6.0
"TV를 껐네... (feat. t윤미래, 권정열 Of 10cm)",리쌍(Leessang),6.0
미워요,정인,6.0
Romeo N Juliet,클래지콰이(Clazziquai),6.0
너에게 주고 싶은 세 가지,박혜경,6.0
Poison,엄정화,6.0
Passion,코요태,6.0
봄 여름 가을... 겨울 (feat. 김태우 From God),수호,6.0
봄을 그리다,어반 자카파(Urban Zakapa),6.0
봄을 노래하다,40(포티),6.0
봄이여 오라 (feat. 유리),MC 스나이퍼(MC Sniper),6.0
One Sweet Day,장연주,6.0
One Summer Drive,쿨(COOL),6.0
Twist King,터보(Turbo),6.0
너 때문에,애프터 스쿨(After School) ,6.0
비행소녀,마망,6.0
My Love,머쉬멜로우,6.0
사나이 가는 길 (폼생 폼사),젝스키스(Sechs Kies),6.0
사랑은 비를 타고,씨엔블루(CNBLUE),6.0
사랑은... 하나다,테이(Tei),6.0
내가 되었으면,노리플라이(no reply),6.0
내가 너의 곁에 잠시 살았다는 걸,김연우,6.0
내 여자 손대지마 (Don't Touch My Girl) ,보이프렌드(Boyfriend),6.0
Love Blossom (러브블러썸),케이윌(K.Will),6.0
Love Affair,서영은,6.0
내 마음의 보석상자,SG워너비,6.0
소망,바이브(Vibe),6.0
남자답게,플라이 투 더 스카이(Fly To The Sky),6.0
앵콜요청금지,브로콜리너마저,6.0
다시 사랑할 수 있을까,포맨,6.0
줄다리기 (With 윤하),김범수,6.0
가지 말아요,유엔(UN),6.0
가리워진 길 (Ra.D Rmx),라디(Ra.D),6.0
일과 이분의 일,투투(Two Two),6.0
체인지 (영화 '체인지' O.S.T),리치(Rich),6.0
한사람을 위한 마음,럼블 피쉬(Rumble Fish),6.0
잊었니,하나(Hana) [타이푼],6.0
잊을께,YB,6.0
잔소리,더 넛츠(The Nuts),6.0
그랬나봐 (Piano ver.),김형중,6.0
제주도의 푸른 밤,최성원,6.0
"조금씩, 천천히, 너에게 (With 타루)",노리플라이(no reply),6.0
같이 걸을까,이적,6.0
좋아,Lucia(심규선),6.0
팝콘,데이브레이크(daybreak),6.0
가족사진,SG워너비 김진호,6.0
키스미,참깨와 솜사탕,6.0
기대해,걸스데이(Girl's Day),6.0
주문을 걸어,박혜경,6.0
칵테일 사랑,마로니에(Maronnier),6.0
죽도록 사랑해 (feat. 박정현),MC 몽,6.0
BLUE,BIGBANG,6.0
Brown City,브라운 아이드 소울(Brown Eyed Soul),6.0
짝사랑 (feat. 美),포맨,6.0
Boogie On & On,빈지노(Beenzino),6.0
충분히 예뻐 (feat. 산체스 Of 팬텀),버벌진트(Verbal Jint),6.0
처음 느낌 그대로,러브홀릭(Loveholic),6.0
Bon Voyage (Vocal By 조원선),토이(Toy),6.0
척하면 척 (feat. 강민경),김종욱,6.0
Babay (feat. Gaeko),Zion.T,6.0
첫사랑이죠,아이유 ＆ 나윤권,6.0
추억속의 그대,이승기,6.0
한여름 밤의 꿈,어쿠스틱 콜라보(Acoustic Collabo),6.0
일상다반사,롤러코스터(Rollercoaster),6.0
체념,빅마마(Big Mama),6.0
꿍따리샤바라,클론(Clon),6.0
영원한 사랑,핑클(Fin.K.L),6.0
247 (feat. 아이유),세 개의 시선,6.0
혼자가 아닌 나,서영은,6.0
Happy Together (해피투게더),박지헌,6.0
You're Beautiful (GM대우 '토스카' TV 광고음악),James Blunt(제임스 블런트),6.0
Fly Away,장윤주,6.0
Going Home,김윤아,6.0
괜찮아,베란다 프로젝트(Verandah Project),6.0
Festival (인생은 아름다워),엄정화,6.0
11:30,블락비(Block B),6.0
Hush,허쉬(Hush),6.0
1994년 어느 늦은 밤,럼블 피쉬(Rumble Fish),6.0
어떻게 사랑이 그래요,이승환,6.0
Fan,에픽 하이(Epik High),6.0
Happy Things,제이레빗(J Rabbit),6.0
Rain Dreams,젠틀 레인(Gentle Rain),5.0
당신은 모르실거야,핑클(Fin.K.L),5.0
당신은 천사와 커피를 마셔본 적이 있습니까,김성호,5.0
커피한잔의 여유,나윤권,5.0
별똥별,스웨터(Sweater),5.0
Rain,이적,5.0
베짱이 찬가,써니힐(Sunny Hill),5.0
도시의 밤 (Piano ver.),소울라이츠(Soulights),5.0
홍대로 가는 택시 (Inst),토마스 쿡(Thomas Cook),5.0
다음 사람에게는,조성모,5.0
"다시, 봄",스웨덴세탁소,5.0
축복,긱스(Gigs),5.0
Sunshine (New ver.),달콤한 소금,5.0
바람이 불어오는 곳,김광석,5.0
Something About You,Martin Solveig(마틴 솔베이그),5.0
두근두근 뛰는 가슴 사랑이 온건지 (feat. Soulman),소설,5.0
무중력,NY 물고기,5.0
만남,코요태,5.0
매일 사랑해 (feat. 버벌진트),레이디 제인(Lady Jane),5.0
한숨만,바이브(Vibe),5.0
모닝 스타 (Album ver.) (영화 '아내가 결혼했다' 뮤직비디오 삽입곡),요조(Yozoh),5.0
못 말리는 봉팔이,이승환,5.0
7Days,휘성,5.0
Something Special,어반 자카파(Urban Zakapa),5.0
럭셔리 버스,원 모어 찬스(one more chance),5.0
몽환의 숲 (feat. 이루마),키네틱플로우(K-Flow),5.0
뭐해? (Piano ver.),신용재 [4men],5.0
뒷모습,나윤권,5.0
해줄 수 없는 일,장혜진,5.0
ABC (With Arina Of Mocca),페퍼톤스(Peppertones),5.0
피터팬은 죽지 않았다,이지혜,5.0
듣고 있나요,이승철,5.0
Amen (연주곡),윤상,5.0
행운을 빌어요,페퍼톤스(Peppertones),5.0
할 수 있어,엔알지(N.R.G),5.0
바다에서 결혼할까요,고유진(플라워),5.0
파란,코요태,5.0
Rodeo (LG U+ 온국민은 Yo 삽입곡 원곡),카피머신(Copy Machine),5.0
약속해 약속해 2012 (feat. 조현아 Of 어반 자카파),버벌진트(Verbal Jint),5.0
Billie Jean,Michael Jackson(마이클 잭슨),5.0
Good Day,존 박(John Park),5.0
울지마,브로콜리너마저,5.0
우리의 밤은 당신의 낮보다 아름답다,플럭서스 보이시스,5.0
우리 그런 사랑해요,모세(Mose),5.0
"Kiss Me, Hold Me",러브홀릭(Loveholic),5.0
요즘 너 말야,제이레빗(J Rabbit),5.0
슬픈바다,김종국,5.0
완벽한 날 (feat. 아이비),버벌진트(Verbal Jint),5.0
Fly,에픽 하이(Epik High),5.0
옛이야기,이수영,5.0
영화봐요 우리 (feat. 오수민),제이켠(J'Kyun) [럭키제이],5.0
Get Up,베이비복스(Baby V.O.X),5.0
I Wish You Love,해랑(Haerang) [재즈],5.0
철부지,존 박(John Park),5.0
아무말 말아요 (feat. 전제덕),웅산,5.0
아이스커피,반반 프로젝트,5.0
I Think I (New ver.) ,별,5.0
Good Love (feat. BSK A.k.a 김범수),다이나믹 듀오(Dynamic Duo),5.0
아픈날,키스위치,5.0
여행,김건모,5.0
Hello Beautiful Day,윤하(Younha/ユンナ),5.0
없어,조현아 [어반자카파],5.0
언제나 그랬죠,브라운 아이즈(Brown Eyes),5.0
Sunshine Love (feat. 장진영),아미(A-Mi),5.0
어때 (feat. 하림),긱스(Geeks),5.0
유령의 노래,넬(Nell),5.0
El Recuerdo Del Rio (엄마야 누나야 강변살자),조윤성,5.0
설레임,그린티(The Green Tea),5.0
이 노래,브라운 아이즈(Brown Eyes),5.0
천일동안 (이승환),옥주현,5.0
One Fine Day,모리(Morrie),5.0
Bounce,조용필,5.0
Never Forget,브라운 아이드 소울(Brown Eyed Soul),5.0
짝사랑,이하이,5.0
지나간다 (feat. 안신애),손성제,5.0
어디라도 (Ra.D Mix ver.),이승기,5.0
죽겠네,10cm(십센치),5.0
Music (feat. 윤지아),하우스 룰즈(House Rulez),5.0
Missing You (feat. 김윤아 Of 자우림),G-DRAGON,5.0
사랑아 (feat. 이한철),유발이의 소풍,5.0
Cafe Siesta (feat. E.P Ho),벨 에포크(Belle Epoque),5.0
Can't Breathe Anymore (With Herz Analog (헤르쯔 아날로그)),소수빈,5.0
사랑의 時,엠씨 더 맥스(M.C the Max),5.0
Cappuccino,윤한(Yoonhan),5.0
Cavatina,젠틀 레인(Gentle Rain),5.0
사랑일 뿐야 (Bonus Track),김범수,5.0
Close Your Eyes,웅산,5.0
저 햇살속의 먼 여행,버블 시스터즈(Bubble Sisters),5.0
산책 (영화 '참을 수 없는.' 삽입곡),이바디(Ibadi),5.0
Let There Be Love ('경남 아너스빌' 광고 - 배용준 주연),Westlife(웨스트라이프),5.0
Let It Try,코요태,5.0
Destiny,불독맨션(Bulldogmansion),5.0
안아줘,정준일 [메이트],5.0
Love Vibration,더 콰이엇(The Quiett),5.0
느낌Good (feat. 장재인),윤종신,5.0
Thank You,페퍼톤스(Peppertones),5.0
내게 오는 길,성시경,5.0
내가 니 편이 되어줄게 (feat. 하은),커피소년,5.0
그대가 들려요,김범수,5.0
그대랑,이적,5.0
가지마라,솔솔부는 봄바람,5.0
눈뜨고 볼 수 없는,원티드(Wanted),5.0
Without You,정엽,5.0
Today (feat. 김종완 Of Nell),G-DRAGON,5.0
"그리고, 남겨진 것들",넬(Nell),5.0
"그녀를 잡아요 (feat. 서동욱, 김진표)",카니발(Carnival),5.0
가로수 그늘아래 서면,이문세,5.0
Vitriol,국카스텐(Guckkasten),5.0
그립고... 그리운...,박효신,5.0
汝歌(여가),장연주,5.0
나쁜여자,레이디스 코드(LADIES' CODE),5.0
나만의 슬픔 (Rock Ballad),김돈규,5.0
나를 사랑했던 사람아,허각,5.0
The Doll,가이아(Gaia) [아트록],5.0
그대,하찌와 TJ,5.0
내 여친,포맨,5.0
The Water Is Wide,조규찬,5.0
그녀가 나를 보네...,브라운 아이즈(Brown Eyes),5.0
그냥 니가 좋아,홍대광,5.0
넌 그날 (feat. 유인나),허밍 어반 스테레오(Humming Urban Stereo),5.0
걷고 싶은 거리,보드카 레인(Vodka Rain),5.0
Moai,서태지,4.0
심야식당,보드카 레인(Vodka Rain),4.0
Paradise,유엔(UN),4.0
난 널 원해,드렁큰 타이거(Drunken Tiger),4.0
너에게 가는 여행,쿨(COOL),4.0
"씨스루 (feat. 개코, Zion.T)",프라이머리(Primary),4.0
별사탕 (feat. 범키),이루펀트(Eluphant),4.0
별 짓 다해봤는데,알리(Ali),4.0
If I Die Tomorrow,빈지노(Beenzino),4.0
Wave,나희경 [Jazz],4.0
What The World Needs Now,웅산,4.0
바야흐로 사랑의 계절 (With 박새별),이한철,4.0
아무도 내게 묻지 않았네,시와(Siwa),4.0
난 행복해,지아(Zia),4.0
바람이 분다,이소라,4.0
나랑 살자 (feat. 민연재),포스트맨(Postmen),4.0
I Love You,포지션(Position),4.0
바다,우쿨렐레 피크닉(Ukulele Picnic),4.0
나는 그 사람이 아프다 (feat. 타루),에피톤 프로젝트(Epitone Project),4.0
"어떤 날도, 어떤 말도",Lucia(심규선),4.0
나 나쁘죠 (feat. 김태우),케이윌(K.Will),4.0
"With U (feat. 범키, 소울다이브)",소울라임(SouLime),4.0
Without You,원타임(1TYM),4.0
Just For Fun,프렐류드(Prelude),4.0
Kiss Kiss,타루(Taru),4.0
Keep Warm - KTF 에버 (송혜교 엘리베이터 편),Jinny,4.0
사랑... 그게 뭔데,양파,4.0
To My Grandfather,네스티요나(Nastyona),4.0
사랑은 언제나 목마르다,유미,4.0
내가 웃는게 아니야 (With Ali),리쌍(Leessang),4.0
사랑을 드릴게요,비스윗(Besweet),4.0
사랑의 롤러코스터 (With 소규모 아카시아 밴드),요조(Yozoh),4.0
사라지지 말아요,디어 클라우드(Dear Cloud),4.0
사랑일 뿐이야,국카스텐(Guckkasten),4.0
고백,박혜경,4.0
사랑한대 (With Windy),스탠딩 에그(Standing Egg),4.0
사랑할수록,부활,4.0
One Fine Day,하동균,4.0
비(悲)의 Rhapsody,최재훈,4.0
너를 보내고,YB,4.0
불면증 (feat. Bobby),다이나믹 듀오(Dynamic Duo),4.0
삶은 여행,이상은(Lee Tzsche),4.0
서울사람들,버스커 버스커(Busker Busker),4.0
선물 Part 1 (Melody...),토이(Toy),4.0
섬,몽라(Monla/夢兒),4.0
Pang Pang,하모하모(Hamohamo),4.0
L'amour Qui Va (사랑은 떠나고),Awa(아와),4.0
소풍,블루앤블루(Blue & Blue),4.0
솜사탕,네미시스(Nemesis),4.0
날 모르죠 (feat. Wheesung),린(LYn),4.0
여름 별,지나(G.NA),4.0
Sweet Holiday,씨엔블루(CNBLUE),4.0
여섯시 반,Simon Dominic(사이먼 도미닉),4.0
Yesterday,타루(Taru),4.0
주인공 (feat. Lmnop),아웃사이더(Outsider),4.0
죽일 놈 (Guilty),다이나믹 듀오(Dynamic Duo),4.0
즉흥여행 (feat. MC몽),윤종신,4.0
"지금, 여기",임재범,4.0
그대네요 (duet with 아이유) (Bonus Track),성시경,4.0
간지럽게,스윗소로우(SWEET SORROW),4.0
챔피언 (feat. 정인),리쌍(Leessang),4.0
갈색머리 (feat. 김연우),윤건,4.0
Blowin' My Mind,브라운 아이드 소울(Brown Eyed Soul),4.0
감사 (Bonus Track),김동률,4.0
청혼,노을,4.0
Big Black Car,Gregory Alan Isakov,4.0
Bachianas Brasileiras No.5,김민석 [트리오로그],4.0
커피를 마시고 (Main ver.),어반 자카파(Urban Zakapa),4.0
통화 연결음,써니힐(Sunny Hill),4.0
튤립 (feat. 이희아 & One Sun),임정희,4.0
Angel's Disguise (코리아나 화장품 '오브로' CF 삽입곡),제이(J.ae),4.0
편한가봐,윤하(Younha/ユンナ),4.0
Again,스페이스 A(Space A),4.0
겨울,정준일 [메이트],4.0
굿모닝 (feat. 권정열 Of 10cm),버벌진트(Verbal Jint),4.0
7년간의 사랑,규현(KYUHYUN),4.0
해변의 아침,박경환,4.0
괜찮아,정준일 [메이트],4.0
향수,버스커 버스커(Busker Busker),4.0
"헤어지지 못하는 여자, 떠나가지 못하는 남자 (feat. 정인)",리쌍(Leessang),4.0
화분 (드라마 '커피프린스 1호점' 삽입곡),러브홀릭(Loveholic),4.0
화요일에 비가 내리면,지현,4.0
화창한 봄날에 (feat. Kuan),제리케이(Jerry. K),4.0
그대와 함께,몽니(Monni),4.0
"그때와 같은 공간, 같은 노래가",디어 클라우드(Dear Cloud),4.0
전할 수 없는 이야기 (부제: 시티 오브 엔젤),휘성,4.0
위로,하림,4.0
"Good Night (feat. Junggigo, Elly)",피노다인(Pinodyne),4.0
Gimme! Gimme!,컨츄리 꼬꼬(Country Kkokko),4.0
You're My Everything,신화,4.0
Your Name,샤이니(SHINee),4.0
꽃,랄라스윗(lalasweet),4.0
오늘 같은 밤이면 (그리움),박정운,4.0
오늘 밤 (feat. 배치기),린(LYn),4.0
Gentleman,싸이(Psy),4.0
오션 드라이브 (Ocean Drive) (feat. 양해중),투어리스트(The Tourist),4.0
First Kiss (Remix),포맨,4.0
우리의 밤은 당신의 낮보다 아름답다,코나(Kona),4.0
Everything Is OK,페퍼톤스(Peppertones),4.0
금방 사랑에 빠지다,김지수,4.0
Endless,고유진(플라워),4.0
가장 따뜻한 위로,소란(Soran),4.0
음악이 들려오네,보싸다방(Bossa Dabang),4.0
Drive,코요태,4.0
이게 아닌데,존 박(John Park),4.0
Drive,동방신기(TVXQ!),4.0
Dreamin' Boy (Piano Solo),더필름(The Film),4.0
Don't Stop,럼블 피쉬(Rumble Fish),4.0
인형 (duet with 신혜성),이지훈,4.0
인형의 꿈,러브홀릭(Loveholic),4.0
인형의꿈 (Bonus Track),러브홀릭(Loveholic),4.0
있잖아 (사과송),파탈(擺脫/Fatal),4.0
Crispy Paradise ('우리 결혼했어요' 삽입곡),크리스피 로즈(Crispy Rhodes),4.0
잘못,이승기,4.0
잠시만 안녕 (Original),엠씨 더 맥스(M.C the Max),4.0
Roly-Poly,티아라(T-ara),4.0
돌아 (Funky Mix) (feat. 은지원),미나,4.0
Stay,넬(Nell),4.0
Strawberry Juice,젠틀 레인(Gentle Rain),4.0
Swing Baby,박진영,4.0
늑대와 함께 춤을,임창정,4.0
다시 와주라,바이브(Vibe),4.0
되돌리다,이승기,4.0
눈물편지,성시경,4.0
못된 여자 II (With 서인영),원투(Onetwo),4.0
눈물나는 날에는,김연우,4.0
Speechless,클래지콰이(Clazziquai),4.0
Saying I Love You ,원더걸스(Wonder Girls),4.0
네버엔딩 스토리 (부활),김범수,4.0
니가 너무 그리운 날엔,플라워(Flower),4.0
뒤돌아 보다,노리플라이(no reply),4.0
Stop!,원더걸스(Wonder Girls),4.0
누구보다 널 사랑해,비쥬(Bijou),4.0
또 한번 사랑은 가고,이기찬,4.0
멀어 (feat. Beenzino),프라이머리(Primary),4.0
달콤 쌉싸름한 너 (feat. TOX Of Mr. Boomba),박꽃별,4.0
떨림,아이엠(iM),4.0
사랑으로 빚진 날들,윤건,3.0
Mystery,비스트(Beast),3.0
Never Ending Story,이승철,3.0
Go Away,투애니원(2NE1),3.0
하늘에서 남자들이 비처럼 내려와,버블 시스터즈(Bubble Sisters),3.0
마지막 부탁 (feat. 안신애),보이(VOY),3.0
L-O-V-E (영화 '히 러브스 미'),Nat King Cole(냇 킹 콜),3.0
Summer Love,영턱스클럽(YTC),3.0
여행자,양양(YangYang),3.0
Chocoholic (feat. Swings),크루셜스타(Crucial Star),3.0
낡은 배낭을 메고,노리플라이(no reply),3.0
그냥 니 생각이 나,정기고(Junggigo),3.0
Toast (With 허밍어반스테레오),제이(J.ae),3.0
Gravity,해이(Hey),3.0
니자리 (feat. 정엽 Of Brown Eyed Soul),에코 브릿지(Eco bridge),3.0
여행 (feat. 조규찬),빅뱅(방승철) [Solo],3.0
못다한 나의 이야기 (feat. 김형중),토이(Toy),3.0
Ultramarine (群靑 / Gunzyou -Ultramarine-) (후쿠야마 마사하루 리메이크) ('월드 비즈니스 세터라이트' 엔딩 테마),반광옥,3.0
거짓말,BIGBANG,3.0
Tiny Little Things,S.E.S.,3.0
"오, 나의 공주님",루싸이트 토끼,3.0
오늘 (Song By 심규선),에피톤 프로젝트(Epitone Project),3.0
My Funny Valentine,웅산,3.0
내사람: Partner For Life,SG워너비,3.0
녹턴 (Nocturn),이은미,3.0
"사람, 사랑",김범수,3.0
폭풍속의 주 (The Lord In The Storm) (feat. Heritage),브라운 아이드 소울(Brown Eyed Soul),3.0
안녕 스무살 (Vocal By 김민규),토이(Toy),3.0
같이 있자,이정,3.0
그대 (CF ver.) (feat. 한효주),브라운 아이드 소울(Brown Eyed Soul),3.0
열두시 반,브로콜리너마저,3.0
Always Be Mine,어반 자카파(Urban Zakapa),3.0
Secret,짙은(Zitten),3.0
편한 사이 (With Windy) ,스탠딩 에그(Standing Egg),3.0
그 어떤 말로도 (feat. 장윤주),보드카 레인(Vodka Rain),3.0
사랑.. 그 놈,바비 킴(Bobby Kim),3.0
놀아봅시다,바나나보트(Banana Boat),3.0
초콜릿 트러플,클래지콰이(Clazziquai),3.0
조별과제,CHEEZE,3.0
늦은 혼잣말,디어 클라우드(Dear Cloud),3.0
마지막 내 숨소리,엠씨 더 맥스(M.C the Max),3.0
여행,왁스(Wax),3.0
어쩌면...,버즈(Buzz),3.0
친구잖아,이승기,3.0
여름 상상,바나나보트(Banana Boat),3.0
그대와 둘이,브라운 아이드 소울(Brown Eyed Soul),3.0
나는 사랑이 뭔지 모르나봐요,김연우,3.0
Lalala,스탠딩 에그(Standing Egg),3.0
"친구여 (Dear Friend 2, feat. 인순이)",조pd(ZoPD),3.0
I Like Watching You Go (Bonus Track),검정치마,3.0
Shall We Dance? (bonus track),데이브레이크(daybreak),3.0
High Tention,트랙 마켓(Track Market),3.0
Lonely Night,부활,3.0
상상속의 너,카피머신(Copy Machine),3.0
여행,수니(Soonie),3.0
끝이 아니기를...,바이브(Vibe),3.0
나는 나비,YB,3.0
어른아이,거미,3.0
Lean On Me (feat. 에디킴 & TUNE From 노리플라이),닥터심슨(Dr.Simpson),3.0
취미는 사랑 (Album ver.),가을방학,3.0
Byebyebye,정기고(Junggigo),3.0
I Cry When You Cry,라디(Ra.D),3.0
With My Girl (With 스윗 소로우),나원주,3.0
어디선가 나의 노랠 듣고 있을 너에게,공일오비(015B),3.0
그대라서,어쿠스틱 콜라보(Acoustic Collabo),3.0
나란 놈은 답은 너다 (feat. 하림),리쌍(Leessang),3.0
Hello (feat. 인광),스윗바이러스(Sweet Virus),3.0
사랑해요,하찌와애리(Hachi&Eri;),3.0
여름날의 추억,강타,3.0
톡톡 (Tok Tok) (feat. Soya),마이티 마우스(Mighty Mouth),3.0
Midnight Picnic (Remastered),테테(Tete),3.0
토요일 오후에,라즈베리필드,3.0
Marry Me,구혜선,3.0
태양계,성시경,3.0
내가 널 어떻게 잊어,바닐라 유니티(Vanilla Unity),3.0
나랑 같이 해줄래,스윗소로우(SWEET SORROW),3.0
세 사람 (feat. 왁스),이기찬,3.0
She (feat. Beenzino),Zion.T,3.0
Can't Stop Thinking About You,야광토끼(Neon Bunny),3.0
"쿠키, 커피",바닐라 어쿠스틱(Vanilla Acoustic),3.0
가질수 없는 너,뱅크(Bank),3.0
사랑하지 않으니까요,김동률,3.0
Summer Sunset,슈가(Sugar),3.0
지나간다,김범수,3.0
여름이야기,이지엠(EZ'M),3.0
여름안에서 (Original ver.),서연,3.0
Love Song,에릭남,3.0
그녀가 웃잖아,김형중,3.0
좋은사람,박효신,3.0
여름바다,정은채 [배우],3.0
하루 종일 비가 내렸어,디아(Dia) [키스 & 크라이],3.0
New World,캐스커(Casker),3.0
별이 빛나는 밤에,바이브(Vibe),3.0
그리고 별이 되다,나윤선,3.0
첫 데이트,스윗소로우(SWEET SORROW),3.0
12:00,칵스(THE KOXX),3.0
혼자,커피소년,3.0
드디어 만났다 (feat. Junggigo),팔로알토(Paloalto),3.0
시간이 없어 ,크루셜스타(Crucial Star),3.0
가을이 지나간다,이석훈 [SG워너비],3.0
So Nice (feat. 이한철 & 이원석 & 김신의 & 뎁 & 요조 & 페퍼톤스 & 노리플라이 & 옥상달빛) (Radio Edit),GMB,3.0
아스피린,딕펑스(Dick Punks),3.0
너의 꽃,10cm(십센치),3.0
관찰,지오디(god),3.0
Push Push (푸시푸시),씨스타(Sistar),3.0
Think About' Chu,아소토 유니온(Asoto Union),3.0
위로 (Reprise),모든(Moden),3.0
물빛의 여름,에레나(Elena),3.0
Eu Nao Existo Sem Voce,신예원,3.0
아이스크림 사랑 (Original ver.),서은,3.0
물론,지아(Zia),3.0
I Don't Care (Reggae Mix ver.),투애니원(2NE1),3.0
너에게로 간다,원티드(Wanted),3.0
집에 가지마,G-DRAGON,3.0
Playa Love (feat. 린),더블케이(Double K),3.0
시작된 여행,소규모 아카시아 밴드,3.0
바보,박효신,3.0
웃어요,유리상자,3.0
고마운 마음 뿐이죠,모세(Mose),3.0
당신을 기다렸어요,몽니(Monni),3.0
아름다운 날들,브라운 아이드 소울(Brown Eyed Soul),3.0
"인어, 세상을 걷다",러브홀릭(Loveholic),3.0
익숙한 그 집 앞,유희열,3.0
밀실 (feat. 김진아),보이(VOY),3.0
썰렁한 왕자와 해적 (Beach Party 2010 Mix) (feat. 바나나보트),트래져 아일랜드,3.0
더위사냥,이지엠(EZ'M),3.0
말 좀 해줘 (feat. Soulman),슈프림팀(Supreme Team),3.0
Rock'n 나라,S.E.S.,3.0
난 사랑에 빠졌죠,박지윤,3.0
바다의 공주,엘피지(LPG),3.0
두근두근,브로콜리너마저,3.0
Dream (feat. Pre-School Girl 윤조),애프터 스쿨(After School) ,3.0
마지막 춤은 나와 함께,재주소년,3.0
Sunshine Love (feat. 디아),아미(A-Mi),3.0
신인류의 사랑 (Performed By W),공일오비(015B),3.0
참고 살아 (be...),다이나믹 듀오(Dynamic Duo),3.0
이밤이 가면,김건모,3.0
미소천사,성시경,3.0
D.I.S.C.O (feat. TOP),엄정화,3.0
바래다 주는 길,바이브(Vibe),3.0
해피엔드 (Vocal By 유희열),토이(Toy),3.0
서울은 흐림 (feat. 한희정),못(Mot),3.0
별처럼 (duet with 태연 Of 소녀시대),더 원(The One),3.0
기억을 쓴다 (feat. 한희정),보이(VOY),3.0
장가갈 수 있을까,커피소년,3.0
why?,정기고(Junggigo),3.0
재미없어,BIGBANG,3.0
너를 보내며,젝스키스(Sechs Kies),3.0
왜 벌써가 (Be My Brownie) (feat. Bumky),다이나믹 듀오(Dynamic Duo),3.0
Say My Name (feat. 길미),낯선(Nassun),3.0
한번 더 이별,성시경,3.0
한계,넬(Nell),3.0
와,이정현,3.0
After Love,클래지콰이(Clazziquai),3.0
비밀 (Insane),비투비(BTOB),3.0
비밀번호 486,윤하(Younha/ユンナ),3.0
무릎베개,낭만유랑악단,3.0
말해줘 (feat. 엄정화),지누션(Jinusean),3.0
Shout,김경호,3.0
Fling; Fig From France (Bonus Track),검정치마,3.0
하루종일 전화기만 쳐다봐,유니파이밴드(Uni-Fi Band),3.0
"Speech 04. [Relation] - Lonely Hearts Club, Beenzino",브라운브레스(Brownbreath),3.0
Zodiac,40(포티),3.0
너너너,티아라(T-ara),3.0
오르막길 (feat. 정인),윤종신,3.0
Feel So Good,레이지본(Lazybone),3.0
Feels Good,긱스(Geeks),3.0
Stand Up!,에프엑스(f(x)),3.0
해변 Mood Song,윤종신,3.0
"봄 날, 버스 안에서 (feat. 유정균 Of Serengeti)",곰PD,3.0
Stardust,W & Whale(더블유 앤 웨일),3.0
Paradise,이승기,3.0
청룡열차 (feat. Supreme Team & 길미),리오 케이코아(Leo Kekoa),3.0
Stepping Out,클래지콰이(Clazziquai),3.0
웃기고 있어,정엽,3.0
Signal Waltz,라이너스의 담요(Linus' Blanket),3.0
당신은 참..,성시경,3.0
기다리다 (Acoustic ver.),윤하(Younha/ユンナ),3.0
근심가 (feat. 신예원),윤상,3.0
그립습니다 (Piano ver.),지아(Zia),3.0
질투,영턱스클럽(YTC),3.0
Excuse Me (Piano feat. 지호),브랜뉴직(Brand Newjiq),3.0
진심 (feat. 임세준),정키(Jung Key),2.0
그대 내품에,유재하,2.0
Break Away,빅마마(Big Mama),2.0
질투 나잖아,라임어택(RHYME-A-),2.0
눈물로 (duet with 이정),제이(J.ae),2.0
Who Do You Love,성시경,2.0
나쁜 남자,주(Joo),2.0
데려가 (feat. Beenzino),슈프림팀(Supreme Team),2.0
앨리스,윤하(Younha/ユンナ),2.0
Smoking Dreams,재지팩트(Jazzyfact),2.0
아리따운 당신과,노브레인(No Brain),2.0
마지막 사랑,박기영,2.0
지나가네요,정재욱,2.0
아마추어,이승철,2.0
다만...,더 준(The Jun),2.0
나를 떠나가던,몽니(Monni),2.0
지난 슬픔 버리고 (A Whiter Shade Of Pale 중 삽입),쿨(COOL),2.0
아픈비,스윙체어(Swingchair),2.0
Sonnet,애즈 원(As One),2.0
눈물만 (Acoustic ver.),김성규 [인피니트],2.0
느리게 하는 일,아이유(IU),2.0
으샤! 으샤!,신화,2.0
잘 지내,조정치,2.0
그립고 그립고 그립다,케이윌(K.Will),2.0
위로의 여신,바닐라 어쿠스틱(Vanilla Acoustic),2.0
위로,자우림(Jaurim),2.0
웃자 (Be Happy),소녀시대,2.0
웃는 사람 다 이뻐,왁스(Wax),2.0
떠나지마...,t윤미래,2.0
Crush On You (feat. Swings),크러쉬(Crush),2.0
우울한 편지,유재하,2.0
FANTASTIC BABY (Special Edition ver.),BIGBANG,2.0
Corcovado,효기(Hyoki) [Jazz],2.0
우리 참 좋았는데 (duet with 박정현),성시경,2.0
그랬음 좋겠다,더 원(The One),2.0
작은아이 (Live),바닐라시티(Vanila City),2.0
자니 (feat. Dynamic Duo),프라이머리(Primary),2.0
뒤차가 경적을 (Piano ver.),엠씨 더 맥스(M.C the Max),2.0
자꾸 눈길이 가,오! 부라더스(Oh! Brothers),2.0
"자꾸 그대가 생각나 (With 유발이의 소풍, 진완)",셀로판리버(Cellophane River),2.0
이별 이야기 (With 이지훈 & 신혜성),이수영,2.0
그리고 그후,프리 스타일(Free Style),2.0
Stay Cool (feat. Zion T),Simon Dominic(사이먼 도미닉),2.0
그런일은,화요비,2.0
Dream Boy,씨엔블루(CNBLUE),2.0
Dear My Love (Humming) (feat. 이지영 Of 빅마마),누빔,2.0
가시나무,조성모,2.0
그렇게 겪고도 모릅니까...,태원(TaeOne),2.0
이화동 (duet with 한희정),에피톤 프로젝트(Epitone Project),2.0
인어의 심장,반시(Vansy),2.0
두근두근 (feat. 박정현),김진표(JP),2.0
인형의 꿈,일기예보,2.0
잘해봐,일기예보,2.0
옥상달빛,옥상달빛,2.0
I Do (Piano ver.),박완규,2.0
없는 번호,소울스타(Soulstar),2.0
Song For Me,박정현,2.0
그대와 함께,더 블루(The Blue),2.0
Hello,허각,2.0
런치의 여왕 (Remaster),언노운 피플(UKP),2.0
그대와 나,10cm(십센치),2.0
마녀사냥 (feat. J),유승준,2.0
독백 (feat. Clazziquai),라임버스(Rhyme Bus),2.0
그래서 그런지 현실은 낯설었어,재주소년,2.0
얼음벌레 (Ice Bug),바닐라 어쿠스틱(Vanilla Acoustic),2.0
Hot Issue,포미닛(4minute),2.0
언제나 사랑해,제이세라(J-Cera),2.0
어베일러블 (feat. Lady Jane),버벌진트(Verbal Jint),2.0
"TV, 돼지, 벌레",장필순,2.0
Tell Me All About It,웅산,2.0
여자,빅마마(Big Mama),2.0
꿈에 (Remastering),조덕배,2.0
Happy Day,하이진(Hyejin),2.0
You And Me,자우림(Jaurim),2.0
여행 (A Short Journey) ,슈퍼주니어(Super Junior),2.0
연애,애즈 원(As One),2.0
Casanova,키덜트(Kidult) [인디락],2.0
연애는 어떻게 하는 거였더라,요조(Yozoh),2.0
라라라,SG워너비,2.0
꽃 (feat. Soul One),인디언 팜(Indian Palm),2.0
조금씩 조금씩,악퉁(Achtung),2.0
뜨거운 안녕 (feat. 성시경),싸이(Psy),2.0
오늘 서울은 하루종일 맑음 (Vocal By 윤하),토이(Toy),2.0
오늘 헤어졌어요,윤하(Younha/ユンナ),2.0
오늘밤,슈가볼(Sugarbowl),2.0
Fly Me To The Moon,우쿨렐레 피크닉(Ukulele Picnic),2.0
돌아오지 않아,이승열,2.0
Bluesette,조윤채,2.0
Happy Day,체리필터(Cherry Filter),2.0
아가씨와 건달들,쿨(COOL),2.0
난 남자가 있는데,에보니힐(Ebonyhill),2.0
편지,김광진,2.0
My Everything,브라운 아이드 소울(Brown Eyed Soul),2.0
푸념,이승환,2.0
푸른새벽,푸른새벽,2.0
Timing Fools Me (그대안의 블루) (Vocal By Eunjee Han),누보두(Nouveau Deux),2.0
Aloha,스탠딩 에그(Standing Egg),2.0
All Of You,주영(JooYoung),2.0
너라는 존재에게,어바노(Urbano),2.0
너랑 나,아이유(IU),2.0
다툼,이적,2.0
뷰티풀 걸 (feat. 일렉트로 보이즈),티아라(T-ara),2.0
노래할게,루시드 폴(Lucid Fall),2.0
붉은 노을,BIGBANG,2.0
건너편,권순관,2.0
너를 사랑해 (feat. 하대환),S.E.S.,2.0
사랑가,하하,2.0
내게로 와 (Come Closer),롤러코스터(Rollercoaster),2.0
April Funk (June Mix) (Vocal By Deb),페퍼톤스(Peppertones),2.0
못된 것만 배워서,비원에이포(B1A4),2.0
멀어진다,홍대광,2.0
Love Has Gone Away (난 행복해),Oe,2.0
사랑했나봐,윤도현,2.0
그녀가 웃는다,우수(Woosoo) [남성솔로],2.0
멜로영화,시크릿(Secret),2.0
Anything (Through The Rain),브라운 아이드 소울(Brown Eyed Soul),2.0
Sweety,클래지콰이(Clazziquai),2.0
클래식 (Piano ver.),KCM,2.0
키세스해줘♡,루이비(Louis.B),2.0
내가 나에게...,선우정아(Sunwoojunga),2.0
태양을 피하는 방법,비(Rain),2.0
Summer Vacation,SMTown,2.0
모르죠,지오디(god),2.0
사랑은 아프려고 하는거죠,엠씨 더 맥스(M.C the Max),2.0
Missing You,플라이 투 더 스카이(Fly To The Sky),2.0
다쳐도 좋아,휘성,2.0
다짐 (feat. 황종률),보싸다방(Bossa Dabang),2.0
봄이준 선물,스윙체어(Swingchair),2.0
굿모닝 레이디,바닐라 어쿠스틱(Vanilla Acoustic),2.0
바람인가요,브라운 아이드 소울(Brown Eyed Soul),2.0
미소,박혜경,2.0
골목을 돌면 (Vocal 거미) ,구혜선,2.0
다른 누구도 아닌 너에게,장재인,2.0
바람아 불어라,지선(Jisun) ,2.0
Remember (Piano ver.),유엔(UN),2.0
"Reunion (feat. B-Soap, The Quiett, Verbal Jint & 조현아)",Kricc(크릭),2.0
1024 (10월 24일),유피(UP),2.0
100% 로맨틱 ('우리 결혼했어요' 삽입곡),민설,2.0
Rock U,카라(Kara),2.0
넌 남이 아냐 (House ver.),이오스(E.O.S),2.0
다시 사랑 할 수 있을까 (feat. 다비치),포맨,2.0
미치도록 (feat. 길미) (Piano ver.),마르코(Marco) [힙합],2.0
...안 되나요... (부제: 화양연화),휘성,2.0
The Times Forgotten (춘천가는 기차),남예지,2.0
넋,40(포티),2.0
공항남녀,플라스틱 피플(Plastic People),2.0
버스 안에서,자자(Zaza),2.0
물들어,손승연,2.0
This Time Is Over,비원에이포(B1A4),2.0
너만 괜찮다면,마리오(Mario),2.0
봄눈,박지윤,2.0
A Better Day,제이티엘(JTL),2.0
"너에게 가는 길 (feat. 서동훈, 비온디)",제이심포니(J-symphony),2.0
다 줄꺼야 (Acustic ver.),조규만,2.0
"너에게 난, 나에게 넌",자전거 탄 풍경,2.0
별 빛이 내린다,안녕 바다,2.0
해안도로 (Vocal By 현민),페퍼톤스(Peppertones),2.0
Plastic Flower (상사병),박정현,2.0
6년동안,별,2.0
광화문 연가,이문세,2.0
Profile (feat. The Quiett & Dok2),빈지노(Beenzino),2.0
Promise U,씨야(SeeYa),2.0
사진을 보다가,바이브(Vibe),2.0
사랑과 우정사이,SG워너비,2.0
LaLaLa,윤하(Younha/ユンナ),2.0
Beautiful Life,동방신기(TVXQ!),2.0
내 삶의 반,한경일,2.0
Track 9,이소라,2.0
Baby,소울원(Soul One),2.0
Lemon Tree,박혜경,2.0
선물 (Outro),김우주,2.0
선인장 (Song By 심규선),에피톤 프로젝트(Epitone Project),2.0
추억은 사랑을 닮아,박효신,2.0
달팽이,패닉(Panic),2.0
산다는건 다 그런게 아니겠니,서영은,2.0
낭만 고양이,체리필터(Cherry Filter),2.0
세사람,이기찬,2.0
남자를 몰라,버즈(Buzz),2.0
취미는 사랑,가을방학,2.0
매니큐어,국카스텐(Guckkasten),2.0
Virus,비스트(Beast),2.0
난치병(難治病),하림,2.0
숨,휴먼레이스(Human Race),2.0
Just The Two Of Us,어반 자카파(Urban Zakapa),2.0
말하는 대로,처진 달팽이(유재석 & 이적),2.0
첫사랑의 멜로디,어쿠스틱 콜라보(Acoustic Collabo),2.0
"첫느낌 (feat. B. L. X, Cubic)",바스코(Vasco),2.0
시간이 흐른 뒤 (As Time Goes By),t윤미래,2.0
그대 내맘에 들어오면은 (Remastering),조덕배,2.0
Smoke (feat. Beenzino),비다로카(Vida Loca),2.0
Touch Me,민효린,2.0
"스마일 송 (Smile Song) (With 은별) (feat. X-girlz, 어유란)",싱스(Sings),2.0
살아야지 (Piano ver.),임재범,2.0
그녀를 사랑해줘요,하동균,2.0
새로운 사람에 관한 짧은 이야기,보드카 레인(Vodka Rain),2.0
친구야 너는 아니 (A-Men Song),부활,2.0
색깔로 치면 핑크,이아립,2.0
Love,조장혁,2.0
"친구에서 연인이 되기까지 (feat. 먼데이키즈, 백지영)",걸프렌즈(Girl Friends),2.0
Crying,플라워(Flower),1.0
첫눈,SG워너비,1.0
그대는 나무 같아,박지윤,1.0
친구에서 연인으로,마스터 케이지(Master Kz),1.0
1st Love,바이브(Vibe),1.0
Bing Bing,크레용팝(Crayon Pop),1.0
Sweet Love,Kentaro Takizawa(켄타로 타키자와),1.0
헤어지지 말자,고현욱,1.0
1월부터 6월까지 (feat. 윤종신),공일오비(015B),1.0
잘 지내나요,성시경,1.0
잘 지내니 좀 어떠니,좋아서 하는 밴드,1.0
파라다이스,카피머신(Copy Machine),1.0
광화문연가,이수영,1.0
그대 나의 강 흐르네,나루(Naru) [솔루션스],1.0
카레,노라조,1.0
도레미 (Doremi),도나웨일(Donawhale),1.0
해줄 수 없는 일,박효신,1.0
6월 이야기,자우림(Jaurim),1.0
6월의 꿈,더 원(The One),1.0
카멜레온,아프로디노(Afrodino),1.0
그녀를 사랑하지마,이효리,1.0
카푸치노,커피소년,1.0
두 마리,배치기,1.0
다시 태어나도 (duet with 에스더),김돈규,1.0
Count On Me (Acoustic ver.),이기찬,1.0
함께라면 (feat. 김진표) (jTBC 드라마 '우리 결혼할 수 있을까' 삽입),클래지콰이(Clazziquai),1.0
다시 사랑할 수 있을까 (With 박정은),포맨,1.0
자꾸만 자꾸만,신용재 [4men],1.0
결혼 (feat. 가인 For Brown Eyed Girls),최정철,1.0
도파민,뎁인뎁쇼,1.0
죄와 벌,SG워너비,1.0
처음처럼 (feat. Brian 함),하우스 룰즈(House Rulez),1.0
훗 (Hoot),소녀시대,1.0
그렇고 그런 사이,장기하와 얼굴들,1.0
일단 돌아서지만,2AM,1.0
...오후,브라운 아이즈(Brown Eyes),1.0
환청,블루 샤벳(Blue Sorbet),1.0
06월 June-행운이 함께 하길,조이프로젝트(ZOY Project),1.0
니가 내리는 날,자화상,1.0
천국,BIGBANG,1.0
천국에서 내린 비,듀크(Duke),1.0
책임져,언타이틀(Untitle),1.0
그럴 겁니다... 잊을 겁니다...,씨엔블루(CNBLUE),1.0
천년의 사랑,박완규,1.0
고양이버스,허민,1.0
창문 너머 어렴풋이 옛 생각이 나겠지요,아이 투 아이(Eye To Eye),1.0
Blue Rain,핑클(Fin.K.L),1.0
감기,이기찬,1.0
그대 내게 (duet with 이소라),조규찬,1.0
친구의 고백,2AM,1.0
각설탕,뜨거운 감자(Hot Potato),1.0
첫 이별 그날 밤,아이유(IU),1.0
12 O'clock,Club505(클럽505),1.0
자꾸 신경쓰이는 그 녀석,문선(Moonsun),1.0
혼잣말,빅마마(Big Mama),1.0
혼자한 사랑,김현정,1.0
고래,짙은(Zitten),1.0
그대 걷던 길,노리플라이(no reply),1.0
Sweeta Love (feat. 김반장 Of Windy City),곰PD,1.0
지상에서 영원으로,정경화,1.0
All Of You,송영주(JuJu Song),1.0
Summer Romance (feat. 소심한 오빠들),동경소녀,1.0
Click Me (2013) (feat. Dok2),Zion.T,1.0
하늘을 날아,메이트(Mate),1.0
"축하해 (feat. 다이나믹듀오, 박재범)",프라이머리(Primary),1.0
핑계 (Reggae),김건모,1.0
춘천 가는 기차,김현철,1.0
도쿄블루스,김윤아,1.0
좋아해,하이투힘(Hi to him),1.0
강남스타일,싸이(Psy),1.0
제발,들국화,1.0
Changeable Love,아키버드(Aquibird),1.0
그댄 행복에 살텐데,리즈(Leeds),1.0
Sunday,재주소년,1.0
줄리엣 (Juliette),샤이니(SHINee),1.0
그날에 우리,어반 자카파(Urban Zakapa),1.0
그댄 참 향기가 좋아요,테이(Tei),1.0
그댄 나의 집이죠,유리상자,1.0
같이 걷자,터치(Touch),1.0
그냥 가요 (feat. 조현아 Of 어반자카파),긱스(Geeks),1.0
Cat Bossa,클래지콰이(Clazziquai),1.0
준비된 어깨,소란(Soran),1.0
그대의 고요,Lucia(심규선),1.0
달 (feat. 호란),하우스 룰즈(House Rulez),1.0
파스타,김도연 [인디],1.0
Carousel (feat. 이적),리쌍(Leessang),1.0
파란달이 뜨는 날에,랄라스윗(lalasweet),1.0
Cappuccino (Acoustic ver.),윤한(Yoonhan),1.0
...사랑했잖아... Part.2,린(LYn),1.0
Airbag (feat. 나얼),타블로(Tablo),1.0
독설.. 이 지독한 사랑..,니모(Ne;MO),1.0
점핑 (Jumping),카라(Kara),1.0
A Bitter Day (feat. 용준형 & G.NA),현아 [포미닛],1.0
초콜릿 트러플 (Unplugged ver.),클래지콰이(Clazziquai),1.0
잘해 더! (feat. 백찬 Of 8eight),시크릿(Secret),1.0
Bike (Vocal By Westwind),페퍼톤스(Peppertones),1.0
동네 한 바퀴,윤종신,1.0
최면,브라운 아이드 걸스,1.0
"캬라멜 마끼아또 (feat. 노진욱, 스프링롤)",줄라이(July) [뉴에이지],1.0
추억 사랑만큼 (feat. 강현정 Of Bubble Sisters),브라운 아이드 소울(Brown Eyed Soul),1.0
Brutal Treatment (Part.I) (feat. Kebee & The Quiett) (Produced By The Quiett),화나(FANA),1.0
Constantly Vanishing Me,빅 베이비 드라이버(Big Baby Driver),1.0
친구는 그만해 (With STi),술제이 인 어메이징 뮤직(Sool J In Amazing Music),1.0
Coffee (feat. 성아),에픽 하이(Epik High),1.0
Can't Nobody,투애니원(2NE1),1.0
죽고 싶단 말 밖에,허각,1.0
저 모퉁이를 돌아서면 니가 서 있을듯 (feat. Rujy),태륜,1.0
"치,",정인,1.0
한걸음,브라운 아이즈(Brown Eyes),1.0
그 길을 걷다가,성시경,1.0
하얀새,이승철,1.0
달리 되었더라면,멜로 브리즈(Melo' Breeze),1.0
도망쳐,김연지,1.0
그녀의 웃음소리뿐,이문세,1.0
저도 어른이거든요,델리 스파이스(Deli Spice),1.0
하루에 시간이 주어진다면,바이브(Vibe),1.0
하루만 (Just For One Day) (feat. Super Junior 규현),천상지희 더 그레이스(天上智喜 The Grace),1.0
절룩거리네,달빛요정역전만루홈런,1.0
점점 좋아져,헤윰(Heyum),1.0
그대를 사랑하는 10가지 이유,이석훈 [SG워너비],1.0
널 지우려 해,서태지와 아이들,1.0
인천 대공원 (Incheon Park),유브이(UV),1.0
둘이서,슈퍼키드(SuperKidd),1.0
사랑하오 (duet with 김현철),윤상,1.0
사랑하니까 괜찮아,간종욱,1.0
내가 그린 그림,에코(ECO),1.0
"Lovely Girl (feat. 양성, 샛별)",쿤타(Koonta),1.0
That's Nothing,커피소년,1.0
사랑이 방울지네,10cm(십센치),1.0
사랑의 인사,씨야(SeeYa),1.0
Midnight Moment,캐스커(Casker),1.0
사랑의 미학 (Art of Love) (primary remix),다이나믹 듀오(Dynamic Duo),1.0
모두 어디로 간걸까? (feat. 이적),토이(Toy),1.0
Mighty Fresh,마이티 마우스(Mighty Mouth),1.0
사랑은 비를 타고 오네요,박혜경,1.0
사랑은 비를 타고,이승우 [소울스타],1.0
Mint Morning,Ed.C,1.0
Miss Flower,스탠딩 에그(Standing Egg),1.0
Missing You,베이비복스(Baby V.O.X),1.0
사랑밖엔 난 몰라,써니힐(Sunny Hill),1.0
Morning,휘성,1.0
사랑... 다 거짓말,린(LYn),1.0
내맘 훔친 너,한소아,1.0
Music Takes Us To The Universe,라이너스의 담요(Linus' Blanket),1.0
사랑 보다 깊은 상처,임재범,1.0
"사람들은 모두 변하나봐 (피쳐링. 정인, 쌈디 of 슈프림팀, 바비킴 of 부가킹즈)",리쌍(Leessang),1.0
뽀롱뽀롱뽀로로 오프닝 (TV만화 '뽀롱뽀롱뽀로로' 주제가),Unknown,1.0
My Funny Valentine,이은하,1.0
My One And Only Love,어쿠스틱 콜라보(Acoustic Collabo),1.0
내일,빅 베이비 드라이버(Big Baby Driver),1.0
빗속의 여인,김건모,1.0
Timeless (feat. 시아준수),장리인,1.0
모노드라마 (With 유승우),허각,1.0
Love Valentine,어쿠스틱 콜라보(Acoustic Collabo),1.0
Love Song,장윤주,1.0
상처는 별이 되죠,커피소년,1.0
설렘주의보 (With Caramel EspreSSo),투어리스트(The Tourist),1.0
설국열차,스페이스카우보이(Space Cowboy),1.0
선인장 (Vocal 차세정),에피톤 프로젝트(Epitone Project),1.0
내 마음에 비친 내 모습,유재하,1.0
선물,유엔(UN),1.0
내 맘대로,스윗소로우(SWEET SORROW),1.0
Lemond,젠틀 레인(Gentle Rain),1.0
머물러요,정기고(Junggigo),1.0
서시,신성우,1.0
내 사랑 내 곁에,박기영,1.0
Lie (Original Ver.),화요비,1.0
Life Story (feat. Jinbo),리오 케이코아(Leo Kekoa),1.0
새로와,옥상달빛,1.0
Like Jazz,조아혜,1.0
Selfish Love,넬(Nell),1.0
Love,브라운 아이드 걸스,1.0
Tonight (feat. 하우스 룰즈),렉시(Lexy),1.0
Love (feat. 도연),강우진,1.0
내 여자,더 원(The One),1.0
Love Affair,임창정,1.0
삭제,이승기,1.0
사의 찬미,나윤선,1.0
사랑했던 기억으로,윤건,1.0
Love Is Over,브라운 아이즈(Brown Eyes),1.0
Love Is Understanding (feat. 임정희),윈디시티(Windy City),1.0
Sexy Love,티아라(T-ara),1.0
Love Shine,검정치마,1.0
사랑해,스윗소로우(SWEET SORROW),1.0
My Soul,줄라이(July) [뉴에이지],1.0
빈 고백,유희열,1.0
냄새,김건모,1.0
바보,t윤미래,1.0
Pretty Girls (feat. 김새한길),베이식(Basick),1.0
너와 나 (feat. Epik High),원티드(Wanted),1.0
벚꽃지다,말로(Malo),1.0
벌써 해가 지네,베란다 프로젝트(Verandah Project),1.0
너의 마음을 내게 준다면,조관우,1.0
너의 집 앞에서,쿨(COOL),1.0
백조,박지윤,1.0
백색왜성,넬(Nell),1.0
배낭여행자의 노래,신치림(信治琳),1.0
Rain Drop,아이유(IU),1.0
Run,에픽 하이(Epik High),1.0
반쪽,화요비,1.0
바질 (feat. BrotherSu),매드 클라운(Mad Clown),1.0
바로 너 (feat. 김경록 Of V.O.S),낯선(Nassun),1.0
"별이삼샵 (*23# Slow ver.) (feat. 임예지, J.More)",지마스타(G-Masta),1.0
바래진 기억에,박지윤,1.0
넌 나의 처음이자 마지막이야! (R&B Ballad),솔리드(Solid),1.0
Rainy Day (기동무투전 G 건담),러브홀릭(Loveholic),1.0
Right Now,싸이(Psy),1.0
"바람, 어디에서 부는지",루시드 폴(Lucid Fall),1.0
바람,티엘(T.L) [Acoustic],1.0
넌 나의 태양 (feat. 이주한 Of Winter Play),제이(J.ae),1.0
The Water Is Wide,우쿨렐레 피크닉(Ukulele Picnic),1.0
미아,아이유(IU),1.0
바닐라데이 (feat. 승호),동경소녀,1.0
미칠것 같다,린(LYn),1.0
미안해서 미안해 (feat. G.NA),김진표(JP),1.0
널 사랑하겠어,동물원,1.0
너에게 쓰는 편지,MC 몽,1.0
별총총,하찌와 TJ,1.0
Time Enough,린(LYn),1.0
문워커,포츈 쿠키(Fortune Cookie),1.0
비행(飛行) 소녀 (주인공 놀이),바닐라 루시(Vanilla Lucy),1.0
비창,조성모,1.0
비의 랩소디,에픽 하이(Epik High),1.0
비와 당신의 이야기,부활,1.0
비오니까,싸이(Psy),1.0
비오는 거리,이승훈 [발라드],1.0
On & On,써드코스트(3rd Coast),1.0
비상 (원더풀데이즈 주제곡),이승열,1.0
Time After Time,나윤선,1.0
One Love,엠씨 더 맥스(M.C the Max),1.0
비가와,최정철,1.0
One Love,원타임(1TYM),1.0
비가,S.E.S.,1.0
북극의 연인들,포츈 쿠키(Fortune Cookie),1.0
병원에 가다 (그리움..),나르샤 [브라운아이드걸스],1.0
Running,정재형,1.0
Tic Tac Toe,부가킹즈(Buga Kingz),1.0
너만 있으면 돼 (feat. Joy),씨팍(Ssipak),1.0
봄비가 내리는 제주시청 어느 모퉁이의 자취방에서...,재주소년,1.0
물들어,BMK,1.0
봄 날. 버스 안에서,유정균 [세렝게티],1.0
본 아뻬띠 (Bon Appetit - 맛있게 드세요) (feat. Beast '윤두준'),양파,1.0
Part 2 (Acoustic ver.),넬(Nell),1.0
보호해줘,옥상달빛,1.0
보통여자,린(LYn),1.0
보고싶어서 (Rainy ver.),윤종신,1.0
Perfect Your Love (OST ver.),엠투엠(M To M),1.0
병원에 가다 (이별..),강민경 [다비치],1.0
세상에 뿌려진 사랑만큼,이승환,1.0
세상이 부르는 노래,데이브레이크(daybreak),1.0
소나기,서영은,1.0
오! 허니,시크릿(Secret),1.0
외쳐본다,이승기,1.0
illa illa (일라 일라),JUNIEL(주니엘),1.0
기억해줘,아이 투 아이(Eye To Eye),1.0
기차를 타고,아이유(IU),1.0
오직 너뿐인 나를...,이승철,1.0
오리 날다,체리필터(Cherry Filter),1.0
오랜만에 (Acoustic ver.),박정현,1.0
깊은 밤을 날아서,이문세,1.0
Fly Away,프렐류드(Prelude),1.0
오늘은 하늘에 별이 참 많다,오지은,1.0
오늘밤은 어둠이 무서워요,10cm(십센치),1.0
깊은 슬픔,Y2K,1.0
까만안경,이루(Eru),1.0
Special Girl (feat. Bumkey),인피니트 H,1.0
Feeling You (feat. 샛별),키비(Kebee) [이루펀트],1.0
예술이야,싸이(Psy),1.0
영화처럼,어쿠스틱 콜라보(Acoustic Collabo),1.0
라라라,이수영,1.0
영원에 관하여,김범수,1.0
영러브 (Young Love),걸스데이(Girl's Day),1.0
연인이 되어볼까,허민,1.0
꽃잎,SG워너비,1.0
You Mean Everything To Me,박정현,1.0
꿈속의 연인,자우림(Jaurim),1.0
Song Of The Rain (feat. Bobby Kim),브라운 아이즈(Brown Eyes),1.0
Goodbye,라디(Ra.D),1.0
Round Midnight,웅산,1.0
여우야(女雨夜),더 클래식(The Classic),1.0
외톨이,아웃사이더(Outsider),1.0
기억을 흘리다,심현보,1.0
Have A Nice Day,CHEEZE,1.0
뒷모습,김동률,1.0
인연,이승철,1.0
인생론,오지은,1.0
인생,이한철,1.0
이태원 프리덤 (With JYP),유브이(UV),1.0
이젠 남이야. (feat. Baby-J Of Jewelry),김경록 [V.O.S],1.0
이제서야,김동률,1.0
Dr. Feel Good,라니아(Rania),1.0
이분단 셋째줄,재주소년,1.0
이별이 다 그렇죠...,아이비(IVY),1.0
이바보,원더걸스(Wonder Girls),1.0
이미 넌 고마운 사람,김연우,1.0
이럴거면,아이비(IVY),1.0
이런 남자,먼데이 키즈(Monday Kiz),1.0
그리움,조규찬,1.0
Fallin' (비와 당신의 이야기),누보두(Nouveau Deux),1.0
늙은 언니의 충고,조정치,1.0
늘 지금처럼 (Come On Baby Tonight),이예린,1.0
가로수 그늘 아래서면,이문세,1.0
유년기,문샤이너스(Moonshiners),1.0
위로,김사랑,1.0
월요일이 좋은 이유,모든(Moden),1.0
Stardust (Cloud Capricorn Mix),W & Whale(더블유 앤 웨일),1.0
우연일까요,권순관,1.0
우린 제법 잘 어울려요,성시경,1.0
기다리는 이유,임창정,1.0
FANTASY,진보(Jinbo),1.0
"우리 다시 만나면 안돼? (Vocal By J.you, Arim)",세하(Seha),1.0
∽,조규찬,1.0
여우비,쿨(COOL),1.0
Hello,레이디 제인(Lady Jane),1.0
매일 그대와 ('응답하라 1988' 삽입곡),들국화,1.0
June Ballad ,윈터플레이(Winterplay),1.0
눈물도 미안해서,황보(Hwang Bo),1.0
Watch Ya Self (Hidden Track),에픽 하이(Epik High),1.0
In Days Gone By,넬(Nell),1.0
아름다운 구속,김종서,1.0
In The Club,투애니원(2NE1),1.0
It Was You (Ra.D Remix) ,브라더수(BrotherSu),1.0
JUNE & JULY,데미안더밴드(DEMIAN THE BAND),1.0
만져줘요,박정현,1.0
Vitamin,스티(STi),1.0
Jumpo Mambo,쿨(COOL),1.0
신이 그를 사랑해,Lucia(심규선),1.0
June,지플라(G.Fla),1.0
시차,에피톤 프로젝트(Epitone Project),1.0
June Song,나루(Naru) [솔루션스],1.0
I'm In Love,라디(Ra.D),1.0
시간을 뒤로 걸어,신승훈,1.0
습관,프리 스타일(Free Style),1.0
Sink Hole,국카스텐(Guckkasten),1.0
Just For You,써드코스트(3rd Coast),1.0
슬픔보다 더 슬픈 이야기,김범수,1.0
슬픈 인연 (원곡가수 나미),이은미,1.0
슬픈 사랑 노래,소규모 아카시아 밴드,1.0
Just Say Good bye,스푸키 프로젝트(Spooky Project),1.0
Violet Wand,국카스텐(Guckkasten),1.0
Shooting Star (feat. Yozoh),킹스턴 루디스카(Kingston Rudieska),1.0
소리쳐,이승철,1.0
소년 마법사,W & Whale(더블유 앤 웨일),1.0
소녀를 만나다 (소나기),FTISLAND(에프티 아일랜드),1.0
아름다운 이별 ,서인국,1.0
아마도 그댄 사랑이었네,남예지,1.0
립스틱 (Lipstick),오렌지캬라멜(Orange Caramel),1.0
애원,이승환,1.0
여름 밤 탓,슈가볼(Sugarbowl),1.0
여기까진가요,플라워(Flower),1.0
없는게 메리트,옥상달빛,1.0
엄마,라디(Ra.D),1.0
마리와나,레이지본(Lazybone),1.0
끝이 없나봐 (feat. 거미),정엽,1.0
마법소녀(魔法少女),오렌지캬라멜(Orange Caramel),1.0
어떤가요?,이정봉(Lee Jung Bong),1.0
어떤가요,화요비,1.0
With Coffee,브라운 아이즈(Brown Eyes),1.0
어느 쌀쌀한 보름밤,어느새,1.0
약속,코요태,1.0
나는 문제 없어,황규영,1.0
I Love You,투애니원(2NE1),1.0
Where Is The Claps? (feat. 샛별) (Produced By Kebee),키비(Kebee) [이루펀트],1.0
앓이,스탠딩 에그(Standing Egg),1.0
"알로하, 기분 좋은 인사",우쿨렐레 피크닉(Ukulele Picnic),1.0
알기나 하는지,다혜,1.0
나를 연애하게 하라,달빛요정역전만루홈런,1.0
I Love You (feat. Flowsik),JYJ,1.0
Winter Memory (feat. Annie),하우스 룰즈(House Rulez),1.0
아프고 아파도,솔플라워(Sol' Flower),1.0
아침이 오는 한,소울스타(Soulstar),1.0
아직도 사랑하는데...,린(LYn),1.0
Solar,배장은,1.0
"I Wish (feat. 김혜능 Of 그린티, 김경훈)",스윗소로우(SWEET SORROW),1.0
Whiteout Night,크리스피 로즈(Crispy Rhodes),1.0
아메리카노에게,커피소년,1.0
I Need To Be In Love ,윈터플레이(Winterplay),1.0
