﻿Title,Artist,cnt
그런 사람 또 없습니다,이승철,61.0
보고 싶다,김범수,45.0
소주 한 잔,임창정,43.0
너를 위해,임재범,41.0
제주도의 푸른 밤,성시경,40.0
여수 밤바다,버스커 버스커(Busker Busker),40.0
여전히 아름다운지 (feat. 김연우),토이(Toy),38.0
거리에서,성시경,35.0
비오는 압구정,브라운 아이즈(Brown Eyes),34.0
"I Love U, Oh Thank U (feat. 김태우)",MC 몽,33.0
사진을 보다가,바이브(Vibe),31.0
벌써 일년,브라운 아이즈(Brown Eyes),31.0
가끔 미치도록 네가 안고 싶어질 때가 있어,가을방학,30.0
비가 오는 날엔,비스트(Beast),30.0
안녕이라고 말하지마,다비치,30.0
그리워 그리워,노을,29.0
아이처럼,김동률,29.0
좋은 사람 (feat. 김형중),토이(Toy),29.0
바람이 분다,이소라,29.0
어땠을까 (feat. 박정현),싸이(Psy),28.0
좋은 날,아이유(IU),28.0
어제처럼,제이(J.ae),28.0
나는 그 사람이 아프다 (feat. 타루),에피톤 프로젝트(Epitone Project),28.0
"입장정리 (feat. 최자, Simon D)",프라이머리(Primary),27.0
사랑.. 그 놈,바비 킴(Bobby Kim),27.0
꽃송이가,버스커 버스커(Busker Busker),27.0
끝사랑,김범수,27.0
BK Love,MC 스나이퍼(MC Sniper),27.0
인연 (동녘바람),이선희,27.0
소망,바이브(Vibe),26.0
첫사랑,버스커 버스커(Busker Busker),26.0
기억을 걷는 시간,넬(Nell),26.0
Loving U (러빙유),씨스타(Sistar),26.0
바람기억,나얼(Na-Ul),26.0
다시 사랑한다 말할까,김동률,25.0
나혼자 (Alone),씨스타(Sistar),25.0
지난 봄 어느 날,하림,25.0
"봄날, 벚꽃 그리고 너",에피톤 프로젝트(Epitone Project),25.0
나였으면,나윤권,25.0
좋아 (JOAH),박재범(Jay Park),25.0
"Love (feat. Bumkey, Paloalto)",프라이머리(Primary),24.0
체념,빅마마(Big Mama),24.0
우산 (feat. 윤하),에픽 하이(Epik High),24.0
사랑은 은하수 다방에서,10cm(십센치),24.0
취중진담(醉中眞談),전람회,23.0
꿈에,박정현,23.0
중독된 사랑,조장혁,23.0
Promise U,바이브(Vibe),23.0
만약에 말야 (전우성 Solo),노을,23.0
Sunshine,몽니(Monni),23.0
잠 못 드는 밤에,문명진,23.0
고백,델리 스파이스(Deli Spice),23.0
늦은 후회,보보(Bobo),22.0
커피를 마시고 (Main ver.),어반 자카파(Urban Zakapa),22.0
벚꽃 엔딩,버스커 버스커(Busker Busker),22.0
Trouble Maker,트러블메이커(Troublemaker),22.0
1994년 어느 늦은 밤,장혜진,22.0
Sunshine,짙은(Zitten),22.0
"그대와 나, 설레임 (feat. 소울맨)",어쿠스틱 콜라보(Acoustic Collabo),22.0
Go Away,투애니원(2NE1),22.0
죽일 놈 (Guilty),다이나믹 듀오(Dynamic Duo),22.0
Never Ending Story,부활,22.0
외국인의 고백,악동뮤지션(AKMU),22.0
Love Affair (Piano ver.) (영화 '러브 어페어' 주제곡),Ennio Morricone(엔니오 모리꼬네),21.0
우리 참 좋았는데 (duet with 박정현),성시경,21.0
발걸음,에메랄드 캐슬(Emerald Castle),21.0
바라만 봐도 좋은데,노리플라이(no reply),21.0
복숭아,아이유(IU),21.0
비와 당신 (영화 '라디오 스타 '삽입곡),럼블 피쉬(Rumble Fish),21.0
화분 (알렉스 ver.) ('우리 결혼했어요' 삽입곡),알렉스(Alex) [클래지콰이],21.0
Somebody,푸디토리움(Pudditorium),21.0
그땐 그땐 그땐,슈프림팀(Supreme Team),21.0
너에게 쓰는 편지,MC 몽,21.0
널 생각해,원 모어 찬스(one more chance),21.0
사랑은 맛있다 ♡,휘성,20.0
Je T'aime,해이(Hey),20.0
러브 레시피,거미,20.0
별 짓 다해봤는데,알리(Ali),20.0
날 닮은 너,임창정,20.0
봄날은 간다 - 영화 '봄날은 간다' 中에서,김윤아,20.0
우리 사랑하게 됐어요,가인 [브라운아이드걸스],20.0
Rain,박혜경,19.0
사랑한다는 흔한 말,김연우,19.0
우리 처음 만난 날,한희정,19.0
잘못된 만남,김건모,19.0
시간이 흐른 뒤 (As Time Goes By),t윤미래,19.0
서쪽 하늘,울랄라세션(Ulala Session),19.0
공원에서,유희열,19.0
두사람,성시경,19.0
출발,김동률,19.0
순정(純情) (London Boys의 I'm Gonna Give My Heart 전주 인용),코요태,19.0
Boogie On & On,빈지노(Beenzino),18.0
정말 사랑했을까,브라운 아이드 소울(Brown Eyed Soul),18.0
결혼까지 생각했어,휘성,18.0
술 한잔 해요,지아(Zia),18.0
남과 여 (feat. 김범수),박선주,18.0
가슴 시린 이야기 (feat. 용준형 Of Beast),휘성,18.0
챔피언,싸이(Psy),18.0
"헤어지지 못하는 여자, 떠나가지 못하는 남자 (feat. 정인)",리쌍(Leessang),18.0
So Cool (쏘쿨),씨스타(Sistar),18.0
마지막 사랑,박기영,17.0
너를 그리다,디어(d.ear),17.0
막걸리나,버스커 버스커(Busker Busker),17.0
눈물 (feat. 유진 Of 더 씨야),리쌍(Leessang),17.0
잠시 길을 잃다,공일오비(015B),17.0
몰라요,에이핑크(Apink),17.0
사랑은 언제나 목마르다,유미,17.0
Love Blossom (러브블러썸),케이윌(K.Will),17.0
멀어 (feat. Beenzino),프라이머리(Primary),16.0
아로하,쿨(COOL),16.0
사랑은 봄비처럼... 이별은 겨울비처럼,임현정,16.0
Fiction,비스트(Beast),16.0
자전거 데이트,심현보,16.0
"너에게 난, 나에게 넌",자전거 탄 풍경,16.0
"씨스루 (feat. 개코, Zion.T)",프라이머리(Primary),16.0
Metro (Acoustic),Glen Check(글렌체크),16.0
비가와,최정철,16.0
당신은 참..,성시경,16.0
그런가봐요...,브이원 (V.One),16.0
좋아보여 (feat. 검정치마),버벌진트(Verbal Jint),16.0
정말로 사랑한다면,버스커 버스커(Busker Busker),16.0
Rain Drop,아이유(IU),16.0
그녀를 사랑해줘요,하동균,16.0
MONSTER,BIGBANG,16.0
Stay,넬(Nell),15.0
팝콘,데이브레이크(daybreak),15.0
Spring Spring (feat. MayBee),조pd(ZoPD),15.0
봄봄봄,루싸이트 토끼,15.0
일년 후 (feat. 요조) (Accoustic ver.),마이큐(MY-Q),15.0
1월부터 6월까지 (feat. 윤종신),공일오비(015B),15.0
I Do,더 원(The One),15.0
이 밤의 끝을 잡고 (R&B Ballad),솔리드(Solid),15.0
이미 슬픈 사랑,야다(Yada),15.0
I Need A Girl (feat. G-Dragon),태양,15.0
사랑 빛,씨엔블루(CNBLUE),15.0
나에게로의 초대,정경화,15.0
다시 사랑한다면,도원경,15.0
그댄 행복에 살텐데,리즈(Leeds),15.0
낙원 (feat. 이재훈),싸이(Psy),15.0
화창한 봄날에 (feat. Kuan),제리케이(Jerry. K),15.0
사랑이 다른 사랑으로 잊혀지네,하림,15.0
FANTASTIC BABY,BIGBANG,15.0
아니면서,성시경,15.0
It's Beautiful,윤하(Younha/ユンナ),14.0
illa illa (일라 일라),JUNIEL(주니엘),14.0
Lay back,케이윌(K.Will),14.0
One Dream (feat. Henry Of Super Junior-M & Key Of SHINee),보아(BoA),14.0
가지마 가지마,브라운 아이즈(Brown Eyes),14.0
One Love,엠씨 더 맥스(M.C the Max),14.0
봄봄,양양(YangYang),14.0
사랑한대 (With Windy),스탠딩 에그(Standing Egg),14.0
산책,이지형,14.0
Something Special,어반 자카파(Urban Zakapa),14.0
소요유(逍遙遊),클릭비(Click-B),14.0
소녀,이문세,14.0
Just The Two Of Us,어반 자카파(Urban Zakapa),14.0
LOVE SONG,BIGBANG,14.0
가슴에 살아 (feat. 나르샤 Of Brown Eyed Girls),언터쳐블,14.0
Officially Missing You,악동뮤지션(AKMU),14.0
산책 (영화 '참을 수 없는.' 삽입곡),이바디(Ibadi),14.0
Someday Maybe You'll Love Me (feat. 선우정아),지나(Gina),14.0
보조개,이적,14.0
우리 만난적 있나요,유희열,14.0
사랑은 봄비처럼 이별은 겨울비처럼 (영화 '키다리 아저씨'),와이제이 패밀리(YJ Family),14.0
봄봄봄,로이킴,14.0
Sweet Love,어쿠스틱 콜라보(Acoustic Collabo),14.0
슬퍼지려 하기 전에,쿨(COOL),14.0
사랑하기 때문에 (Cover-Edited ver.),잠바(Jamba),14.0
사랑 2 (I Wanna Fall In Love),브라운 아이즈(Brown Eyes),14.0
서시,신성우,14.0
In My Tin Case,루싸이트 토끼,14.0
사랑 안해,백지영,14.0
Sweet Love (feat. 라임버스),별,14.0
세상이 그대를 속일지라도,김건모,14.0
Shooting Star (feat. Yozoh),킹스턴 루디스카(Kingston Rudieska),14.0
오늘은 휴일입니다,한희정,14.0
실화,린(LYn),14.0
사랑은 어디로,이적,14.0
사랑에 빠지고 싶다,김조한,14.0
Piano Intertude,제이(J.ae),14.0
Morning Coffee,리나(Lina),14.0
Sunshine,캔디맨(Candyman),14.0
신촌을 못가,포스트맨(Postmen),14.0
선인장 (Acoustic ver.),에피톤 프로젝트(Epitone Project),14.0
안부 (duet with 나윤권),별,14.0
세월이 가면 ,윈터플레이(Winterplay),14.0
안아줘요,10cm(십센치),14.0
빗소리,윤하(Younha/ユンナ),14.0
Yesterday (Trio ver.) (Bonus Track),웅산,14.0
Y (Please Tell Me Why),프리 스타일(Free Style),14.0
봄이 오면,바람에 오르다,14.0
사랑의 바보,더 넛츠(The Nuts),14.0
봄이 오면 (Piano ver.),김윤아,14.0
얼마나 좋을까,루나플라이(Lunafly),14.0
We're In Love,제이레빗(J Rabbit),14.0
STUPID LIAR,BIGBANG,14.0
어쩐지,베란다 프로젝트(Verandah Project),14.0
Walking In The Sun,Travis(트래비스),14.0
Nord Plue,노드 플루(Nord Plue),14.0
어머니의 된장국 (feat. Ra.D),다이나믹 듀오(Dynamic Duo),14.0
비밀의 화원,이상은(Lee Tzsche),14.0
U,포맨,14.0
Love Song,에릭남,14.0
Track 3,이소라,14.0
애인... 있어요,이은미,14.0
Second First Date (feat. Ritha K) (Bonus Track From Jazz Set),디제이 아키(DJ AKI),14.0
사랑해요,김조한,14.0
거울아 거울아,포미닛(4minute),14.0
말 좀 해줘 (feat. Soulman),슈프림팀(Supreme Team),14.0
태양계,성시경,14.0
그대를 사랑하는 10가지 이유,이석훈 [SG워너비],14.0
Falling In Love,로지 피피(RossyPP),14.0
마지막 사랑 (Last Love),박진영,14.0
좋은사람,박효신,14.0
너에게 간다,윤종신,14.0
너무(無) 사랑했다고,하지원,14.0
그대가 있어 웃는다,나윤권,14.0
종로에서,제이에스(JS) [여성듀오],14.0
Endless,플라워(Flower),14.0
말리꽃,이승철,14.0
Gentleman,싸이(Psy),14.0
머뭇 머뭇,양파,14.0
모르죠,지오디(god),14.0
니까짓게,씨스타(Sistar),14.0
정,영턱스클럽(YTC),14.0
못해 (feat. 美),포맨,14.0
몽환의 숲 (feat. 이루마),키네틱플로우(K-Flow),14.0
너에게 난 나에게 넌 (영화 '클래식' 삽입곡),자전거 탄 풍경,14.0
나는 나비,YB,14.0
Happy Bubble (하우젠 CF 삽입곡),윈터플레이(Winterplay),14.0
대낮에 한 이별 (feat. 선예 Of Wonder Girls),박진영,14.0
니가 참 좋아,쥬얼리(Jewelry),14.0
첫사랑이죠,아이유 ＆ 나윤권,14.0
기대,나윤권,14.0
Beautiful Day,스프링롤(Springloll),14.0
다 줄꺼야 (Acustic ver.),조규만,14.0
그립고... 그리운...,박효신,14.0
당신과의 키스를 세어보아요,화요비,14.0
Crescendo (크레셴도),악동뮤지션(AKMU),14.0
춘천가는 기차,나희경 [Jazz],14.0
너였으면 (feat. 美 Of Dagsoul),바이브(Vibe),14.0
뒷모습,나윤권,14.0
취미는 사랑 (Album ver.),가을방학,14.0
루팡 (Lupin),카라(Kara),14.0
밥만 잘 먹더라,창민,14.0
립스틱 (Lipstick),오렌지캬라멜(Orange Caramel),14.0
쥴리엣,스탠딩 에그(Standing Egg),14.0
죽을 만큼 아파서 (feat. 멜로우),MC 몽,14.0
취중고백,필(Feel),14.0
물들어,BMK,14.0
Bike Riding,베란다 프로젝트(Verandah Project),14.0
화장을 고치고,왁스(Wax),14.0
인연 ('왕의 남자' 버전),이선희,14.0
I Love You,투애니원(2NE1),14.0
점점,브라운 아이즈(Brown Eyes),14.0
이별은 (feat. DC) (Song Mad Clown),매드 클라운(Mad Clown),14.0
바람이 불어오는 곳,제이레빗(J Rabbit),14.0
고백,지아(Zia),14.0
"입장정리 (feat. 최자 Of 다이나믹듀오, Simon D Of 슈프림팀)",프라이머리(Primary),14.0
있다 없으니까 (Gone Not Around Any Longer),씨스타19(Sistar 19),14.0
할머니,브로콜리너마저,14.0
내 여자친구가 되어줄래 (Song By 이승환 & 이소은),내추럴(Natural),14.0
나의 하루,박정현,14.0
바람의 왈츠,이아립,14.0
한 남자,김종국,14.0
회상 (December),터보(Turbo),14.0
걷기 좋은 날씨,아키버드(Aquibird),14.0
박수쳐,투애니원(2NE1),14.0
내 사람,SG워너비,14.0
공원여행 (Vocal By 현민),페퍼톤스(Peppertones),14.0
휴식,스탠딩 에그(Standing Egg),14.0
미소를 띄우며 나를 보낸 그 모습처럼,남예지,14.0
7년간의 사랑,규현(KYUHYUN),14.0
물어 본다,이승환,14.0
하늘에서 남자들이 비처럼 내려와,버블 시스터즈(Bubble Sisters),14.0
하늘만 허락한 사랑,엄정화,14.0
젊은 우리 사랑,검정치마,14.0
밤하늘의 별을.. (With KCM & No Noo),양정승(Kiroy Y),14.0
이상해,이적,14.0
널 기다리며,공일오비(015B),13.0
술이야,바이브(Vibe),13.0
하나의 사랑,박상민,13.0
꿈에,조덕배,13.0
널 위한 거야,미스 미스터(Mis=Mr),13.0
눈물나는 날에는,김연우,13.0
눈물,리아(Riaa),13.0
내꺼하자,인피니트(Infinite),13.0
17171771,자우림(Jaurim),13.0
사랑은...향기를 남기고,테이(Tei),13.0
피노키오 (Danger),에프엑스(f(x)),13.0
하늘 끝에서 흘린 눈물,주니퍼(Junyfore),13.0
60's Cardin,Glen Check(글렌체크),13.0
너를 사랑해 (feat. 하대환),S.E.S.,13.0
사랑이란,윤상,13.0
편지,JK 김동욱,13.0
선인장 (Song By 심규선),에피톤 프로젝트(Epitone Project),13.0
선인장,성시경,13.0
한숨이 늘었어 (duet with 이진우),에피톤 프로젝트(Epitone Project),13.0
Officially Missing You,긱스(Geeks),13.0
사랑일 뿐야 (feat. 김세황) (원곡가수 김민우),김연우,13.0
송가(送歌),더 클래식(The Classic),13.0
사랑하기에,김종국,13.0
혼자 남은 밤,김광석,13.0
홀로 (feat. 김나영),정키(Jung Key),13.0
너를 보내고,YB,13.0
사람들은 즐겁다,루시드 폴(Lucid Fall),13.0
봄의 목소리,알레그로(Allegrow),13.0
U Just,소울사이어티(Soulciety),13.0
Love Desire,크리스피 로즈(Crispy Rhodes),13.0
봄이왔다,타루(Taru),13.0
With Coffee...,브라운 아이즈(Brown Eyes),13.0
기억속의 먼 그대에게,박미경,13.0
You Are My Lady,정엽,13.0
미안해요,김건모,13.0
잔소리 (With 2AM 슬옹),아이유(IU),13.0
미친거니,바이브(Vibe),13.0
믿어요,동방신기(TVXQ!),13.0
왠지 느낌이 좋아,여행스케치,13.0
I Believe (엽기적인 그녀 O.S.T),신승훈,13.0
사랑했지만 (김광석),김범수,13.0
인연,김민종,13.0
이젠 그랬으면 좋겠네,조용필,13.0
가시,버즈(Buzz),13.0
유자차,브로콜리너마저,13.0
벽지무늬,아이유(IU),13.0
For You (돌아가줘),브라운 아이즈(Brown Eyes),13.0
내 마음에 비친 내 모습,김건모,13.0
마지막 콘서트,이승철,13.0
빗속에서,존 박(John Park),13.0
사랑은 MOVE,시크릿(Secret),13.0
챠우챠우 - 아무리 애를 쓰고 막아 보려 해도 너의 목소리가 들려,델리 스파이스(Deli Spice),13.0
집 (feat. 유미),하우스 룰즈(House Rulez),13.0
Darling (feat. JC a.k.a 지은),슈프림팀(Supreme Team),13.0
들었다 놨다,데이브레이크(daybreak),13.0
Diva,애프터 스쿨(After School) ,13.0
빨간우산,럼블 피쉬(Rumble Fish),13.0
빨간 운동화,박혜경,13.0
The Days Of Wine And Roses,웅산,13.0
Endless,고유진(플라워),13.0
죽겠네 (Album ver.),10cm(십센치),13.0
애인있어요,김범수,13.0
죽어도 못 보내,2AM,13.0
너는 내 마음 속에 남아,루시드 폴(Lucid Fall),12.0
라라라,이수영,12.0
그대라면,알렉스(Alex) [클래지콰이],12.0
바보에게... 바보가,박명수,12.0
달아요,박정현,12.0
고독한 항해 (Studio ver.),김동률,12.0
그 곳에서 널,모노토이(Monotoi),12.0
내꺼라면,소란(Soran),12.0
난 좋아,정준일 [메이트],12.0
골목길 어귀에서,버스커 버스커(Busker Busker),12.0
봄,이소라,12.0
"봄 날, 버스 안에서 (feat. 유정균 Of Serengeti)",곰PD,12.0
귀로,나얼(Na-Ul),12.0
나의 하루,이소라,12.0
사랑의 향기는 설레임을 타고 온다,임현정,12.0
너랑 나,아이유(IU),12.0
골목길,버스커 버스커(Busker Busker),12.0
봄바람,버스커 버스커(Busker Busker),12.0
기억에 잠긴,잠바(Jamba),12.0
사랑합니다...,팀(Tim),12.0
Love Is On,소울맨(Soulman),12.0
헤어지러 가는 길 (feat. 조권),임정희,12.0
Crispy Paradise ('우리 결혼했어요' 삽입곡),크리스피 로즈(Crispy Rhodes),12.0
외로움증폭장치 (브래드 드럼 한판 쉬기),버스커 버스커(Busker Busker),12.0
처음 뵙겠습니다 (With 휘성),지나(G.NA),12.0
언젠가는,나얼(Na-Ul),12.0
어색한 로맨스 (feat. 전제덕),어반 자카파(Urban Zakapa),12.0
위로,자우림(Jaurim),12.0
이 밤이 지나면,먼데이 키즈(Monday Kiz),12.0
For You,스윙체어(Swingchair),12.0
이상형,버스커 버스커(Busker Busker),12.0
향수,버스커 버스커(Busker Busker),12.0
예뻐할께 (feat. MC한길),타루(Taru),12.0
장가갈 수 있을까 (feat. 내리),커피소년,12.0
춘천 가는 기차,김현철,12.0
전활 거네,버스커 버스커(Busker Busker),12.0
Heaven,김현성,12.0
슬픔활용법,김범수,12.0
Mr. Flower,조성모,12.0
빙글빙글,이지형,11.0
연애 (feat. Hanyi),프리 스타일(Free Style),11.0
다시 사랑 할 수 있을까 (feat. 다비치),포맨,11.0
봄이다 (임수정 주연 화장품 CF '비욘드' 배경음악),두번째 달,11.0
다시 만난 날,휘성,11.0
아파 (Slow),투애니원(2NE1),11.0
긴 생머리 그녀 (Miss Right),틴 탑(Teen Top),11.0
눈물샤워 (feat .에일리),배치기,11.0
어떻게 사랑이 그래요,이승환,11.0
첫째 날 (With 나얼),에코 브릿지(Eco bridge),11.0
Black & White,지나(G.NA),11.0
LoveSick,산이(San E),11.0
다시 와주라,바이브(Vibe),11.0
기억의 습작,전람회,11.0
애정표현,플라워(Flower),11.0
비오는 날,루싸이트 토끼,11.0
Crush On You (feat. Swings),크러쉬(Crush),11.0
Your Sun Is Stupid,빅 베이비 드라이버(Big Baby Driver),11.0
Last Tango,클래지콰이(Clazziquai),11.0
물론,지아(Zia),11.0
광화문연가,이수영,11.0
잠 못 드는 밤 비는 내리고 (박광현 <잠도 오지 않는 밤에> 삽입),김건모,11.0
멍,김현정,11.0
골목바람,생각의 여름,11.0
망고,CHEEZE,11.0
그대 내게 다시,럼블 피쉬(Rumble Fish),11.0
Gee,소녀시대,11.0
"바람, 어디에서 부는지",김연우,11.0
바람을 타고 온 편지,앨리스 인 네버랜드(Alice In Neverland),11.0
I Go,럼블 피쉬(Rumble Fish),11.0
I Love You,포지션(Position),11.0
그대도 나 같음을,화이트(W.H.I.T.E.),11.0
I'm In Love (Piano RMX),라디(Ra.D),11.0
거위의 꿈 (feat. 이적),김동률,11.0
똑같다면,브라운 아이드 소울(Brown Eyed Soul),11.0
진짜일 리 없어,임정희,11.0
Just A Feeling (Original Ver.),S.E.S.,11.0
보이나요?,루시드 폴(Lucid Fall),11.0
나 같은 여자,화요비,11.0
Crush,어반 자카파(Urban Zakapa),11.0
썸데이 (원곡가수 김동희),더 원(The One),11.0
점핑 (Jumping),카라(Kara),11.0
나비,차은주,11.0
Secret,짙은(Zitten),11.0
All The Ways To Find Nothing,아톰북(Atombook),11.0
All About You,316,11.0
하루 (feat. 린),옥수사진관,11.0
내가 제일 잘 나가,투애니원(2NE1),11.0
Aqua Man,빈지노(Beenzino),11.0
Right Now,싸이(Psy),11.0
사랑하기 때문에,유재하,11.0
하루,포지션(Position),11.0
"변두리 소년, 소녀",브로콜리너마저,10.0
Kiss,레인보우(Rainbow),10.0
나비가 앉은 자리,가을방학,10.0
So Fresh (feat. 김태우) (위대한 캣츠비 OST 삽입곡),MC 몽,10.0
가로수 그늘 아래 서면,장재인,10.0
봄,하유진 ,10.0
너의 뒤에서,박진영,10.0
"봄, 여름 그 사이",박지윤,10.0
International Love Song,검정치마,10.0
오랜 이별 뒤에 (Quartet ver.),신승훈,10.0
"그리고, 남겨진 것들",넬(Nell),10.0
Can't Nobody,투애니원(2NE1),10.0
나를 외치다,마야(Maya),10.0
나를 사랑했던 사람아,허각,10.0
Special Girl (feat. Bumkey),인피니트 H,10.0
It Was In Shiraz (이별의 그늘),신예원,10.0
Even The Nights Are Better,Air Supply(에어 서플라이),10.0
강(江),패닉(Panic),10.0
지금이 아니면,타루(Taru),10.0
"Hawaian Couple (영화 '내 사랑' 주제곡, 에뛰드 복숭아송 원곡)",허밍 어반 스테레오(Humming Urban Stereo),10.0
그날에 우리,어반 자카파(Urban Zakapa),10.0
미워도 다시 한번 (Original ver.),바이브(Vibe),10.0
미인(美人),휘성,10.0
Go,아지아틱스(AZIATIX),10.0
망설이지 마요,몽니(Monni),10.0
헤어질걸 알기에 (duet with 정은지),허각,10.0
맑음 70%,메론씨,10.0
살빼지 마요,소란(Soran),10.0
나풀거리듯,양양(YangYang),10.0
I Don't Care,투애니원(2NE1),10.0
너는 나의 봄이다 (Bonus Track),성시경,10.0
좋았던 순간은 늘 잔인하다,에피톤 프로젝트(Epitone Project),10.0
Flair,드린지 오(Dringe Augh),10.0
하루 끝,아이유(IU),10.0
좋을텐데,성시경,10.0
Who Are You? (Bossa Nova ver.),윈터플레이(Winterplay),10.0
Spring I Love You Best,빅 베이비 드라이버(Big Baby Driver),10.0
바람 불어 좋은 날,보드카 레인(Vodka Rain),10.0
청혼,노을,10.0
비밀 (Special Vocal 박완규),부활,10.0
Love Song,장윤주,10.0
Beautiful,비스트(Beast),10.0
시간아 흘러가라,김연지,10.0
Love Solstice,써드코스트(3rd Coast),10.0
니가 좀 짱인듯 (Re-Record),하리(Hari),10.0
Love Shine,검정치마,10.0
카페라떼,요술당나귀,10.0
Tears,소찬휘,10.0
슬픈 언약식,김정민,10.0
넋,40(포티),10.0
Angel's Disguise (코리아나 화장품 '오브로' CF 삽입곡),제이(J.ae),10.0
초콜릿 트러플,클래지콰이(Clazziquai),10.0
Love Is So Amazing,제이레빗(J Rabbit),10.0
기억만이라도 (Bonus Track - 영화 Tube OST),앤(Ann),10.0
눈물이 안났어,임정희,10.0
"알로하, 기분 좋은 인사",우쿨렐레 피크닉(Ukulele Picnic),10.0
Think About' Chu,아소토 유니온(Asoto Union),10.0
HUSH,에이핑크(Apink),10.0
까망비,달콤한 소금,9.0
이게 사랑이 아니면 (feat. 에일리),버벌진트(Verbal Jint),9.0
바야흐로 사랑의 계절 (With 박새별),이한철,9.0
나와 같다면 (김장훈),김연우,9.0
The Lady (feat. Bumkey(범키) & Dok2(도끼)),투엘슨(2LSON),9.0
My Everything,브라운 아이드 소울(Brown Eyed Soul),9.0
Sunday Brunch,박정현,9.0
검은 행복,t윤미래,9.0
I'm In Love,라디(Ra.D),9.0
고마워 고마워,라디(Ra.D),9.0
나쁜여자,레이디스 코드(LADIES' CODE),9.0
천년의 사랑 (박완규),이영현,9.0
삼청동,루시드 폴(Lucid Fall),9.0
날씨 맑음,미스티 블루(Misty Blue),9.0
Misty,라이너스의 담요(Linus' Blanket),9.0
12월 32일,별,9.0
내가 야! 하면 넌 예! (duet with Lyn),김태우,9.0
제발,김범수,9.0
BLUE,BIGBANG,9.0
모닝콜,10cm(십센치),9.0
Remember Me,박새별,9.0
Baby Baby,포맨,9.0
바람에 오르다,바람에 오르다,9.0
노래편지,린(LYn),9.0
Thank You,넬(Nell),9.0
안녕 나의 사랑,성시경,9.0
4월 아침,벨 에포크(Belle Epoque),9.0
지금 나의 노래가 들린다면 (Vocal By 이선),페퍼톤스(Peppertones),9.0
I Believe (Song By 성시경),김형석,9.0
From Paris To Amsterdam,윤한(Yoonhan),9.0
Signal Waltz,라이너스의 담요(Linus' Blanket),9.0
Don't Call It Puppy Love,라이너스의 담요(Linus' Blanket),9.0
사랑보다 깊은 상처 (duet with 임재범),박정현,9.0
보통날,지오디(god),9.0
솜사탕 (feat. 티아라 은정),BGH to,9.0
연애의 시작,이석훈 [SG워너비],9.0
솜사탕 손에 핀 아이,한희정,9.0
다시 시작해보자,김동률,9.0
다행이다,이적,9.0
You Mean Everything To Me,박정현,9.0
One Fine Day,모리(Morrie),9.0
No.1,보아(BoA),9.0
편지할께요,박정현,9.0
그려줄래 (Vocal 전민),키스 미 조이(Kiss Me Joy),9.0
Ladybird,소규모 아카시아 밴드,9.0
분홍자전거,권진원,9.0
Train,베란다 프로젝트(Verandah Project),9.0
(You Are) More Than Paradise,Port Of Notes(포트 오브 노츠),9.0
L.O.V.E. Is What You Need,콩나물(Bean Sprouts),9.0
우리 처음 만난 날,김연우,9.0
진심 (feat. 임세준),정키(Jung Key),9.0
Suddenly (feat. 박혜경),조규찬,9.0
선인장 (Vocal 차세정),에피톤 프로젝트(Epitone Project),9.0
뜨거운 안녕 (feat. 성시경),싸이(Psy),9.0
늘푸른,박정현,9.0
Simple Life,허밍 어반 스테레오(Humming Urban Stereo),9.0
Into The Blue,Laurel Music(로렐 뮤직),9.0
Day By Day,애즈 원(As One),9.0
니 눈 니 코 니 입술 (feat. 79),투빅(2BiC),9.0
가장 보통의 존재,언니네 이발관,9.0
마지막 춤은 나와 함께,재주소년,8.0
처음 느낌 그대로,이소라,8.0
너 때문에 미쳐,티아라(T-ara),8.0
"다시 사랑한다면 (feat. 김보아, 맹지나, 전혜원)",하동균,8.0
나른한 오후에 취해,러브앤팝(Love & Pop),8.0
"1, 2, 3 (원 투 쓰리)",윤하(Younha/ユンナ),8.0
정류장,버스커 버스커(Busker Busker),8.0
넌 이별 난 아직 (With 한소현 Of 3rd Coast),스탠딩 에그(Standing Egg),8.0
추억은 사랑을 닮아,박효신,8.0
달빛연애,다비,8.0
내게 다시,더더(THETHE),8.0
한번만 더,나얼(Na-Ul),8.0
Good Day,존 박(John Park),8.0
꽃처럼 한 철만 사랑해 줄 건가요?,Lucia(심규선),8.0
커플 (Couple),젝스키스(Sechs Kies),8.0
너라는 걸,조문근,8.0
그랬나봐,김형중,8.0
나란 놈은 답은 너다 (feat. 하림),리쌍(Leessang),8.0
Because Of You (Acoustic ver.),김보경,8.0
두근두근,이바디(Ibadi),8.0
칵테일 사랑 (feat. 김연우),서영은,8.0
되돌리다,이승기,8.0
물고기자리,이안,8.0
상처는 별이 되죠,커피소년,8.0
The Boy From Wonderland,두번째 달,8.0
산들산들,언니네 이발관,8.0
사계,오지은,8.0
사랑한다는 말,김동률,8.0
배반,빅마마(Big Mama),8.0
This Far,Landon Pigg(랜던 피그),8.0
우울한 너에게,메이트(Mate),8.0
비처럼 음악처럼,김현식,8.0
가식걸,씨스타(Sistar),8.0
J에게,이승기,8.0
바보,박효신,8.0
U-Go-Girl (With 낯선),이효리,8.0
Umbrella,카라(Kara),8.0
Ordinary Day,이지형,8.0
봄타령,양빛나라,8.0
서른 한번째 봄,에코 브릿지(Eco bridge),8.0
My Love,머쉬멜로우,8.0
에라 모르겠다,데이브레이크(daybreak),8.0
오 나의 여신님,성시경,8.0
봄의 멜로디,에피톤 프로젝트(Epitone Project),8.0
이 정도,양양(YangYang),8.0
거위의 꿈,카니발(Carnival),8.0
Melancholy Train,에스트래직 비츠(Estraziq Beats) ,8.0
Marry Me,양파,8.0
Street Life,웅산,8.0
저녁의 노래,전기뱀장어,8.0
미스터,카라(Kara),8.0
Missing You (feat. 김윤아 Of 자우림),G-DRAGON,8.0
Heavy Sun Heavy Moon,페퍼톤스(Peppertones),8.0
잘못했어,2AM,8.0
솔직하게,토마스 쿡(Thomas Cook),8.0
사랑해도 될까요?,유리상자,8.0
아름다운 이별,김건모,8.0
사랑인가요,박새별,8.0
내 맘 모르지,먼데이 키즈(Monday Kiz),8.0
Okay (feat. 박혜경),김그림,7.0
꿈에서 본 거리,윈터플레이(Winterplay),7.0
다시 시작해도 될까요,성시경,7.0
손잡고 허밍 (feat. 요조) (Album ver.),재주소년,7.0
안녕! 하루,앨리스 인 네버랜드(Alice In Neverland),7.0
처음 사랑하는 연인들을 위해 (반말송),정용화(Jung Yong Hwa),7.0
Beautiful Day,어반 자카파(Urban Zakapa),7.0
Someone,윤한(Yoonhan),7.0
엄마,라디(Ra.D),7.0
네모의 꿈,화이트(W.H.I.T.E.),7.0
사랑을 아직도 난,DJ DOC,7.0
비 개인 오후,이승철,7.0
Let There Be Love (영화 '미술관 옆 동물원'),Nat King Cole(냇 킹 콜),7.0
눈물이 뚝뚝,케이윌(K.Will),7.0
닐리리맘보,블락비(Block B),7.0
비오는 거리,서영은,7.0
사랑 참 어렵다,이승철,7.0
Sweet,파니핑크(Fanny Fink) ,7.0
One More Time,쥬얼리(Jewelry),7.0
사랑 Two,윤도현,7.0
Goodthings Never Last (부드러운 맛),유민지,7.0
출국(出國),하림,7.0
아시나요,조성모,7.0
사랑이 방울지네,10cm(십센치),7.0
나만 몰랐던 이야기,아이유(IU),7.0
Tie A Yellow Ribbon Round The Ole Oak Tree,Tony Orlando & Dawn(토니 올란도 앤드 던),7.0
Tell Me (Sampling From 'Two Of Hearts'),원더걸스(Wonder Girls),7.0
오래된 연인에게 하고픈 말 (With 허민),더 캔버스(The Canvas),7.0
You (feat. 스윗소로우),케이윌(K.Will),7.0
Remember (1월 30일 '1박 2일' 기상씬 삽입곡),더 멜로디(The Melody),7.0
봄비 아니면 여름비,아키버드(Aquibird),7.0
마음맞이 대청소,오지은과 늑대들,7.0
Electric Disco Love (SQR Mix),안경은오형,7.0
방문을 잠그고,지아(Zia),7.0
그대를 만나고 그대와 사랑하고,카페모카,7.0
결국 봄 (feat. 장필순),윤종신,7.0
사랑합니다,이재훈 ,7.0
일기 (Acoustic ver.),버즈(Buzz),7.0
내가 노래를 못해도,세븐(SE7EN),7.0
Don't Cry,더 크로스(The Cross),7.0
고백 (Produced By Vibe 윤민수),포맨,7.0
사랑해,스윗소로우(SWEET SORROW),7.0
내 남자의 자격,바닐라 어쿠스틱(Vanilla Acoustic),7.0
자니 (feat. Dynamic Duo),프라이머리(Primary),7.0
내 여친,포맨,7.0
작은고양이,우쿨렐레 피크닉(Ukulele Picnic),7.0
그남자 그여자 (feat. 장혜진),바이브(Vibe),7.0
그 노래,존 박(John Park),7.0
Romantico,테테(Tete),7.0
Driving To You,어반 자카파(Urban Zakapa),7.0
우리 결혼할까? (feat. 미료 Of 브라운 아이드 걸스),리사(Lisa),7.0
샐러드 기념일,허밍 어반 스테레오(Humming Urban Stereo),7.0
달빛 소나타,아일랜드 기타(Island Guitar),7.0
Short Cake,허밍 어반 스테레오(Humming Urban Stereo),7.0
하루 종일 비가 내렸어,디아(Dia) [키스 & 크라이],7.0
하루하루,BIGBANG,7.0
요즘 너 말야 (Album Edit),제이레빗(J Rabbit),7.0
독 (feat. E-Sens Of 슈프림팀),프라이머리(Primary),7.0
동물원,짙은(Zitten),7.0
April Funk (Vocals By Deb),페퍼톤스(Peppertones),7.0
4년전 5월 그때의 우리,강아솔,7.0
Destination Moon (Piano ver.),허소영,7.0
사랑하지 않으니까요,김동률,6.0
사랑할게,노을,6.0
스피드,김건모,6.0
사랑이란 (feat. 김희선),마이티 마우스(Mighty Mouth),6.0
후회 없는 사랑,포지션(Position),6.0
서울사람들,버스커 버스커(Busker Busker),6.0
할말이 있는데 (feat. ZioN(시온)),투엘슨(2LSON),6.0
푸른봄 靑春 (feat. 나희경),주윤하 [보드카레인],6.0
사랑한 후에,박효신,6.0
손꼭잡고,루싸이트 토끼,6.0
내겐 너무 멋진 그대,씨야(SeeYa),6.0
사랑이 지나가면,이문세,6.0
내일을 묻는다 (Album Edit),제이레빗(J Rabbit),6.0
토요일 오후에,라즈베리필드,6.0
샤랄라 숑,메이비(MayBee),6.0
해변의 여인,쿨(COOL),6.0
비오는 날의 수채화,권인하,6.0
시작,박기영,6.0
원하고 원망하죠,애즈 원(As One),6.0
우리 비 그치면 산책할까?,스웨터(Sweater),6.0
변해가는 그대,이승환,6.0
벌써 잊었나 (Acoustic Guitar ver.),이아립,6.0
우울한 편지,박라온,6.0
라라라,SG워너비,6.0
지금처럼 (We Never Go Alone),케이윌(K.Will),6.0
러브바리스타 (feat. 서인국),박효신,6.0
운명,쿨(COOL),6.0
마법의 성,더 클래식(The Classic),6.0
이브의 경고 (Jungle),박미경,6.0
우리 다시 만나요,김연지,6.0
바람이 분다 (feat. World HO),스윙체어(Swingchair),6.0
좋다,데이브레이크(daybreak),6.0
종이날개,수상한 커튼,6.0
사르르 (I Wanna Be Your Love) (feat. 정엽),제이(J.ae),6.0
잊혀지다 (feat. 주보라),원써겐(1sagain),6.0
자기야,우재,6.0
"조금씩, 천천히, 너에게 (With 타루)",노리플라이(no reply),6.0
머피의 법칙,DJ DOC,6.0
미쳤나봐 (With 권정열 Of 10cm),소란(Soran),6.0
진혼 (Editing ver.),야다(Yada),6.0
두 이별 (feat. 이정),윤종신,6.0
실연,코요태,6.0
초록비,비쥬(Bijou),6.0
너와 나의 프롤로그 (With Deb),나루(Naru) [솔루션스],6.0
너의 비밀의 화원 (연주곡),언니네 이발관,6.0
사랑아 어떻게,아이비(IVY),6.0
촛불 하나,지오디(god),6.0
노스텔지아 (feat. 에릭),가인 [브라운아이드걸스],6.0
녹턴 (Nocturn),이은미,6.0
초콜렛군 오렌지양,밀크티(Milktea),6.0
안부 (feat. 나윤권),별,6.0
안아보자 (feat. 정엽),제아 [브라운 아이드 걸스],6.0
어느 파도,클로버(Clover) [남성솔로],6.0
봄날은 간다,스웨터(Sweater),6.0
어떤 기다림 (House Music),김건모,6.0
청춘,토마스 쿡(Thomas Cook),6.0
첫사랑 보관소,어쿠스틱 콜라보(Acoustic Collabo),6.0
여기서 끝내자 (duet with 짙은),타루(Taru),6.0
예술이야,싸이(Psy),6.0
오래된 노래,김동률,6.0
집으로 가는 길,소히(Sorri),6.0
완벽한 날 (feat. 아이비),버벌진트(Verbal Jint),6.0
짐작할 뿐이죠 (feat. 조정치),시와(Siwa),6.0
사랑했나봐,윤도현,6.0
힘겨워 하는 아이들을 위하여,서영은,6.0
Viajante (Traveler / 비아잔떼),푸디토리움(Pudditorium),6.0
3!4!,룰라(Roo'Ra),6.0
4월 이야기 (April Story),장나라,6.0
Rainy Day,러브홀릭(Loveholic),6.0
Please Come Baby (Original ver.) (feat. 효빈),투엘슨(2LSON),6.0
금방 사랑에 빠지다,김지수,6.0
Gone (feat. 주희 - 에이트),다이나믹 듀오(Dynamic Duo),6.0
On A Sunny Day (매일 그대와),웅산,6.0
Goodbye,김사랑,6.0
Nike Shoes (feat. Dynamic Duo),빈지노(Beenzino),6.0
I Can't,2PM,6.0
꽃보다 그대가 (Original ver.),영준 [Brown Eyed Soul],6.0
Lullaby,모리(Morrie),6.0
Love is coffee (맥심 광고 삽입곡),강균성 [노을],6.0
Love Vibration,더 콰이엇(The Quiett),6.0
1분 1초 (feat. 타루),에픽 하이(Epik High),6.0
나랑 살자 (feat. 민연재),포스트맨(Postmen),6.0
Love Love Love,에픽 하이(Epik High),6.0
Regrets,캐스커(Casker),6.0
Dream (feat. Supreme Team),제이(J.ae),6.0
Sunshine (Robot ver.),디제이 와사(DJ Wasa),6.0
Super Lady (feat. Bumkey Of 2Wins),슈프림팀(Supreme Team),6.0
Bad Girl Good Girl,미쓰 에이(miss A),6.0
계획엔 없어요 (feat. 진왕),아날로그 소년,6.0
겨울 이야기 (Radio ver.),DJ DOC,6.0
강남스타일,싸이(Psy),6.0
가만히 눈을 감고 (New Acoustic ver.),정재욱,6.0
그녀와의 이별,김현정,6.0
Brunch,가인 [브라운아이드걸스],6.0
그대 (Original ver.),브라운 아이드 소울(Brown Eyed Soul),6.0
Where Is My Love,스티(STi),6.0
CHU! POP! CHU!,린(LYn),6.0
Whale Song,W & Whale(더블유 앤 웨일),6.0
"The Lady (feat. Bumkey, Dok2)",투엘슨(2LSON),6.0
Abracadabra,브라운 아이드 걸스,6.0
Chocolate Recipe (Voice By 메론씨),유니크-쉐도우(Unique-Shadow),6.0
Tears,이소라,6.0
Liquid,아소토 유니온(Asoto Union),6.0
괜찮아,짙은(Zitten),6.0
나무,노을,6.0
I'm In Love,나르샤 [브라운아이드걸스],6.0
"Like Nobody Else (Outro) (조인성, 박시연편 ""2% 부족할 때"" CF 삽입곡)",CMYK(씨엠와이케이),6.0
Etude,소녀시대,5.0
Special (feat. Jennie Kim Of YG New Artist),이하이,5.0
그래서 그대는,얀(Yarn),5.0
둘이서,채연,5.0
Different World,아키버드(Aquibird),5.0
Destination Moon,허소영,5.0
듣는편지,40(포티),5.0
DOC와 춤을...,DJ DOC,5.0
사랑이 그렇습니다,가비엔제이(Gavy N.J.),5.0
Sweeter,프린세스 디지즈(Princess Disease),5.0
떠난 내 님은,라디(Ra.D),5.0
LOVE JAM with Bebop,허밍 어반 스테레오(Humming Urban Stereo),5.0
집에 가지마,G-DRAGON,5.0
집으로 와,t윤미래,5.0
빨간 자전거 타는 우체부,장필순,5.0
Just Let It Go,리딤(Riddim),5.0
사랑의 시작은 고백에서부터,소울크라이(SoulCry),5.0
Dream Is Over,소규모 아카시아 밴드,5.0
왜 그럴까,존 박(John Park),5.0
그리워,메이트(Mate),5.0
Last Train,데미캣(Demicat),5.0
I Don't Want U,조원선,5.0
Promise,라-듀오(La-Duo),5.0
살콤한 상상,성시경,5.0
그린티 (Green Tea),그린티(The Green Tea),5.0
Rainy Days And Mondays (Carpenters),이소라,5.0
하지 못한 말,노을,5.0
그댄 봄비를 무척 좋아하나요,배따라기,5.0
Roly-Poly,티아라(T-ara),5.0
사랑한다는 말로도 위로가 되지 않는,브로콜리너마저,5.0
Snowing (베스킨라빈스 CF 삽입곡),어반 자카파(Urban Zakapa),5.0
그럴때마다,윤종신,5.0
Drive,여울 [인디],5.0
그런날엔,솔솔부는 봄바람,5.0
러브 레시피,클래지콰이(Clazziquai),5.0
런치의 여왕 (Remaster),언노운 피플(UKP),5.0
The Night After You Left,잠바(Jamba),5.0
봄날 (How great is your love),소녀시대,5.0
토요일밤에,손담비,5.0
Wrong Goodbye,말로(Malo),5.0
머물러줘,재주소년,5.0
이별후애 (feat. 주보라),원써겐(1sagain),5.0
Break Away (Accoustic ver.) (Bonus Track),빅마마(Big Mama),5.0
ㅋㅋㅋ,몰릭(MhOlic),5.0
봄 (feat. 다현),메이팝(Maypop),5.0
4월 16일,박지윤,5.0
초컬릿 이야기,하림,5.0
Beatles Cream Soup (With 연진) (Acoustic),이지형,5.0
"그 자리에, 그 시간에",성시경,5.0
반쪽,브이오에스(V.O.S.),5.0
미워요,정인,5.0
미워도 사랑하니까,다비치,5.0
I Need You,허각,5.0
Bubble Pop!,현아 [포미닛],5.0
이상하다 (Acoustic ver.),박효신,5.0
그대 있음에 (feat. MC 몽),이채(Ich'e),5.0
흐린 가을 하늘에 편지를 써,김광석,5.0
불타는 금요일 (Friday Night),다이나믹 듀오(Dynamic Duo),5.0
Ah Voce,시나코완 트리오(SinaKowan Trio),5.0
편지,김광진,5.0
비가 오는 날에는,파티스트릿(Party Street),5.0
Cappuccino,윤한(Yoonhan),5.0
Twinkle,소녀시대-태티서(Girls' Generation-TTS),5.0
비오는 날 (Piano ver.),줄라이(July) [뉴에이지],5.0
Chocoholic (feat. Swings),크루셜스타(Crucial Star),5.0
창문너머 어렴풋이 옛 생각이 나겠지요,산울림,5.0
그대와 같아,주영(JooYoung),5.0
비오니까,싸이(Psy),5.0
로마의 휴일,크리스탈 레인(Crystal Rain) ,5.0
기다리다 (Acoustic ver.),윤하(Younha/ユンナ),5.0
좋아해,요조(Yozoh),5.0
연애조건,윤하(Younha/ユンナ),5.0
시작은 왈츠로,스웨터(Sweater),5.0
어찌 그리 예쁜가요,우주히피(Cosmos Hippie),5.0
100% 로맨틱 ('우리 결혼했어요' 삽입곡),민설,5.0
Here & Now (feat. Chris Varga),하젤(Hajel),5.0
허밍,스프링롤(Springloll),5.0
Love Is A Song,DJ 소울스케이프(DJ Soulscape),5.0
속상해서 (술 한잔 해요 PART.2),지아(Zia),5.0
잘할게요 (Jea's 축가),브라운 아이드 걸스,5.0
Love Today,알레그로(Allegrow),5.0
어떻게 하죠,뉴욕 러브 다이어리(Newyork Love Diry),5.0
솔베이지의 노래,김광진,5.0
나 돌아가,임정희,5.0
My Boyfriend,박기영,5.0
Hey Mr. Big,이효리,5.0
너의 꿈을 꿨어 (Acoustic ver.),제이에이(JA),5.0
너는..,러브홀릭(Loveholic),5.0
"씨스루 (feat. Zion.T, 개코 Of 다이나믹듀오)",프라이머리(Primary),5.0
Hello (feat. 인광),스윗바이러스(Sweet Virus),5.0
Getaway,코지카페(Cozy Cafe),5.0
여름날 (feat. 페퍼톤스 신재평),유희열,5.0
연인들 (Acoustic ver.),나인(Nine9),5.0
Memory,미드 타운 밴드(Mid Town Band),5.0
Paris Paris! (문근영의 KTF TV CF '선물'편 배경음악),몽라(Monla/夢兒),5.0
설레임,그린티(The Green Tea),5.0
다 예뻐,한선화 [시크릿],5.0
장미,서영은,5.0
아지랑이 시간들,해이(Hey),5.0
Lonely Night (With 8℃ Boyz),Simon Dominic(사이먼 도미닉),5.0
나비 무덤,테이크(Take),5.0
어느 하루,롤러코스터(Rollercoaster),5.0
Love1,장연주,4.0
부디 (Album ver.),Lucia(심규선),4.0
봄이여 오라 (feat. 유리),MC 스나이퍼(MC Sniper),4.0
잘못,이승환,4.0
Piccadilly Circus (Vocal ver.),프렐류드(Prelude),4.0
It's Alright,신해철,4.0
안부,옥상달빛,4.0
Volume Up,포미닛(4minute),4.0
Twosome,짙은(Zitten),4.0
"Loving You (1, 2, 3) (feat. 원써겐)",히나인(Heenain),4.0
Hello,허각,4.0
잠시만 안녕 (Original),엠씨 더 맥스(M.C the Max),4.0
처음 만난 자유,라즈베리필드,4.0
You're The One,더 원(The One),4.0
천국에서 내린 비,듀크(Duke),4.0
원더랜드 바스켓,딕펑스(Dick Punks),4.0
I Believe (Guitar ver.),신승훈,4.0
April In Paris,조아혜,4.0
춘천가는 기차,조성모,4.0
고백,이석훈 [SG워너비],4.0
이노래,2AM,4.0
결혼해주오,CHEEZE,4.0
이 밤이 지나면 (Unfeeling Kiss),로맨틱 펀치(Romantic Punch),4.0
얼음연못,두번째 달,4.0
"밤, 테라스",에레나(Elena),4.0
잊혀지지 않습니다,두번째 달,4.0
이 노래,브라운 아이즈(Brown Eyes),4.0
가슴이 아프다 (feat. JD),프리 스타일(Free Style),4.0
가는 비,제이(J.ae),4.0
Winter Flower,이선행(Sunhang Lee),4.0
어쩌다가 (Acoustic ver.),란(Ran),4.0
봄날 (One Fine Spring Day) ,슈퍼주니어(Super Junior),4.0
봄날의 고백,비스콜릿(Biscolate),4.0
Bon Voyage (feat. Beenzino),케이윌(K.Will),4.0
Bottle It Up (삼성 NX10 광고 - 한효주 주연),Sara Bareilles(사라 바렐리스),4.0
어떤가요,화요비,4.0
Your Eyes ,윈터플레이(Winterplay),4.0
아쉬움,신촌 블루스,4.0
천생연분,솔리드(Solid),4.0
"With U (feat. 범키, 소울다이브)",소울라임(SouLime),4.0
In My Room,샤이니(SHINee),4.0
With Me,휘성,4.0
연인할래요 (feat. 태봉),지애 [태사비애],4.0
빙빙,캐스커(Casker),4.0
차마...,성시경,4.0
아메리카노,10cm(십센치),4.0
사랑이 올까요,박정현,4.0
Nothing's Over,인피니트(Infinite),4.0
사랑이 찾아오면,커피소년,4.0
솜사탕 (feat. 루시드폴),박새별,4.0
일생을 (Remake),휘성,4.0
Sky,러브홀릭(Loveholic),4.0
Ever Ever (feat. 계피),보이(VOY),4.0
좋을텐데 (Live),성시경,4.0
속아도 꿈결,가을방학,4.0
사랑할수록,부활,4.0
와,이정현,4.0
제발,이소라,4.0
사랑해 (Send Me Love),데이라이트(Daylight),4.0
오늘밤은 어둠이 무서워요,10cm(십센치),4.0
I Dream,"15&(박지민, 백예린)",4.0
Rainy Room,주형진,4.0
소리벽 (With 오지은),이지형,4.0
오늘은 울기 좋은날,이승환,4.0
오아시스,김범수,4.0
Raindrops Keep Falling On My Head,박라온,4.0
좋은 기억만 기억해 줘요,하동균,4.0
April Funk (June Mix) (Vocal By Deb),페퍼톤스(Peppertones),4.0
Rain,화접몽 밴드,4.0
생각이 나,부활,4.0
내 눈에는 (feat. 이재훈),싸이(Psy),4.0
샤이보이 (Shy Boy),시크릿(Secret),4.0
"서커스 (feat. 임유경 - 달래 음악단, $howgun)",MC 몽,4.0
사랑이 술을 가르쳐 (feat. 백찬 From 8eight),이승기,4.0
Nothing Better (서울무림전 OST ver.),정엽,4.0
수줍은 내사랑,어쿠스틱 콜라보(Acoustic Collabo),4.0
Supermagic,슈프림팀(Supreme Team),4.0
Timeless (Acoustic 2007 Real-Session),SG워너비,4.0
Heaven,에일리(Ailee),4.0
Picnic (feat. Sweet Sorrow),라이너스의 담요(Linus' Blanket),4.0
아기 코끼리,지현우,4.0
전부 너였다,노을,4.0
Kiss,스탠딩 에그(Standing Egg),4.0
이화동 (duet with 한희정),에피톤 프로젝트(Epitone Project),4.0
신호등,마이티 코알라,4.0
Crazy For You,유엔(UN),4.0
Music (feat. 윤지아),하우스 룰즈(House Rulez),4.0
시간의 향기,시베리안허스키(Siberian Husky),4.0
Dalmoon,옥상달빛,4.0
사랑시 고백구 행복동,제이세라(J-Cera),4.0
수취인불명,프리 스타일(Free Style),4.0
My Darling,카라(Kara),4.0
La Vida Loca (라 비다 로카),클로버(Clover),4.0
직감,씨엔블루(CNBLUE),4.0
왜 날? (Why Me?),장기호(Kio),4.0
지우개,알리(Ali),4.0
슈가캔디 마운틴,워킹 디스 플래닛(Walking This Planet),4.0
영화봐요 우리,루이비(Louis.B),4.0
사랑의 1단계,루앤(Luanne),4.0
No More Goodbye,NY 물고기,4.0
오늘 서울은 하루종일 맑음 (Vocal By 윤하),토이(Toy),4.0
오늘도 굿나잇,커피소년,4.0
순간을 믿어요,언니네 이발관,4.0
여행의 설렘은 출발 직전,플라스틱 케이스(Plastic Case),4.0
내 맘 같지 않던 그 시절,마이 앤트 메리(My Aunt Mary),4.0
미아 (Acoustic ver.),아이유(IU),4.0
기억이란 사랑보다,이문세,4.0
나만의 슬픔 (Rock Ballad),김돈규,4.0
너를 처음 본 순간,러브앤팝(Love & Pop),4.0
"1,2,3,4 (원,투,쓰리,포)",이하이,4.0
너에게 약속하는 7가지,테이(Tei),4.0
끝나지 않은 노래,노리플라이(no reply),4.0
꿈만 같아요,살찐고양이,4.0
꽃피는 봄이오면,BMK,4.0
꽃비,손지연,4.0
꽃,하와이,4.0
멀어지다,넬(Nell),4.0
눈부신 그대 (Female ver.) (With 현아 Of 랄라스윗),로맨틱 가든(Romantic Garden),4.0
향기로운 추억,박혜경,4.0
행복한 나를,에코(ECO),4.0
해빙(解氷),조규찬,4.0
나쁘다 (feat. 진실),타블로(Tablo),4.0
그대,오지은,4.0
4월,수상한 커튼,4.0
다시 사랑할 수 있을까 (With 박정은),포맨,4.0
그대 내게 다시 (Guitar ver.),럼블 피쉬(Rumble Fish),4.0
괜찮아요 (feat. 정수욱),박새별,4.0
4월의 사쿠라,뎁인뎁쇼,4.0
편지,채정안,4.0
동감,나윤권,4.0
뒤돌아 보다,노리플라이(no reply),4.0
드라이브,스윗소로우(SWEET SORROW),4.0
그래도 남자니까,MC 몽,4.0
8:45 Heaven,드렁큰 타이거(Drunken Tiger),4.0
"? (물음표) (feat. 최자 Of 다이나믹듀오, Zion.T)",프라이머리(Primary),4.0
너를 사랑해,한동준,4.0
모닝 스타 (Album ver.) (영화 '아내가 결혼했다' 뮤직비디오 삽입곡),요조(Yozoh),4.0
하늘땅 별땅,티아라(T-ara),4.0
내 눈물모아,서지원,4.0
...안 되나요... (부제: 화양연화),휘성,4.0
난 너를 사랑해,메이트(Mate),4.0
나의 성공담,DJ DOC,4.0
내꺼중에 최고,이현 [에이트],4.0
치과에서 (feat. 조정치),윤종신,4.0
그립고 그립고 그립다,케이윌(K.Will),3.0
Rain,이적,3.0
낡은 배낭을 메고,노리플라이(no reply),3.0
살만해,황미영,3.0
Raindrops Keep Fallin' On My Head,젠틀 레인(Gentle Rain),3.0
다줄꺼야 - 조규만,Merian 프로젝트,3.0
Raining (Live ver.),디갈로(Degalo),3.0
이사(移徙),윤상,3.0
좋은 사람 (New Acc ver.),신효범,3.0
사랑했어요,김현식,3.0
사랑해 (feat. 윤은혜),마이티 마우스(Mighty Mouth),3.0
이별택시,김연우,3.0
상상막차(想像終車),허민,3.0
Forever,원웨이(Oneway),3.0
Intro,브라운 아이즈(Brown Eyes),3.0
새벽 3시,테이(Tei),3.0
담요송 (Song Blanket),라이너스의 담요(Linus' Blanket),3.0
우린 달라졌을까 (With John Park),윤하(Younha/ユンナ),3.0
I Love You,엑스틴(X-Teen),3.0
함께 걸어요,정민경 ['2010],3.0
Paradise (With 화인),프라이머리 스코어(Primary Score),3.0
세상이 끝나려고 해,이이언(eAeon),3.0
소나기,몽니(Monni),3.0
Outroverpass,키미 피에스타(Kimy Fiesta),3.0
소년,언니네 이발관,3.0
기억을 흘리다,심현보,3.0
Kiss Me,Olivia(올리비아) [보사노바],3.0
ResQ Me,보니(Boni),3.0
그렇게 사랑하고 그렇게 웃었습니다,버블 시스터즈(Bubble Sisters),3.0
Ride,에픽 하이(Epik High),3.0
7Days,휘성,3.0
내 안의 눈물,차호석,3.0
또 한 여잘 울렸어,투빅(2BiC),3.0
떠나간다,하와이,3.0
하늘을 달리다,이적,3.0
I'm So Sorry,하이투힘(Hi to him),3.0
사랑앓이,FTISLAND(에프티 아일랜드),3.0
내가 날 버린 이유 (R&B Ballad),베이시스(Basis),3.0
둘이서 한잔해,다비치,3.0
"지금 시각, 그대 마음 4시 50분",더필름(The Film),3.0
사랑은...,더 네임(The Name),3.0
Step Up,미쓰 에이(miss A),3.0
Don't Know Your Language,주윤하 [보드카레인],3.0
두통,플레이밍 스타(Flaming Star),3.0
사랑의 인사,씨야(SeeYa),3.0
Romantic Love,헬로비너스(HELLOVENUS),3.0
그런 사람 또 없습니다,장필순,3.0
그런가요,신승훈,3.0
4월이 왔어,더 네임(The Name),3.0
위태로운 이야기,박정현,3.0
데이트,린(LYn),3.0
"Smile (LG 트롬세탁기 변정수, 변정은편)",John Pizzarelli(존 피자렐리),3.0
I Say,로로스(Loro's),3.0
Shake It Up,서인국,3.0
Farewell (Male ver.) (Vocal By 나영환),장지영,3.0
사랑하지 말아요,거미,3.0
사랑한다는 말,스탠딩 에그(Standing Egg),3.0
사랑한다는 말,이은미,3.0
소중한 너 (feat. As one),조규찬,3.0
Good Good Time,코요태,3.0
오늘같은 이런 창밖이 좋아,신승훈,3.0
Good Love (feat. BSK A.k.a 김범수),다이나믹 듀오(Dynamic Duo),3.0
너에게 (feat. 김새한길),시로스카이(Shirosky),3.0
안아주세요,이한철,3.0
안아줘,정준일 [메이트],3.0
애원 (R＆B ver.),버블 시스터즈(Bubble Sisters),3.0
Love Valentine,어쿠스틱 콜라보(Acoustic Collabo),3.0
Love Today (Original Song. 알레그로),타루(Taru),3.0
너에게.. 기대,메이트(Mate),3.0
오래전 그날,윤종신,3.0
어때 (feat. 하림),긱스(Geeks),3.0
어떡하니,소울크라이(SoulCry),3.0
나란 사람은 ('거룩한 계보' OST),영지(버블시스터즈),3.0
Home (장동건 편 포스코 '더 샵' TV 광고음악),Michael Buble(마이클 부블레),3.0
Love Is A Song,윤석철 트리오(SC Yun's Trio),3.0
너에게 가는 길,박지윤,3.0
어쩜 좋아,메이비(MayBee),3.0
...사랑했잖아...,린(LYn),3.0
너에게,서태지와 아이들,3.0
오래오래,바이브(Vibe),3.0
Hungarian Dance No.5 In G Minor,재즈파크 빅밴드(Jazzpark Bigband),3.0
너무너무 (feat. 멜로우),더필름(The Film),3.0
나를 떠나가던,몽니(Monni),3.0
Left Lady,흑꼬,3.0
Lemond,젠틀 레인(Gentle Rain),3.0
Like You All,Lasse Lindh(라쎄린드),3.0
너를 노래해,박솔 [솔루션스],3.0
인형의 꿈,일기예보,3.0
Light Tower,박소윤,3.0
Let It Rain,어반 자카파(Urban Zakapa),3.0
"오, 나의 공주님",루싸이트 토끼,3.0
안녕? (Acoustic ver.),더필름(The Film),3.0
넌 그날 (feat. 유인나),허밍 어반 스테레오(Humming Urban Stereo),3.0
니가 있어야 할 곳,지오디(god),3.0
헤어지던 날,제이워크(J-Walk),3.0
오늘 빨래 맑음 (Femme. 메론씨),유니크-쉐도우(Unique-Shadow),3.0
Kissing U,린(LYn),3.0
날 사랑하는게 아니고,오지은,3.0
기차를 타고,아이유(IU),3.0
송시,미선이,3.0
순간,코쿤벨즈(Cocoon Bells),3.0
내꺼야,브라운 아이드 걸스,3.0
Nobody Know,아날로그숲(ANALOgSOOp),3.0
향월가,라 벤타나(La Ventana),3.0
Happy People,오소영,3.0
완소 그대,서영은,3.0
Last Scene,디어 클라우드(Dear Cloud),3.0
꽃 파는 처녀,베란다 프로젝트(Verandah Project),3.0
Missing You,나얼(Na-Ul),3.0
끈,한희정,3.0
"그때와 같은 공간, 같은 노래가",디어 클라우드(Dear Cloud),3.0
심장소리,나윤권,3.0
전설속의 사랑 (With 박효신),화요비,3.0
Milky Way,보아(BoA),3.0
내사랑 내곁에,김현식,3.0
노래가 되어,성시경,3.0
훗 (Hoot),소녀시대,3.0
Mental Breaker,블락비(Block B),3.0
잠이 와 (feat. Deepflow),VEN(벤) [힙합],3.0
꿈에선 놀아줘,루싸이트 토끼,3.0
널 볼때마다,강균성 [노을],3.0
꿍따리 샤바라,클론(Clon),3.0
"잠꼬대 (Please, Don't Go)",샤이니(SHINee),3.0
"Officially Missing You, Too",긱스(Geeks),3.0
그애와 나랑은 (Piano),명인희,3.0
Weekend (Original Mix),뉴튼(Newton),3.0
Walking In The Rain (feat. Illinit & 차여울),시로스카이(Shirosky),3.0
그 해 여름,강타,3.0
파란달이 뜨는 날에,랄라스윗(lalasweet),3.0
초콜릿 트러플 (Unplugged ver.),클래지콰이(Clazziquai),3.0
버스 안에서,자자(Zaza),3.0
만남,코요태,3.0
마지막곡,보싸다방(Bossa Dabang),3.0
붉은 달 (feat. 소히),클로버(Clover) [남성솔로],3.0
방백 (Aside),샤이니(SHINee),3.0
거짓말,BIGBANG,3.0
그대라서,신혜성,3.0
벚꽃이 내린다,소란(Soran),3.0
Wake Up In The Morning,흐른,3.0
밤하늘의 별을 4 (With 푸름 & 진영 Of 엠스트리트),양정승(Kiroy Y),3.0
비로 뒤덮인 세상,이바디(Ibadi),3.0
편지,박효신,3.0
비밀번호 486,윤하(Younha/ユンナ),3.0
이런 남자,먼데이 키즈(Monday Kiz),3.0
무지개,박혜경,3.0
반대말,손담비,3.0
걷다,윤건,3.0
통화연결음,린(LYn),3.0
초록별의 전설 (게임 Refrain Love 주제가),서영은,3.0
그대만이 (MBC '우리 결혼했어요' 알렉스 & 신애 테마곡),김종욱,3.0
봄비,이은하,3.0
텅 빈 거리에서,공일오비(015B),3.0
しあわせの入り江 (행복으로 흐르는 강),Achordion(아코디언),3.0
봄봄,델리 스파이스(Deli Spice),3.0
집으로,주윤하 [보드카레인],3.0
Blue Rain 2012,걸스데이(Girl's Day),3.0
그녀,짙은(Zitten),3.0
가라고 가라고,더 넛츠(The Nuts),3.0
가로수 그늘 아래서면,이문세,3.0
청소,더 레이(The Ray),3.0
봄비 (With 알리),김장훈,3.0
가을 겨울 봄 여름 (Album ver.),가을방학,3.0
본 아뻬띠 (Bon Appetit - 맛있게 드세요) (feat. Beast '윤두준'),양파,3.0
매일밤,EXID(이엑스아이디),3.0
청혼,럼블 피쉬(Rumble Fish),3.0
가슴아 미안하다,이지훈,3.0
보관함,SG워너비,3.0
봄이 오면 (Guitar ver.),김윤아,3.0
망각,버벌진트(Verbal Jint),3.0
말해줘 (feat. 엄정화),지누션(Jinusean),3.0
별이 빛나는 밤에,바이브(Vibe),3.0
비오는 아침,재주소년,3.0
go,루싸이트 토끼,3.0
비처럼 음악처럼 (feat. 김현식),김범수,3.0
바람인가요,브라운 아이드 소울(Brown Eyed Soul),3.0
친구라도 될 걸 그랬어,거미,3.0
Baby Ma Baby,소심한 오빠들(Sosimboys),3.0
빗속에서,이문세,3.0
충분히 예뻐 (feat. 산체스 Of 팬텀),버벌진트(Verbal Jint),3.0
그때 또 다시 (Again),임창정,3.0
비행소녀,마망,3.0
고백 - 뜨거운 감자,뮤직스트릿,3.0
카페인 (feat. 용준형 Of Beast),양요섭 [비스트],3.0
결혼 안하길 잘했지,이은미,3.0
그대와 함께,몽니(Monni),3.0
미소를 띄우며 나를 보낸 그 모습처럼,웅산,3.0
광화문 연가,이문세,3.0
사과,한소아,3.0
찻잔 (산울림),웅산,3.0
바래진 기억에,박지윤,3.0
애상,10cm(십센치),2.0
희나리,구창모 ,2.0
바꿔,이정현,2.0
우린 제법 잘 어울려요,성시경,2.0
Insomnia (불면증),휘성,2.0
별이 진다네,여행스케치,2.0
넌 너무 멋져,티라미스(Tiramisu),2.0
가수가 된 이유,신용재 [4men],2.0
Loving You,김현철,2.0
"Here, I Stand For You (Original ver.)",넥스트(N.EX.T),2.0
날개 잃은 천사,룰라(Roo'Ra),2.0
너와 함께 있음을,라디(Ra.D),2.0
너이길 원했던 이유,쿨(COOL),2.0
Lovers,정준일 [메이트],2.0
나 매력없니.. (feat. 상추(MM)),박혜경,2.0
너와 함께 한 그 시간의 나 (feat. 오지은),프렐류드(Prelude),2.0
잔인한 사월,브로콜리너마저,2.0
아침식사,검정치마,2.0
Anything (Through The Rain),브라운 아이드 소울(Brown Eyed Soul),2.0
별이지네,아일랜드 기타(Island Guitar),2.0
검은 산,페퍼톤스(Peppertones),2.0
Hello,샤이니(SHINee),2.0
Bike (Vocal By Westwind),페퍼톤스(Peppertones),2.0
본 적 있나요...? (Have You Seen?),라즈베리필드,2.0
슬픔 속에 그댈 지워야만 해 (이현우),이소라,2.0
태엽장치 돌고래,패닉(Panic),2.0
꽃 내리는 불면의 밤,랄라스윗(lalasweet),2.0
시간을 넘어,민트그레이(Mintgray),2.0
미안해요 (feat. T.O.P),거미,2.0
멍청아,간종욱,2.0
Mr. Wonderful,모리(Morrie),2.0
Moai,서태지,2.0
이 밤이 지나면 (서교동 카페 버전),하비누아주(Ravie Nuage),2.0
힘 내! (Way To Go),소녀시대,2.0
녹아내려 (feat. 신현필),모든(Moden),2.0
이별 못한 이별 (내 이름은 김삼순),러브홀릭(Loveholic),2.0
모험광백서(冒險狂 白書),문샤이너스(Moonshiners),2.0
헤어지지 말자,고현욱,2.0
가려진 시간 사이로,윤상,2.0
광대 (With BMK),리쌍(Leessang),2.0
Idiot,카라(Kara),2.0
Marry Me,윤한(Yoonhan),2.0
유감 (Acoustic Mix),leeSA(리싸),2.0
미쳐야 사랑이지 (feat. 거미 & Beast 용준형),영지(버블시스터즈),2.0
우리는 없다,정엽,2.0
청춘,뜨거운 감자(Hot Potato),2.0
Man In Love (남자가 사랑할 때),인피니트(Infinite),2.0
나는 나,주주 클럽(Juju Club),2.0
가족사진,SG워너비 김진호,2.0
"별, 태양, 그리고 너",문명진,2.0
거울,국카스텐(Guckkasten),2.0
연(捐),빅마마(Big Mama),2.0
연가 (feat. 연지),엠투엠(M To M),2.0
연못 속의 호수 그리는 물고기,조규찬,2.0
너랑 왔던,신치림(信治琳),2.0
I Do,비(Rain),2.0
열두시 반,브로콜리너마저,2.0
영원한 사랑,핑클(Fin.K.L),2.0
회상,산울림,2.0
굿모닝 (feat. 권정열 Of 10cm),버벌진트(Verbal Jint),2.0
옥상달빛,옥상달빛,2.0
오후가 흐르는 숲 (비욘드 화장품 광고 삽입곡),이바디(Ibadi),2.0
오빠가,비스윗(Besweet),2.0
예뻐요,스윗소로우(SWEET SORROW),2.0
무정(無情) (feat. Steve Chae),채정안,2.0
Let It Rain,에픽 하이(Epik High),2.0
예측할 수 없는,송 오브 루나(Song Of Luna),2.0
거짓말 같은 시간 (feat. 김연우),토이(Toy),2.0
오늘 (Vocal 차세정),에피톤 프로젝트(Epitone Project),2.0
나의 낡은 오렌지나무 (bonus track),랄라스윗(lalasweet),2.0
오늘 헤어졌어요,윤하(Younha/ユンナ),2.0
반,NY 물고기,2.0
"축하해 (feat. 다이나믹듀오, 박재범)",프라이머리(Primary),2.0
I Don't Care (Reggae Mix),투애니원(2NE1),2.0
고백,메이트(Mate),2.0
여우비 (Like Weather) (동방신기 ver.) (Bonus Track),동방신기(TVXQ!),2.0
어느 저녁에 문득 보았네,시와(Siwa),2.0
Need U Baby,티블루(T-Blue),2.0
별 빛이 내린다,안녕 바다,2.0
High High,G-DRAGON,2.0
내게 다시,어반 자카파(Urban Zakapa),2.0
오늘의 날씨 (feat. 클래지콰이),윤종신,2.0
화려한 싱글 (Original ver.),양혜승,2.0
가질수 없는 너,뱅크(Bank),2.0
어른아이,거미,2.0
1998년 내리던...,해랑(Haerang) [재즈],2.0
Just A Feeling,어반 자카파(Urban Zakapa),2.0
Beautiful Love,엔오케이(NOK),2.0
내게도 사랑이 (feat. 배치기),신태권,2.0
고백 (Go Back) (feat. 정인),다이나믹 듀오(Dynamic Duo),2.0
휠릴리,이수영,2.0
언제나 그랬죠,브라운 아이즈(Brown Eyes),2.0
너에게,박혜경,2.0
잊어야 한다는 마음으로,김광석,2.0
미녀와 야수 (OK? OK!),DJ DOC,2.0
Hurricane Venus,보아(BoA),2.0
바람아 불어라,지선(Jisun) ,2.0
Be My Baby (Ra.D Mix),원더걸스(Wonder Girls),2.0
여름이야기 (Original ver.),DJ DOC,2.0
나를 보낸다,엠씨 더 맥스(M.C the Max),2.0
여우비,쿨(COOL),2.0
누구라도 그러하듯이,남예지,2.0
이러쿵 저러쿵,파이브돌스(F-ve Dolls),2.0
Night Blue (영화 '마린보이' 뮤직비디오 삽입곡),마이 앤트 메리(My Aunt Mary),2.0
For Rest,프렐류드(Prelude),2.0
비오는 거리,스프링롤(Springloll),2.0
그대를 사랑하는,원 모어 찬스(one more chance),2.0
STEP,카라(Kara),2.0
SILLY,데이브레이크(daybreak),2.0
"좋은 아침이야, 점심을 먹자",가을방학,2.0
담담하게,데이브레이크(daybreak),2.0
그대네요 (duet with 아이유) (Bonus Track),성시경,2.0
비가,S.E.S.,2.0
사랑해 그리고 생각해,김진표(JP),2.0
사랑해요 우리 (With Gummy),플라이 투 더 스카이(Fly To The Sky),2.0
Rainy Day (With 서영은),노블레스(Noblesse),2.0
처음,성시경,2.0
For Love Of The Game (inst.),CMYK(씨엠와이케이),2.0
그만 내게 와줘요 (feat. 허지영),감성다락방,2.0
산행(山行),베란다 프로젝트(Verandah Project),2.0
불꽃놀이 (Fireworks),다이나믹 듀오(Dynamic Duo),2.0
Alone After Midnight,Tama Rhodes(타마 로즈),2.0
다시 시작하기 (feat. 변재원),토이(Toy),2.0
상상,송 오브 루나(Song Of Luna),2.0
"Why, why (Acoustic ver.)",Sendyou,2.0
4월 이야기,더 넛츠(The Nuts),2.0
긍정의 힘,버벌진트(Verbal Jint),2.0
기다려 늑대,민효린,2.0
Pink Polaroid (feat. 있다),이루펀트(Eluphant),2.0
기다리다,윤하(Younha/ユンナ),2.0
서랍을 열다,에피톤 프로젝트(Epitone Project),2.0
Pink Piano Punk Star,몽구스(Mongoose),2.0
닿을 수 있다면 (Bonus Track),더 콰이엇(The Quiett),2.0
Sauriez Vous Me Dire? (Would You Tell Me?),푸디토리움(Pudditorium),2.0
그대만 있다면 (어느 멋진 날),러브홀릭(Loveholic),2.0
Sunshine,클래지콰이(Clazziquai),2.0
"TV를 껐네... (feat. t윤미래, 권정열 Of 10cm)",리쌍(Leessang),2.0
사고쳤어요,다비치,2.0
Sweet,마이 앤트 메리(My Aunt Mary),2.0
A-Yo,지누션(Jinusean),2.0
사랑보다 깊은 상처,김범수,2.0
The End Of Love Affair,오지은,2.0
사랑비,김태우,2.0
Superfantastic (아시아나 항공 CF 배경음악) (Vocal By Westwind),페퍼톤스(Peppertones),2.0
진달래,미선이,2.0
짝사랑,딕펑스(Dick Punks),2.0
사랑은 (Song 정인),리쌍(Leessang),2.0
하드코어 인생아,옥상달빛,2.0
Sunny Sunny,데이브레이크(daybreak),2.0
하루하루 (Acoustic ver.),BIGBANG,2.0
8282,다비치,2.0
사랑은 비를 타고,씨엔블루(CNBLUE),2.0
사랑은 없다,거미,2.0
Acoustic Breath,한희정,2.0
To Heaven (천국으로 보낸 편지),조성모,2.0
사랑의 롤러코스터 (With 소규모 아카시아 밴드),요조(Yozoh),2.0
즉흥여행 (feat. MC몽),윤종신,2.0
착한 사랑,김민종,2.0
그런일은,화요비,2.0
그대와 영원히,이문세,2.0
데이트 해줘요,린(LYn),2.0
After Long Night,데미캣(Demicat),2.0
다시 (feat. 려원 Of 스피캣),애쉬(Ash),2.0
다시 태어나도 (duet with 에스더),김돈규,2.0
천사,서영은,2.0
매력있어,악동뮤지션(AKMU),2.0
comma,노리플라이(no reply),2.0
Good Night,10cm(십센치),2.0
그녀의 웃음소리뿐,이문세,2.0
그대,브라운 아이드 소울(Brown Eyed Soul),2.0
행운,나윤권,2.0
행복하니 (feat. 조현아 Of 어반자카파),배치기,2.0
봄이 오는 동안,재주소년,2.0
늘 지금처럼,이예린,2.0
Oh My Love (쿠쿠 CF - 원빈의 핑크로즈 편),자전거 탄 풍경,2.0
You Gonna Quit Me Blues,빅 베이비 드라이버(Big Baby Driver),2.0
머물러요,정기고(Junggigo),2.0
One Love (봄의 왈츠),러브홀릭(Loveholic),2.0
봄을 노래하다,40(포티),2.0
"수고했어, 오늘도",옥상달빛,2.0
매직 카펫 라이드,자우림(Jaurim),2.0
소주와 삼겹살,공CD,2.0
해변의 아침,박경환,2.0
천년의 사랑,박완규,2.0
솔아 솔아 푸르른 솔아 (Full ver.),MC 스나이퍼(MC Sniper),2.0
기다린 편지,랍티미스트(Loptimist),2.0
솜사탕,대성,2.0
Novabossa,클래지콰이(Clazziquai),2.0
행복한 이 밤,황혜정,2.0
토요일 밤이 좋아 (Saturday Night Fever),로맨틱 펀치(Romantic Punch),2.0
Paradise,스웨덴세탁소,2.0
봄이 오면,허민,2.0
깜빡 (feat. Zion.T & Crucial Star),GRAY(그레이) [힙합],2.0
술 한잔하면 (Your Wedding),허각,2.0
서울야곡,말로(Malo),2.0
다른 누구도 아닌 너에게,장재인,2.0
첫 이별 그날 밤,아이유(IU),2.0
휘파람,씨비 매스(CB Mass),1.0
BaBygirl,더 레이(The Ray),1.0
April Dance,푸딩(Pudding),1.0
Don't Cry,박봄,1.0
인생은 아름다워,달콤한 소금,1.0
친구의 고백,2AM,1.0
천일동안,이승환,1.0
7년간의 사랑,김현정,1.0
인생은 즐거워,제시(Jessi) [럭키제이],1.0
지겨워,어반 자카파(Urban Zakapa),1.0
프레즐 (Pretzel),하우스 룰즈(House Rulez),1.0
Good Night Sweet Heart,에레나(Elena),1.0
I Got You (Banana Flavor) (feat. 원써겐),스티(STi),1.0
Hidden Track,캐스커(Casker),1.0
...사랑하나요!?,이승환,1.0
Amelie,포터블 그루브 나인(Portable Groove 09),1.0
헤어져 (Acoustic ver.),애즈 원(As One),1.0
Happy Birthday Waltz,스웨덴세탁소,1.0
이렇게 살고 있어,노리플라이(no reply),1.0
Heart Storm,솔튼페이퍼(SALTNPAPER),1.0
831,리쌍(Leessang),1.0
I Tried,원더걸스(Wonder Girls),1.0
진이,하이디,1.0
Dead Phone,리쌍(Leessang),1.0
전화 한 번 못하니 (feat. 미스에스 태혜영),왁스(Wax),1.0
피아노,조성모,1.0
Aspirin 아스피린 (12 String Guitar Ver.),걸(Girl),1.0
희망사항 (feat. 아이유),마이티 마우스(Mighty Mouth),1.0
하늘을 달리다,허각,1.0
출발,신치림(信治琳),1.0
B TL B TL (비틀 비틀),어른아이(Adultchild),1.0
2번째 만남,헬프미(Help Me),1.0
정거장,이석훈 [SG워너비],1.0
착한사람,BIGBANG,1.0
"흐린 뒤, 맑음 (feat. 옥상달빛)",포이트리(Poetree),1.0
이상한 일,브라운 아이드 걸스,1.0
전할 수 없는 이야기 (부제: 시티 오브 엔젤),휘성,1.0
I Like Chopin,Gazebo(가제보),1.0
피너츠 송,상상밴드,1.0
Dooberap,더 멜로디(The Melody),1.0
2407,스윗소로우(SWEET SORROW),1.0
후회 王 (feat. 김연우),윤종신,1.0
April,장윤주,1.0
환상 속의 그대 (feat. 최자 Of 다이나믹듀오) (Hey You),케이윌(K.Will),1.0
Happy Song,서브웨이(Subway),1.0
촌스러워서,이현 [에이트],1.0
좋아해,어 모던(A Modern),1.0
April (Eng ver.),해이(Hey),1.0
3월의 마른 모래,가을방학,1.0
How Deep Is Your Love,지누션(Jinusean),1.0
Hot Summer,에프엑스(f(x)),1.0
G.D.M,M.I.B(Most Incredible Busters),1.0
톡톡 (Original ver.) (feat. 김범수),마이티 마우스(Mighty Mouth),1.0
Because Of You,브라운 아이드 소울(Brown Eyed Soul),1.0
First Kiss,포맨,1.0
혼자 있는 시간,토이(Toy),1.0
Funny How Love,스위티(Swi.T),1.0
자전거,아카시아(AcAciA),1.0
High Tention,트랙 마켓(Track Market),1.0
Fresh Woman,비(Rain),1.0
작고 작게,정민아,1.0
좋아합니다,디에스 커넥션(DS_Connexion),1.0
좋아요~,불독맨션(Bulldogmansion),1.0
Better Together,타루(Taru),1.0
좋아 좋아,일기예보,1.0
Can U Smile (Broadcasting ver.),인피니트(Infinite),1.0
Amazing Love (duet with 황찬희) (드라마 '내사랑 누굴까'),김범수,1.0
7989 (duet with 태연 Of 소녀시대),강타,1.0
2 Become 1,플라이 투 더 스카이(Fly To The Sky),1.0
하루를 시작하는 방법,제이레빗(J Rabbit),1.0
칵테일 사랑,마로니에(Maronnier),1.0
25,옥상달빛,1.0
장마,정인,1.0
후,오후(5Who),1.0
하루하루,문명진,1.0
잔소리,하울(HowL),1.0
주워가 줄래?,하키(Hockee),1.0
Fan Cake (팬케잌),하리(Hari),1.0
Blue Day,포지션(Position),1.0
좋은날,이재훈 ,1.0
한사람을 위한 마음,럼블 피쉬(Rumble Fish),1.0
하얀색 행진곡,에레나(Elena),1.0
잠못드는 밤 비는 내리고 (feat. Funny Funkiz),이재훈 ,1.0
해열제 (Song By Sammi),에피톤 프로젝트(Epitone Project),1.0
활짝 핀 벚꽃나무 아래서,줄리아 하트(Julia Hart),1.0
Ballerino(발레리노),리쌍(Leessang),1.0
좋은 세상 만들기,쿨(COOL),1.0
총 맞은 것처럼,백지영,1.0
크림소스 파스타,윤하(Younha/ユンナ),1.0
Fiesta (Daishi Dance Remix) / Daishi Dance,클래지콰이(Clazziquai),1.0
한별 (Implode),보아(BoA),1.0
Cold Blood,못(Mot),1.0
샤랄라,S.E.S.,1.0
이 비는 내 욕심,몽니(Monni),1.0
매일 그대와 (With 김거지),소울 다이브(Soul Dive),1.0
구두,씨야(SeeYa),1.0
미담 (美談),푸푸엘라(PoohPuella),1.0
뭐라할까!,브리즈(The Breeze),1.0
그 남자 그 여자,포맨,1.0
그 사랑이 뭔데,김장훈,1.0
그 어떤 말로도 (feat. 장윤주),보드카 레인(Vodka Rain),1.0
몽중인의 현실 체험기,넬(Nell),1.0
못된 것만 배워서,비원에이포(B1A4),1.0
그 해 여름,펄스데이(Pearl's Day),1.0
몰라,엄정화,1.0
그XX,G-DRAGON,1.0
그녀... 웃었다,투샤이(2Shai),1.0
그녀를 만나는 곳 100m전,신화,1.0
먼지가 되어,김광석,1.0
망각,김동률,1.0
라떼 한잔 (feat. 길미),가비엔제이(Gavy N.J.),1.0
말하는 대로,처진 달팽이(유재석 & 이적),1.0
말도 안돼 (개인의 취향 O.S.T),윤하(Younha/ユンナ),1.0
말꼬리 (feat. 정준일 - Mate),윤종신,1.0
그대가 간다,김진엽,1.0
그대가 내게 온 순간 (feat. 아날로그 소년),포니테일(Ponytail),1.0
마침내 우리 (duet with Brown Eyed Soul 안정엽),옥주현,1.0
마지막 인사,BIGBANG,1.0
마중 나갈게,숨의숲,1.0
마이동풍(馬耳東風),배치기,1.0
럭셔리 버스,원 모어 찬스(one more chance),1.0
러비듀,바닐라 어쿠스틱(Vanilla Acoustic),1.0
러브레터 (FT.Triple),FTISLAND(에프티 아일랜드),1.0
라면인건가,악동뮤지션(AKMU),1.0
"그때, 그래서, 넌",윤상,1.0
미안,스타 러브 피쉬(Star Love Fish),1.0
미쳤나봐,소란(Soran),1.0
곰인형 (feat. 해금),린(LYn),1.0
미치겠어,틴 탑(Teen Top),1.0
봄비,이은미,1.0
봄봄봄,피터팬 컴플렉스(Peterpan Complex),1.0
봄바람에 부른다,옆집 남자(A Boy Next Door),1.0
봄바람 (feat. 이종현),이푸름,1.0
봄날의 밤,엘리카(Elika),1.0
汝歌(여가),장연주,1.0
봄,봄(Bom),1.0
봄,랄라스윗(lalasweet),1.0
봄,낭만유랑악단,1.0
복숭아,허민,1.0
가로수 그늘아래 서면,이문세,1.0
가여워,아이유(IU),1.0
"벚꽃지던 삼성동, 웨딩드레스",에피톤 프로젝트(Epitone Project),1.0
벚꽃지다,말로(Malo),1.0
"벚꽃이 흩날릴때면 Pink (feat. 도은, Swan)",지니어스디(Genius D),1.0
감기,이기찬,1.0
벚꽃,노민우,1.0
같은 생각 (feat. 허각),지나(G.NA),1.0
벌써 이렇게,쿨(COOL),1.0
백만송이 장미,심수봉,1.0
거짓말,지오디(god),1.0
거짓말 (Part.1),티아라(T-ara),1.0
걱정만 (Feat. Js & Mody & 박지영),Unlimit,1.0
고독한 항해,김동률,1.0
고백,박혜경,1.0
고백,한소아,1.0
바람 비 너의 나라 (feat. 신나는섬-김은옥),바람을 가르고(Untouched Wind),1.0
고백하는 날,가비엔제이(Gavy N.J.),1.0
고양이 왈츠 (Acoustic),Lucia(심규선),1.0
그때는 왜 몰랐을까,소란(Soran),1.0
그땐 미처 알지 못했지,이적,1.0
봄의 왈츠를 위한 시계,미스티 블루(Misty Blue),1.0
너를 지켜줄께 (duet with 양파),이지훈,1.0
꼬마 - I Cry,윤하(Younha/ユンナ),1.0
눈물로 (duet with 이정),제이(J.ae),1.0
농담,해브어티(Have A Tea),1.0
"놀아! (feat. 채연, 237)",주석(Joosuc),1.0
꽃잎 (신중현),웅산,1.0
널 위한 노래,선데이 선셋(Sunday Sunset),1.0
널 위한 거짓말,문명진,1.0
널 사랑하겠어,유리상자,1.0
나가면 고생이야 (feat. Beenzino) (Come To My Crib),케이윌(K.Will),1.0
너에게로,소울맨(Soulman),1.0
나는 사랑이 뭔지 모르나봐요,김연우,1.0
나른한 이별 (feat. 조원선),윤종신,1.0
"너에게 (feat. 권정열 Of 10cm , 정수완 Of 세렝게티)",소란(Soran),1.0
너뿐이야 (You're The One),박진영,1.0
나쁜 습관 (If You Got Real Love) ,라디오맨,1.0
때로는 우리가,이병헌 [배우],1.0
나와 같은 너,벨 에포크(Belle Epoque),1.0
너 뿐이야,락스톤(Rockstone),1.0
너 때문에 (Remix),애프터 스쿨(After School) ,1.0
내입술...따뜻한 커피처럼,샵(S#arp),1.0
내일할일 (feat. 성시경),윤종신,1.0
내일 해,이정,1.0
난 아직 모르잖아요,이문세,1.0
내곁에서 떠나가지 말아요,이소라,1.0
날 안아줘,한채윤 [인디],1.0
내게 오는 길 (Bonus Track),성시경,1.0
날 울리지마,신승훈,1.0
날짜 변경선,클래지콰이(Clazziquai),1.0
내가 너의 곁에 잠시 살았다는 걸,김연우,1.0
내 눈물 너머,진호,1.0
눈물연못,케이윌(K.Will),1.0
길 위,루시드 폴(Lucid Fall),1.0
눈을 뜨면,에피톤 프로젝트(Epitone Project),1.0
눈이 와요,김범수,1.0
딸꾹,아키버드(Aquibird),1.0
딩,푸른새벽,1.0
듣고 있어?,스윙스(Swings),1.0
그래도 좋아,스탠딩 에그(Standing Egg),1.0
뒤돌아서다 (Vocal By 정수환),아루앤폴(Aroo N Paul),1.0
두근두근 (feat. 레아),매직플로우(Mazik Flow),1.0
두근두근 (Album ver.),이바디(Ibadi),1.0
두근 두근 데이트,아이유(IU),1.0
동화,클레오(Cleo),1.0
동네 한 바퀴,윤종신,1.0
더 좋아,김지수,1.0
그럴때마다,토이(Toy),1.0
그렇고 그런 사이,장기하와 얼굴들,1.0
달콤한 거짓말,쿨(COOL),1.0
그리움을 사랑한 가시나무,테이(Tei),1.0
그리워 그리워 (Piano ver.),노을,1.0
달 (feat. 호란),하우스 룰즈(House Rulez),1.0
단꿈,베란다 프로젝트(Verandah Project),1.0
다시 사랑할 수 있다면,SG워너비,1.0
다시,썸데이(Someday),1.0
다시,세븐데이즈(7Dayz),1.0
다리꼬지마,악동뮤지션(AKMU),1.0
님은 먼 곳에,거미,1.0
기억을 걷다,김범수,1.0
기억의 습작,김동률,1.0
기억의 초상,나윤선,1.0
니가 나타나서,소울크라이(SoulCry),1.0
기적 (duet with 이소은),김동률,1.0
늘 지금처럼,피터팬 컴플렉스(Peterpan Complex),1.0
봄의 기적,이지형,1.0
봄이,쟈스민 [알앤비],1.0
I'm Sorry,씨엔블루(CNBLUE),1.0
아무도 내게 묻지 않았네,시와(Siwa),1.0
어느 봄날,2AM,1.0
야상곡,테테(Tete),1.0
애송이의 사랑,양파,1.0
"Love, Love, Love.",백아연,1.0
Loveholic,러브홀릭(Loveholic),1.0
Lovey-Dovey,티아라(T-ara),1.0
"안녕, 미미",자우림(Jaurim),1.0
Loving You,지나(G.NA),1.0
아프고 화나고 미안해,하은,1.0
아틀란티스 소녀,보아(BoA),1.0
아직도 그대는 내 사랑,이은하,1.0
아저씨 (feat. 제이레빗),김진표(JP),1.0
아자!아자! (2005 Ym ver.),코요태,1.0
"아이스크림가게, 팬시보이",타루(Taru),1.0
아름다운 것,언니네 이발관,1.0
Oh! Happy Day,유승준,1.0
아껴둔 사랑 (Gimme! Gimme! Gimme!),샵(S#arp),1.0
아까워,재지팩트(Jazzyfact),1.0
아 외로워 (맥심 CF 삽입곡),요조(Yozoh),1.0
Mint Morning,Ed.C,1.0
써모와 소풍 가는날 (feat. 이상한 나라의 달리스),이상한 나라의 달리스,1.0
Music Is My Life,임정희,1.0
시간을 거슬러,원 모어 찬스(one more chance),1.0
My My,에이핑크(Apink),1.0
슬픈 사랑의 노래 (With 이소은),김연우,1.0
술버릇,원티드(Wanted),1.0
술 (C2H5OH),브라운 아이드 소울(Brown Eyed Soul),1.0
수수께끼 (feat. 요조),김지수,1.0
Nostalgia ,요조(Yozoh),1.0
속았다 (Narration 이요원),태군,1.0
어디라도 (Ra.D Mix ver.),이승기,1.0
Love Song,차가운 체리(Cold Cherry),1.0
Love Song,린(LYn),1.0
Love Love Love (Remix),애프터 스쿨(After School) ,1.0
I'm Yours,Script(스크립트),1.0
If I Could Meet Again,푸딩(Pudding),1.0
Illusion,홀린(Hlin),1.0
울고 싶던 날,오후만 있던 일요일,1.0
우주보다 좋아해 (I Love You More Than Universe),도나웨일(Donawhale),1.0
Instant Cafe,인스턴트 로맨틱 플로어(Instant Romantic Floor),1.0
우리가 이별할 때 (duet with 백지영),소울스타(Soulstar),1.0
It's Alright,메이트(Mate),1.0
Jump,김동률,1.0
우리 이렇게,슈가볼(Sugarbowl),1.0
Kiss Me,럼블 피쉬(Rumble Fish),1.0
욕심쟁이,김동률,1.0
외톨이,아웃사이더(Outsider),1.0
Labor In Vain,라이너스의 담요(Linus' Blanket),1.0
오죽했으면...,Goodbye Sadness 구정현,1.0
오랜만이야,임창정,1.0
Lemon Tree,박혜경,1.0
옆에 (feat. 보니),형돈이와 대준이,1.0
열대야 (feat. 영준 Of Brown Eyed Soul),포이트리(Poetree),1.0
Like this,원더걸스(Wonder Girls),1.0
여성시대,씨야(SeeYa),1.0
Lonely,투애니원(2NE1),1.0
에구구구,요조(Yozoh),1.0
Love Ballad,브라운 아이드 소울(Brown Eyed Soul),1.0
얼음벌레 (Ice Bug),바닐라 어쿠스틱(Vanilla Acoustic),1.0
Love Day,양요섭 [비스트],1.0
얼굴이 반칙,서영은,1.0
"Love Is (feat. T, 권기범)",다이나믹 듀오(Dynamic Duo),1.0
Love Letter,성시경,1.0
소풍,유발이의 소풍,1.0
소원 (So One),라디(Ra.D),1.0
봄이 오면,에스프레소(금석균),1.0
사라지지 말아요,디어 클라우드(Dear Cloud),1.0
Sugar Rain (feat. 남예지),키네틱플로우(K-Flow),1.0
"Sugary Night (feat. Soul-Man, K-Jun)",주형진,1.0
사랑은 봄을 타고,해금,1.0
Summer Breeze (With 하우스 룰즈),박정아,1.0
사랑에 아파한 날들 (duet with 윤하),임재범,1.0
사랑에 속고 속아 (feat. 춘자),나몰라 패밀리 TKO,1.0
사랑느낌 (With 유원형),일기예보,1.0
사랑과 전쟁 (Narr. 하하),다비치,1.0
사랑...후에 (duet with 린),신혜성,1.0
Sur Le Quai (inst.),루시드 폴(Lucid Fall),1.0
사랑 먼지,버블 시스터즈(Bubble Sisters),1.0
Thank You (Vocal By 구인회),드라마틱스(Dramatics),1.0
사랑,소규모 아카시아 밴드,1.0
That Girl (feat. Crucial Star),앤덥(Andup),1.0
The End (inst.),롤러코스터(Rollercoaster),1.0
Over (feat. 가요코) (English ver.),에디(Eddie),1.0
빨간 우산,홍채린,1.0
빗소리,B.A.P,1.0
Toast (With 허밍어반스테레오),제이(J.ae),1.0
"Today, A Gift Of Tomorrow (오늘, 내일의 선물)",김경민 [재즈],1.0
비온다,선우정아(Sunwoojunga),1.0
Tomboi (feat. Lovey),알렉스(Alex) [클래지콰이],1.0
Top Girl,지나(G.NA),1.0
비가 오는 날엔,이기찬,1.0
비 오는 거리에서,이성우 [나잇어클락],1.0
붉은 노을,이문세,1.0
붉은 노을,BIGBANG,1.0
부스러기,김연우,1.0
봄처럼,김보경,1.0
Windy Spring,웅산,1.0
Strawberry Days,윤하(Younha/ユンナ),1.0
Stay Cool (feat. Zion T),Simon Dominic(사이먼 도미닉),1.0
사랑을 외치다,엠씨 더 맥스(M.C the Max),1.0
사랑의 시,엠씨 더 맥스(M.C the Max),1.0
Paradise,더 멜로디(The Melody),1.0
설마,윤건,1.0
Paradise (드라마 '커피프린스 1호점' 삽입곡),더 멜로디(The Melody),1.0
선물,t윤미래,1.0
서울은 흐림 (feat. 한희정),못(Mot),1.0
Picnic,라이너스의 담요(Linus' Blanket),1.0
서울,Masta Wu,1.0
서른 즈음에,이은미,1.0
서른 즈음에,김광석,1.0
Rain Darling (feat. 한소아),토이멜라(Toymela),1.0
산책,한희정,1.0
산책,쿨(COOL),1.0
산책,온유(On.U) [발라드],1.0
Rainy Day,찬스(Chance),1.0
사랑했잖아 + 사랑했잖아 Part.2 (A-LIVE),린(LYn),1.0
사랑해 이말밖엔 (Acoustic ver.),리치(Rich),1.0
사랑해 U (Lovely ver.),서인국,1.0
Rendez-Vous,이소라,1.0
Rose,이하이,1.0
사랑하다,윤하(Younha/ユンナ),1.0
사랑하는 일,성시경,1.0
사랑하는 사람이 생겼습니다,이병헌 [배우],1.0
Sexy Love,티아라(T-ara),1.0
Shocking Pink Rose,W(Where The Story Ends),1.0
사랑이라는 이유로,이소은,1.0
Somebody,"15&(박지민, 백예린)",1.0
Somebody (feat. Adeline Michele),푸디토리움(Pudditorium),1.0
Someday,트랙 마켓(Track Market),1.0
Sounds Of The Universe,솔루션스(THE SOLUTIONS),1.0
"""좋은 하루에요, 지금은 뭘해요?"" #4 (feat. 김중우 Of 커먼그라운드, 동근 Of 푸딩, 유종호, 하유진, 권영찬)",더필름(The Film),1.0
