﻿Title,Artist,cnt
그날에 우리,어반 자카파(Urban Zakapa),45.0
청혼,노을,42.0
High High,G-DRAGON,42.0
사랑비,김태우,41.0
"수고했어, 오늘도",옥상달빛,39.0
다행이다,이적,38.0
낙원 (feat. 이재훈),싸이(Psy),36.0
자니 (feat. Dynamic Duo),프라이머리(Primary),35.0
인형의 꿈,러브홀릭(Loveholic),35.0
죽일 놈 (Guilty),다이나믹 듀오(Dynamic Duo),34.0
사랑합니다...,팀(Tim),34.0
기억의 습작,전람회,32.0
라라라,이수영,32.0
사랑의 時,엠씨 더 맥스(M.C the Max),31.0
다시 와주라,바이브(Vibe),31.0
내가 제일 잘 나가,투애니원(2NE1),30.0
그땐 그땐 그땐,슈프림팀(Supreme Team),30.0
널 생각해,원 모어 찬스(one more chance),30.0
행복한 나를,에코(ECO),30.0
너랑 나,아이유(IU),29.0
보여줄게,에일리(Ailee),28.0
Officially Missing You,긱스(Geeks),28.0
어떤가요,화요비,28.0
바람이 분다,이소라,27.0
내게 오는 길 (Bonus Track),성시경,27.0
좋은 날,아이유(IU),27.0
거짓말,BIGBANG,27.0
나였으면,나윤권,26.0
붉은 노을,BIGBANG,26.0
애송이의 사랑,양파,26.0
내 삶의 반,한경일,26.0
사랑은 (Song 정인),리쌍(Leessang),26.0
그녀를 사랑해줘요,하동균,26.0
사랑에 아파본 적 있나요,린(LYn),26.0
들었다 놨다,데이브레이크(daybreak),25.0
꽃피는 봄이오면,BMK,25.0
하늘을 달리다,이적,25.0
오늘밤은 어둠이 무서워요,10cm(십센치),25.0
그런가봐요...,브이원 (V.One),25.0
그대 내게 다시 (Guitar ver.),럼블 피쉬(Rumble Fish),24.0
비와 당신 (영화 '라디오 스타 '삽입곡),럼블 피쉬(Rumble Fish),24.0
사랑.. 그 놈,바비 킴(Bobby Kim),24.0
"Hawaian Couple (영화 '내 사랑' 주제곡, 에뛰드 복숭아송 원곡)",허밍 어반 스테레오(Humming Urban Stereo),24.0
파도,유엔(UN),24.0
바보,박효신,24.0
좋을텐데,성시경,23.0
Bubble Pop!,현아 [포미닛],23.0
FANTASTIC BABY,BIGBANG,23.0
붙잡고도,노을,23.0
내 여친,포맨,23.0
나 돌아가,임정희,23.0
내가 너의 곁에 잠시 살았다는 걸,김연우,23.0
Go Away,투애니원(2NE1),22.0
다시 사랑한다 말할까,김동률,22.0
...안 되나요... (부제: 화양연화),휘성,22.0
강남스타일,싸이(Psy),22.0
"너에게 난, 나에게 넌",자전거 탄 풍경,22.0
비가 오는 날엔,비스트(Beast),22.0
Couple Song (feat. Kelley),라디(Ra.D),22.0
"봄, 여름 그 사이",박지윤,21.0
17171771,자우림(Jaurim),21.0
사르르 (I Wanna Be Your Love) (feat. 정엽),제이(J.ae),21.0
얼음연못,두번째 달,21.0
Hot Summer,에프엑스(f(x)),21.0
기적 (duet with 이소은),김동률,21.0
사랑은 언제나 목마르다,유미,21.0
Oh Yeah (feat. 박봄),G-DRAGON,21.0
Never Ending Story,부활,21.0
사랑 안해,백지영,20.0
미친거니,바이브(Vibe),20.0
웃으며 넘길래,제이레빗(J Rabbit),20.0
사랑한다는 말,김동률,20.0
첫사랑이죠,아이유 ＆ 나윤권,20.0
Oh My Love (쿠쿠 CF - 원빈의 핑크로즈 편),자전거 탄 풍경,20.0
사랑했나봐,윤도현,20.0
365일,알리(Ali),20.0
추억은 사랑을 닮아,박효신,20.0
여름아! 부탁해,인디고(Indigo),20.0
초콜렛군 오렌지양,밀크티(Milktea),20.0
늦은 후회,보보(Bobo),19.0
저녁 하늘,에일리(Ailee),19.0
토요일 오후에,라즈베리필드,19.0
So Cool (쏘쿨),씨스타(Sistar),19.0
사랑보다 깊은 상처 (duet with 임재범),박정현,19.0
Romeo N Juliet,클래지콰이(Clazziquai),19.0
꿈에 들어와,서울 전자 음악단,19.0
미워도 다시 한번 (Original ver.),바이브(Vibe),19.0
Kiss,스탠딩 에그(Standing Egg),19.0
유난히 (feat. 신예원),김진표(JP),19.0
감사,김동률,18.0
그남자 그여자 (feat. 장혜진),바이브(Vibe),18.0
UGLY,투애니원(2NE1),18.0
"조금씩, 천천히, 너에게 (With 타루)",노리플라이(no reply),18.0
고백 (Go Back) (feat. 정인),다이나믹 듀오(Dynamic Duo),18.0
사랑할수록,부활,18.0
라라라,SG워너비,18.0
Missing You (feat. 김윤아 Of 자우림),G-DRAGON,18.0
난 사랑에 빠졌죠,박지윤,18.0
체념,빅마마(Big Mama),18.0
가로수 그늘 아래 서면,장재인,18.0
거기서거기 (Without You),다이나믹 듀오(Dynamic Duo),18.0
Heaven,김현성,18.0
Hello,허각,18.0
감기,이기찬,18.0
To Heaven (천국으로 보낸 편지),조성모,18.0
Can't Nobody,투애니원(2NE1),18.0
사진을 보다가,바이브(Vibe),18.0
I Love You,포지션(Position),18.0
해변의 여인,쿨(COOL),18.0
한여름날의 꿈 (duet with 옥주현),SG워너비,18.0
나를 사랑했던 사람아,허각,17.0
어떻게 사랑이 그래요,이승환,17.0
Aqua Man,빈지노(Beenzino),17.0
"그대와 나, 설레임 (feat. 소울맨)",어쿠스틱 콜라보(Acoustic Collabo),17.0
사랑합니다,이재훈 ,17.0
나비 무덤,테이크(Take),17.0
ㅋㅋㅋ,몰릭(MhOlic),17.0
눈물이 안났어,임정희,17.0
넌 감동이었어,성시경,17.0
미워요,정인,17.0
뜨거운 안녕 (feat. 성시경),싸이(Psy),17.0
Just Married (feat. 해이),조규찬,17.0
가슴이 뛴다,케이윌(K.Will),17.0
Crush On You (feat. Swings),크러쉬(Crush),17.0
Little Star,스탠딩 에그(Standing Egg),16.0
야상곡(夜想曲),김윤아,16.0
되돌리다,이승기,16.0
천년의 사랑,박완규,16.0
길,지오디(god),16.0
연(捐),빅마마(Big Mama),16.0
슬픔을 참는 세가지 방법,혜령,16.0
요즘 너 말야 (Album Edit),제이레빗(J Rabbit),16.0
잔소리 (With 2AM 슬옹),아이유(IU),16.0
가끔 미치도록 네가 안고 싶어질 때가 있어,가을방학,16.0
생각이 나,부활,16.0
별이될께,디셈버(December),16.0
벌써 일년,브라운 아이즈(Brown Eyes),16.0
가질 수 없는 너,뱅크(Bank),16.0
Nike Shoes (feat. Dynamic Duo),빈지노(Beenzino),16.0
거리에서,성시경,16.0
사랑은 맛있다 ♡,휘성,16.0
결혼해 줄래 (feat. Bizniz),이승기,16.0
Tonight,BIGBANG,16.0
언제나 그랬죠,브라운 아이즈(Brown Eyes),16.0
죽어도 못 보내,2AM,15.0
사랑 Two,윤도현,15.0
챠우챠우 - 아무리 애를 쓰고 막아 보려 해도 너의 목소리가 들려,델리 스파이스(Deli Spice),15.0
중독된 사랑,조장혁,15.0
comma,노리플라이(no reply),15.0
아메리카노에게,커피소년,15.0
너에게 쓰는 편지,MC 몽,15.0
사랑인가요,박새별,15.0
우산 (feat. 윤하),에픽 하이(Epik High),15.0
말꼬리 (feat. 정준일 - Mate),윤종신,15.0
여전히 아름다운지 (feat. 김연우),토이(Toy),15.0
버스 안에서,자자(Zaza),15.0
Fiction,비스트(Beast),15.0
내꺼하자,인피니트(Infinite),15.0
연애,애즈 원(As One),15.0
봄을 그리다,어반 자카파(Urban Zakapa),15.0
어렸을때 그자리,유희열,14.0
아마추어,이승철,14.0
Love (With 소규모 아카시아 밴드) (유승호 슈퍼100 CF 삽입곡),요조(Yozoh),14.0
Paris Paris! (문근영의 KTF TV CF '선물'편 배경음악),몽라(Monla/夢兒),14.0
Lux (빛),베이비복스(Baby V.O.X),14.0
아름다운 날들,장혜진,14.0
My Angel (feat. 윤후),포맨,14.0
순정(純情) (London Boys의 I'm Gonna Give My Heart 전주 인용),코요태,14.0
Lovely Day,유진 [S.E.S],14.0
Nothing's Gonna Change My Love For You,리즈(Leeds),14.0
서른 즈음에,김광석,14.0
애상,10cm(십센치),14.0
OHEYO,박소유,14.0
시에스타,포츈 쿠키(Fortune Cookie),14.0
Love Day,양요섭 [비스트],14.0
애원,버블 시스터즈(Bubble Sisters),14.0
Ma Boy (마보이),씨스타19(Sistar 19),14.0
살랑살랑,조원선,14.0
Only One,보아(BoA),14.0
Missing You,플라이 투 더 스카이(Fly To The Sky),14.0
Love Is... (3+3=0),터보(Turbo),14.0
세글자,엠투엠(M To M),14.0
Touch,미쓰 에이(miss A),14.0
사랑해도 될까요?,유리상자,14.0
광대 (With BMK),리쌍(Leessang),14.0
눈물샤워 (feat .에일리),배치기,14.0
누구에게나 아픔은 있다,바람에 오르다,14.0
거짓말,지오디(god),14.0
거짓말처럼,김현정,14.0
결혼해줘,임창정,14.0
너라는 명작,휘성,14.0
고백,뜨거운 감자(Hot Potato),14.0
내게 오는 길,성시경,14.0
내가 만일,안치환,14.0
내가 그댈,세븐데이즈(7Dayz),14.0
남자가 여자를 사랑할 때,나윤권,14.0
다시 사랑한다면,도원경,14.0
난리나,블락비(Block B),14.0
그녀는 예뻤다,박진영,14.0
나 어릴적 꿈,터보(Turbo),14.0
그대 (CF ver.) (feat. 한효주),브라운 아이드 소울(Brown Eyed Soul),14.0
그대 없이는 못살아 (Spring ver.),윤종신,14.0
기대,나윤권,14.0
그대네요,성시경,14.0
그대로 있어도 돼 (feat. Crush),슈프림팀(Supreme Team),14.0
그대를 그리다 (KBS 드라마 성균관 스캔들 피아노 테마),윤한(Yoonhan),14.0
그댄 행복에 살텐데,리즈(Leeds),14.0
다시 만난 날,휘성,14.0
대화가 필요해,바닐라 어쿠스틱(Vanilla Acoustic),14.0
사랑해 그리고 기억해,지오디(god),14.0
별처럼,태연 (Taeyeon),14.0
사랑일뿐야,김민우,14.0
사랑이라는 이유로,이소은,14.0
"Ready, Get Set, Go! (Full ver.) (Vocal By Deb)",페퍼톤스(Peppertones),14.0
사랑 (I Wanna Fall In Love With You),브라운 아이즈(Brown Eyes),14.0
Shining The Morning,장세용,14.0
"비타민 (With 정연, 승연) (김태희 요정송, 파리바게뜨 CF 삽입곡)",박학기,14.0
Something In The Air,이상은(Lee Tzsche),14.0
봉숙이,장미여관,14.0
봄봄봄,로이킴,14.0
보통날,지오디(god),14.0
Tell Me Tell Me,레인보우(Rainbow),14.0
동경,박효신,14.0
Tete,네스티요나(Nastyona),14.0
뱅(Bang)!,애프터 스쿨(After School) ,14.0
바래다 주는 길,바이브(Vibe),14.0
어쩌다...,윤건,14.0
미소를 띄우며 나를 보낸 그 모습처럼,이은하,14.0
UP (feat. 박봄 Of 2NE1),에픽 하이(Epik High),14.0
라라라쏭,해랑(Haerang) [재즈],14.0
With Coffee...,브라운 아이즈(Brown Eyes),14.0
땡땡땡,슈프림팀(Supreme Team),14.0
동경소녀 (feat. 옥상달빛 김윤주),요조(Yozoh),14.0
Love,조장혁,14.0
('Cause) I'm Your Girl,S.E.S.,14.0
Lonely,투애니원(2NE1),14.0
철부지,존 박(John Park),14.0
지우개,알리(Ali),14.0
죽을 만큼 아파서 (feat. 멜로우),MC 몽,14.0
좁은 문,에피톤 프로젝트(Epitone Project),14.0
좀 더 둘이서,윤하(Younha/ユンナ),14.0
Everyday Birthday,성시경,14.0
Excuse Me (Piano feat. 지호),브랜뉴직(Brand Newjiq),14.0
전화번호,지누션(Jinusean),14.0
장마,정인,14.0
장가갈 수 있을까,커피소년,14.0
Fire,투애니원(2NE1),14.0
Gentle Rain,클래지콰이(Clazziquai),14.0
Hands Up,2PM,14.0
인생은 아름다워 (feat. BMK),리쌍(Leessang),14.0
인사 (Vocal By 김연우),토이(Toy),14.0
이게 사랑일까 (feat. 하은),커피소년,14.0
우린 달라졌을까 (With John Park),윤하(Younha/ユンナ),14.0
우리 둘,카라(Kara),14.0
I Wish...,메이비(MayBee),14.0
I'm In Love (Piano RMX),라디(Ra.D),14.0
차마...,성시경,14.0
"Belle-Ile-En-Mer, Marie-Galante",Laurent Voulzy(로랑 불지),14.0
It Was In Shiraz (이별의 그늘),신예원,14.0
Beethoven의 Prelude에 의한,에피톤 프로젝트(Epitone Project),14.0
흩어진 나날들,조규찬,14.0
화분 (Bonus Track),알렉스(Alex) [클래지콰이],14.0
1994년 어느 늦은 밤,장혜진,14.0
3-Out,써니힐(Sunny Hill),14.0
"3호선 매봉역 (feat. Paloalto, Beenzino)",프라이머리(Primary),14.0
A,레인보우(Rainbow),14.0
하나의 사랑 (추성훈 ver.),추성훈,14.0
피아노,조성모,14.0
풍경 (Scenery),장재인,14.0
폭설 (Piano ver.),네스티요나(Nastyona),14.0
취중진담,김동률,14.0
Baby Baby,소녀시대,14.0
Baby Baby,포맨,14.0
Ballerino(발레리노),리쌍(Leessang),14.0
추억에 살아 (feat. 이영현),포맨,14.0
추격자,인피니트(Infinite),14.0
촛불 하나,지오디(god),14.0
Beautiful People,쿨(COOL),14.0
Because I Love You,윤종신,14.0
Icecream,스타 러브 피쉬(Star Love Fish),14.0
점점,브라운 아이즈(Brown Eyes),14.0
없는게 메리트,옥상달빛,14.0
연극이 끝난 후,샤프(Sharp),14.0
오늘도 만날래요 내일도 만날래요,블루베리 [여자],14.0
에너지 (feat. 선예),마이티 마우스(Mighty Mouth),14.0
오래전 그날,윤종신,14.0
예뻐요,스윗소로우(SWEET SORROW),14.0
Labor In Vain,라이너스의 담요(Linus' Blanket),14.0
Lemon Pie,스탠딩 에그(Standing Egg),14.0
안부 (feat. 나윤권),별,13.0
아 외로워 (맥심 CF 삽입곡),요조(Yozoh),13.0
안아줘,정준일 [메이트],13.0
SILLY,데이브레이크(daybreak),13.0
Beautiful Day,어반 자카파(Urban Zakapa),13.0
이별택시,김연우,13.0
"씨스루 (feat. 개코, Zion.T)",프라이머리(Primary),13.0
이미 넌 고마운 사람,김연우,13.0
너에게 반한 날,소규모 아카시아 밴드,13.0
Sexy Love,티아라(T-ara),13.0
너를 위해,임재범,13.0
Baby You Are Beautiful,성시경,13.0
우주보다 좋아해 (I Love You More Than Universe),도나웨일(Donawhale),13.0
콜링 인 러브 (Calling In Love),조이 [알트리퍼],13.0
오래된 노래,장윤주,13.0
곰인형 (feat. 해금),린(LYn),13.0
초여름 소리,우쿨렐레 피크닉(Ukulele Picnic),13.0
Roly-Poly,티아라(T-ara),13.0
사랑,소규모 아카시아 밴드,13.0
주워가 줄래?,하키(Hockee),13.0
Man In Love (남자가 사랑할 때),인피니트(Infinite),13.0
물들어,BMK,13.0
먼 훗날에 (원곡가수 박정운),윤하(Younha/ユンナ),13.0
립스틱 (Lipstick),오렌지캬라멜(Orange Caramel),13.0
별 빛이 내린다,안녕 바다,13.0
또 한번 사랑은 가고,이기찬,13.0
YOU AND I,박봄,13.0
보호해줘,옥상달빛,13.0
Metro (Acoustic),Glen Check(글렌체크),13.0
님은 먼 곳에,거미,13.0
도망쳐,김연지,13.0
Stay,넬(Nell),13.0
Getznova,허소영,13.0
illa illa (일라 일라),JUNIEL(주니엘),13.0
입맛이 없어요,스웨덴세탁소,13.0
Lullaby,모리(Morrie),13.0
가로수 그늘 아래서면,이문세,13.0
내 여자,더 원(The One),13.0
우리의 밤은 당신의 낮보다 아름답다,코나(Kona),13.0
Tonight,코쿤벨즈(Cocoon Bells),13.0
화장을 고치고,왁스(Wax),13.0
휠릴리,이수영,13.0
나만의 천사,트리플 이펙트(Triple Effect),13.0
피너츠 송,상상밴드,13.0
프랑지파니 (Um Homem E Uma Mulher) (With Dawn Bishop),토이(Toy),13.0
1월부터 6월까지 (feat. 윤종신),공일오비(015B),13.0
슬픔보다 더 슬픈 이야기,김범수,13.0
그대 내게 (duet with 이소라),조규찬,13.0
한번만 울고 말자,장혜진,13.0
기분 좋은 날 (웅진 쿠첸 광고 삽입곡),알렉스(Alex) [클래지콰이],13.0
여기까진가요,플라워(Flower),13.0
"씨스루 (feat. Zion.T, 개코 Of 다이나믹듀오)",프라이머리(Primary),13.0
Instant Cafe,인스턴트 로맨틱 플로어(Instant Romantic Floor),13.0
오랜만이야,임창정,13.0
기다리는 이유,임창정,13.0
Paradise,더 멜로디(The Melody),13.0
꽃송이가,버스커 버스커(Busker Busker),13.0
꿈에선 놀아줘,루싸이트 토끼,13.0
Part 2 (Acoustic ver.),넬(Nell),13.0
오래전 그 멜로디 (feat. 오지은),노리플라이(no reply),13.0
It Was You (Ra.D Remix) ,브라더수(BrotherSu),13.0
나와 같은 너,벨 에포크(Belle Epoque),13.0
가려진 시간사이로,윤건,12.0
마법의 성,더 클래식(The Classic),12.0
창문 너머 어렴풋이 옛 생각이 나겠지요,아이 투 아이(Eye To Eye),12.0
잘가요 로맨스,서인영,12.0
편지,김종국,12.0
가수가 된 이유,신용재 [4men],12.0
다툼,이적,12.0
비오는 압구정,브라운 아이즈(Brown Eyes),12.0
지나간다,김범수,12.0
잊었니,하나(Hana) [타이푼],12.0
아주 오래전 일,이적,12.0
종로에서,제이에스(JS) [여성듀오],12.0
두근두근 (feat. 박정현),김진표(JP),12.0
...사랑했잖아...,린(LYn),12.0
With Me,휘성,12.0
Sweet Love,어쿠스틱 콜라보(Acoustic Collabo),12.0
오아시스 (feat. 이재훈),브라운 아이드 걸스,12.0
좋은 사람 (feat. 김형중),토이(Toy),12.0
그런일은,화요비,12.0
청춘,뜨거운 감자(Hot Potato),12.0
끝사랑,김범수,12.0
매듭,이적,12.0
정말로 사랑한다면,버스커 버스커(Busker Busker),12.0
미안해요 (feat. T.O.P),거미,12.0
칵테일 사랑,마로니에(Maronnier),12.0
광화문 연가,이문세,12.0
Promise U,씨야(SeeYa),12.0
원하고 원망하죠,애즈 원(As One),12.0
Rain Drop,아이유(IU),12.0
여자가 있어도,브라운 아이드 걸스,12.0
애상,쿨(COOL),12.0
너라서 다행이야,4-49(포포리나인),12.0
귀로,나얼(Na-Ul),12.0
어느 봄날,2AM,12.0
난 좋아,정준일 [메이트],12.0
사랑과 우정사이,SG워너비,12.0
All Of You,주영(JooYoung),12.0
녹턴 (Nocturn),이은미,12.0
멜로영화,시크릿(Secret),12.0
멀어 (feat. Beenzino),프라이머리(Primary),12.0
하루 하루 (Radio Edit.),타샤니(Tashannie),12.0
뻔한 멜로디 (feat. Crush),Zion.T,12.0
빗속에서 (feat. 알리),리쌍(Leessang),12.0
감사 (Bonus Track),김동률,12.0
Don't You Know (With 노리플라이),한효주,12.0
매일밤,EXID(이엑스아이디),11.0
그런 사람 또 없습니다,이승철,11.0
몰라요,에이핑크(Apink),11.0
어쩌면...,버즈(Buzz),11.0
정말 사랑했을까,브라운 아이드 소울(Brown Eyed Soul),11.0
좋다,데이브레이크(daybreak),11.0
팥빙수,윤종신,11.0
듣는편지,40(포티),11.0
안녕이라고 말하지마,다비치,11.0
톡톡 (Tok Tok) (feat. Soya),마이티 마우스(Mighty Mouth),11.0
내 사람입니다,더 넛츠(The Nuts),11.0
카페인 (feat. 용준형 Of Beast),양요섭 [비스트],11.0
취미는 사랑 (Album ver.),가을방학,11.0
남자를 몰라,버즈(Buzz),11.0
Marry Me,케이윌(K.Will),11.0
넋,40(포티),11.0
그녀가 웃잖아,김형중,11.0
눈물 (feat. 유진 Of 더 씨야),리쌍(Leessang),11.0
두사람,성시경,11.0
Blind,정기고(Junggigo),11.0
눈물소리,하동균,11.0
챔피언,싸이(Psy),11.0
닭살 커플 (duet with Esna),팀(Tim),11.0
김치찌개,헤르쯔 아날로그(Herz Analog),11.0
Love Blossom (러브블러썸),케이윌(K.Will),11.0
헤어지는 중입니다,이은미,11.0
그립고 그립고 그립다,케이윌(K.Will),11.0
시간이 흐른 뒤 (As Time Goes By),t윤미래,11.0
말해줘 (feat. 엄정화),지누션(Jinusean),11.0
빗속에서,이문세,11.0
솜사탕,네미시스(Nemesis),11.0
왜 벌써가 (Be My Brownie) (feat. Bumky),다이나믹 듀오(Dynamic Duo),11.0
Sweet Bubble ('하우젠 버블송 2' 원곡),윈터플레이 혜원,11.0
잘가요,정재욱,11.0
서쪽 하늘,울랄라세션(Ulala Session),11.0
변하지 않는 것들,권순관,11.0
산다는건 다 그런게 아니겠니,서영은,11.0
아름다운 날들,브라운 아이드 소울(Brown Eyed Soul),11.0
Super Star,쥬얼리(Jewelry),11.0
아름다운 이별,김건모,11.0
보고 싶다,김범수,11.0
Fly Away ('우리 결혼했어요' 삽입곡),텐시러브(Tensi Love),11.0
손꼭잡고,루싸이트 토끼,11.0
일상다반사,롤러코스터(Rollercoaster),11.0
빗소리,윤하(Younha/ユンナ),11.0
Superrunner Color Story 1: 김연아 편 (By Sentimental Scenery & 루싸이트 토끼),수퍼러너(Superrunner),11.0
자~엉덩이,원투(Onetwo),11.0
Happy Things,제이레빗(J Rabbit),11.0
"Officially Missing You, Too",긱스(Geeks),11.0
반쪽,브이오에스(V.O.S.),11.0
The Way We Were (In Love),DJ 소울스케이프(DJ Soulscape),11.0
음악이 들려오네,보싸다방(Bossa Dabang),11.0
아까워,재지팩트(Jazzyfact),11.0
이마를 만지다 (Vocal By 강현준),헤르쯔 아날로그(Herz Analog),11.0
사랑은 은하수 다방에서,10cm(십센치),11.0
"Good Bye Sadness, Hello Happiness",t윤미래,11.0
"입장정리 (feat. 최자 Of 다이나믹듀오, Simon D Of 슈프림팀)",프라이머리(Primary),11.0
비(悲)의 Rhapsody,최재훈,10.0
샐러드 기념일,허밍 어반 스테레오(Humming Urban Stereo),10.0
After The Gentle Rain,젠틀 레인(Gentle Rain),10.0
So I Pray (feat. 동경소녀),어반스페이스(Urbanspace),10.0
난 널 원해,드렁큰 타이거(Drunken Tiger),10.0
가로수 그늘아래 서면,이문세,10.0
가슴 시린 이야기 (feat. 용준형 Of Beast),휘성,10.0
걷고 싶은 거리,보드카 레인(Vodka Rain),10.0
내 마음속에 노란빛이 들어오면,이루리 프로젝트,10.0
그 아픔까지 사랑한 거야,조정현,10.0
내 눈에는 (feat. 이재훈),싸이(Psy),10.0
집에 가지마,G-DRAGON,10.0
니가 없는 난,Caramel espreSSo(카라멜 에스프레소),10.0
Boogie On & On,빈지노(Beenzino),10.0
우리 처음 만난 날,한희정,10.0
Blue Day,포지션(Position),10.0
I Dream,"15&(박지민, 백예린)",10.0
눈물,리아(Riaa),10.0
사랑 보다 깊은 상처,임재범,10.0
키스미,참깨와 솜사탕,10.0
고양이 왈츠 (Acoustic ver.) (SBS 월화드라마 '내게 거짓말을 해봐' 삽입),Lucia(심규선),10.0
내가 웃는게 아니야 (With Ali),리쌍(Leessang),10.0
Be My Baby,원더걸스(Wonder Girls),10.0
고백,박혜경,10.0
그냥 니가 좋아,홍대광,10.0
열대야 (feat. 영준 Of Brown Eyed Soul),포이트리(Poetree),10.0
Bachianas Brasileiras No.5,김민석 [트리오로그],10.0
선물,t윤미래,10.0
슬픈 혼잣말,임창정,10.0
어쩌다가 (Acoustic ver.),란(Ran),10.0
훗 (Hoot),소녀시대,10.0
수요일 (Piano Lesson),루싸이트 토끼,10.0
바람이 분다 (feat. World HO),스윙체어(Swingchair),10.0
Feel Good Song,알버트 주(Albert Joo),10.0
바램 (feat. 변재원),토이(Toy),10.0
못된 여자 II (With 서인영),원투(Onetwo),10.0
조별과제,CHEEZE,10.0
얼음처럼,손성제,10.0
와,이정현,10.0
Volume Up,포미닛(4minute),10.0
머물러요,정기고(Junggigo),10.0
한사람을 위한 마음,럼블 피쉬(Rumble Fish),10.0
결혼까지 생각했어,휘성,10.0
ABC (With Arina Of Mocca),페퍼톤스(Peppertones),10.0
나란 놈은 답은 너다 (feat. 하림),리쌍(Leessang),10.0
Flat Shoes (feat. Lovey),크루셜스타(Crucial Star),10.0
좋아보여 (feat. 검정치마),버벌진트(Verbal Jint),10.0
그녀와의 이별,김현정,10.0
Fly Away,프렐류드(Prelude),10.0
끝나지 않은 노래,노리플라이(no reply),10.0
My Soul,줄라이(July) [뉴에이지],9.0
Babay (feat. Gaeko),Zion.T,9.0
사랑의 시작은 고백에서부터,소울크라이(SoulCry),9.0
생각날거야,다비치,9.0
어디라도 (Ra.D Mix ver.),이승기,9.0
유채꽃,에피톤 프로젝트(Epitone Project),9.0
"그 자리에, 그 시간에",성시경,9.0
사랑하기 때문에,유재하,9.0
I Believe (Guitar ver.),신승훈,9.0
나만의 슬픔 (Rock Ballad),김돈규,9.0
너를 사랑하고도,조성모,9.0
나를 잊지 말아요,박정현,9.0
In My Tin Case,루싸이트 토끼,9.0
"그리고, 남겨진 것들",넬(Nell),9.0
하루 끝,아이유(IU),9.0
외눈박이 소녀의 이야기,두번째 달,9.0
토요일밤에,손담비,9.0
사랑한다는 흔한 말,김연우,9.0
솜사탕 (feat. 루시드폴),박새별,9.0
하지 못한 말,노을,9.0
I GOT A BOY,소녀시대,9.0
기다리다 (Acoustic ver.),윤하(Younha/ユンナ),9.0
소주 한 잔,임창정,9.0
I Need You,허각,9.0
소년이 어른이 되어,몽니(Monni),9.0
그대가 나에게,포지션(Position),9.0
Timeless (Acoustic 2007 Real-Session),SG워너비,9.0
그대와 왈츠를,슬로우 쥰(Slow 6),9.0
안개꽃을 좋아한 아이,송광식,9.0
청춘,토마스 쿡(Thomas Cook),9.0
가질수 없는 너,뱅크(Bank),9.0
Break Away (Accoustic ver.) (Bonus Track),빅마마(Big Mama),9.0
Festival,엄정화,9.0
첫 이별 그날 밤,아이유(IU),9.0
Wave,나희경 [Jazz],9.0
Thank You,페퍼톤스(Peppertones),9.0
Music Takes Us To The Universe,라이너스의 담요(Linus' Blanket),9.0
Maman La Plus Belle Du Monde (제8요일),Luis Mariano(루이즈 마리아노),9.0
Just For Fun,프렐류드(Prelude),9.0
비상,임재범,9.0
Wonderful (feat. 홍보람),DJ 소울스케이프(DJ Soulscape),9.0
Different World,아키버드(Aquibird),9.0
Sunshine (New ver.),달콤한 소금,9.0
당신과의 키스를 세어보아요,MIWOO(미우),9.0
불타는 금요일 (Friday Night),다이나믹 듀오(Dynamic Duo),9.0
도레미 (Doremi),도나웨일(Donawhale),9.0
아파 (Slow),투애니원(2NE1),9.0
인형의 꿈,일기예보,9.0
밤비소리,구혜선,9.0
Undo,캐스커(Casker),9.0
Hey Mr. Big,이효리,9.0
알 수 없는 인생,이문세,9.0
바람이 불어오는 곳,김광석,9.0
모닝콜,피터팬 컴플렉스(Peterpan Complex),9.0
춘천가는 기차,김현철,9.0
이젠 안녕,공일오비(015B),9.0
"밤, 테라스",에레나(Elena),9.0
미인(美人),이기찬,9.0
LOVE JAM with Bebop,허밍 어반 스테레오(Humming Urban Stereo),9.0
Secret Waltz (feat. 이승열),이바디(Ibadi),9.0
흩어진 나날들,박효신,8.0
순간을 믿어요,언니네 이발관,8.0
오후의 행진곡 (Vocal By Westwind),페퍼톤스(Peppertones),8.0
어떤 그리움,이은미,8.0
술이야,바이브(Vibe),8.0
시작되는 연인들을 위해,이원진,8.0
자전거 데이트,심현보,8.0
장미,서영은,8.0
예술이야,싸이(Psy),8.0
선물 (feat. 박지윤),에픽 하이(Epik High),8.0
오후에야,달콤한 소금,8.0
별 짓 다해봤는데,알리(Ali),8.0
멈칫하던 순간,나윤권,8.0
오후가 흐르는 숲 (비욘드 화장품 광고 삽입곡),이바디(Ibadi),8.0
정,영턱스클럽(YTC),8.0
소풍,블루앤블루(Blue & Blue),8.0
오후,오후만 있던 일요일,8.0
보통여자,린(LYn),8.0
기대해,걸스데이(Girl's Day),8.0
"헤어지지 못하는 여자, 떠나가지 못하는 남자 (feat. 정인)",리쌍(Leessang),8.0
하루 하루 (Original),타샤니(Tashannie),8.0
출국(出國),하림,8.0
봄 여름 가을... 겨울 (feat. 김태우 From God),수호,8.0
죽도록 사랑해 (feat. 박정현),MC 몽,8.0
니가 좀 짱인듯,더 젬(The Gem),8.0
요즘은 아침에 일찍 일어나요,더필름(The Film),8.0
사랑할게,노을,8.0
인연 (동녘바람),이선희,8.0
사랑 빛,씨엔블루(CNBLUE),8.0
이브의 경고 (Jungle),박미경,8.0
우린 제법 잘 어울려요,성시경,8.0
사랑이 지나가면,이문세,8.0
추억속의 그대,이승기,8.0
사랑에 빠져본 적 있나요 (With Ra.D) (Acoustic ver.),스탠딩 에그(Standing Egg),8.0
사랑은... 하나다,테이(Tei),8.0
냄새나는 여자,10cm(십센치),8.0
전부 너였다,노을,8.0
너에게 가는 길,정재일,8.0
사랑은 봄비처럼... 이별은 겨울비처럼,임현정,8.0
내 눈물모아,서지원,8.0
남자답게,플라이 투 더 스카이(Fly To The Sky),8.0
날 위한 이별,린(LYn),8.0
나의 하루,박정현,8.0
봄비,이은미,8.0
일요일 오후 (feat. 정인),정재형,8.0
시작되는 연인들을 위해 (With 이수영),이정봉(Lee Jung Bong),8.0
너를 사랑해,한동준,8.0
비밀번호 486,윤하(Younha/ユンナ),8.0
완벽한 날 (feat. 아이비),버벌진트(Verbal Jint),8.0
비오는 거리,스프링롤(Springloll),8.0
산책,온유(On.U) [발라드],8.0
처음만 힘들지,공일오비(015B),8.0
아지랑이 시간들,해이(Hey),8.0
완소 그대,서영은,8.0
다시 사랑할 수 있을까,포맨,8.0
산책,이지형,8.0
날 그만 잊어요,거미,8.0
달아요,박정현,8.0
힘겨워 하는 아이들을 위하여,서영은,8.0
[금상] 나 네게로 간다,곽은기,8.0
Anthropology,트램폴린(Trampauline),8.0
Break Away,빅마마(Big Mama),8.0
Step Up,미쓰 에이(miss A),8.0
Dream (feat. Supreme Team),제이(J.ae),8.0
Fan,에픽 하이(Epik High),8.0
Feel So Good,아이유(IU),8.0
Lovely Girl,상상밴드,8.0
Sounds Of The Universe,솔루션스(THE SOLUTIONS),8.0
Somethin',어바노(Urbano),8.0
그녀가 나를 보네...,브라운 아이즈(Brown Eyes),8.0
Hello (feat. 다라),G-DRAGON,8.0
Shake It Up,서인국,8.0
Romantico,테테(Tete),8.0
걷기 좋은 날씨,아키버드(Aquibird),8.0
Poison,엄정화,8.0
Please Come Baby (Original ver.) (feat. 효빈),투엘슨(2LSON),8.0
I Love You,투애니원(2NE1),8.0
I'm Fine,장윤주,8.0
If I Die Tomorrow,빈지노(Beenzino),8.0
Jump,김동률,8.0
Kiss Kiss,타루(Taru),8.0
Kiss Of The Last Paradise,푸딩(Pudding),8.0
LaLaLa,윤하(Younha/ユンナ),8.0
괜찮아요 (해태음료 순백차 CF 송혜교 편 삽입곡) ,나일론에세이(Nylon Essay),8.0
Music Is My Life,임정희,8.0
Late Afternoon,브라우니 스픽스(Brownie Speaks),8.0
광화문 연가,이수영,8.0
Mint Morning,Ed.C,8.0
"TV를 껐네... (feat. t윤미래, 권정열 Of 10cm)",리쌍(Leessang),8.0
Fly Away,장윤주,8.0
Lovey-Dovey,티아라(T-ara),8.0
Where Is My Love,스티(STi),8.0
3!4!,룰라(Roo'Ra),8.0
가족사진,SG워너비 김진호,8.0
나와 같다면 (김장훈),김연우,7.0
마지막 콘서트,이승철,7.0
옷자락이라도,M시그널,7.0
샤이보이 (Shy Boy),시크릿(Secret),7.0
I'm So Sorry,하이투힘(Hi to him),7.0
말 좀 해줘 (feat. Soulman),슈프림팀(Supreme Team),7.0
사랑해,스윗소로우(SWEET SORROW),7.0
다짐 (feat. 김구),조성모,7.0
하얀새,이승철,7.0
하루하루,BIGBANG,7.0
Novabossa,클래지콰이(Clazziquai),7.0
운명,쿨(COOL),7.0
나에게로 떠나는 여행,버즈(Buzz),7.0
의심스러워,술탄 오브 더 디스코(Sultan Of The Disco),7.0
Home (장동건 편 포스코 '더 샵' TV 광고음악),Michael Buble(마이클 부블레),7.0
A Little Waltz (작은 왈츠),천상혁,7.0
익숙한 그 집 앞,유희열,7.0
사람들은 즐겁다,루시드 폴(Lucid Fall),7.0
인형 (duet with 신혜성),이지훈,7.0
하루,김범수,7.0
서시,엠씨 더 맥스(M.C the Max),7.0
It Was You,브라더수(BrotherSu),7.0
멀어진다,홍대광,7.0
행복을 주는 노래,김광진,7.0
Love Vibration,더 콰이엇(The Quiett),7.0
애인이 생기면 하고 싶은 일 (With Rain),지나(G.NA),7.0
아시나요,조성모,7.0
어젠 (duet with 환희),송지은 [시크릿],7.0
Lonely Guy (feat. 김현철),윤종신,7.0
당신만이-Baby I Love You,김건모,7.0
어쩔 수 없는 (duet with 김조한),양파,7.0
Miracle Blue (Song By 신민아),러브홀릭스(Loveholics),7.0
내 마음에 비친 내 모습,유재하,7.0
시청앞 지하철 역에서,스프링롤(Springloll),7.0
둘이서,채연,7.0
시작은 왈츠로,스웨터(Sweater),7.0
엔틱한 게 좋아 (feat. 타루),커피소년,7.0
스피드,김건모,7.0
러브 레시피,거미,7.0
런치의 여왕 (Remaster),언노운 피플(UKP),7.0
LOVE SONG,BIGBANG,7.0
Windy Spring,웅산,7.0
그땐 미처 알지 못했지,이적,7.0
날 닮은 너,임창정,7.0
오늘은 휴일입니다,한희정,7.0
비오는 거리,서영은,7.0
U-Go-Girl (With 낯선),이효리,7.0
잊을께,YB,7.0
긴 하루,이승철,7.0
그대 나의 강 흐르네,나루(Naru) [솔루션스],7.0
처음 느낌 그대로,이소라,7.0
처음 만든 사랑 노래,시와(Siwa),7.0
Sweety,클래지콰이(Clazziquai),7.0
벚꽃 엔딩,버스커 버스커(Busker Busker),7.0
까망비,달콤한 소금,7.0
길을 잃다,김정균 (a.k.a 김거지),7.0
Amelie,포터블 그루브 나인(Portable Groove 09),7.0
Berry Berry Song (Acoustic ver.),스트로베리 레인(Strawberry Rain),7.0
DOC와 춤을...,DJ DOC,7.0
바보처럼,윤한(Yoonhan),7.0
Beautiful Day (커피 맥심 CF 삽입곡 '이나영편'),파인애플(Pineapple),7.0
Beatles Cream Soup (With 연진) (Acoustic),이지형,7.0
닐리리맘보,블락비(Block B),7.0
기름 같은걸 끼얹나 (feat. 뎁 & Beenzino),버벌진트(Verbal Jint),7.0
바다,유피(UP),7.0
"그대, 모든 짐을 내게 (Vocal By 윤상)",토이(Toy),7.0
커플 (Couple),젝스키스(Sechs Kies),7.0
별의 노래 (Album ver.),네온스(Neons),7.0
"천국의 이별 (feat. Ryu, MBC 미니시리즈 ""러브레터"" Ending Title)",트리-비(Tri-be),7.0
사랑 참 어렵다,이승철,7.0
잘 알지도 못하면서,이랑,7.0
잘못된 만남,김건모,7.0
다시 사랑할 수 있을까 (With 박정은),포맨,7.0
Spring (혼자한 사랑),룰라(Roo'Ra),7.0
끝나지 않은 이야기,이바디(Ibadi),7.0
봄이여 오라 (feat. 유리),MC 스나이퍼(MC Sniper),7.0
잔혹한 여행,한희정,7.0
가식걸,씨스타(Sistar),6.0
말리꽃,이승철,6.0
너 때문에 미쳐,티아라(T-ara),6.0
시간을 찾아서 (feat. 적),김진표(JP),6.0
달팽이,패닉(Panic),6.0
떠나간다,하와이,6.0
넌 남이 아냐 (House ver.),이오스(E.O.S),6.0
물고기자리,이안,6.0
붉은 달 (feat. 소히),클로버(Clover) [남성솔로],6.0
아로하,쿨(COOL),6.0
가지마 가지마,브라운 아이즈(Brown Eyes),6.0
고백,델리 스파이스(Deli Spice),6.0
미스터,카라(Kara),6.0
Time To Remember,젠틀 레인(Gentle Rain),6.0
바람이 부네요,어쿠스틱 콜라보(Acoustic Collabo),6.0
아버지,싸이(Psy),6.0
불꽃놀이 (Fireworks),다이나믹 듀오(Dynamic Duo),6.0
모처럼,윤종신,6.0
산골 소년의 사랑이야기,예민,6.0
간식송,제이레빗(J Rabbit),6.0
One Sweet Day,장연주,6.0
Sunday Brunch,박정현,6.0
보관함,SG워너비,6.0
모든 토요일,캐스커(Casker),6.0
봄의 왈츠를 위한 시계,미스티 블루(Misty Blue),6.0
같이 걸을까,이적,6.0
눈부신 그대 (Female ver.) (With 현아 Of 랄라스윗),로맨틱 가든(Romantic Garden),6.0
너를 사랑해 (Loving You) Remix,S.E.S.,6.0
Nostalgia ,요조(Yozoh),6.0
거위의 꿈,카니발(Carnival),6.0
눈치채 줄래요 (Didn't You Know),로맨틱 펀치(Romantic Punch),6.0
Umbrella,카라(Kara),6.0
Nobody,원더걸스(Wonder Girls),6.0
No.1,보아(BoA),6.0
Propose,강타,6.0
My Style,업타운(UPT),6.0
"가을, 다시",데이브레이크(daybreak),6.0
수취인불명,프리 스타일(Free Style),6.0
스무살,이진우 [인디],6.0
너에게로,소울맨(Soulman),6.0
그대와 같아,주영(JooYoung),6.0
Lay back,케이윌(K.Will),6.0
난 괜찮아 (I Will Survive),진주,6.0
그리워,메이트(Mate),6.0
우리 했던 이야기,제이레빗(J Rabbit),6.0
I Don't Know,써드코스트(3rd Coast),6.0
I Decide,헤리티지(Heritage),6.0
울지마,브로콜리너마저,6.0
유리(遊離),한성민,6.0
편지,박효신,6.0
페이퍼컷 (Papercut),페이퍼컷 프로젝트(Papercut Project),6.0
이사(移徙),윤상,6.0
팝콘,데이브레이크(daybreak),6.0
Hello (feat. 인광),스윗바이러스(Sweet Virus),6.0
"쿠키, 커피",바닐라 어쿠스틱(Vanilla Acoustic),6.0
BAD BOY,BIGBANG,6.0
인연,노을,6.0
Baby Love,FTISLAND(에프티 아일랜드),6.0
기분 좋은 날,빅마마(Big Mama),6.0
입맞춤 (feat. 진호),장세용,6.0
"입맞춤, 입술의 춤",한희정,6.0
나랑 같이 해줄래,스윗소로우(SWEET SORROW),6.0
Bad Day ('아메리칸 아이돌' 엔딩곡),Daniel Powter(다니엘 파우터),6.0
잘못했어,2AM,6.0
잠시 길을 잃다,공일오비(015B),6.0
Beautiful Love,김소정,6.0
좋아 좋아,일기예보,6.0
지붕 위의 고양이 (feat. 장윤주),정재형,6.0
초콜릿 아이스크림 (feat. T.why),제이로직(Jay Logic),6.0
첫눈에,투나잇(Tonight),6.0
피노키오 (Danger),에프엑스(f(x)),6.0
I Love U Oh Thank U (feat. 김태우 Of God),MC 몽,6.0
꽃보다 그대가 (Original ver.),영준 [Brown Eyed Soul],6.0
그대로 멈춰 (Freeze) (feat. E-Khan),김승후,6.0
Leaving (feat. Bumkey),비프리(B-Free),6.0
당신을 기다렸어요,몽니(Monni),6.0
낭만의 계절,로지 피피(RossyPP),6.0
어쩐지,베란다 프로젝트(Verandah Project),6.0
공원여행 (Vocal By 현민),페퍼톤스(Peppertones),6.0
여름안에서,서연,6.0
혼자가 아닌 나,서영은,6.0
날씨 맑음 (미스티 블루 Cover Song),타루(Taru),6.0
날씨 맑음,미스티 블루(Misty Blue),6.0
Love Is Magic (feat. Anders Edenroth - The Real Group),그린티(The Green Tea),6.0
그대의 고요,Lucia(심규선),6.0
예뻐할께 (feat. MC한길),타루(Taru),6.0
한번만 더,나얼(Na-Ul),6.0
"? (물음표) (feat. 최자 Of 다이나믹듀오, Zion.T)",프라이머리(Primary),6.0
어느 째즈바...,터보(Turbo),6.0
그대와 함께,몽니(Monni),6.0
After Breakfast,프렐류드(Prelude),6.0
하루 종일 비가 내렸어,디아(Dia) [키스 & 크라이],6.0
"1, 2, 3 (원 투 쓰리)",윤하(Younha/ユンナ),6.0
"떠나는 사람, 남겨진 사람",어반 자카파(Urban Zakapa),5.0
"The Lady (feat. Bumkey, Dok2)",투엘슨(2LSON),5.0
"축하해 (feat. 다이나믹듀오, 박재범)",프라이머리(Primary),5.0
The Load Out/Stay,Jackson Browne(잭슨 브라운),5.0
The Lady (feat. Bumkey(범키) & Dok2(도끼)),투엘슨(2LSON),5.0
바래진 기억에,박지윤,5.0
들어줄래,스탠딩 에그(Standing Egg),5.0
먼 곳에서,박효신,5.0
출발,김동률,5.0
떠올리다,미스티 아이드 걸(Misty-Eyed Girl),5.0
미아 (Acoustic ver.),아이유(IU),5.0
After Long Night,데미캣(Demicat),5.0
With My Girl (With 스윗 소로우),나원주,5.0
홀로 왈츠,박선주,5.0
허수아비,이하이,5.0
행복한 나를 (feat. 존박),허각,5.0
만나러 가는 길 (feat. Double K),별,5.0
편지,지오디(god),5.0
Breathe,미쓰 에이(miss A),5.0
Alone After Midnight,Tama Rhodes(타마 로즈),5.0
We Belong Together (feat. 박봄),BIGBANG,5.0
카라멜 마끼야또 (Caramel Macchiato),하우스 룰즈(House Rulez),5.0
안녕 나의 사랑,성시경,5.0
Cafe,BIGBANG,5.0
I'll Be Back,2PM,5.0
서신,박혜경,5.0
서울의 달,김건모,5.0
오후,박지윤,5.0
Into The Blue,Laurel Music(로렐 뮤직),5.0
선물할게,옥상달빛,5.0
오랜만이죠 (feat. 신지수),라디(Ra.D),5.0
오늘 밤 (feat. 배치기),린(LYn),5.0
NU 예삐오 (NU ABO),에프엑스(f(x)),5.0
Mystery,비스트(Beast),5.0
열정 (熱情),유승준,5.0
여우야,성시경,5.0
슬픔 속에 그댈 지워야만 해 (이현우),이소라,5.0
여성시대,씨야(SeeYa),5.0
실연,코요태,5.0
Lemond,젠틀 레인(Gentle Rain),5.0
언제나 사랑해,제이세라(J-Cera),5.0
아름다운 것,언니네 이발관,5.0
아직은,벨 에포크(Belle Epoque),5.0
악수,비(Rain),5.0
Instant,테테(Tete),5.0
왼쪽가슴,케이윌(K.Will),5.0
짝사랑,긱스(Gigs),5.0
Over U,미쓰 에이(miss A),5.0
별(別),팀(Team),5.0
좋아하는 사람이 생겼어요 (With 양정승),크레파스,5.0
좋아요~,불독맨션(Bulldogmansion),5.0
종이날개,수상한 커튼,5.0
Driving To You,어반 자카파(Urban Zakapa),5.0
Falling,존 박(John Park),5.0
Splendid Sun,에스제이(SJ) [Jazz],5.0
안아줘요,10cm(십센치),5.0
Get 2 Know (feat. Double K),이효리,5.0
빙고,거북이,5.0
사.계.한 (Love Should Go On),샤이니(SHINee),5.0
"사람, 사랑",김범수,5.0
Going Home,김윤아,5.0
이화동 (duet with 한희정),에피톤 프로젝트(Epitone Project),5.0
Seoul,팔로알토(Paloalto),5.0
사랑글귀,홍경민,5.0
Remember (그녀의 속눈썹은 길다),DJ DOC,5.0
사랑이 방울지네,10cm(십센치),5.0
Playa Love (feat. 린),더블케이(Double K),5.0
Find The Way,바다,5.0
산책,흐른,5.0
나쁜자식,은미(Eunmi),5.0
기분 좋은 오늘 난,아서라 이그(Asra IG),5.0
나쁜사람,유리상자,5.0
꿈에,박정현,5.0
그대가 좋아서...,성수진,5.0
간지럽게,스윗소로우(SWEET SORROW),5.0
고양이편지,캐스커(Casker),5.0
그대 (Original ver.),브라운 아이드 소울(Brown Eyed Soul),5.0
고백,장나라,5.0
당신과의 키스를 세어보아요,화요비,5.0
넌 이별 난 아직 (With 한소현 Of 3rd Coast),스탠딩 에그(Standing Egg),5.0
다시 시작해보자,김동률,5.0
내 안에 하늘과 숲과 그대를,원 모어 찬스(one more chance),5.0
고단한 일상의 꿈,Shay(셰이),5.0
남자 때문에,주(Joo),5.0
가장 따뜻한 위로,소란(Soran),5.0
다 줄거야,조규만,5.0
그녀를 만나는 곳 100m전,신화,5.0
기억을 걷는 시간,넬(Nell),5.0
널 사랑하겠어,유리상자,5.0
그리운 얼굴,이석훈 [SG워너비],5.0
너무나 눈부신,브리즈(The Breeze),5.0
내입술...따뜻한 커피처럼,샵(S#arp),5.0
깍지껴요 (feat. Gaeko From Dynamicduo),알렉스(Alex) [클래지콰이],5.0
너의 뒤에서,팀(Tim),5.0
나를 안아 ('05 Home Recording),디어 클라우드(Dear Cloud),5.0
그 여자의 거짓말 (feat. 김재우),태인,5.0
속상해서 (술 한잔 해요 PART.2),지아(Zia),4.0
Remember Me,박새별,4.0
바보같이,별,4.0
Hey day,파니핑크(Fanny Fink) ,4.0
소풍,도로시밴드(Dorothy Band),4.0
Think About' Chu,아소토 유니온(Asoto Union),4.0
가지 말라고,진주,4.0
CHU! POP! CHU!,린(LYn),4.0
가지 말아요,유엔(UN),4.0
Lightless (Unplugged ver.),비스트(Beast),4.0
바다의 왕자,박명수,4.0
La La La,스탠딩 에그(Standing Egg),4.0
"울고, 불고...",지아(Zia),4.0
추억은 아름다운 기억,윤하(Younha/ユンナ),4.0
Nothing Better,브라운 아이드 소울(Brown Eyed Soul),4.0
수요일엔 빨간 장미를,성시경,4.0
위태로운 이야기 (Acoustic ver.),박정현,4.0
Track 9,이소라,4.0
추억만들기,김장훈,4.0
그대 돌아오면..,거미,4.0
청혼,럼블 피쉬(Rumble Fish),4.0
내 여자친구가 되어줄래?,동방신기(TVXQ!),4.0
어떤 기다림 (House Music),김건모,4.0
짝사랑,딕펑스(Dick Punks),4.0
심장병,이승환,4.0
I Believe (Song By 성시경),김형석,4.0
"Love (feat. Bumkey, Paloalto)",프라이머리(Primary),4.0
사랑아 가지마,임정희,4.0
More Than Words,오션(5tion),4.0
The End (inst.),롤러코스터(Rollercoaster),4.0
나 같은 여자 (Acoustic Guitar ver.),화요비,4.0
인기 있는 남자애,가을방학,4.0
Enjoy The Sense Of Freedom,애시드 하이(Acid high),4.0
언젠가는,나얼(Na-Ul),4.0
사나이 (Bossanova ver.),데이브레이크(daybreak),4.0
Stardust,W & Whale(더블유 앤 웨일),4.0
괜찮아 (Original ver.),더필름(The Film),4.0
나를 외치다,마야(Maya),4.0
빛 (Acoustic ver.),제이(J.ae),4.0
Summer Dance,이정현,4.0
부탁해 (Acoustic ver.),우은미,4.0
"Smile (LG 트롬세탁기 변정수, 변정은편)",John Pizzarelli(존 피자렐리),4.0
에구구구,요조(Yozoh),4.0
여배우,가을방학,4.0
Last Tango,클래지콰이(Clazziquai),4.0
에라 모르겠다,데이브레이크(daybreak),4.0
자기야 여보야 사랑아,린(LYn),4.0
그대 걷던 길,노리플라이(no reply),4.0
보조개,이적,4.0
"짜릿해 (feat. Paloalto, Junggigo)",리오 케이코아(Leo Kekoa),4.0
Sad Waltz,해브어티(Have A Tea),4.0
이별... 후에 (duet with 최진이),더 네임(The Name),4.0
이분단 셋째줄,재주소년,4.0
손 틈새로...,거미,4.0
너를 만나러 가는 길,달콤한 소금,4.0
별,엠씨 더 맥스(M.C the Max),4.0
이순간 이대로,브라운 아이즈(Brown Eyes),4.0
"Sweet Thing (feat. Dynamic Duo, Epik High)",브라운 아이드 소울(Brown Eyed Soul),4.0
습관 (Acoustic ver.),유니,4.0
Dr. Feel Good,라니아(Rania),4.0
Crazy,핸섬피플(Handsome People),4.0
여자이니까,키스(Kiss),4.0
Daily Daily,제국의아이들[ZE:A],4.0
December,짙은(Zitten),4.0
그냥 사랑하면 되는데 (feat. 비),박지윤,4.0
보고싶다,김범수,4.0
보고싶은 날엔,박지헌,4.0
I Can't Hear You,롤러코스터(Rollercoaster),4.0
"Missing You, Loving You",얼스(Earls),4.0
사랑이 다른 사랑으로 잊혀지네,하림,4.0
가니,진주,4.0
연애시대 (feat. Ra.D) (Narr. 한효주),이승기,4.0
"말로 사랑하는 건 쉽잖아, 마음으로 사랑하는게 어렵지 (feat. 박서영)",정혜담,4.0
07월 24일,2YOON(포미닛 투윤),4.0
욕심쟁이,김동률,4.0
마지막 인사,BIGBANG,4.0
겨울 이야기 (Radio ver.),DJ DOC,4.0
오래오래,바이브(Vibe),4.0
알면서,비(Rain),4.0
설레임,그린티(The Green Tea),4.0
둘이 아닌가 봐 (With 크리스티나 러브 리),스탠딩 에그(Standing Egg),4.0
달,박정현,4.0
물끄러미,지아(Zia),4.0
그럴거야,해브어티(Have A Tea),4.0
하루하루 (Acoustic ver.),BIGBANG,4.0
편지,캐스커(Casker),4.0
하룻밤의 꿈,이상우,4.0
사랑해요,김조한,4.0
또 한번의 계절은 가고,정경화,4.0
너를 위한 10가지 거짓말,란(Ran),4.0
2년만에,김동률,4.0
또 왜 그래,이상순 ,4.0
듣고 있어?,스윙스(Swings),4.0
떨림,아이엠(iM),4.0
"서커스 (feat. 임유경 - 달래 음악단, $howgun)",MC 몽,4.0
Love is coffee (맥심 광고 삽입곡),강균성 [노을],4.0
Pajama Party,피리과(Pirigwa),4.0
행복을 주는 사람 ,프리 스타일(Free Style),4.0
Melancholy Train,에스트래직 비츠(Estraziq Beats) ,4.0
포플러 나무 아래,어쿠스틱 콰이어,4.0
가슴소리,더 레이(The Ray),4.0
너뿐이야 (You're The One),박진영,4.0
다시는 사랑 안할래 (Unplugged ver.),브라운 아이드 걸스,4.0
오늘밤,슈가볼(Sugarbowl),4.0
희야,이승철,4.0
멀어져 간 사람아,박상민,4.0
Prime Time (feat. 리사),서인국,4.0
아니면서,성시경,4.0
나의 낡은 오렌지 나무 (은상),랄라스윗(lalasweet),4.0
머피의 법칙,DJ DOC,4.0
우리 참 좋았는데 (duet with 박정현),성시경,4.0
키친,이소은,4.0
BK Love,MC 스나이퍼(MC Sniper),4.0
애인... 있어요,이은미,4.0
도시의 밤,소울라이츠(Soulights),4.0
다시 만나 줘,업타운(UPT),4.0
우리 비 그치면 산책할까?,스웨터(Sweater),4.0
친구의 고백,2AM,4.0
망고,CHEEZE,4.0
몰랐어,도로시밴드(Dorothy Band),4.0
Twinkle,소녀시대-태티서(Girls' Generation-TTS),4.0
나와 같다면 (Acoustic ver.),김장훈,4.0
"흐린 뒤, 맑음 (feat. 옥상달빛)",포이트리(Poetree),4.0
"우리 다시 만나면 안돼? (Vocal By J.you, Arim)",세하(Seha),4.0
몇 년이 지나가도 못 잊을 것 같아,리디아(Lydia),4.0
Something About You,Martin Solveig(마틴 솔베이그),3.0
오르막길 (feat. 정인),윤종신,3.0
거위의 꿈 (feat. 이적),김동률,3.0
Nothing Without You,10cm(십센치),3.0
넌 나를 왜 (feat. 정엽),길미,3.0
J에게,이승기,3.0
고백하는 날 (Acoustic ver.),노리플라이(no reply),3.0
너를 읽어보다,2AM,3.0
Je T'aime,해이(Hey),3.0
비처럼 음악처럼,김현식,3.0
비행기,거북이,3.0
Goodbye,노리플라이(no reply),3.0
일년이면,휘성,3.0
그 거리..,윤하(Younha/ユンナ),3.0
널 사랑하겠어,동물원,3.0
일요일 맑음,러브홀릭(Loveholic),3.0
너무 슬퍼하지 말아요,루시드 폴(Lucid Fall),3.0
Gone (feat. 주희 - 에이트),다이나믹 듀오(Dynamic Duo),3.0
넌 그날 (feat. 유인나),허밍 어반 스테레오(Humming Urban Stereo),3.0
서시,신성우,3.0
One (feat. 지선),에픽 하이(Epik High),3.0
생각 없는 생각,이병우,3.0
여보야,엠투엠(M To M),3.0
선인장 (Acoustic ver.),에피톤 프로젝트(Epitone Project),3.0
거짓말 (feat. 김민혁),이어부스(Earbooth),3.0
사랑약속,허밍제이(Humming.J),3.0
날 위한 이별,성시경,3.0
I Do (살아는 볼게),포맨,3.0
I Don't Care,투애니원(2NE1),3.0
"걱정하지마 (feat. Swings, 엄지희)",제이에이(JA),3.0
사랑이란,윤상,3.0
사랑을 시작해도 되겠습니까,모던쥬스(Modern Juice),3.0
Promise U,바이브(Vibe),3.0
소리 질러봐요,몰릭(MhOlic),3.0
연,조관우,3.0
그 여자를 못 잊더라 (feat. 나오미),이지라이프(Ez-Life),3.0
이노래,2AM,3.0
Right Now,싸이(Psy),3.0
연인이 친구가 되던 날,스프링쿨러(Sprinkler),3.0
사랑하다,윤하(Younha/ユンナ),3.0
사랑한 후에,박효신,3.0
오후,브라운 아이즈(Brown Eyes),3.0
여행,김동률,3.0
세상과 바꿀 너였는데,지훈(Zi Hoon),3.0
사랑한다며 헤어지잔 말 (feat. Roserael),카이,3.0
사랑과 전쟁 (Narr. 하하),다비치,3.0
이별을 해야 한다면,강희수,3.0
사랑할래요,태인,3.0
"사랑, 그 인연에 울다 (feat. 노훈, 원혜)",데니스 프로젝트(Denis Project),3.0
선인장 (Vocal 차세정),에피톤 프로젝트(Epitone Project),3.0
"너에게 (feat. 권정열 Of 10cm , 정수완 Of 세렝게티)",소란(Soran),3.0
IDOL,자우림(Jaurim),3.0
고래,짙은(Zitten),3.0
사랑했던 기억으로,아침(Achim) [듀오],3.0
사랑했으므로,조관우,3.0
사랑 +,애즈 원(As One),3.0
있어줄게 (With 임동현),타코앤제이형(Tako & J Hyung),3.0
빌고 또 빌어도,플라이 투 더 스카이(Fly To The Sky),3.0
나른한 오후에 취해,러브앤팝(Love & Pop),3.0
코자리그리폼,디제이 렉스(DJ Wreckx),3.0
하늘로 쓰는 편지,쿨(COOL),3.0
그리워 그리워,노을,3.0
다칠 준비가 돼 있어 (On And On),빅스(VIXX),3.0
Willy-Willy (feat. 김예중 & 유종현),아웃포스트(Outpost),3.0
Always Awake (Bonus Track),빈지노(Beenzino),3.0
맘이 너무 아프다,신재,3.0
Love Song,장윤주,3.0
파란새벽 (胡蝶夢),웅산,3.0
Walk With You,홍은희 [배우],3.0
Vis-A-Vis,멜로 브리즈(Melo' Breeze),3.0
멀어지다,넬(Nell),3.0
커피를 마시고 (Main ver.),어반 자카파(Urban Zakapa),3.0
하루,포지션(Position),3.0
그대가 너무 많은,김동률,3.0
다시 사랑 할 수 있을까 (feat. 다비치),포맨,3.0
BLUE,BIGBANG,3.0
친구라도 될 걸 그랬어,거미,3.0
물방울속에 갇힌 바다 (Bonus Track),The Finnn,3.0
True Romance (feat. T),드렁큰 타이거(Drunken Tiger),3.0
다 줄꺼야 (Acustic ver.),조규만,3.0
여름 안에서,듀스(Deux),3.0
Love Love Love,에픽 하이(Epik High),3.0
Trouble Maker,트러블메이커(Troublemaker),3.0
미인(美人),휘성,3.0
마음이 다쳐서 (feat. Crown J),나비(Navi),3.0
하루 (feat. 린),옥수사진관,3.0
"첫느낌 (feat. B. L. X, Cubic)",바스코(Vasco),3.0
You (feat. 스윗소로우),케이윌(K.Will),3.0
MONSTER,BIGBANG,3.0
아파 아이야,양파,3.0
...이에게 (feat. 이선영),알앤피(RNP),3.0
아파도 아파도,노을,3.0
후,오후(5Who),3.0
회상,박진영,3.0
아이스크림,주(Joo),3.0
두비두바,베베미뇽(BeBe Mignon),3.0
You're My Life,김민종,3.0
홀로 (Second ver.),어퍼스케리(Aposcary) ,3.0
안단테,이수영,3.0
내가 날 버린 이유 (R&B Ballad),베이시스(Basis),3.0
그리고 그후,프리 스타일(Free Style),3.0
LoveSick,산이(San E),3.0
행운을 빌어요,페퍼톤스(Peppertones),3.0
떠나지마...,t윤미래,3.0
떠난 내 님은,라디(Ra.D),3.0
함께 (duet with 김건모),박광현,3.0
한장의 추억,쿨(COOL),3.0
아름다운 밤이야,비스트(Beast),3.0
아름다운 너를,박정현,3.0
하리오,케이윌(K.Will),3.0
하루를 시작하는 방법,제이레빗(J Rabbit),3.0
알고있을까?,제이레빗(J Rabbit),3.0
미칠듯.. (feat. 진주),비욘드(Beyond),3.0
O.K,비원에이포(B1A4),3.0
그대 내게 다시,럼블 피쉬(Rumble Fish),3.0
벌 받을 거야,솔비,3.0
Music (feat. 윤지아),하우스 룰즈(House Rulez),3.0
시간이 없어 ,크루셜스타(Crucial Star),3.0
나는 그 사람이 아프다 (feat. 타루),에피톤 프로젝트(Epitone Project),3.0
거북이라도 (Solo 김영우),스윗소로우(SWEET SORROW),3.0
Crush,어반 자카파(Urban Zakapa),3.0
술 한잔 해요,지아(Zia),3.0
어쩜 좋아,메이비(MayBee),3.0
오늘도 굿나잇,커피소년,3.0
"바람, 어디에서 부는지",루시드 폴(Lucid Fall),3.0
갈색머리,구혜선,3.0
Strawberry Juice,젠틀 레인(Gentle Rain),3.0
언제나 맑음,클린치(Clinch),3.0
Endless,플라워(Flower),3.0
북천이 맑다커늘 (Intro),브라운 아이드 소울(Brown Eyed Soul),3.0
눈감아줄께,블락비(Block B),3.0
스승의 은혜,동요나라,3.0
점핑 (Jumping),카라(Kara),3.0
얼마나 좋을까 (Final Fantasy X O.S.T),이수영,3.0
봄이 와 (feat. 롤러코스터),김현철,3.0
진심 (feat. 임세준),정키(Jung Key),3.0
Speechless,클래지콰이(Clazziquai),3.0
놀자병,하와이,3.0
Mojito (feat. 하늘),하우스 룰즈(House Rulez),3.0
신부에게,유리상자,3.0
어제와 다른 비가 내리는 창 밖을 보며,박경환,3.0
어제처럼,제이(J.ae),3.0
그대 내 품에,박정운,3.0
Forever,원웨이(Oneway),3.0
시작이 좋아 (feat. 강민희 Of 미스에스),버벌진트(Verbal Jint),3.0
참고 살아 (be...),다이나믹 듀오(Dynamic Duo),3.0
차라의 숲,러브홀릭(Loveholic),3.0
자존심,핑클(Fin.K.L),3.0
반지하 로맨스 (feat. MC 스나이퍼),바닐라 어쿠스틱(Vanilla Acoustic),3.0
꽃처럼 한 철만 사랑해 줄 건가요?,Lucia(심규선),3.0
백야,짙은(Zitten),3.0
That's Nothing,커피소년,3.0
버릇처럼,조성모,3.0
Clair,Laurent Voulzy(로랑 불지),3.0
같이 있자,이정,3.0
Lover,남경윤,2.0
오늘 같이 이런 창밖이 좋아 (Rainy Day),강타,2.0
날 떠나지마,박진영,2.0
없었으면 좋았을걸,오지은과 늑대들,2.0
남자친구 (Boyfriend),소녀시대,2.0
엄마,라디(Ra.D),2.0
괜찮아,베란다 프로젝트(Verandah Project),2.0
내 남자,린(LYn),2.0
옆자리,김형중,2.0
Les Amante,하울(HowL),2.0
"오, 나의 공주님",루싸이트 토끼,2.0
Love Again,NY 물고기,2.0
어베일러블 (feat. Lady Jane),버벌진트(Verbal Jint),2.0
여행을 떠나요,이승기,2.0
Love Mode (feat. Verbal 'M-Flo') (Hwa Remix),클래지콰이(Clazziquai),2.0
연애 (feat. Hanyi),프리 스타일(Free Style),2.0
앵콜요청금지,브로콜리너마저,2.0
어제처럼,주(Joo),2.0
내 심장과 네 심장이 같았더라면 (feat. 서현민),술제이(SOOL J),2.0
데려가 (feat. Beenzino),슈프림팀(Supreme Team),2.0
Lollipop ,BIGBANG,2.0
Kiss Me,제이(J.ae),2.0
날 위한 이별,김혜림,2.0
광화문 연가,성시경,2.0
언젠가는 (Someday),슈퍼주니어(Super Junior),2.0
예측할 수 없는,송 오브 루나(Song Of Luna),2.0
남과 여 (feat. 김범수),박선주,2.0
내 이름은 삐삐 롱스타킹,이아레,2.0
Just A Feeling,어반 자카파(Urban Zakapa),2.0
오늘의 날씨 (feat. 클래지콰이),윤종신,2.0
첫사랑,버스커 버스커(Busker Busker),2.0
첫사랑,나비효과,2.0
첫눈에 한눈에 (feat. Verbal Jint),지나(G.NA),2.0
천일동안 (이승환),옥주현,2.0
천생연분,캐스커(Casker),2.0
꽃 (feat. Soul One),인디언 팜(Indian Palm),2.0
Cappuccino Luv (feat. JD),키미 피에스타(Kimy Fiesta),2.0
Cavatina,젠틀 레인(Gentle Rain),2.0
Christmas With You,세븐(SE7EN),2.0
짝사랑 (feat. 美),포맨,2.0
꿈꾸는 제주도,나무자전거,2.0
지난 봄 어느 날,하림,2.0
Coffee Is... (드라마 '커피프린스 1호점' 삽입곡),클라우드 쿠쿠랜드(Cloud Cuckoo Land),2.0
지금이 아니면,타루(Taru),2.0
쥴리엣,스탠딩 에그(Standing Egg),2.0
Come To Me,썸피플(Sumpeople),2.0
Corcovado,나희경 [Jazz],2.0
좋은 오빠 동생으로만,바이브(Vibe),2.0
좋아해,어 모던(A Modern),2.0
그대 그리고 사랑,박지윤,2.0
El Recuerdo Del Rio (엄마야 누나야 강변살자),조윤성,2.0
조금씩 조금씩,악퉁(Achtung),2.0
제주도의 푸른 밤,성시경,2.0
그대 내품에,유재하,2.0
Blingbling (feat. 타루),센티멘탈 시너리(Sentimental Scenery),2.0
Beats Embody Thoughts,데미캣(Demicat),2.0
해변의 아침,박경환,2.0
흰눈,이루(Eru),2.0
...오후,브라운 아이즈(Brown Eyes),2.0
휴식,스탠딩 에그(Standing Egg),2.0
"1,2,3,4 (원,투,쓰리,포)",이하이,2.0
그대안의 블루 (With 린),김태우,2.0
혼자가 아니야,자우림(Jaurim),2.0
현대연애백서,트레스패스(Trespass),2.0
헤어지기 좋은 날,리즈(Leeds),2.0
그대를 사랑하는,원 모어 찬스(one more chance),2.0
20세기 소년소녀,자우림(Jaurim),2.0
그대라서,어쿠스틱 콜라보(Acoustic Collabo),2.0
그대 모습은 장미,김범수,2.0
한번뿐인 인생,더 콰이엇(The Quiett),2.0
그렇고 그런 사이,장기하와 얼굴들,2.0
그대도 나 같음을,화이트(W.H.I.T.E.),2.0
프렐류드의 삼바 (feat. 이상순),나희경 [Jazz],2.0
편지할께요,박정현,2.0
금방 사랑에 빠지다,김지수,2.0
파랑새 (feat. 전제덕),바비 킴(Bobby Kim),2.0
텔레파시,윤하(Younha/ユンナ),2.0
At Seventeen,Janis Ian(재니스 이안),2.0
취미는 사랑,가을방학,2.0
정말 고마워서 만든 노래,옥상달빛,2.0
정류장,버스커 버스커(Busker Busker),2.0
FT Island,FTISLAND(에프티 아일랜드),2.0
I Wish You Love,해랑(Haerang) [재즈],2.0
유리아이 (Lost in Love),소녀시대,2.0
원숭이띠 미혼남 (feat. Zico Of Block.B),버벌진트(Verbal Jint),2.0
I Can't,2PM,2.0
웃고 울고 또 웃네 (feat. 호연주),배치기,2.0
나와 둘이,야광토끼(Neon Bunny),2.0
우리 그만 아프자,이기찬,2.0
우리 그런 사랑해요,모세(Mose),2.0
"요지경 (feat. Supreme Team, Yankie, Mellow)",프라이머리(Primary),2.0
I Miss You,서지원,2.0
외로움증폭장치 (브래드 드럼 한판 쉬기),버스커 버스커(Busker Busker),2.0
왜 우린 (feat. 문명진),토스티(Toastie),2.0
I Believe,이수영,2.0
나혼자 (Alone),씨스타(Sistar),2.0
난 너뿐이야 (Original ver.),은비 [발라드],2.0
그 아픔까지 사랑한거야,조정현,2.0
Inevitability (Reprise),어반 자카파(Urban Zakapa),2.0
난 아직 모르잖아요,윤건,2.0
오빠가,비스윗(Besweet),2.0
난 지금 (feat. 써지),메이팝(Maypop),2.0
난 행복해,이소라,2.0
오랜만이다,헤르쯔 아날로그(Herz Analog),2.0
It's You,매슬로(Maslo),2.0
으쌰! 으쌰!,신화,2.0
음악하는 남자친구 (feat. Kuan & 세렝게티),마르코(Marco) [힙합],2.0
그녀의 웃음소리뿐,이문세,2.0
나를 떠나가던,몽니(Monni),2.0
저 모퉁이를 돌아서면 니가 서 있을듯 (feat. Rujy),태륜,2.0
나 너 좋아해,블랙펄(Black Pearl),2.0
Finale,박혜경,2.0
나는 열일곱살이에요,차은주,2.0
자리 (feat. 김박첼라),앤덥(Andup),2.0
Frozen,조pd(ZoPD),2.0
Gee,소녀시대,2.0
나랑 살자 (feat. 민연재),포스트맨(Postmen),2.0
있잖아 (사과송),파탈(擺脫/Fatal),2.0
Gift,박효신,2.0
그녀가 없다 (feat. 윤민수 Of Vibe),라이머(Rhymer),2.0
Hug,동방신기(TVXQ!),2.0
Heartbreaker,G-DRAGON,2.0
인생은 알 수가 없어 (핫초코),좋아서 하는 밴드,2.0
나만 몰랐던 이야기,아이유(IU),2.0
그 해 여름,강타,2.0
이제 그만,이소라,2.0
이상하다 (Acoustic ver.),박효신,2.0
Hello (feat. 조은희),나원주,2.0
이별 이야기 (With Lala),윤도현,2.0
이렇게 살고 있어,노리플라이(no reply),2.0
이런 남자,먼데이 키즈(Monday Kiz),2.0
아틀란티스 소녀,보아(BoA),2.0
두근두근 뛰는 가슴 사랑이 온건지 (feat. Soulman),소설,2.0
비 오는 날,루싸이트 토끼,2.0
사랑을 할꺼야 (Piano ver.),세도나,2.0
맛 있어서 눈물이나,다비치,2.0
너무너무 (feat. 멜로우),더필름(The Film),2.0
Phasing House,미드 타운 밴드(Mid Town Band),2.0
사랑해,김우주,2.0
Unfade (feat. 성은),배치기,2.0
가족,이승환,2.0
목욕이 좋아 (feat. 지선),심현보,2.0
사랑한다는 말로도 위로가 되지 않는,브로콜리너마저,2.0
사랑한다는 말,스탠딩 에그(Standing Egg),2.0
걸음이 느린 아이,고유진(플라워),2.0
사랑하는 일,성시경,2.0
다가와서,브라운 아이드 걸스,2.0
Pretty...,다나 더 그레이스,2.0
"Quando, Quando, Quando",윈터플레이(Winterplay),2.0
너에게로 또다시 (영화 '가족' 주제곡),서영은,2.0
물론,지아(Zia),2.0
Rain,박혜경,2.0
산들산들,언니네 이발관,2.0
Where Is The Claps? (feat. 샛별) (Produced By Kebee),키비(Kebee) [이루펀트],2.0
Only One For Me,소울스타(Soulstar),2.0
막걸리나,버스커 버스커(Busker Busker),2.0
너를 그리다,디어(d.ear),2.0
Wishlist,에이핑크(Apink),2.0
가라고 가라고,더 넛츠(The Nuts),2.0
소녀,이문세,2.0
Wind & I (Take 1),이우창,2.0
세상이 그대를 속일지라도,김장훈,2.0
세 사람 (feat. 왁스),이기찬,2.0
만나 (feat. Zion.T),프라이머리(Primary),2.0
그대와 영원히,이문세,2.0
말하는 대로,처진 달팽이(유재석 & 이적),2.0
결국 봄 (feat. 장필순),윤종신,2.0
너무 싫은 일,백지영,2.0
Okay (feat. 박혜경),김그림,2.0
One Love,엠씨 더 맥스(M.C the Max),2.0
새들처럼,FTISLAND(에프티 아일랜드),2.0
상상,송 오브 루나(Song Of Luna),2.0
미남이시네요 (feat. 리사),길미,2.0
사랑은 창밖에 빗물같아요,양수경,2.0
라떼처럼,윤건,2.0
사랑은 좋은거 (feat. Common Ground),케이윌(K.Will),2.0
Shock,비스트(Beast),2.0
바야흐로 사랑의 계절 (With 박새별),이한철,2.0
Smoke (feat. Beenzino),비다로카(Vida Loca),2.0
반가운 인사 (feat. Junggigo),아키버드(Aquibird),2.0
"Take Me Back (feat. Julie, Mini)",김디지(Deegie) [트레블러],2.0
네모의 꿈,화이트(W.H.I.T.E.),2.0
Loving You,지오디(god),2.0
비 개인 오후,이승철,2.0
늘 그 자리에 (Honesty),샤이니(SHINee),2.0
별을 세던 아이는 (연주곡),정원영,2.0
"별이삼샵 (*23# Slow ver.) (feat. 임예지, J.More)",지마스타(G-Masta),2.0
봄이다 (임수정 주연 화장품 CF '비욘드' 배경음악),두번째 달,2.0
봄이 찾아 오겠죠 (Fermata),별,2.0
Sunshine Love (feat. 장진영),아미(A-Mi),2.0
봄비 아니면 여름비,아키버드(Aquibird),2.0
Sunshine,스윗소로우(SWEET SORROW),2.0
갈색머리,윤건,2.0
Shall We Dance,핸섬피플(Handsome People),2.0
This Far,Landon Pigg(랜던 피그),2.0
Shake It!,커먼 그라운드(Common Ground),2.0
STILL ALIVE,BIGBANG,2.0
Rainy Days And Monday,재즈홀릭(Jazzholic),2.0
Real Eyes,DMTN,2.0
너와 나의 프롤로그 (With Deb),나루(Naru) [솔루션스],2.0
River,어반 자카파(Urban Zakapa),2.0
너의 뒤에서,박진영,2.0
"Romeo N Juliet (신애, 알렉스 듀엣 원곡) ('우리 결혼했어요' 삽입곡)",클래지콰이(Clazziquai),2.0
Running (워리어스 Live ver.) ,정재형,2.0
Sad Cafe (Fractal Robotic Duo Remix) (Bonus Track),다이나믹 듀오(Dynamic Duo),2.0
바람이 불어오는 곳,알리(Ali),2.0
바다,수상한 커튼,2.0
다 예뻐,한선화 [시크릿],2.0
Say You Love Me,지나(G.NA),2.0
Sea Of Love,플라이 투 더 스카이(Fly To The Sky),2.0
바람기억,나얼(Na-Ul),2.0
Time,태사자,2.0
Through The Forest,동방신기(TVXQ!),2.0
With U,화요비,2.0
Piano Cavatina (점점),브라운 아이즈(Brown Eyes),2.0
My Funny Valentine,웅산,2.0
신나? (우리가 누구?) (feat. Lisa),다이나믹 듀오(Dynamic Duo),2.0
당신만의 BGM,좋아서 하는 밴드,2.0
My One And Only Love (Sting),이소라,2.0
내겐 너무 멋진 그대,씨야(SeeYa),2.0
내꺼야,브라운 아이드 걸스,2.0
아버지,인순이,2.0
또 보고 싶어 (feat. 상추),NS Yoon-G ,2.0
두근두근,도트(Dot),2.0
슈팅스타 (With 소규모 아카시아 밴드),요조(Yozoh),2.0
너 때문에,애프터 스쿨(After School) ,2.0
드디어 만났다 (feat. Junggigo),팔로알토(Paloalto),2.0
Wonderful Day (feat. 박신혜),이승환,2.0
아니라고...,원티드(Wanted),2.0
내일 해,이정,2.0
My Cotton Candy,킹스턴 루디스카(Kingston Rudieska),2.0
스승의 은혜,Unknown,2.0
고백하는 날,박혜경,2.0
썸데이 (원곡가수 김동희),더 원(The One),2.0
너 때문이야 (feat. Soulman),슈프림팀(Supreme Team),2.0
Your Name,샤이니(SHINee),2.0
슬퍼지려 하기전에,쿨(COOL),2.0
신부에게,서영은,2.0
고마운 마음 뿐이죠,모세(Mose),2.0
돌이킬 수 없는,가인 [브라운아이드걸스],2.0
싱숭생숭,아키버드(Aquibird),2.0
송인(送人),쿨(COOL),2.0
Milkyway,크리스피 로즈(Crispy Rhodes),2.0
Chega De Saudade,효기(Hyoki) [Jazz],1.0
다 알려져도,나비(Navi),1.0
홍삼맛 캔디,바닐라 어쿠스틱(Vanilla Acoustic),1.0
그대에게,강아솔,1.0
꽃잎점,로빈이 토끼란 사실을 알고 있었나?,1.0
천년의 사랑 (박완규),이영현,1.0
꽃보다 그대가 (feat. Simon D),영준 [Brown Eyed Soul],1.0
화분 (커피프린스 1호점),러브홀릭(Loveholic),1.0
With You (언제나 그대와) (feat. 인화),키덜트(Kidult) [인디락],1.0
바람을 따라,최백호,1.0
들러리,클린치(Clinch),1.0
기침,타루(Taru),1.0
"Today, A Gift Of Tomorrow (오늘, 내일의 선물)",김경민 [재즈],1.0
미정착 그녀의 확실한 목요일,프리키(Freaky),1.0
청춘고백,배치기,1.0
Blue Rain 2012,걸스데이(Girl's Day),1.0
"Bravo, My Life!",봄여름가을겨울,1.0
미치겠어,틴 탑(Teen Top),1.0
100 퍼센트,보드카 레인(Vodka Rain),1.0
형(兄),노라조,1.0
그댄 정말 모를거예요,제이세라(J-Cera),1.0
혼자 남은 밤,김광석,1.0
첫사랑 (feat. 지누),토이(Toy),1.0
Timeless,SG워너비,1.0
민물 장어의 꿈,신해철,1.0
믿어요,동방신기(TVXQ!),1.0
뒷모습,김동률,1.0
Chocolate Drive,모이다 밴드(Moida Band),1.0
바라보기,아이유(IU),1.0
혼자하는 사랑,앤(Ann),1.0
환희,싸이(Psy),1.0
니가 있어야 할 곳,지오디(god),1.0
눈물이 뚝뚝,케이윌(K.Will),1.0
Crying,플라워(Flower),1.0
죽겠네 (Album ver.),10cm(십센치),1.0
꿈만 같아요,살찐고양이,1.0
당신은 참..,성시경,1.0
Supermagic,슈프림팀(Supreme Team),1.0
좋은 사람 있으면 소개시켜줘,고호경,1.0
[대상] 사랑 했는지,허민,1.0
Dash,백지영,1.0
별처럼 (duet with 태연 Of 소녀시대),더 원(The One),1.0
독 (feat. E-Sens Of 슈프림팀),프라이머리(Primary),1.0
눈물연못,케이윌(K.Will),1.0
보라색 밤과 작은 별,하찌와 TJ,1.0
희망이라는 이름의 별,하우스 룰즈(House Rulez),1.0
[동상] 너의 기억,임헌일 [메이트],1.0
Summer Couple (태양은 가득히),문차일드(Moon Child),1.0
좋다 좋아,딕펑스(Dick Punks),1.0
[장려상] 미안해요,김영훈,1.0
꿍따리 샤바라,클론(Clon),1.0
끈 (No More) (feat. Junggigo),Simon Dominic(사이먼 도미닉),1.0
Sweet Love (feat. 김선미),다이스(D.I.C.E),1.0
010-7120-7984,태사비애,1.0
니가 아니면 안될것 같은데.. (미녀와 야수),스맥스(S'Max),1.0
별빛달빛,시크릿(Secret),1.0
Because I Love You,투나잇(Tonight),1.0
Zza Zza La!! (Drama ver.),애즈 원(As One),1.0
회상 (Acoustic ver.),터보(Turbo),1.0
회상 (inst.),줄라이(July) [뉴에이지],1.0
니가 내리는 날,자화상,1.0
니가 내게 주는 것들,야광토끼(Neon Bunny),1.0
짝 (feat. 토니 안),레이디 제인(Lady Jane),1.0
밤은 좋고 그래서 나쁘다,파니핑크(Fanny Fink) ,1.0
집 (feat. 유미),하우스 룰즈(House Rulez),1.0
[Y] (feat. 씨엘),모노 다이어리(Mono Diary),1.0
니 눈 니 코 니 입술 (feat. 79),투빅(2BiC),1.0
Coffee House,5mg,1.0
벌써 잊었나,이아립,1.0
휘파람,윤도현,1.0
벽지무늬,아이유(IU),1.0
느껴봐,체리필터(Cherry Filter),1.0
"지금 시각, 그대 마음 4시 50분",더필름(The Film),1.0
지금 모습처럼,김현주,1.0
Sweeter,프린세스 디지즈(Princess Disease),1.0
Bedhead (헝클어진 머리),송용창 쿼텟,1.0
기억이란 사랑보다,이문세,1.0
1440,허각,1.0
다음날 아침 (duet with 한희정),에피톤 프로젝트(Epitone Project),1.0
다이아반지,더 카(The Car),1.0
Always I...,디바(Diva),1.0
말아요,투앤비(2NB),1.0
60's Cardin,Glen Check(글렌체크),1.0
똑똑똑,포맨,1.0
말해주세요,9와 숫자들,1.0
편지,채정안,1.0
그대는 아는지,박새별,1.0
똑같은 사랑 똑같은 이별,어반 자카파(Urban Zakapa),1.0
한숨이 늘었어 (duet with 이진우),에피톤 프로젝트(Epitone Project),1.0
그립고... 그리운...,박효신,1.0
Always With You (Duet ver.),투나잇(Tonight),1.0
Without You,원타임(1TYM),1.0
편지,JK 김동욱,1.0
그해 봄 터미널 벤치,캐비넷 싱얼롱즈(Cabinet Singalongs),1.0
할머니의 마음은 바다처럼 넓어라,루시드 폴(Lucid Fall),1.0
떨림,아이 투 아이(Eye To Eye),1.0
기다려,랄라스윗(lalasweet),1.0
해바라기,임재범,1.0
Always Awake,재지팩트(Jazzyfact),1.0
그런가요,신승훈,1.0
한번 더 이별,성시경,1.0
그대라면,알렉스(Alex) [클래지콰이],1.0
하루하루,문명진,1.0
하비샴의 왈츠 (Miss Havisham's Walts),박정현,1.0
하얀 고백 (Lately),인피니트(Infinite),1.0
그럴꺼면 왜 (feat. 베이지),PK 헤만(PK Heman),1.0
럭셔리 버스,원 모어 찬스(one more chance),1.0
단 한번의 여행 (feat. 나인 From Dear Cloud),몽니(Monni),1.0
마끼아또,더 비(The Bee),1.0
그럴 때마다 (inst.),유희열,1.0
마법의 순간,로맨틱 모먼트(Romantic Moment),1.0
그리움 (Voice 하림),더 버드(The Bird),1.0
마지막 사랑,박기영,1.0
After Love - Female ver.,클래지콰이(Clazziquai),1.0
가뭄 (feat. Beenzino),팔로알토(Paloalto),1.0
하늘공원,시와(Siwa),1.0
All Right (feat. 한희정),박준혁,1.0
피터팬,4번출구,1.0
All The Things You Are,김민석 [트리오로그],1.0
한 남자,김종국,1.0
담 (Piano ver.),김윤아,1.0
파란달이 뜨는 날에,랄라스윗(lalasweet),1.0
초콜릿 (드라마 '커피프린스 1호점' 삽입곡),미스티 블루(Misty Blue),1.0
파란,코요태,1.0
Baby (inst.),소울원(Soul One),1.0
"그대, 20m, 나",쿨(COOL),1.0
Try To Remember (feat. 이소정),유열,1.0
춤을 춰,NS Yoon-G ,1.0
그대 있음에 (feat. MC 몽),이채(Ich'e),1.0
따뜻했던 커피조차도,이지형,1.0
그때는 왜 몰랐을까,소란(Soran),1.0
Bad Girl Good Girl,미쓰 에이(miss A),1.0
춘천 가는 기차,김현철,1.0
미스코리아,레시피밴드(Recipe Band),1.0
Be My Guest (Jazz ver.) (feat. 이아람),제이에이(JA),1.0
미안,스타 러브 피쉬(Star Love Fish),1.0
"미안해, 사랑해서...",이영현,1.0
Track 3,이소라,1.0
미워하면 닮는다 (feat. Soulman),궐(Geol),1.0
초콜릿 트러플 (Unplugged ver.),클래지콰이(Clazziquai),1.0
기차를 타고,시와(Siwa),1.0
헤어져 (Acoustic ver.),애즈 원(As One),1.0
Y (Please Tell Me Why),프리 스타일(Free Style),1.0
華(화),오지은,1.0
몰랐나요,페이지(Page),1.0
기다림 (영화 ing 주제곡),이승열,1.0
다시 우리,양파,1.0
Amen,이소라,1.0
기다려요,브라운 아이드 소울(Brown Eyed Soul),1.0
April Funk (June Mix) (Vocal By Deb),페퍼톤스(Peppertones),1.0
봄,봄(Bom),1.0
April Funk (Vocals By Deb),페퍼톤스(Peppertones),1.0
머리를 자르고,데이라이트(Daylight),1.0
Way To Home,올드피쉬(Oldfish),1.0
머물러줘,재주소년,1.0
기다리다,윤하(Younha/ユンナ),1.0
카라멜 커피 (Talk To Me),소녀시대,1.0
Ultramarine (群靑 / Gunzyou -Ultramarine-) (후쿠야마 마사하루 리메이크) ('월드 비즈니스 세터라이트' 엔딩 테마),반광옥,1.0
2407,스윗소로우(SWEET SORROW),1.0
칵테일 사랑 (feat. 김연우),서영은,1.0
햇빛소리,몰릭(MhOlic),1.0
몬스터,윤종신,1.0
햇살이 아파 (With 한소현 Of 3rd Coast),스탠딩 에그(Standing Egg),1.0
그런 너,짙은(Zitten),1.0
당부,이승환,1.0
Drink In The Morning (feat. Swings),케이준(K Jun),1.0
아직...,오렌지캬라멜(Orange Caramel),1.0
Story#3 (I Just Wanna Sing! Sing! Sing!),세븐데이즈(7Dayz),1.0
너를 보내고,YB,1.0
열대야,마이 앤트 메리(My Aunt Mary),1.0
세상의 오직 단 한사람 (feat. 에이트 백찬),란(Ran),1.0
연인이 되어볼까,허민,1.0
연인,김연우,1.0
연예인,싸이(Psy),1.0
소나기 (주르르루),버스커 버스커(Busker Busker),1.0
연애,김현철,1.0
소년시대,마지막 토스트(Lastoast),1.0
소망,바이브(Vibe),1.0
소중한 사람을 위해,브이오에스(V.O.S.),1.0
속아도 꿈결,가을방학,1.0
권태 그 앞에선 우리,파니핑크(Fanny Fink) ,1.0
La Puerta,진선(JinSun),1.0
송가(送歌),더 클래식(The Classic),1.0
송곳니,전기뱀장어,1.0
괜찮아,양파,1.0
쇼타임 (Show Time),체리필터(Cherry Filter),1.0
여름이야기 (Original ver.),DJ DOC,1.0
My Sun,타루(Taru),1.0
여름날 (feat. 페퍼톤스 신재평),유희열,1.0
고마워 고마워,라디(Ra.D),1.0
여름 밤 탓,슈가볼(Sugarbowl),1.0
Nothing Better (서울무림전 OST ver.),정엽,1.0
영원한 사랑,핑클(Fin.K.L),1.0
봄날,우림프로젝트,1.0
귀여워 (With 권정열 Of 10cm),별,1.0
그 사람이니까,인소윤,1.0
사랑했지만 (김광석),김범수,1.0
사진,드래곤플라이(Dragonfly),1.0
그 곳에서 널,모노토이(Monotoi),1.0
삭제,이승기,1.0
Orange Blossom,타루(Taru),1.0
Only You (inst.),2PM,1.0
오랜 이별뒤에,신승훈,1.0
새,이상은(Lee Tzsche),1.0
오래된 노래,김동률,1.0
오늘은 하늘에 별이 참 많다,오지은,1.0
선인장 (Song By 심규선),에피톤 프로젝트(Epitone Project),1.0
서른 즈음에,이은미,1.0
오늘 헤어졌어요,윤하(Younha/ユンナ),1.0
오늘 서울은 하루종일 맑음 (Vocal By 윤하),토이(Toy),1.0
Nothing Better (서울무림전 OST ver.) (inst.),정엽,1.0
오늘 (Song By 심규선),에피톤 프로젝트(Epitone Project),1.0
경고,타샤니(Tashannie),1.0
오 사랑이여,양양(YangYang),1.0
선인장,성시경,1.0
Kiss Day,별,1.0
날 위한 박수,오프스텝(Off Step),1.0
수취인불명 (inst.) (Piano ver.) (Bonus Track),프리 스타일(Free Style),1.0
My Story,브라운 아이드 소울(Brown Eyed Soul),1.0
에스프레소 (House Rulez Remix By Seoro),하우스 룰즈(House Rulez),1.0
Marry Me,양파,1.0
야야야,베이비복스(Baby V.O.X),1.0
애인있어요,김범수,1.0
공원에서,유희열,1.0
아니라기에 (inst.),2AM,1.0
Love Song,지플라(G.Fla),1.0
Love Song (Rearranged),차가운 체리(Cold Cherry),1.0
고백하기 좋은 날,윤하(Younha/ユンナ),1.0
Memories... (Smiling Tears),t윤미래,1.0
아름다운 아픔,김민종,1.0
Memories,사준,1.0
내게 Him을 줘,헨미(Henmi),1.0
광화문연가,이수영,1.0
안녕? (Acoustic ver.),더필름(The Film),1.0
고양이버스,허민,1.0
안녕 (Hi To Him),하이투힘(Hi to him),1.0
안녕,하비누아주(Ravie Nuage),1.0
고속도로 Romance,윤종신,1.0
내가 아는 그대,서후,1.0
아프고 화나고 미안해,하은,1.0
"아이스크림가게, 팬시보이",타루(Taru),1.0
아이처럼,김동률,1.0
Loving U (러빙유),씨스타(Sistar),1.0
Missing You,숙희,1.0
쓸쓸,이소라,1.0
내 여자 친구를 소개합니다 (With K.Will) (Narr. 배수연),타우(Taw),1.0
어디쯤 있나요,알레그로(Allegrow),1.0
순정마초,파리돼지앵(정형돈 & 정재형),1.0
My Love (feat. Jay Park),도끼(Dok2),1.0
내 마음에 비친 내 모습,김건모,1.0
엄마돼지 아기돼지 (TV만화 '뽀로로와 노래해요' 삽입곡),Unknown,1.0
내 반쪽 사과,로맨틱멜로디초비,1.0
너니까,써니힐(Sunny Hill),1.0
너는 초콜렛 (feat. Soulrain),루앤(Luanne),1.0
언제나 그렇듯,이영훈 [인디],1.0
My Dream (inst.),디아(Dia) [키스 & 크라이],1.0
내 사랑 내 곁에,박기영,1.0
관찰,지오디(god),1.0
Little Animal,트램폴린(Trampauline),1.0
슬픔활용법,김범수,1.0
고맙다,김종국,1.0
시작,박기영,1.0
어제와 다른 오늘 (Rave Dance Music),노이즈(Noise),1.0
내사랑 곰돌이,이지혜,1.0
어떻게든 살아보려해 (inst.),솜사탕,1.0
Love (feat. 도연),강우진,1.0
Love Is (러브 이즈),메이팝(Maypop),1.0
어때 (feat. 하림),긱스(Geeks),1.0
Perfect Day,알케미스트(R★Chemist),1.0
그 여름날,달콤한 소금,1.0
낙원,싸이(Psy),1.0
빈 고백(Vocal: 유희열),윤종신,1.0
잔소리,더 넛츠(The Nuts),1.0
Speech 06. [Respect Lady: Lookin At You] - Jinbo,브라운브레스(Brownbreath),1.0
붙잡아도 (feat. 백지영),나몰라 패밀리 TKO,1.0
Special Girl (feat. Bumkey),인피니트 H,1.0
잊혀지는 것,김민규 [스위트피],1.0
비밀,아이유(IU),1.0
Sonnet,애즈 원(As One),1.0
Song For You (feat. 더 멜로디 '타루'),신태권,1.0
비상 (원더풀데이즈 주제곡),이승열,1.0
Somebody,푸디토리움(Pudditorium),1.0
빗속에서,존 박(John Park),1.0
사랑,솔리드(Solid),1.0
"Good Night (feat. Junggigo, Elly)",피노다인(Pinodyne),1.0
빨간 벽돌집 바이엘,미스티 블루(Misty Blue),1.0
빨간 운동화,박혜경,1.0
Goodbye My Love,이수영,1.0
뽀롱뽀롱뽀로로 오프닝 (TV만화 '뽀롱뽀롱뽀로로' 주제가),Unknown,1.0
인연 ('왕의 남자' 버전),이선희,1.0
나를 잊지마요,걸스데이(Girl's Day),1.0
인연,김민종,1.0
뽀뽀,마더컨트리,1.0
Heaven (feat. MYK),에픽 하이(Epik High),1.0
For You (돌아가줘),브라운 아이즈(Brown Eyes),1.0
그녀가 원하는 건 연예인들이 하는 그런 종류의 키스,한강의 기적,1.0
나는... (feat. Ivy),MC 몽,1.0
"잘가, 봄",시와(Siwa),1.0
봄바람에 부른다,옆집 남자(A Boy Next Door),1.0
Stay In Me,서지영,1.0
Ever Ever (feat. 계피),보이(VOY),1.0
Every Sweet Day,아이유(IU),1.0
봄의 왈츠,란(Ran),1.0
Everything (feat. 길미),은지원,1.0
눈물나는 날에는,김연우,1.0
FANTASTIC BABY (Special Edition ver.),BIGBANG,1.0
봄이 오면,바람에 오르다,1.0
봄이준 선물,스윙체어(Swingchair),1.0
Feel Alright,짙은(Zitten),1.0
부른다 (MR),에네스 그레이(Eness Gray),1.0
분실물,이루펀트(Eluphant),1.0
"잠시만 (With 아날로그소년, Huckleberry P)",카말(Kamaal),1.0
그녀를 위해,이정봉(Lee Jung Bong),1.0
잠 못 드는 밤에,문명진,1.0
잘자라 우리 아가 (inst.),로맨틱 소울(Romantic Soul),1.0
불면증,박솔 [솔루션스],1.0
불면증 (feat. 최강희),곰PD,1.0
누구도 이별을 원하진 않았다,316,1.0
나는 왜,못(Mot),1.0
널 기다리며,공일오비(015B),1.0
그네,정지찬 [원모어찬스],1.0
I'll Be There,동방신기(TVXQ!),1.0
사랑하기는 한 건가요 (엄마야 누나야),웅산,1.0
그 자리,김보령,1.0
사랑의 서약,한동준,1.0
나예요,박기영,1.0
사랑이 멈췄다,워렌(Warren),1.0
사랑이 술을 가르쳐 (feat. 백찬 From 8eight),이승기,1.0
사랑일 뿐야 (feat. 김세황) (원곡가수 김민우),김연우,1.0
사랑하기 전에는 (Acoustic ver.),박완규,1.0
우리 사랑하게 됐어요,가인 [브라운아이드걸스],1.0
우리 사랑 이대로 (duet with 이혜진),주영훈,1.0
사랑하기 좋은 날 (영화 'B형 남자친구' 삽입곡),장나라,1.0
사랑하기에,김종국,1.0
이태원 프리덤 (With JYP),유브이(UV),1.0
사랑하긴 했었나요,리사(Lisa),1.0
I Tried,원더걸스(Wonder Girls),1.0
요술공주,데이라이트(Daylight),1.0
나풀거리듯,양양(YangYang),1.0
Please (feat. 하림),토이(Toy),1.0
너에게 (feat. 김새한길),시로스카이(Shirosky),1.0
외국인의 고백,악동뮤지션(AKMU),1.0
Picnic,라이너스의 담요(Linus' Blanket),1.0
Piano Nocturn (벌써 일년),브라운 아이즈(Brown Eyes),1.0
왜 말하지 못할까,뷰티풀 데이즈(Beautiful Days),1.0
Raining (Live ver.),디갈로(Degalo),1.0
사랑의 1단계,루앤(Luanne),1.0
웃음속에 가려진 눈물,서진영,1.0
I Believe I Can Fly,정성하,1.0
이젠 그랬으면 좋겠네,조용필,1.0
사랑 부르기 (Acoustic ver.),장나라,1.0
걱정만 (Feat. Js & Mody & 박지영),Unlimit,1.0
나쁜 꿈,루다(Ruda),1.0
사랑... 그게 뭔데,양파,1.0
Hello!,포맨,1.0
나쁜 남자,주(Joo),1.0
이를테면 (My Room Mix ver.) (제13회 유재하 음악경연대회 동상곡),더필름(The Film),1.0
사랑으로 빚진 날들,윤건,1.0
이럴거면,아이비(IVY),1.0
Rhapsody,줄라이(July) [뉴에이지],1.0
이 여름 Summer,쿨(COOL),1.0
이 밤의 끝을 잡고 (R&B Ballad),솔리드(Solid),1.0
사랑은 영원하다,마야(Maya),1.0
사랑은 왜 언제나 (feat. 김지영 & 낯선),이그나이트(Ignite),1.0
은인,버즈(Buzz),1.0
유자차,브로콜리너마저,1.0
"Raining (feat. 디갈로, 김지희)",줄라이(July) [뉴에이지],1.0
사랑은...향기를 남기고,테이(Tei),1.0
I Believe (엽기적인 그녀 O.S.T),신승훈,1.0
사랑을 외치다,엠씨 더 맥스(M.C the Max),1.0
汝歌(여가),장연주,1.0
