﻿Title,Artist,cnt
홀로 크리스마스 (With 나비),마이티 마우스(Mighty Mouth),60.0
12월 32일,별,58.0
로맨틱 겨울 (feat. 김진호 Of SG워너비),김진표(JP),55.0
Happy Together (해피투게더),박지헌,55.0
화이트 (White),핑클(Fin.K.L),55.0
겨울 이야기 (Radio ver.),DJ DOC,51.0
겨울이 오면 (With 테이),임재범,51.0
죽일 놈 (Guilty),다이나믹 듀오(Dynamic Duo),49.0
하얀 그리움,김민종,48.0
겨울이야기,캔(Can),48.0
하얀 겨울,미스터 투(Mr.2),46.0
겨울 이야기,조관우,46.0
다시 사랑한다 말할까,김동률,46.0
크리스마스 카드 (Vocal By 김형중),토이(Toy),42.0
첫눈에... (Snowy Wish),소녀시대,42.0
흰눈,이루(Eru),40.0
작은 기다림,쿨(COOL),39.0
촛불 하나,지오디(god),39.0
혼자만의 겨울,강수지,38.0
너랑 나,아이유(IU),38.0
보고 싶다,김범수,36.0
감기,이기찬,36.0
미리 메리 크리스마스 (feat. 천둥 Of MBLAQ),아이유(IU),36.0
White Love (스키장에서)(Remix ver.),터보(Turbo),36.0
겨울일기,장나라,36.0
Christmas Miracle (feat. 김조한),신승훈,36.0
"헤어지지 못하는 여자, 떠나가지 못하는 남자 (feat. 정인)",리쌍(Leessang),35.0
엉뚱한 상상 (White X-Mas를 기다리며),HITCHHIKER (히치하이커),35.0
좋은 날,아이유(IU),34.0
하얀 설레임 (White Love),케이윌(K.Will),34.0
비와 당신 (영화 '라디오 스타 '삽입곡),럼블 피쉬(Rumble Fish),33.0
발자국,티오(T.O),33.0
12월,루싸이트 토끼,33.0
Show Me Your Love (With 슈퍼주니어),동방신기(TVXQ!),32.0
첫 눈 그리고 첫 키스 ,다니엘(Daniel) [DMTN],32.0
바람이 분다,이소라,32.0
눈 오는 날 (The Snowy Night),신화,31.0
사랑의 時,엠씨 더 맥스(M.C the Max),31.0
첫눈이 와 (First Snow) ,슈퍼주니어(Super Junior),31.0
Snow Prince,더블에스501(SS501),31.0
정말 사랑했을까,브라운 아이드 소울(Brown Eyed Soul),31.0
눈이 오네,10cm(십센치),31.0
연인,김연우,31.0
하얀 겨울,김범수,31.0
Love Love Love,애프터 스쿨(After School) ,30.0
다시 만난 날,휘성,30.0
차마...,성시경,30.0
사랑해 그리고 기억해,지오디(god),29.0
"사랑눈 (feat. 드로플렛, 슬라임)",김태우,29.0
"눈 내리는 마을 (With 브라운 아이드 걸스, K.Will, 간미연, 테이, 숙희, 안영민)",애프터 스쿨(After School) ,29.0
하얀 고백 (Lately),인피니트(Infinite),28.0
Love Melody ,소녀시대,28.0
12월의 드라마 (The Drama Of December),디바(Diva),28.0
Winter Kiss (feat. 백찬 Of 에이트),박정현,28.0
Hot Christmas (feat. 한소리),프리 스타일(Free Style),28.0
크리스마스잖아요,김동률,28.0
사랑.. 그 놈,바비 킴(Bobby Kim),27.0
넌 감동이었어,성시경,27.0
천년의 사랑,박완규,27.0
"메리 크리스마스 (With 반형문, 목경, 스피드모션)",에스프레소(Espresso),27.0
Snowing (베스킨라빈스 CF 삽입곡),어반 자카파(Urban Zakapa),27.0
편지할께요,박정현,26.0
사랑에 아파본 적 있나요,린(LYn),26.0
이 겨울에,디바(Diva),26.0
크리스마스 이브 (feat. 임상아),김현철,26.0
거리에서,성시경,26.0
전부 너였다,노을,26.0
Must Have Love (우리들의 겨울),SG워너비,26.0
비상,임재범,26.0
흰눈이 내리면,유엔(UN),26.0
자니 (feat. Dynamic Duo),프라이머리(Primary),26.0
Miracle,유엔(UN),26.0
그땐 그땐 그땐,슈프림팀(Supreme Team),25.0
커플 (Couple),젝스키스(Sechs Kies),25.0
광화문연가,이수영,25.0
나의 외로움이 널 부를 때,장필순,25.0
Merry-Chri,보아(BoA),25.0
스키장에서 (White Love),코요태,25.0
With Me,휘성,25.0
그런 사람 또 없습니다,이승철,25.0
한사람을 위한 마음,럼블 피쉬(Rumble Fish),25.0
너를 위해,임재범,25.0
소주 한 잔,임창정,25.0
우리 사랑하게 됐어요,가인 [브라운아이드걸스],25.0
Just Christmas,스웨덴세탁소,24.0
낙원 (feat. 이재훈),싸이(Psy),24.0
회상 (December),터보(Turbo),24.0
Y (Please Tell Me Why),프리 스타일(Free Style),24.0
점점,브라운 아이즈(Brown Eyes),24.0
"하얀겨울 (With 비즈니즈, 애즈원) (Narr. 이준 Of 솔리드)",알렉스(Alex) [클래지콰이],24.0
I Love You,포지션(Position),24.0
가질 수 없는 너,뱅크(Bank),23.0
첫눈이 오는 날,서지원,23.0
오랜만이야,임창정,23.0
크리스마스에는 (duet with 김혜원),김현철,23.0
끝사랑,김범수,23.0
체념,빅마마(Big Mama),22.0
크리스마스니까,성시경,22.0
여전히 아름다운지 (feat. 김연우),토이(Toy),22.0
Hello,허각,22.0
Snowman,장나라,22.0
내 눈물모아,서지원,22.0
사랑비,김태우,21.0
Think About' Chu,아소토 유니온(Asoto Union),21.0
첫눈,SG워너비,21.0
Just This Christmas,윈터플레이(Winterplay),21.0
White Christmas,쿨(COOL),21.0
홍대앞에 눈이 내리면,윤건,21.0
...사랑했잖아...,린(LYn),21.0
기억을 걷는 시간,넬(Nell),21.0
결혼까지 생각했어,휘성,20.0
사랑한 후에,박효신,20.0
Love Song,7공주,20.0
I'm In Love (Piano RMX),라디(Ra.D),20.0
그리워 그리워,노을,20.0
행복한 나를,에코(ECO),20.0
가슴 시린 이야기 (feat. 용준형 Of Beast),휘성,20.0
미워요,정인,20.0
Christmas Wishes,이승환,20.0
White Love (스키장에서) (2007 Winter ver.),터보(Turbo),20.0
"Snow, X-Mas",S.E.S.,20.0
같은 베개...,테이(Tei),20.0
강남스타일,싸이(Psy),19.0
Go Away,투애니원(2NE1),19.0
벌써 일년,브라운 아이즈(Brown Eyes),19.0
잔소리 (With 2AM 슬옹),아이유(IU),19.0
흩어진 나날들,박효신,19.0
하얀겨울 2009,미스터 투(Mr.2),19.0
전화번호,지누션(Jinusean),19.0
하얀 전쟁,영턱스클럽(YTC),19.0
크리스마스에는,이승환,19.0
말해줘 (feat. 엄정화),지누션(Jinusean),19.0
겨울,정준일 [메이트],19.0
"크리스마스에는 축복을 (feat. 이상은, 박수영, 정혜진, 현혜은)",김현철,19.0
너무 아픈 사랑은 사랑이 아니었음을,김광석,18.0
Missing You,플라이 투 더 스카이(Fly To The Sky),18.0
별 빛이 내린다,안녕 바다,18.0
사랑합니다...,팀(Tim),18.0
어제처럼,제이(J.ae),18.0
그남자 그여자 (feat. 장혜진),바이브(Vibe),18.0
썸머 징글벨,박진영,18.0
Ballerino(발레리노),리쌍(Leessang),18.0
Last Christmas (DJ처리 Remix) (With 허니패밀리),김조한,18.0
배반의 장미,엄정화,18.0
With Chocolate,브라운 아이드 소울(Brown Eyed Soul),17.0
Beautiful Day,어반 자카파(Urban Zakapa),17.0
Aqua Man,빈지노(Beenzino),17.0
그 아픔까지 사랑한 거야,성시경,17.0
바래다 주는 길,바이브(Vibe),17.0
12월(月),엠씨 더 맥스(M.C the Max),17.0
겨울 나무,SG워너비,17.0
Christmas Train,라이너스의 담요(Linus' Blanket),17.0
야상곡(夜想曲),김윤아,17.0
똑같다면,브라운 아이드 소울(Brown Eyed Soul),16.0
다시 겨울,스윗소로우(SWEET SORROW),16.0
탄일종,유아시대,16.0
Have Yourself A Merry Little Christmas,Naomi & Goro(나오미 앤 고로),16.0
다행이다,이적,16.0
Happy Christmas,이소라,16.0
빙고,코요태,16.0
"다시, 겨울 (feat. 간디 Of 부가킹즈)",Ab 에비뉴,16.0
청혼,노을,16.0
그들이 사랑하기까지,이승환,16.0
"너에게 난, 나에게 넌",자전거 탄 풍경,16.0
혼자 맞는 겨울,이수영,16.0
크리스마스 선물,김동률,16.0
겨울밤,장재인,16.0
나였으면,나윤권,16.0
아시나요,조성모,16.0
Rainy Christmas,김건모,16.0
Insomnia (불면증),휘성,15.0
Love Ballad,브라운 아이드 소울(Brown Eyed Soul),15.0
못해 (feat. 美),포맨,15.0
아름다운 이별,김건모,15.0
Sweety You,어반 자카파(Urban Zakapa),15.0
너 때문에 미쳐,티아라(T-ara),15.0
아이처럼,김동률,15.0
날 닮은 너,임창정,15.0
그대 눈물까지도,투투(Two Two),15.0
그대 내 맘에 들어오면은,성시경,15.0
언젠가는,나얼(Na-Ul),15.0
나만의 슬픔 (Rock Ballad),김돈규,15.0
좋아 (JOAH),박재범(Jay Park),15.0
첫눈에 한눈에 (feat. Verbal Jint),지나(G.NA),15.0
사랑할수록,부활,15.0
사랑 그 몹쓸 병,휘성,15.0
죄인,이은미,15.0
귀로,나얼(Na-Ul),15.0
광대 (With BMK),리쌍(Leessang),15.0
달아요,박정현,15.0
창밖을 보라,유아시대,15.0
너라는 명작,휘성,15.0
Boogie On & On,빈지노(Beenzino),15.0
이런밤,화요비,14.0
7년간의 사랑,규현(KYUHYUN),14.0
사랑경보 (feat. 주희 Of 에이트),H-유진,14.0
7년간의 사랑,화이트(W.H.I.T.E.),14.0
안되나요,휘성,14.0
Christmas Next Day,루싸이트 토끼,14.0
겨울이야기,박시후 ,14.0
Candy (캔디),H.O.T.,14.0
죽을 만큼 아파서 (feat. 멜로우),MC 몽,14.0
이밤이 깊어가지만,서태지와 아이들,14.0
Kiss Me,Olivia(올리비아) [보사노바],14.0
"Good Bye Sadness, Hello Happiness",t윤미래,14.0
카페인 (feat. 용준형 Of Beast),양요섭 [비스트],14.0
핑크빛 로맨스 (Pink Romance),케이윌(K.Will),14.0
Just The Way You Are (feat. 이두헌),유열,14.0
겨울이야기 (With 포맨 & 박정은),윤민수,14.0
Merry Love,성제 [초신성],14.0
매력있어,악동뮤지션(AKMU),14.0
추억속의 그대,이승기,14.0
어제처럼,주(Joo),14.0
대화가 필요해,바닐라 어쿠스틱(Vanilla Acoustic),14.0
바람이 불어오는 곳,제이레빗(J Rabbit),14.0
Trouble Maker,트러블메이커(Troublemaker),14.0
사랑이라는 이유로,김광석,14.0
한 사람을 위한 마음,이오공감,14.0
제발,김범수,14.0
한번만 더,나얼(Na-Ul),14.0
하얀 겨울 (duet with 노을 '나성호'),간미연,14.0
애송이의 사랑,양파,14.0
전할 수 없는 이야기 (부제: 시티 오브 엔젤),휘성,14.0
사랑은 (Song 정인),리쌍(Leessang),14.0
듣고 있어?,스윙스(Swings),14.0
종로에서,제이에스(JS) [여성듀오],14.0
2006 회상 (feat. 에픽하이),김종국,14.0
해피 바이러스,코요태,14.0
Blue Christmas,성훈 [Brown Eyed Soul],14.0
Love Day,양요섭 [비스트],14.0
Just A Feeling,어반 자카파(Urban Zakapa),14.0
물끄러미,지아(Zia),14.0
평생,유엔(UN),14.0
화장을 고치고,왁스(Wax),14.0
뻐꾸기 둥지위로 날아간 새,김건모,14.0
Bad Girl Good Girl,미쓰 에이(miss A),14.0
내 입술 따뜻한 커피처럼,샵(S#arp),14.0
내가 너를 잊는다,휘성,14.0
슬퍼지려 하기 전에,왁스(Wax),14.0
불치병 (feat. Masta Wu),휘성,14.0
내게로,장혜진,14.0
Second First Date (feat. Ritha K) (Bonus Track From Jazz Set),디제이 아키(DJ AKI),14.0
"크리스마스의 기적 (With 김기욱, Someday, JQ, Daylight, Mac, 한소아, Joy)",마야(Maya),14.0
블루 크리스마스 (Korean ver.),김윤아,14.0
매일밤,EXID(이엑스아이디),14.0
잊을께,YB,14.0
그날에 우리,어반 자카파(Urban Zakapa),14.0
통화연결음,린(LYn),14.0
부디 (Album ver.),Lucia(심규선),14.0
너만을 느끼며 (feat. 티파니 & 수영),더 블루(The Blue),14.0
시간은 모든 걸 잊혀지게 합니다. 하지만 사랑은 모든 걸 기억하게 하죠 (부제:911),이기찬,14.0
심장이 없어,에이트(8Eight),14.0
It Was In Shiraz (이별의 그늘),신예원,14.0
일년이면,휘성,14.0
그대 내 맘에 들어오면은 (With 조덕배),조성모,14.0
처음 느낌 그대로,이소라,14.0
울다,이승환,14.0
봄을 그리다,어반 자카파(Urban Zakapa),14.0
BK Love,MC 스나이퍼(MC Sniper),14.0
크리스마스 악몽,더 캔버스(The Canvas),14.0
세상에 뿌려진 사랑만큼,이승환,14.0
오래오래,바이브(Vibe),14.0
붙잡고도,노을,14.0
그댄 행복에 살텐데,리즈(Leeds),13.0
첫 이별 그날 밤,아이유(IU),13.0
Never Ending Story,부활,13.0
So Cool (쏘쿨),씨스타(Sistar),13.0
겨울 이야기,가희,13.0
첫눈에 (feat. 베카 Of 애프터스쿨),서인국,13.0
Propose,강타,13.0
Only You (Winter Special),2PM,13.0
Sunshine,짙은(Zitten),13.0
"겨울, 밤",이지형,13.0
겨울편지,임재범,13.0
Officially Missing You,긱스(Geeks),13.0
With Coffee...,브라운 아이즈(Brown Eyes),13.0
그런일은,화요비,13.0
('Cause) I'm Your Girl,S.E.S.,13.0
Twist King,터보(Turbo),13.0
홀로 (feat. 김나영),정키(Jung Key),13.0
"Good Night (feat. Junggigo, Elly)",피노다인(Pinodyne),13.0
눈 오던 날,재주소년,13.0
너 하나만,고유진(플라워),13.0
하루 (M/V ver.),김범수,13.0
사랑한다는 말로도 위로가 되지 않는,브로콜리너마저,13.0
다짐 (feat. 김구),조성모,13.0
숲으로 걷는 아이 (duet with 박지윤),박아셀,13.0
내입술...따뜻한 커피처럼,샵(S#arp),13.0
슬픈 인연,공일오비(015B),13.0
사랑은 언제나 목마르다,유미,13.0
Cry Cry,티아라(T-ara),13.0
사랑 안해,백지영,13.0
애상,10cm(십센치),13.0
샤이닝,자우림(Jaurim),13.0
얼음연못,두번째 달,13.0
Lonely,투애니원(2NE1),13.0
365일,알리(Ali),13.0
흩어진 나날들,캐스커(Casker),13.0
훗 (Hoot),소녀시대,13.0
보여줄게,에일리(Ailee),13.0
바람기억,나얼(Na-Ul),13.0
붉은 노을,BIGBANG,12.0
사랑했지만,김광석,12.0
1994년 어느 늦은 밤,장혜진,12.0
사랑한다는 흔한 말,김연우,12.0
흰눈이 오면,김건모,12.0
STEP,카라(Kara),12.0
사진을 보다가,바이브(Vibe),12.0
겨울이 왔다,버블 시스터즈(Bubble Sisters),12.0
참다행이야,에스파파(S.Papa.),12.0
12월 24일,디어(d.ear),12.0
눈 오는 밤,서영은,12.0
누구보다 널 사랑해,비쥬(Bijou),12.0
좋다,데이브레이크(daybreak),12.0
이별택시,김연우,12.0
사랑이란 (feat. 김희선),마이티 마우스(Mighty Mouth),12.0
사랑경보 II (feat. 소향 Of Pos),H-유진,12.0
메리 크리스마스 (Merry Christmas) (With 화영),언터쳐블,12.0
Brown City,브라운 아이드 소울(Brown Eyed Soul),12.0
좋을텐데,성시경,12.0
가만히 눈을 감고 (New Acoustic ver.),정재욱,12.0
Can't Nobody,투애니원(2NE1),12.0
또 한번 사랑은 가고,이기찬,12.0
"해피 크리스마스 (feat. Csp, Still PM, Maslo, Jepp Blackmanc, Kuan)",소울 커넥션(Soul Connection),12.0
멀어지다,넬(Nell),12.0
고백,델리 스파이스(Deli Spice),12.0
미워도 다시 한번 (Original ver.),바이브(Vibe),12.0
한여름날의 꿈 (duet with 옥주현),SG워너비,12.0
사랑은 MOVE,시크릿(Secret),12.0
Shape Of My Heart (Sting) (With Shun Komatusbara),정성하,12.0
December,짙은(Zitten),12.0
Couple Song (feat. Kelley),라디(Ra.D),12.0
"그리고, 남겨진 것들",넬(Nell),12.0
난 사랑에 빠졌죠,박지윤,12.0
I Don't Care,투애니원(2NE1),12.0
Miracle,슈퍼주니어(Super Junior),12.0
울면 안돼,유아시대,12.0
크리스마스 징크스 (feat. JK 김동욱),리오 케이코아(Leo Kekoa),12.0
금지된 사랑,김경호,12.0
기억상실,거미,12.0
기억의 습작,전람회,12.0
그때 또 다시 (Again),임창정,12.0
욕심쟁이,김동률,12.0
술 한잔 해요,지아(Zia),12.0
꽃피는 봄이오면,BMK,12.0
Stay Cool (feat. Zion T),Simon Dominic(사이먼 도미닉),11.0
마지막 내 숨소리,엠씨 더 맥스(M.C the Max),11.0
나만 모르게 (feat. T),슈프림팀(Supreme Team),11.0
일년 후 (feat. 요조) (Accoustic ver.),마이큐(MY-Q),11.0
아잉♡,오렌지캬라멜(Orange Caramel),11.0
그대 내게 다시 (Guitar ver.),럼블 피쉬(Rumble Fish),11.0
가끔 미치도록 네가 안고 싶어질 때가 있어,가을방학,11.0
바보,박효신,11.0
갈색머리 (feat. 김연우),윤건,11.0
날 그만 잊어요 (Acoustic ver.) (Bonus Track),거미,11.0
안녕이라고 말하지마,다비치,11.0
Talk That,시크릿(Secret),11.0
애상,쿨(COOL),11.0
비밀은 없어,룰라(Roo'Ra),11.0
먼지가 되어,김광석,11.0
남과 여 (feat. 김범수),박선주,11.0
꿈에선 놀아줘,루싸이트 토끼,11.0
잔혹한 여행,한희정,11.0
꿈에,박정현,11.0
변해가네,김광석,11.0
Love Blossom (러브블러썸),케이윌(K.Will),11.0
어느 째즈바...,터보(Turbo),11.0
미인(美人),이기찬,11.0
Love Letter (언약),투샤이(2Shai),11.0
바람아 불어라,레드애플(Led apple),11.0
정류장,패닉(Panic),11.0
지금이 아니면,타루(Taru),11.0
피(避),플라이 투 더 스카이(Fly To The Sky),11.0
Ribbon In The Sky,윤한(Yoonhan),11.0
이상하다 (Acoustic ver.),박효신,11.0
차근차근 (Way For love),슈퍼주니어(Super Junior),11.0
하늘을 달리다,이적,11.0
천생연분 (Rave),솔리드(Solid),11.0
Happy Christmas,박효신,11.0
우리 이렇게 스쳐보내면,공일오비(015B),11.0
숲,이승기,11.0
FANTASTIC BABY,BIGBANG,11.0
내일 해,이정,11.0
더 아름다워져,성시경,11.0
내가 제일 잘 나가,투애니원(2NE1),11.0
술이야,바이브(Vibe),11.0
고해,임재범,11.0
Good-Bye (드라마 '커피프린스 1호점' 삽입곡),더 멜로디(The Melody),11.0
선물,t윤미래,11.0
이제 그만,이소라,11.0
생각이 나,부활,11.0
넌 기억하니 그 때 그 크리스마스 노래를,푸른 하늘,11.0
서울의 달,김건모,11.0
이등병의 편지,김광석,10.0
널 사랑하겠어,동물원,10.0
With Coffee,브라운 아이즈(Brown Eyes),10.0
물음표를 찍어요,이아립,10.0
바라만 봐도 좋은데,노리플라이(no reply),10.0
눈사람,가비엔제이(Gavy N.J.),10.0
그대와 같아 (Rhodes RMX),주영(JooYoung),10.0
"바람, 어디에서 부는지",루시드 폴(Lucid Fall),10.0
봄,봄(Bom),10.0
눈물샤워 (feat .에일리),배치기,10.0
우산 (feat. 윤하),에픽 하이(Epik High),10.0
감싸 안으며 (Show Me Your Love),S.E.S.,10.0
잘못된 만남,김건모,10.0
봄날은 간다 - 영화 '봄날은 간다' 中에서,김윤아,10.0
날 위한 이별,조규찬,10.0
오늘은 가지마,벤,10.0
동경,박효신,10.0
이제서야,김동률,10.0
들었다 놨다,데이브레이크(daybreak),10.0
난 그런데 (Vocal By 강현준 & Be Sweet),헤르쯔 아날로그(Herz Analog),10.0
오늘도 크리스마스,이상은(Lee Tzsche),10.0
와,이정현,10.0
루돌프 사슴코,유아시대,10.0
"사라지지 않는, 밤",네스티요나(Nastyona),10.0
가까이,샵(S#arp),10.0
오늘 (Song By 심규선),에피톤 프로젝트(Epitone Project),10.0
다리꼬지마,악동뮤지션(AKMU),10.0
사랑해요,김조한,10.0
이미 슬픈 사랑,야다(Yada),10.0
온 세상에 눈이 내리면 (feat. The Black),동경소녀,10.0
그리워,메이트(Mate),10.0
그대네요 (duet with 아이유) (Bonus Track),성시경,10.0
월화수목 금토일 (feat. 아이유),수호,10.0
Oh Holy Night (feat. BoA),동방신기(TVXQ!),10.0
Stardust,W & Whale(더블유 앤 웨일),10.0
Nike Shoes (feat. Dynamic Duo),빈지노(Beenzino),10.0
Love Is... (3+3=0),터보(Turbo),10.0
My Soul,줄라이(July) [뉴에이지],10.0
D.I.S.C.O (feat. TOP),엄정화,10.0
행복을 주는 사람,플라이 투 더 스카이(Fly To The Sky),10.0
Blowin' My Mind,브라운 아이드 소울(Brown Eyed Soul),10.0
Blue Christmas (English ver.),김윤아,10.0
캐롤 메들리 (루돌프 사슴코 + Feliz Navidad + 스키장에서),코요태,10.0
Gentleman,싸이(Psy),10.0
Thank U For,XIA(준수),10.0
I Believe (Guitar ver.),신승훈,10.0
Happy Things,제이레빗(J Rabbit),10.0
현명한 선택,소찬휘,10.0
Merry Christmas Only You,윤종신,10.0
Romantico,투개월,10.0
중독된 사랑,조장혁,10.0
I Wish U,오션(5tion),9.0
줄래,이정현,9.0
하루 하루,t윤미래,9.0
그대만의 나이길 (feat. 김연우),내추럴(Natural),9.0
달팽이,패닉(Panic),9.0
오직 너뿐인 나를...,이승철,9.0
연애,애즈 원(As One),9.0
Melon Man,윈터플레이(Winterplay),9.0
High High,G-DRAGON,9.0
우리 사랑했잖아,티아라 With 다비치,9.0
나만 몰랐던 이야기,아이유(IU),9.0
뉴욕에서,박선주,9.0
사랑은 봄비처럼... 이별은 겨울비처럼,임현정,9.0
처음 느낀 사랑이야,조용필,9.0
이별전의 발렌타인 ('커피프린스 1호점' 드라마 삽입곡),파인애플(Pineapple),9.0
지우개,알리(Ali),9.0
이별의 그늘,윤상,9.0
챠우챠우 - 아무리 애를 쓰고 막아 보려 해도 너의 목소리가 들려,델리 스파이스(Deli Spice),9.0
Radio Star,나르샤 [브라운아이드걸스],9.0
립스틱 (Lipstick),오렌지캬라멜(Orange Caramel),9.0
Rendez-Vous,이소라,9.0
겨울 장마 (feat. 루시드폴),푸디토리움(Pudditorium),9.0
Right Now,싸이(Psy),9.0
그렇게 사랑하고 그렇게 웃었습니다,버블 시스터즈(Bubble Sisters),9.0
다시 만나 줘,업타운(UPT),9.0
눈사람,정지찬 [원모어찬스],9.0
내게 다시,더더(THETHE),9.0
내 남자친구를 부탁해,윤하(Younha/ユンナ),9.0
끝의 시작,이문세,9.0
꿈에서 본 거리,푸른 하늘,9.0
Little Star,스탠딩 에그(Standing Egg),9.0
애수,클래지콰이(Clazziquai),9.0
Goodbye Yesterday,터보(Turbo),9.0
백야,짙은(Zitten),9.0
선인장 (Vocal 차세정),에피톤 프로젝트(Epitone Project),9.0
Wish You're My Girl,앤드(And),9.0
6년동안,별,9.0
Good Bye,서태지와 아이들,9.0
널 생각해,원 모어 찬스(one more chance),9.0
Love Story,쥬얼리(Jewelry),9.0
좋은 날,이승환,9.0
사랑했지만 (원곡가수 故김광석),김연우,9.0
눈사람,옐로우 몬스터즈(Yellow Monsters),9.0
좋은 사람 (feat. 김형중),토이(Toy),9.0
comma,노리플라이(no reply),9.0
아버지,인순이,8.0
하늘 아래서 (New ver.),김민종,8.0
원하고 원망하죠,애즈 원(As One),8.0
다섯째 손가락,아이유(IU),8.0
내사랑 내곁에,김현식,8.0
Happy Birthday,B.A.P,8.0
겨울일기 (Bossa Nova ver.),장나라,8.0
"그대와 나, 설레임 (feat. 소울맨)",어쿠스틱 콜라보(Acoustic Collabo),8.0
마법의 성,백동우,8.0
손이 꽁꽁꽁,유아시대,8.0
사랑보다 깊은 상처 (duet with 임재범),박정현,8.0
나는 그 사람이 아프다 (feat. 타루) ('우결' 쌍추커플 이별씬 삽입곡),에피톤 프로젝트(Epitone Project),8.0
마음을 잃다,넬(Nell),8.0
송가(送歌),더 클래식(The Classic),8.0
Hello!,포맨,8.0
이 사람이다,김종국,8.0
Byebyebye,정기고(Junggigo),8.0
안녕 친구여,김광석,8.0
Roly-Poly,티아라(T-ara),8.0
총 맞은 것처럼,백지영,8.0
아름다운 이별,서인국,8.0
우린 제법 잘 어울려요,성시경,8.0
상상속의 너 (Reggae House Music),노이즈(Noise),8.0
오늘까지만,김조한,8.0
오르막길,정인,8.0
Love Is... (Pop ver.) (duet with 안정아),김현철,8.0
첫 눈,박정현,8.0
"그대는 어디에 (feat. 한희정) ('지붕뚫고 하이킥' 정음, 지훈 회상씬 삽입곡)",에피톤 프로젝트(Epitone Project),8.0
사랑이 다른 사랑으로 잊혀지네,하림,8.0
눈 내리던 어느 날 ,윈터플레이(Winterplay),8.0
요즘 너 말야 (Album Edit),제이레빗(J Rabbit),8.0
크리스마스엔 (feat. 하은),커피소년,8.0
점핑 (Jumping),카라(Kara),8.0
슬픈 언약식,김정민,8.0
사랑을 할꺼야,녹색지대,8.0
Make Your Love In This Season,노이즈(Noise),8.0
귤,재주소년,8.0
귀여워 (With 권정열 Of 10cm),별,8.0
기억속의 먼 그대에게,박미경,8.0
굿모닝 (feat. 권정열 Of 10cm),버벌진트(Verbal Jint),8.0
내꺼라면,소란(Soran),8.0
징글벨,유아시대,8.0
난 남자가 있는데,에보니힐(Ebonyhill),8.0
이별연습 (Song By 임정희),김형석,8.0
Sweety,클래지콰이(Clazziquai),8.0
일기,김범수,8.0
혼자만의 사랑 (R&B Ballad),김건모,8.0
Without You,원타임(1TYM),8.0
가만히 눈을 감고,정재욱,8.0
못난이 콤플렉스,영턱스클럽(YTC),8.0
가려진 시간 사이로,윤상,8.0
크리스마스 이른 저녁,유리상자,8.0
입영열차안에서,김민우,8.0
지붕 위의 고양이 (feat. 장윤주),정재형,8.0
봄눈,루시드 폴(Lucid Fall),8.0
좋은사람,박효신,8.0
발걸음,서영은,8.0
날 위한 이별,김혜림,8.0
지나간다,김범수,8.0
강아지의 꿈,노리플라이(no reply),8.0
Good-Night,C-CLOWN(씨클라운),7.0
눈이 와요,김광진,7.0
그대 내게 다시 (Song By 김건모),김형석,7.0
첫눈 오던 밤 (feat. 팔로알토),먼데이 키즈(Monday Kiz),7.0
Baby Baby,포맨,7.0
가시나무,조성모,7.0
My Boyfriend,박기영,7.0
첫눈 오는 날,제이워크(J-Walk),7.0
Goodbye To Romance,써니힐(Sunny Hill),7.0
그 아픔까지 사랑한거야,조정현,7.0
크리스마스 이야기,SG워너비,7.0
첫눈 오는 날,리드미스트(Rhythmist),7.0
"온 세상에 눈이 내리면 (feat. 크리스피 크런치, 구자창)",디아(Dia) [키스 & 크라이],7.0
흥보가 기가막혀,육각수밴드,7.0
환상,박지윤,7.0
가족,이승환,7.0
사랑이라 쓰고 아픔이라 부른다,서인영,7.0
The Field,Sound Providers(사운드 프로바이더스),7.0
하지 못한 말,노을,7.0
크리스마스를 부탁해,버벌진트(Verbal Jint),7.0
Good-bye Baby,미쓰 에이(miss A),7.0
첫눈,유리상자,7.0
그녀와 함께 라면 끓여 먹는 재미,조준프로젝트,7.0
슬픈 선물,홍경민,7.0
Missing You (feat. 김윤아 Of 자우림),G-DRAGON,7.0
Someday,김장훈,7.0
없구나,한기란 [와인루프],7.0
첫눈이 오면 설레였던 꼬마아이 (Time Travel),드렁큰 타이거(Drunken Tiger),7.0
늦지않았음을,송재호,7.0
From (feat. RealCollabo),CHEEZE,7.0
"눈사탕 (With 테이, 유미, 나윤권, 홍경민, 언터쳐블, 길미)",한경일,7.0
첫눈이 온다구요 ('응답하라 1988' 삽입곡),이정석,7.0
후회한다,포맨,7.0
그립고 그립고 그립다,케이윌(K.Will),7.0
첫눈예보 (feat. 제이켠),나비(Navi),7.0
Forever,안재욱,7.0
사랑해 (Piano ver.),김우주,7.0
얼음꽃 (feat. 김세황),아이유(IU),7.0
친구라도 될 걸 그랬어,거미,7.0
다 줄꺼야 (Acustic ver.),조규만,7.0
문득 친구에게 (duet with 노영심),윤상,7.0
산책,쿨(COOL),7.0
나의 옛날이야기,아이유(IU),7.0
아주 작게만 보이더라도,시와(Siwa),7.0
가르쳐줘요,서인영,7.0
삐딱하게 (Crooked),G-DRAGON,7.0
미안해요,김건모,7.0
시작되는 연인들을 위해,이원진,7.0
첫 눈,EXO,7.0
아마...,제이워크(J-Walk),7.0
I'm In Love,라디(Ra.D),7.0
잠시만 안녕 (Original),엠씨 더 맥스(M.C the Max),7.0
내가 웃는게 아니야 (With Ali),리쌍(Leessang),7.0
먼지가 되어,로이킴,7.0
백설공주를 사랑한 일곱번째 난장이,쿨(COOL),7.0
애송이 (feat. Psy),렉시(Lexy),7.0
난 알아요,서태지와 아이들,7.0
추억은 사랑을 닮아,박효신,7.0
기차를 타고,아이유(IU),7.0
P.S. I Love You,박정현,7.0
위잉위잉,혁오(hyukoh),7.0
위태로운 이야기,박정현,7.0
12월의 기적 (Miracles In December),EXO,7.0
계절이 돌아오듯이,성시경,7.0
I Swear,씨스타(Sistar),7.0
편지,김광진,7.0
바야흐로 사랑의 계절 (With 박새별),이한철,7.0
겨울 고백,성시경,7.0
챔피언,싸이(Psy),7.0
젊은 날,피터팬 컴플렉스(Peterpan Complex),7.0
내일을 묻는다,제이레빗(J Rabbit),7.0
나는 그 사람이 아프다 (feat. 타루),에피톤 프로젝트(Epitone Project),7.0
사랑 Two,윤도현,7.0
"마지막, 그 아쉬움은 기나긴 시간속에 묻어둔 채 (With 미호)",남준봉 [여행스케치],7.0
LUV,에이핑크(Apink),7.0
흰눈이 천사처럼 내려와,아메리카노,7.0
바래진 기억에,박지윤,7.0
Romantico,테테(Tete),7.0
아파 (Slow),투애니원(2NE1),7.0
이별 공식,알이에프(R.ef),7.0
너에게 가는 길,박지윤,7.0
Let It Snow (feat. 하주연),나윤권,7.0
Goodbye sun??Goodbye moon (With ?댁닔??Of ?낅룞裕ㅼ???,토이(Toy),7.0
머피의 법칙,DJ DOC,7.0
Beautiful Day,바닐라 어쿠스틱(Vanilla Acoustic),7.0
한숨만,바이브(Vibe),7.0
비련,비비(B.B),7.0
너에게로 또다시 (영화 '가족' 주제곡),서영은,7.0
괜찮아요,박지윤,7.0
길에서,나비(Navi),7.0
사랑에 빠지고 싶다,김조한,7.0
내 사랑 울보,전영록,7.0
너에게 쓰는 편지,MC 몽,7.0
너의 앞길에 햇살만 가득하길,러브홀릭(Loveholic),7.0
관찰,지오디(god),7.0
공원여행 (Vocal By 현민),페퍼톤스(Peppertones),7.0
감싸안아,반시(Vansy),7.0
길,지오디(god),7.0
저들밖에 한밤중에,유아시대,7.0
쉬어요,성시경,6.0
아프고 아파도,솔플라워(Sol' Flower),6.0
평생 (For KISS Me),유키스(U-KISS),6.0
"작년, 오늘",쿨(COOL),6.0
Wedding X-Mas,H.O.T.,6.0
흰눈이 오면,이수영,6.0
미스터,카라(Kara),6.0
The Name 名字,더 네임(The Name),6.0
미소를 띄우며 너를 보낸 그 모습처럼,조성모,6.0
To Heaven (천국으로 보낸 편지),조성모,6.0
선인장 (Acoustic ver.),에피톤 프로젝트(Epitone Project),6.0
Lemon Tree,박혜경,6.0
나무,리사(Lisa),6.0
나 어릴적 꿈,터보(Turbo),6.0
미안,스타 러브 피쉬(Star Love Fish),6.0
소망 (Desire),신화,6.0
어려워 정말,닥터 레게(Dr. Reggae),6.0
흰눈 사이로 하이힐 타고,오렌지캬라멜(Orange Caramel),6.0
어머님께,지오디(god),6.0
편지 - 임한별,먼데이 키즈(Monday Kiz),6.0
Wish,캐스커(Casker),6.0
졸업,브로콜리너마저,6.0
어떤가요,화요비,6.0
기억을 나눔,성시경,6.0
소원 (Hwany Solo),플라이 투 더 스카이(Fly To The Sky),6.0
알 수 없는 일,윤상,6.0
청소하던 날,김연우,6.0
미아(迷兒),박정현,6.0
Good Night,10cm(십센치),6.0
나 나쁘죠 (feat. 김태우),케이윌(K.Will),6.0
Winter Waltz,하이투힘(Hi to him),6.0
양화대교,Zion.T,6.0
겨울바다 (Remake),서영은,6.0
그 노래,존 박(John Park),6.0
Begging You (Full ver. 2013) (feat. 효빈),투엘슨(2LSON),6.0
아니면서,성시경,6.0
One Love,원타임(1TYM),6.0
거짓말 거짓말 거짓말,이적,6.0
사랑과 우정사이,박혜경,6.0
사랑과 우정사이,이수영,6.0
Corona,10cm(십센치),6.0
사랑밖에 모르죠 (Love Is What I Need),"S (강타, 신혜성, 이지훈)",6.0
거북이라도 (Solo 김영우),스윗소로우(SWEET SORROW),6.0
라라라,이수영,6.0
되돌리다,이승기,6.0
"맨날 (Vocal By 김현중, 구인회)",드라마틱스(Dramatics),6.0
내 마음 갈 곳을 잃어,알리(Ali),6.0
아름다운 날들,브라운 아이드 소울(Brown Eyed Soul),6.0
그 겨울의 찻집 (조용필) ,인순이,6.0
사랑의 바보,더 넛츠(The Nuts),6.0
니가 내린다,보이스원(Voice One),6.0
걸어서 하늘까지 (장현철),김경호,6.0
Chocolate Drive,모이다 밴드(Moida Band),6.0
그 아픔까지 사랑한거야,조성모,6.0
겨울 이야기,DJ DOC,6.0
겨울비 (시나위),박정현,6.0
겨울아침,오지은,6.0
슬픈연가,조은(Cho Eun),6.0
마지막 사랑,박기영,6.0
혼자만의 겨울,간미연,6.0
만화가의 사려 깊은 고양이 (Stormy Monday Mix) (feat. 지선),W(Where The Story Ends),6.0
찬바람이 불면,이수영,6.0
이별 그리고 사랑,엠투엠(M To M),6.0
유자차,브로콜리너마저,6.0
이별보다 아픈 하루,조장혁,6.0
겨울이야기,비돌스(B.Dolls),6.0
SILLY,데이브레이크(daybreak),6.0
겨울추억,영준 [Brown Eyed Soul],6.0
처음,성시경,6.0
슬픈 혼잣말,숄(Sol),6.0
사랑 하나죠 (Only Love),SMTown,6.0
No.5 (Rap feat. 은지원),제이(J.ae),6.0
다시 사랑한다면,도원경,6.0
그 아픔까지 사랑한거야,포지션(Position),6.0
슬픈 눈사람,KCM,6.0
사랑의 슬픔 (Remake),고유비,6.0
일생을 (Remake),휘성,6.0
Merry Christmas Only You (feat. 유희열),윤종신,6.0
가려진 시간사이로,윤건,6.0
연애 (feat. Hanyi),프리 스타일(Free Style),6.0
For A While,애즈 원(As One),6.0
Memory,김범수,6.0
회상,터보(Turbo),6.0
Speechless (Vanilla Soul Remix),클래지콰이(Clazziquai),6.0
연애,김현철,6.0
그래도 안녕,윤상,6.0
니가 싫어,어반 자카파(Urban Zakapa),6.0
니가 떠나간다,백아연,6.0
친구의 친구를 사랑했네,리즈(Leeds),6.0
엉뚱한 상상 (feat. 원더걸스 유빈),앤디(Andy),6.0
Abracadabra,브라운 아이드 걸스,6.0
그대는 아는지,박새별,6.0
슬픈 부탁,먼데이 키즈(Monday Kiz),6.0
그대네요,성시경,6.0
사랑이라 쓰고 아픔이라 부른다,이영현,6.0
왜 이러니,티아라(T-ara),6.0
와인,김경호,6.0
부디,Lucia(심규선),6.0
BLUE,BIGBANG,6.0
난,아이비(IVY),6.0
봄비가 내리는 제주시청 어느 모퉁이의 자취방에서...,재주소년,6.0
낮 달,엠씨 더 맥스(M.C the Max),6.0
내 입술... 따뜻한 커피처럼,샵(S#arp),6.0
그대 (Original ver.),브라운 아이드 소울(Brown Eyed Soul),6.0
닭살 커플 (duet with Esna),팀(Tim),6.0
Double,김건모,6.0
단발머리,데이브레이크(daybreak),6.0
내게 오는 길 (Bonus Track),성시경,5.0
내 맘이 안그래,이승환,5.0
내 맘이 안 그래,이승환,5.0
내가 니 편이 되어줄게 (feat. 하은),커피소년,5.0
"크리스마스에 눈이 올까요? (feat. 태사비애, 수빈, 스피드모션)",티라미슈,5.0
내 사람들,정엽,5.0
I Miss You,테이(Tei),5.0
내 눈물이 하는 말,견우,5.0
정,영턱스클럽(YTC),5.0
Hello (feat. 다라),G-DRAGON,5.0
마음이 다쳐서 (feat. Crown J),나비(Navi),5.0
Darling (feat. JC a.k.a 지은),슈프림팀(Supreme Team),5.0
사랑을 외치다,엠씨 더 맥스(M.C the Max),5.0
Darling,걸스데이(Girl's Day),5.0
해바라기도 가끔 목이 아프죠,엠씨 더 맥스(M.C the Max),5.0
Christmas Time ,성시경,5.0
뜨거운 안녕 (feat. 성시경),싸이(Psy),5.0
라라라,SG워너비,5.0
향 (Acoustic ver.),캐스커(Casker),5.0
루아흐 (Ruach),브라운 아이즈(Brown Eyes),5.0
사랑 부르기,장나라,5.0
사는게 힘들어서,노블레스(Noblesse),5.0
손잡고 허밍 (feat. 요조) (Album ver.),재주소년,5.0
화분 (드라마 '커피프린스 1호점' 삽입곡),러브홀릭(Loveholic),5.0
몇해전 삼청동 거리엔 많은 눈이 내렸습니다. (Inst),김연우,5.0
All Right (feat. 한희정),박준혁,5.0
A Door,권순관,5.0
A Bitter Day (feat. 용준형 & G.NA),현아 [포미닛],5.0
벙어리장갑,모던쥬스(Modern Juice),5.0
미운 겨울 (With 전상환),바닐라 어쿠스틱(Vanilla Acoustic),5.0
"3호선 매봉역 (feat. Paloalto, Beenzino)",프라이머리(Primary),5.0
10월(月)에 눈이 내리면,성시경,5.0
바람인가요,브라운 아이드 소울(Brown Eyed Soul),5.0
당신은.. 나는 바보입니다,Stay [심태윤],5.0
사랑이 변하니 (New ver.),에스더(Esther),5.0
담담하게,Lucia(심규선),5.0
Dream (feat. Supreme Team),제이(J.ae),5.0
파랑새 (feat. 전제덕),바비 킴(Bobby Kim),5.0
Happy Bubble (하우젠 CF 삽입곡),윈터플레이(Winterplay),5.0
소격동,아이유(IU),5.0
서른 즈음에,김광석,5.0
핑계 (Reggae),김건모,5.0
눈 녹듯,패닉(Panic),5.0
Gone,브라운 아이드 소울(Brown Eyed Soul),5.0
눈물나는 날에는,김연우,5.0
하나가 더해진 생일,휘성,5.0
사르르 (I Wanna Be Your Love) (feat. 정엽),제이(J.ae),5.0
느린노래,백아연,5.0
Forever With U (feat. 박봄),BIGBANG,5.0
다 줄거야,이승기,5.0
하루 끝,아이유(IU),5.0
다시 사랑 할 수 있을까 (feat. 다비치),포맨,5.0
다시 사랑해요 (feat. 장혜진),테이(Tei),5.0
다시 와주라,바이브(Vibe),5.0
사랑하오 (duet with 김현철),윤상,5.0
사랑하다,윤하(Younha/ユンナ),5.0
다음날 아침 (duet with 한희정),에피톤 프로젝트(Epitone Project),5.0
Drive,더하이라이츠(The Hi-Lites),5.0
시간이 흐른 뒤 (As Time Goes By),t윤미래,5.0
바보 (feat. Bumkey),에픽 하이(Epik High),5.0
남자를 몰라,버즈(Buzz),5.0
그리움,이바디(Ibadi),5.0
이젠 그랬으면 좋겠네,박정현,5.0
앤,박정현,5.0
고작 약간의 한숨과 약간의 눈물뿐... [Forgive Me],클릭비(Click-B),5.0
그리고 그후,프리 스타일(Free Style),5.0
Lost (feat. 정진운 Of 2AM),니콜,5.0
우울한 편지,유재하,5.0
엉뚱한 상상 (White Christmas),슈퍼주니어(Super Junior),5.0
Smile Life (feat. 배진숙),치즈가몽키(Cheeze Ga Monkey),5.0
쥴리엣,스탠딩 에그(Standing Egg),5.0
일 년째,지아(Zia),5.0
골목을 돌면 (Vocal 거미) ,구혜선,5.0
가지마,브라이언(Brian),5.0
연(捐),빅마마(Big Mama),5.0
끝을 말할 순 없어도 (feat. Mblaq '지오'),제이(J.ae),5.0
겨울풍경 (Guitar ver.),이재훈 ,5.0
죽겠네 (Album ver.),10cm(십센치),5.0
Memories... (Smiling Tears),t윤미래,5.0
Sexy Love,티아라(T-ara),5.0
Secret,짙은(Zitten),5.0
자꾸만,이기찬,5.0
그리움을 외치다,테이(Tei),5.0
기다리다,패닉(Panic),5.0
이 거지같은 말 (With 정엽 Of 브라운 아이드 소울),서영은,5.0
기쁘다 구주 오셨네,유아시대,5.0
겨울이 오면,김건모,5.0
얼마나 사랑하는지 (feat. 비),별,5.0
Replay,김동률,5.0
기억만이라도 (Bonus Track - 영화 Tube OST),앤(Ann),5.0
첫째 날 (With 나얼),에코 브릿지(Eco bridge),5.0
Rocking Around The Christmas Tree,코요태,5.0
기억속으로,이은미,5.0
기억은 겨울보다 차갑다,미스티 블루(Misty Blue),5.0
Love Is So Amazing,제이레빗(J Rabbit),5.0
겨울 하늘 별,윤종신,5.0
겨울 풍경,이재훈 ,5.0
고백,뜨거운 감자(Hot Potato),5.0
울지마,브로콜리너마저,5.0
약속해 약속해 2012 (feat. 조현아 Of 어반 자카파),버벌진트(Verbal Jint),5.0
그대이길 바래요,이소은,5.0
알 수 없는 음악가 (feat. Masta Wu & 박봄),레드락(Red-Roc),5.0
조금만 더 가까이,요조(Yozoh),5.0
커피를 마시고 (Main ver.),어반 자카파(Urban Zakapa),5.0
그게 아니고,10cm(십센치),5.0
친구라 말 할수 있는건,신성우,5.0
그날들,김광석,5.0
Jingle Bell Rock,애즈 원(As One),5.0
아메리카노,10cm(십센치),5.0
제발,이소라,5.0
Je T'aime,해이(Hey),5.0
오빠 나 추워,리미와 감자,5.0
코끝에 겨울,어반 자카파(Urban Zakapa),5.0
그 남자 그 여자,포맨,5.0
아름다운 것,언니네 이발관,5.0
첫눈,한소현,5.0
오래된 노래,김동률,5.0
More Than Words,오션(5tion),5.0
그대가 내게 온 순간 (feat. 아날로그 소년),포니테일(Ponytail),5.0
We Belong Together (feat. 박봄),BIGBANG,5.0
신부에게 (Guitar ver.),유리상자,5.0
날개,언타이틀(Untitle),5.0
그대를 그린다,홀린(Hlin),5.0
기다리다,윤하(Younha/ユンナ),5.0
저녁 하늘,에일리(Ailee),5.0
The Day,멜로 브리즈(Melo' Breeze),5.0
Oh Yeah (feat. 박봄),G-DRAGON,5.0
"안녕, 나의 메리 (Merry My Mary)",김은태,5.0
しあわせの入り江 (행복으로 흐르는 강),Achordion(아코디언),5.0
안녕 나의 사랑,성시경,5.0
그대만 있다면 (어느 멋진 날),러브홀릭(Loveholic),5.0
아침풍경,김건모,5.0
우린 친구가 될 수 없어 ,리사(Lisa),5.0
아침에 느껴지는 은빛 햇살의 정겨움,흠(Heum),5.0
우리 처음 만난 날,김연우,5.0
햇살이 눈부셔 눈물이 난다 (feat. 하림),박선주,4.0
유난히 (feat. 신예원),김진표(JP),4.0
I Promise You,원티드(Wanted),4.0
헤어져,애즈 원(As One),4.0
은하철도의 밤,W(Where The Story Ends),4.0
두 바퀴로 가는 자동차,김광석,4.0
천일동안,케이윌(K.Will),4.0
사랑에 빠져본 적 있나요 (With Ra.D) (Acoustic ver.),스탠딩 에그(Standing Egg),4.0
우연한 여행의 첫사랑,메이랜드(Mayland),4.0
Mr.Chu (On Stage),에이핑크(Apink),4.0
My Angel My Light,SMTown,4.0
라스트 크리스마스,YB,4.0
사랑... 다 거짓말,린(LYn),4.0
따뜻해 (Sweet Christmas),하늘해,4.0
괜찮을 것 같아,쿨(COOL),4.0
"Oh, My Love",S.E.S.,4.0
On & On,동방신기(TVXQ!),4.0
천 개의 태양,캐스커(Casker),4.0
우울한 편지,나얼(Na-Ul),4.0
처음 해 본 사랑,셰인(Shayne),4.0
당신만이,벗님들,4.0
사랑... 그게 뭔데,양파,4.0
고백 (Produced By Vibe 윤민수),포맨,4.0
...사랑하나요!?,이승환,4.0
혼자만의 사랑,김건모,4.0
Capuccino,장세용,4.0
보이지 않는 사랑,신승훈,4.0
"묶은머리 여자가 예뻐 (feat. J-Kwondo, Benny Shine)",돕선(Dopesun),4.0
Suddenly,제이워크(J-Walk),4.0
831 8,제이(J.ae),4.0
十二夜,애즈 원(As One),4.0
佳人(가인),나윤권,4.0
좋아해,요조(Yozoh),4.0
The Castle Of Zoltar,박효신,4.0
벗,카니발(Carnival),4.0
좋아요~,불독맨션(Bulldogmansion),4.0
Winter love,서연,4.0
백야,넬(Nell),4.0
"조금씩, 천천히, 너에게 (With 타루)",노리플라이(no reply),4.0
미친듯이 (Acustic ver.),베니(Venny),4.0
2 Different Tears,원더걸스(Wonder Girls),4.0
12월의 로망스,유리상자,4.0
White Carol (feat. 데프콘 & 수성),파스텔블루(Pastel Blue),4.0
Triste,남경윤,4.0
01월 10일,브로콜리너마저,4.0
What If,슈퍼주니어(Super Junior),4.0
바본가봐,아이비(IVY),4.0
UGLY,투애니원(2NE1),4.0
We Wish You A Merry Christmas,빅마마(Big Mama),4.0
Waiting For You,내일 (2011),4.0
회상,산울림,4.0
일년전에,장현승 [비스트],4.0
음음음,박진영,4.0
Always,팀(Tim),4.0
Rainy Day,미씽 아일랜드(Missing Island),4.0
겨울의 끝,수상한 커튼,4.0
사라지지 말아요,디어 클라우드(Dear Cloud),4.0
혼자 있는 시간,토이(Toy),4.0
이러지마 제발 (Please Don't...),케이윌(K.Will),4.0
만년설,서영은,4.0
Brunch,가인 [브라운아이드걸스],4.0
비와 당신의 이야기,부활,4.0
사랑인가요,박새별,4.0
Sanu (사랑느낌 #3),스윗소로우(SWEET SORROW),4.0
검은 고양이,터보(Turbo),4.0
Because Of You,브라운 아이드 소울(Brown Eyed Soul),4.0
Sera (In Las Vegas),더 클래식(The Classic),4.0
머리를 자르고,데이라이트(Daylight),4.0
이화동 (duet with 한희정),에피톤 프로젝트(Epitone Project),4.0
Sketch 1,에피톤 프로젝트(Epitone Project),4.0
Beautiful (feat. 한소현 Of 3Rd Coast),선데이 선셋(Sunday Sunset),4.0
Be My Baby,비욘드(Beyond),4.0
Baby Good Night,G-DRAGON,4.0
가질 수 없는 너,현빈,4.0
Amen,이소라,4.0
가지마 가지마,브라운 아이즈(Brown Eyes),4.0
일년을 겨울에 살아,브라이언(Brian),4.0
Dreams Come True,S.E.S.,4.0
달을 녹이네,좋아서 하는 밴드,4.0
나의 외로움이 너를 부를 때,성시경,4.0
살다가 한번쯤,포맨,4.0
He And She,DJ 소울스케이프(DJ Soulscape),4.0
기대해,걸스데이(Girl's Day),4.0
어쩌면 너를,윤상,4.0
Girl Talk,김윤아,4.0
투명인간,손담비,4.0
출발,김동률,4.0
Hey Girl,팀(Tim),4.0
눈물 나는 날에는,SG워너비,4.0
얼음 산책,넬(Nell),4.0
새벽,유희열,4.0
눈물이 안났어,임정희,4.0
그립다,김연우,4.0
하늘만 허락한 사랑 (Remake),티아(Tia) ,4.0
꿈을 모아서,S.E.S.,4.0
Love Valentine,어쿠스틱 콜라보(Acoustic Collabo),4.0
슈퍼스타,이한철,4.0
사랑했나봐,윤도현,4.0
사랑해요 당신이 날 생각하지 않는 시간에도 (Unplugged ver.),유엔(UN),4.0
Good Love (feat. BSK A.k.a 김범수),다이나믹 듀오(Dynamic Duo),4.0
생활의 발견,박정현,4.0
그랬으면... (feat. 윤건),왁스(Wax),4.0
세가지 소원,이승환,4.0
꿈 속의 멜로디,데이브레이크(daybreak),4.0
너를 사랑해 (feat. 하대환),S.E.S.,4.0
꿈,보보(Bobo),4.0
너에게 간다,윤종신,4.0
너에게 모자란 나,임창정,4.0
"소박했던, 행복했던... (feat. 성시경)",토이(Toy),4.0
너와 같은 별을 보며,알레그로(Allegrow),4.0
Love,S.E.S.,4.0
기적 (duet with 이소은),김동률,4.0
피우든 마시든,김범수,4.0
출국(出國),하림,4.0
넋,40(포티),4.0
안아줘,정준일 [메이트],4.0
Goodbye (Original Mix),라디(Ra.D),4.0
너는 아름답다,이은미,4.0
안부 (duet with 나윤권),별,4.0
송년회,이지영,4.0
어느날 오후,정원영,4.0
Magic Body,포맨,4.0
그리워져,백청강,4.0
I Know (feat. 오지은),프렐류드(Prelude),4.0
나의 고백,자화상,4.0
연인선언 (With 성유리),팀(Tim),4.0
열 (feat. Tablo),이정,4.0
난 그댈 보면서 (duet with 이소라),조규찬,4.0
내 사람,휘성,4.0
난 좋아,성시경,4.0
Falling,존 박(John Park),4.0
열흘만,제이(J.ae),4.0
그대라면,알렉스(Alex) [클래지콰이],4.0
아끼지 못했던 사랑,솔리드(Solid),4.0
Excuse Me (Piano feat. 지호),브랜뉴직(Brand Newjiq),4.0
Metro (Acoustic),Glen Check(글렌체크),4.0
그대가 있어서,스윗소로우(SWEET SORROW),4.0
I'm Your Girl,S.E.S.,4.0
Everything N Nothing,더 멜로디(The Melody),4.0
다시... 사랑합니다 (Love Again) (Song By 규현) ,S.M. The Ballad '제규종지',4.0
하얀 눈,채연,4.0
썸데이 (싱글파파는 열애중 OST 삽입곡),김동희,4.0
I'm Missing You,휘성,4.0
시시콜콜한 이야기,이소라,4.0
Just A Feeling (Original Ver.),S.E.S.,4.0
Like A Star (feat. 최아롬 From 버블시스터즈),박효신,4.0
니가 참 좋아,쥬얼리(Jewelry),4.0
나비효과,신승훈,4.0
나쁘고 아픈 나,다비치,4.0
그대만이 (MBC '우리 결혼했어요' 알렉스 & 신애 테마곡),김종욱,4.0
그대와 같아,주영(JooYoung),4.0
For You (돌아가줘),브라운 아이즈(Brown Eyes),4.0
Memories,앤(Ann),4.0
Fly Away,장윤주,4.0
First Minor (Piano ver.),서연,4.0
다시,지오디(god),4.0
사랑해도 헤어질 수 있다면...,신승훈,4.0
I Can't,2PM,4.0
아침 눈물,아이유(IU),3.0
키스미,참깨와 솜사탕,3.0
손대지마,에일리(Ailee),3.0
환희,싸이(Psy),3.0
잠 못 드는 밤 비는 내리고 (박광현 <잠도 오지 않는 밤에> 삽입),김건모,3.0
알아요,양파,3.0
축하하오 기쁜 성탄,유아시대,3.0
소월에게 묻기를,윤상,3.0
봄이다 (임수정 주연 화장품 CF '비욘드' 배경음악),두번째 달,3.0
배웅,윤종신,3.0
아침,위퍼(Weeper),3.0
아니라기에,2AM,3.0
좋아합니다,디에스 커넥션(DS_Connexion),3.0
흰눈에 쌓인 이 거리에서...,엠씨 더 맥스(M.C the Max),3.0
파랑새,와이낫?(Ynot?),3.0
아름다운 날들,장혜진,3.0
별사탕 (feat. Bumkey),이루펀트(Eluphant),3.0
스토커,10cm(십센치),3.0
아직도 그대가 익숙해,디어 클라우드(Dear Cloud),3.0
자기야 여보야 사랑아,린(LYn),3.0
"잘 지내자, 안녕",스윗바이러스(Sweet Virus),3.0
좋은 사람 만나요 (feat. 환희),메이비(MayBee),3.0
보고만 있어도 좋은걸,에스프레소(Espresso),3.0
잊어야 한다는 마음으로,김광석,3.0
"반짝이는 밤, 메리 크리스마스",디어 클라우드(Dear Cloud),3.0
안녕하세요,삐삐밴드,3.0
친구,박혜민,3.0
회상 (feat. 백지영),리쌍(Leessang),3.0
흐린 가을 하늘에 편지를 써,김광석,3.0
사랑하는 일,성시경,3.0
인연 (동녘바람),이선희,3.0
"소녀, 사랑을 만나다 (With 소녀시대 티파니)",케이윌(K.Will),3.0
첫눈이 온다구요,손승연,3.0
얼음요새,디어 클라우드(Dear Cloud),3.0
에구구구,요조(Yozoh),3.0
해요,정인호,3.0
여자는 울고 (Women Shed Tears),바다,3.0
할머니의 마음은 바다처럼 넓어라,루시드 폴(Lucid Fall),3.0
한여름밤의 꿀,산이(San E),3.0
사랑은 맛있다 ♡,휘성,3.0
사랑은 사랑이...,빈티지 블루(Vintage Blue),3.0
사랑은 어디로,이적,3.0
우린 같은 꿈을 꾼 거야,공일오비(015B),3.0
사랑을 시작하다,에코 브릿지(Eco bridge),3.0
우리의 대화는 섬과 섬 사이의 심해처럼 알 수 없는 짧은 단어들로 이루어지고 있었다,푸른새벽,3.0
우리가 세상을 살아가는 법 (feat. Friends),김동률,3.0
하루에 몇 번씩,이영현,3.0
요즘 너 말야,제이레빗(J Rabbit),3.0
외줄타기,루시드 폴(Lucid Fall),3.0
하얀 입맞춤,솔비,3.0
사랑의 인사,씨야(SeeYa),3.0
사랑이 떠나가네,김건모,3.0
첫날의 약속,이승환,3.0
영원한 여름,몽니(Monni),3.0
오늘 헤어졌어요,윤하(Younha/ユンナ),3.0
예뻐요,스윗소로우(SWEET SORROW),3.0
예뻐할께 (feat. MC한길),타루(Taru),3.0
행복한 나를,홍경민,3.0
행복한 나를 (feat. 존박),허각,3.0
얼음벌레 (Ice Bug),바닐라 어쿠스틱(Vanilla Acoustic),3.0
선물 Part 1 (Melody...),토이(Toy),3.0
불러,차가운 체리(Cold Cherry),3.0
애원,이승환,3.0
애인... 있어요,이은미,3.0
앵무새,하울(HowL),3.0
세상에 눈이 내리면 (With 소울스타),라이머(Rhymer),3.0
비오는 압구정,브라운 아이즈(Brown Eyes),3.0
이뻐요,윤건,3.0
어느 60대 노부부 이야기,김광석,3.0
비처럼 음악처럼,김현식,3.0
진실 게임,마로니에(Maronnier),3.0
빗물이 내려서 ,김태우,3.0
사랑하긴 했었나요,리사(Lisa),3.0
처음 그 느낌처럼,신승훈,3.0
진혼,야다(Yada),3.0
빛 (Hope),H.O.T.,3.0
서시,신성우,3.0
초원사진관,신나는섬,3.0
상실의 계절,김경호,3.0
어떻게 한번을 안 마주치니,정슬기,3.0
사랑 그 쓸쓸함에 대하여,이수영,3.0
창문을 열어놓고,별,3.0
은행나무,하찌와 TJ,3.0
상상막차(想像終車),허민,3.0
언젠가는,이상은(Lee Tzsche),3.0
초콜릿 트러플 (Unplugged ver.),클래지콰이(Clazziquai),3.0
두근두근 이겨울,바닐라 어쿠스틱(Vanilla Acoustic),3.0
그것만으로...,앤(Ann),3.0
"Hawaian Couple (영화 '내 사랑' 주제곡, 에뛰드 복숭아송 원곡)",허밍 어반 스테레오(Humming Urban Stereo),3.0
Coffeetalgia (duet with 성시경),해이(Hey),3.0
고백,박혜경,3.0
너 사용법,에디킴,3.0
Rainy Day,건휘,3.0
Heaven,김현성,3.0
고양이와의 대화,로지 피피(RossyPP),3.0
고요한 밤 거룩한 밤,유아시대,3.0
Cream,정기고(Junggigo),3.0
기억의 습작,김동률,3.0
R.P.G. Shine (SK브로드밴드 광고 삽입 원곡),W & Whale(더블유 앤 웨일),3.0
R.P.G. (Rocket Punch Generation),W & Whale(더블유 앤 웨일),3.0
광화문 연가,이문세,3.0
돌아와요 부산항에,조용필,3.0
Love Is A Song,DJ 소울스케이프(DJ Soulscape),3.0
One Shot (feat. 주석),윤하(Younha/ユンナ),3.0
기다립니다 (feat. 조원선),토이(Toy),3.0
너 때문에,브라운 아이즈(Brown Eyes),3.0
두번째 느낌 (첫느낌 2) (With Vasco & Marco) (feat. 서연),지기 펠라즈(Jiggy Fellaz),3.0
Secret Of 4 Card (십이월 이십사일 밤에),가비퀸즈(Gavy Queens),3.0
내가 이렇지 (feat. 하동균),지아(Zia),3.0
마주치고 나서,주(Joo),3.0
겨울연가(戀歌),정시로 [뱅크],3.0
마음으로 하는 말 (feat. Hanyi),프리 스타일(Free Style),3.0
내가 바라는 나,이승환,3.0
겨울이 오는길에,예민,3.0
겨울이 와도,코나(Kona),3.0
로맨틱하게,블락비(Block B),3.0
겨울잠 자는 아이,구피(Goofy),3.0
두사람,성시경,3.0
뜨거운 안녕 (Vocal By 이지형),토이(Toy),3.0
Heaven,에일리(Ailee),3.0
그대만 있다면,일기예보,3.0
River,어반 자카파(Urban Zakapa),3.0
Christmas Carol (제1탄 크리스마스 트리의 신비한 힘),루싸이트 토끼,3.0
드디어 만났다 (feat. Junggigo),팔로알토(Paloalto),3.0
고맙다 (Accoustic ver.),더블에스501(SS501),3.0
"Love Is Coffee (feat. 이지혜, 진웅)",하루(Haroo),3.0
당신만이,김건모,3.0
너를 사랑해,한동준,3.0
눈사람,에니악(Eniac),3.0
그대 고운 내사랑,이정열,3.0
니까짓게,씨스타(Sistar),3.0
그런 날이 오겠죠,신승훈,3.0
그대 내품에,유재하,3.0
넌 그날 (feat. 유인나),허밍 어반 스테레오(Humming Urban Stereo),3.0
Gift,박효신,3.0
Fiction,비스트(Beast),3.0
넌 어떠니?! (feat. 유희열),조규찬,3.0
"그 때, 우리는",보드카 레인(Vodka Rain),3.0
눈물이 뚝뚝,케이윌(K.Will),3.0
Fill This Night,클래지콰이(Clazziquai),3.0
눈물소리,하동균,3.0
Melancholy Train,에스트래직 비츠(Estraziq Beats) ,3.0
"그대, 모든 짐을 내게 (Vocal By 윤상)",토이(Toy),3.0
Film 2-607,모노리드(Monolead),3.0
그대를 그리다 (KBS 드라마 성균관 스캔들 피아노 테마),윤한(Yoonhan),3.0
Good-Bye Luv..,휘성,3.0
그대,오지은,3.0
그대,브라운 아이드 소울(Brown Eyed Soul),3.0
그녀의 머리카락,바비 킴(Bobby Kim),3.0
담 (Piano ver.),김윤아,3.0
Nothing Better (Guitar ver.),정엽,3.0
기다린 날도 지워질 날도,이승환,3.0
Gypsy Girl (집시 걸),윈터플레이(Winterplay),3.0
New York New York (feat. Taoka Miki From Indigo),우쿨렐레 피크닉(Ukulele Picnic),3.0
Love Is You,케이윌(K.Will),3.0
그해 겨울은,포지션(Position),3.0
달라 (With 태연),김범수,3.0
December (Album ver.),벨 에포크(Belle Epoque),3.0
단발머리 (Short Hair),에이오에이(AOA),3.0
My Style,조pd(ZoPD),3.0
너의 얘기를,미스터 투(Mr.2),3.0
그녀가 처음 울던 날,김광석,3.0
My Foolish Heart,어쿠스틱 콜라보(Acoustic Collabo),3.0
그런가봐요...,브이원 (V.One),3.0
겨울애,테이(Tei),3.0
Chocolate (feat. 동옥),브롤리(Brolly),3.0
殘像(잔상),웅산,3.0
I Go,럼블 피쉬(Rumble Fish),3.0
If I Could Meet Again,푸딩(Pudding),3.0
Your Eyes ,윈터플레이(Winterplay),3.0
Your Name,샤이니(SHINee),3.0
물끄러미 (Piano ver.),지아(Zia),3.0
물고기자리,이안,3.0
나란 사람 (Your Eyes) ,슈퍼주니어(Super Junior),3.0
못다한 한마디...,조성모,3.0
나무,보아(BoA),3.0
All Alone With You,이주미,3.0
날 기다려준 그대곁에 (feat. 노을),박지윤,3.0
나는 나비,YB,3.0
Home Again,권순관,3.0
가리워진 길,유재하,3.0
Baby Bye Bye (베이비 바이 바이),t윤미래,3.0
You'd Be So Nice To Come Home To,재즈홀릭(Jazzholic),3.0
난 행복해,울랄라세션(Ulala Session),3.0
Hug (포옹),동방신기(TVXQ!),3.0
1440,허각,3.0
Trap (feat. Soulstar 이승우),거미,3.0
바람이 불어오는 곳,김광석,3.0
바람에 쓰는 편지,줄라이(July) [뉴에이지],3.0
I Need You (Duet with 허각),지아(Zia),3.0
"...어떻게 지내, 은(恩)?",더필름(The Film),3.0
나의 노래,김광석,3.0
난 스테레오를 꿈꾼다,6月엔 UFO가 온다,3.0
나보다 조금 더 높은 곳에 니가 있을 뿐,신승훈,3.0
White Dream,엠쓰리(M3),3.0
White Dream,임창정,3.0
I Miss You So,t윤미래,3.0
나와 같다면 (김장훈),김연우,3.0
"With U (feat. 범키, 소울다이브)",소울라임(SouLime),3.0
The Bell That Couldn't Jingle,연진,3.0
멀어 (feat. Beenzino),프라이머리(Primary),3.0
누구라도 그러하듯이,이수영,3.0
Soulful Christmas (feat. 화나 & Kebee),더 콰이엇(The Quiett),3.0
겨울,허민,3.0
Someday,아이비(IVY),3.0
Hope (Jong Hyuk Theme),클릭비(Click-B),3.0
겨울 바다,푸른 하늘,3.0
맨발의 청춘,벅(Buck),3.0
매일 그대와 (With 김거지),소울 다이브(Soul Dive),3.0
까만 하늘 너의 눈동자는 (Piano ver.),허민,3.0
꿈속에서... (눈사람의 꿈),팀(Tim),3.0
Break Away (Accoustic ver.) (Bonus Track),빅마마(Big Mama),3.0
Just With U (현호 Solo),아이리쉬 커피(Irish Coffee),3.0
겨울 나그네,터보(Turbo),3.0
거리에서,김광석,3.0
말없이 바라만 봐,40(포티),3.0
기적,김동률,3.0
Snowbound,피리과(Pirigwa),3.0
Story,메이랜드(Mayland),3.0
Because I Love You,윤종신,3.0
애원,코요태,2.0
그런 일은,화요비,2.0
카시오페아 (Cassiopeia) (feat. 임정희),비(Rain),2.0
크레용 (Crayon),G-DRAGON,2.0
어느 가을,한희정,2.0
그런 날에는,어떤날,2.0
기억에서 추억하다,장세용,2.0
Keep Holding U (With 혜성),선민(Sunmin),2.0
"약속 (With 타우, Narr.강별, feat. 소선)",송크라이(SongCry),2.0
Love You (feat. Piano By Eco Bridge),정엽,2.0
기억해줘,이소라,2.0
첫사랑,나비효과,2.0
그땐 미처 알지 못했지,이적,2.0
그래도 될까?,샵(S#arp),2.0
청소,더 레이(The Ray),2.0
기억이란 사랑보다,이문세,2.0
여기보다 어딘가에,하림,2.0
Love Song,에릭남,2.0
길 위,루시드 폴(Lucid Fall),2.0
청춘,산울림,2.0
크리스마스 약속,THEY 2010,2.0
I'm Sorry,파이브(F-IV),2.0
Love Is...,터보(Turbo),2.0
춥다 (feat. 이하이),에픽 하이(Epik High),2.0
그리 쉽게 이별을 말하지 말아요,슈퍼키드(SuperKidd),2.0
애송이의 사랑 (원곡가수 양파),박수진,2.0
나무,노을,2.0
Let Me Say Goodbye,바비 킴(Bobby Kim),2.0
"기억, 마지막 사랑",이은미,2.0
기억 속의 먼 그대에게,박효신,2.0
캐롤메들리 스키장에서 (Remix) ,코요태,2.0
Jewel Song,보아(BoA),2.0
기름 같은걸 끼얹나 (feat. 뎁 & Beenzino),버벌진트(Verbal Jint),2.0
어디서 어떻게 언제쯤 얼마나,달빛요정역전만루홈런,2.0
안부 (feat. 나윤권),별,2.0
어젠 (duet with 환희),송지은 [시크릿],2.0
Love Is All Around (Reprise),어반 자카파(Urban Zakapa),2.0
꿈이었으면 (feat. 스윗소로우),데니안(Ahn Danny),2.0
기다림 (영화 ing 주제곡),이승열,2.0
나 왜 헤어져 (feat. 손호영),혜령,2.0
나 항상 그대를,이선희,2.0
캐롤메들리 Feliznavidad (Remix) ,코요태,2.0
초콜릿,케이윌(K.Will),2.0
Jingle Bell Rock,Mike Goudreau & Friends,2.0
칵테일 사랑,마로니에(Maronnier),2.0
초콜렛군 오렌지양,밀크티(Milktea),2.0
커피를 마시고 (Crystal S. Remix) (Arpeggio ver.),어반 자카파(Urban Zakapa),2.0
얼마나 좋을까,루나플라이(Lunafly),2.0
금요일의 Blues,클래지콰이(Clazziquai),2.0
그의 지금은 (feat. 김태헌),페일그레이(Pale Grey),2.0
캐롤메들리 루돌프 사슴코 (Remix) ,코요태,2.0
그럴 때마다 (inst.),유희열,2.0
Left Lady,흑꼬,2.0
"쿠키, 커피",바닐라 어쿠스틱(Vanilla Acoustic),2.0
취중진담(醉中眞談),전람회,2.0
우리 모두에게 행운이 함께 하길,오태호,2.0
연인들의 겨울,Ab 에비뉴,2.0
이별이 오지 못하게,페이지(Page),2.0
가지마.. 가지마.. 가지마..,원티드(Wanted),2.0
Stay,사비나앤드론즈(Savina & Drones),2.0
인생은 알 수가 없어 (핫초코),좋아서 하는 밴드,2.0
같이 있어줘 (With 화요비),태하,2.0
이젠,달파란,2.0
이제 막 시작된 이야기 (The Story Has Just Begun),동방신기(TVXQ!),2.0
이제 다시,메이트(Mate),2.0
거위의 꿈,인순이,2.0
이별후 듣는 노래,스윙체어(Swingchair),2.0
Snowberry,미스티 블루(Misty Blue),2.0
Snow (눈 내리는 밤) (feat. Jhalo & Jaecheon),팔로(FarLaw),2.0
Lover's Theme,윈디시티(Windy City),2.0
Shock,비스트(Beast),2.0
겨울나비,화요비,2.0
지난 겨울 (feat. 엄정화) (Christmas ver.),김장훈,2.0
겨울비,김종서,2.0
이름 없는 거리 이름 없는 우리,이아립,2.0
겨울아이,빅마마(Big Mama),2.0
Sad Christmas,업타운(UPT),2.0
지운 얼굴;Familiar Face,비(Rain),2.0
이 노랠 빌려서 (feat. 이로울 & 아이린),디셈버(December),2.0
Rose,이하이,2.0
가시나무,시인과 촌장,2.0
가슴이 뛴다,케이윌(K.Will),2.0
가슴 아파도,플라이 투 더 스카이(Fly To The Sky),2.0
가수가 된 이유,신용재 [4men],2.0
조조 할인 (duet with 이적),이문세,2.0
True Romance (feat. T),드렁큰 타이거(Drunken Tiger),2.0
To My Grandfather,네스티요나(Nastyona),2.0
Whale Song,W & Whale(더블유 앤 웨일),2.0
좋아 좋아,서영은,2.0
재회,어반 자카파(Urban Zakapa),2.0
잠든 널 포켓속에 (House),솔리드(Solid),2.0
잘지내,정엽,2.0
X-Love,엠씨 더 맥스(M.C the Max),2.0
잘못 (feat. 성시경),박지윤,2.0
잘가요,정재욱,2.0
You Are My Lady,정엽,2.0
잘 지내나요,성시경,2.0
좋은 날,새바람이 오는 그늘,2.0
少年(소년),윤상,2.0
잊혀질 때까지,클린치(Clinch),2.0
잊혀지다 (feat. 양다일),정키(Jung Key),2.0
Super Lady (feat. Bumkey Of 2Wins),슈프림팀(Supreme Team),2.0
잊었니...,t윤미래,2.0
일어나,김광석,2.0
좋은하루 (feat. Elena),러브피쉬 프로젝트(LoveFish_Project),2.0
결국... 흔해 빠진 사랑얘기,윤상,2.0
으쌰! 으쌰!,신화,2.0
집으로 돌아가는 길,박지혜 [인디],2.0
"그 자리에, 그 시간에",성시경,2.0
나이,윤종신,2.0
외워 두세요,성시경,2.0
My Story,브라운 아이드 소울(Brown Eyed Soul),2.0
왜 모르니,별,2.0
그게 사랑이었어,박정은,2.0
그녀와의 이별,김현정,2.0
Mr.Chu,에이핑크(Apink),2.0
오늘은 휴일입니다,한희정,2.0
Moon River,화요비,2.0
오늘밤은,이장혁,2.0
그대 맘도 나와 같다면 (Melody),S.E.S.,2.0
오늘 참 아프다,별,2.0
오늘 서울은 하루종일 맑음 (Vocal By 윤하),토이(Toy),2.0
Moon Lover,블록(Block),2.0
"오, 사랑",루시드 폴(Lucid Fall),2.0
오 필승 코리아 (윤도현밴드),Unknown,2.0
오 나의 여신님,성시경,2.0
MONSTER,BIGBANG,2.0
그대가 이 세상에 있는 것만으로,한동준,2.0
첫눈이 오면,이지연,2.0
염장송 (With 정민경),한민규,2.0
Never Mind,빅마마(Big Mama),2.0
NoNoNo,에이핑크(Apink),2.0
"징글징글 (feat. 마리오, 에이맨)",포미닛(4minute),2.0
철부지 (Vocal By SoulOne),스테이튠(Stay Tune),2.0
Ribbon In The Sky,나얼(Na-Ul),2.0
위로,김사랑,2.0
차우차우 (feat. Bizzy),윤건,2.0
찻잔,산울림,2.0
운명,쿨(COOL),2.0
Rain Drop,아이유(IU),2.0
고해소(告解所)에서,전람회,2.0
"Quando, Quando, Quando",윈터플레이(Winterplay),2.0
괜찮아,베란다 프로젝트(Verandah Project),2.0
우리의 밤,정준일 [메이트],2.0
귤,요조(Yozoh),2.0
Please (Special Edit),플라워(Flower),2.0
우리가 이별할 때 (duet with 백지영),소울스타(Soulstar),2.0
그 겨울,더 씨야(The Seeya),2.0
우리 지금 만나 (feat. 장기하와 얼굴들),리쌍(Leessang),2.0
우리 이렇게 서로 스쳐 보내면 (Wtih 박선주),쿨(COOL),2.0
우리 산책할까요?,조규만,2.0
그 때,듀스(Deux),2.0
On & On,써드코스트(3rd Coast),2.0
천일동안,이승환,2.0
Nobody,원더걸스(Wonder Girls),2.0
아무것도 아닌 이야기,성시경,2.0
I Need You,허각,2.0
조금 다르다는 이유로,NY 물고기,2.0
Bubble Love (With 서인영),MC 몽,2.0
사랑했었다 (feat. 박완규) (Original ver.),파스텔블루(Pastel Blue),2.0
눈이 마주친 하늘,이지형,2.0
Feeling You (feat. 샛별),키비(Kebee) [이루펀트],2.0
Everyday,소울원(Soul One),2.0
Bon Voyage (Vocal By 조원선),토이(Toy),2.0
비가 오는 날엔,비스트(Beast),2.0
매일 그대와 ('응답하라 1988' 삽입곡),들국화,2.0
Broken Toys,에픽 하이(Epik High),2.0
사랑합니다,이재훈 ,2.0
눈물에 피는 꽃,지서련,2.0
다만,이승환,2.0
Devil's Candy (2010 Remastered),디즈(Deez),2.0
다섯시 반,브로콜리너마저,2.0
혼자가 아닌 나,서영은,2.0
비의 랩소디 (Live),최재훈,2.0
"December, Sake",마이노스 인 뉴올(Minos In Nuol),2.0
사랑한다는 말 (duet with 알렉스),제이(J.ae),2.0
December Song,장세용,2.0
하얀 거리에서 (feat. Soulman),노블레스(Noblesse),2.0
산책,흐른,2.0
다시 태어나도 (duet with 에스더),김돈규,2.0
화분 (커피프린스 1호점),러브홀릭(Loveholic),2.0
면도,브이원 (V.One),2.0
Baby,소울원(Soul One),2.0
널 보내도 (feat. 균성 From '노을'),길건,2.0
Free Style,서태지와 아이들,2.0
멍청이,나윤권,2.0
하늘을 달리다,허각,2.0
라떼처럼,윤건,2.0
하루,박혜경,2.0
새벽비,김두수,2.0
붉은 달 (feat. 소히),클로버(Clover) [남성솔로],2.0
새로운 아침,토마스 쿡(Thomas Cook),2.0
부서진 동네 (feat. Lucid Fall),리쌍(Leessang),2.0
하루 (feat. 린),옥수사진관,2.0
Bike Riding,베란다 프로젝트(Verandah Project),2.0
눈 내리던 겨울밤,김범수,2.0
눈내리는 날,언타이틀(Untitle),2.0
먼 곳에서,박효신,2.0
눈물만 눈물만,왁스(Wax),2.0
다시 시작해보자,김동률,2.0
하쿠나마타타,세렝게티(Serengeti),2.0
명륜동,재주소년,2.0
마법의 성,이승환,2.0
사랑을 믿어요,아이유(IU),2.0
사랑은 한 잔의 소주,조정치,2.0
사랑은 은하수 다방에서,10cm(십센치),2.0
사랑은 유리같은 것,원준희,2.0
동야동조(冬夜冬朝),김현철,2.0
동화(冬話)... Where The Snow Falls,한충완,2.0
헤어지자고..,주형진,2.0
Coming Home,사이포디아즈(Psypodias),2.0
해피엔딩,이승기,2.0
사랑을 아직도 난,DJ DOC,2.0
루팡 (Lupin),카라(Kara),2.0
두 걸음 걸어요,나윤권,2.0
Christmas Tree (feat. 유지원),Yerim,2.0
Christmas Story,샵(S#arp),2.0
사랑. 틀린이야기,오윤혜,2.0
러브 레시피,거미,2.0
떠나간다,하와이,2.0
떠나는 날의 흥분,유희열,2.0
동경소녀,버스커 버스커(Busker Busker),2.0
동감,나윤권,2.0
비켜줄께,브라운 아이드 소울(Brown Eyed Soul),2.0
마지막 춤은 나와 함께,재주소년,2.0
한 남자,김종국,2.0
나홀로 집에 (Home Alone),CHEEZE,2.0
한번 더 이별,성시경,2.0
달리기 (With 엄지원),SG워너비,2.0
사랑이란,윤상,2.0
"달이 차오른다, 가자",장기하와 얼굴들,2.0
빈 방,4-49(포포리나인),2.0
형(兄),노라조,2.0
Crush,어반 자카파(Urban Zakapa),2.0
마지막 내게,윤상,2.0
빨간 내복,이문세,2.0
사랑이 내려,이종현 [CNBLUE],2.0
빨래,이적,2.0
할머니와 빨간 스웨터,여행스케치,2.0
Can I Love?,이치원(EachONE),2.0
헨델,엔알지(N.R.G),2.0
마지막 모습,천사(1004),2.0
항상 엔진을 켜둘께,델리 스파이스(Deli Spice),2.0
서울살이,장미여관,2.0
Be My Luv,더 콰이엇(The Quiett),2.0
향기,키비(Kebee) [이루펀트],2.0
씻고 준비해야죠 (duet with 손호영),이현욱,2.0
날 위한 이별,린(LYn),2.0
너 그럴 때면 (Remake ver.),이브(Eve),2.0
별(別),팀(Team),2.0
"씨스루 (feat. Zion.T, 개코 Of 다이나믹듀오)",프라이머리(Primary),2.0
스피드,김건모,2.0
"바람, 그대",성시경,2.0
별,유미,2.0
I Like.. (Original ver.),이치원(EachONE),2.0
슬픈 동화,얀(Yarn),2.0
내가 만일,안치환,2.0
변함없는 나,엠씨 더 맥스(M.C the Max),2.0
타인,영턱스클럽(YTC),2.0
12월 32일,블레스(Bless),2.0
내가 되었으면,노리플라이(no reply),2.0
내 여친,포맨,2.0
슬픈 이야기,이장우,2.0
희망,브라운 아이즈(Brown Eyes),2.0
키스미 달링 (feat. 골드 Of 게리골드스미스),신건,2.0
내 몸은 너를 지웠다 (feat. Enzo.B),리쌍(Leessang),2.0
미친 듯이,2AM,2.0
슬픈인연,나미,2.0
슬픔활용법,김범수,2.0
미쳤나봐,소란(Soran),2.0
내 낡은 서랍 속의 바다,패닉(Panic),2.0
낮에,임창정,2.0
시대유감(時代遺憾),서태지와 아이들,2.0
남자답게,플라이 투 더 스카이(Fly To The Sky),2.0
시작,이승기,2.0
"1991年, 찬바람이 불던 밤....",박효신,2.0
흑백사진,전자양,2.0
너 하나만을 위해,구본승,2.0
"바람, 어디에서 부는지",김연우,2.0
All For You,미카엘 밴드(Michael Band),2.0
소리없는 새벽 (feat. 타루),용원,2.0
아름다운 사실,부활,2.0
보이나요?,루시드 폴(Lucid Fall),2.0
보통날,지오디(god),2.0
너에게 보내는 노래,롤러코스터(Rollercoaster),2.0
폭설 (Piano ver.),네스티요나(Nastyona),2.0
세상끝에서의 시작,김민종,2.0
너에게 ('라디오 스타' MC몽 추천곡),피플 크루(People Crew),2.0
All Of You,주영(JooYoung),2.0
너의 의미,산울림,2.0
성인식,박지윤,2.0
설야,쿨(COOL),2.0
Good Night (Vocal By SoulOne),스테이튠(Stay Tune),2.0
낙서,렌(Len),2.0
낙엽(落葉),김동률,2.0
I Believe (엽기적인 그녀 O.S.T),신승훈,2.0
"소외된 모두, 왼발을 한 보 앞으로!",드렁큰 타이거(Drunken Tiger),2.0
편한가봐,윤하(Younha/ユンナ),2.0
너를 사랑해,S.E.S.,2.0
난 네게 (Acoustik RMX) (feat. Inbar),라디(Ra.D),2.0
난 좋아,정준일 [메이트],2.0
아니라는데 (With 이정),서영은,2.0
편지,채정안,2.0
너는 따뜻해 (Song By 서연),룸메이트(Roommate),2.0
Tonight,터보(Turbo),1.0
Cavatina,Youn Woo Park Trio(박윤우 트리오),1.0
Round & Round,브라운 아이드 소울(Brown Eyed Soul),1.0
좋아보여 (feat. 검정치마),버벌진트(Verbal Jint),1.0
향수,이동원,1.0
...안 되나요... (부제: 화양연화),휘성,1.0
Caramel espreSSo,Caramel espreSSo(카라멜 에스프레소),1.0
조금씩 다가와줘,야광토끼(Neon Bunny),1.0
Time & Life,이은미,1.0
진심 (feat. 임세준),정키(Jung Key),1.0
Tonight,권순관,1.0
The Water Is Wide,Karla Bonoff(칼라 보노프),1.0
지우개,소울스타(Soulstar),1.0
헤어져,김우주,1.0
"12월, 겨울, 바다 (feat. 타인)",디피(DP),1.0
Sunshine,스윗소로우(SWEET SORROW),1.0
1999 사랑 (부제: 흑야애(黑夜愛)),제이벨(J BEL),1.0
The Healing Song,캐스커(Casker),1.0
Amelie,포터블 그루브 나인(Portable Groove 09),1.0
Sweet Sorrow,스윗소로우(SWEET SORROW),1.0
화분 (알렉스 ver.) ('우리 결혼했어요' 삽입곡),알렉스(Alex) [클래지콰이],1.0
"TV를 껐네... (feat. t윤미래, 권정열 Of 10cm)",리쌍(Leessang),1.0
8282,다비치,1.0
후회,윤상,1.0
Teach Me Tonight,웅산,1.0
76-70= ♡ (With 박선주),서지원,1.0
주르륵,휘성,1.0
4월에서 8월까지 (With. AG),키네틱플로우(K-Flow),1.0
Blue Day,브라운 아이드 소울(Brown Eyed Soul),1.0
Stay,넬(Nell),1.0
좋아해줘,검정치마,1.0
That's Nothing,커피소년,1.0
"Bravo, My Life!",봄여름가을겨울,1.0
2번째 고백,먼데이 키즈(Monday Kiz),1.0
2 대 8 (Beatrappa Remix),이범학,1.0
준비된 어깨,소란(Soran),1.0
So Fresh (feat. 김태우) (위대한 캣츠비 OST 삽입곡),MC 몽,1.0
1분만 닥쳐줄래요,넬(Nell),1.0
Butterfly (영화 '국가대표' OST 삽입곡),러브홀릭스(Loveholics),1.0
Bye By Bye,클린치(Clinch),1.0
좋은 사람 증후군,이기찬,1.0
희나리,구창모 ,1.0
혜화동,동물원,1.0
좋아하지도 않았으면서...,조혜원,1.0
현아,김범룡,1.0
1:03,넬(Nell),1.0
Day By Day,티아라(T-ara),1.0
Christmas Day,노이즈(Noise),1.0
HUSH,에이핑크(Apink),1.0
티파니에서 아침을,엔알지(N.R.G),1.0
Let It Rain,에픽 하이(Epik High),1.0
Let It Snow,나윤권,1.0
팝콘,데이브레이크(daybreak),1.0
팬이야,자우림(Jaurim),1.0
Lonely Christmas,투빅(2BiC),1.0
Harp Song (Album ver.),센티멘탈 시너리(Sentimental Scenery),1.0
편지,박효신,1.0
Happy Birthday Waltz,스웨덴세탁소,1.0
평범한 사람,루시드 폴(Lucid Fall),1.0
Hello (feat. 인광),스윗바이러스(Sweet Virus),1.0
초컬릿 이야기,하림,1.0
Goodbye,라디(Ra.D),1.0
Good-Night Kiss,전효성 [시크릿],1.0
피아니시모 (Pianissimo),체리필터(Cherry Filter),1.0
초우(初雨) (Cold Rain),트랙스(Trax),1.0
Good Night,스윗소로우(SWEET SORROW),1.0
하늘 끝에서 흘린 눈물,주니퍼(Junyfore),1.0
Gee,소녀시대,1.0
Love Letter,성시경,1.0
투셰모나모 (Touche Mon Amour),윈터플레이(Winterplay),1.0
태양계,성시경,1.0
차가운 커피,먼데이 키즈(Monday Kiz),1.0
I GOT A BOY,소녀시대,1.0
I Will Give You Everything,클래지콰이(Clazziquai),1.0
I Love You,투애니원(2NE1),1.0
Idealistic Real,제이벨(J BEL),1.0
크리스마스 크리스마스,소심한 오빠들(Sosimboys),1.0
콩닥콩닥 (feat. 정광일),슈가버블(Sugar Bubble),1.0
커피한잔의 여유,나윤권,1.0
I Like It,소울스타(Soulstar),1.0
커피를 마시고 (Reprise),어반 자카파(Urban Zakapa),1.0
Intro (이제 어디에),걸(Girl),1.0
커피 한잔 하실래요 (feat. 히나인),원써겐(1sagain),1.0
친구,S.E.S.,1.0
I Don't Wanna Talk About It,Julienne Taylor(줄리언 테일러),1.0
I Do I Do,시크릿(Secret),1.0
Hunnit (Original ver.),도끼(Dok2),1.0
크림샤워,벨 에포크(Belle Epoque),1.0
클렌징크림,브라운 아이드 걸스,1.0
카페에 앉아,원 모어 찬스(one more chance),1.0
J에게,이승기,1.0
LOVE,백재아,1.0
Last Arpeggios (드라마 '커피프린스 1호점' 삽입곡),푸른새벽,1.0
하늘땅 별땅,비비(B.B),1.0
GRACE,이수영,1.0
Love Song (Rearranged),차가운 체리(Cold Cherry),1.0
해바라기,박상민,1.0
Day By Day,애즈 원(As One),1.0
Dancing Queen,크레용팝(Crayon Pop),1.0
Daily Daily,제국의아이들[ZE:A],1.0
Crying,플라워(Flower),1.0
On My Way (feat. Zion.T),도끼(Dok2),1.0
Once I Loved,웅산,1.0
Crispy Paradise,고은(Goeun),1.0
One,동방신기(TVXQ!),1.0
함께 (duet with 김건모),박광현,1.0
Promise U,바이브(Vibe),1.0
Love Song (duet with Lyn),팀(Tim),1.0
창밖은 겨울,캐스커(Casker),1.0
창문너머 어렴풋이 옛 생각이 나겠지요,산울림,1.0
해변의 아침,박경환,1.0
Crazy For You,유엔(UN),1.0
Come To Me,썸피플(Sumpeople),1.0
Rainy Day,하상규,1.0
Rewind (feat. 한나),노을,1.0
차라의 숲,러브홀릭(Loveholic),1.0
행복을 주는 사람 ,프리 스타일(Free Style),1.0
한번만,타이키즈(Tykeys),1.0
학수 고대했던 날,백현진,1.0
하얀밤에,젝스키스(Sechs Kies),1.0
My Song,박선주,1.0
For Love Of The Game (inst.),CMYK(씨엠와이케이),1.0
Lovey-Dovey,티아라(T-ara),1.0
Fly,에픽 하이(Epik High),1.0
하루 종일 비가 내렸어,디아(Dia) [키스 & 크라이],1.0
하루 하루 (Radio Edit.),타샤니(Tashannie),1.0
Merry Christmas (feat. Colee),하우스 룰즈(House Rulez),1.0
Fat Girl (45RPM),DJ DOC,1.0
첫눈에 반하다,성시경,1.0
Evergreen,Susan Jacks(수잔 잭스),1.0
하얀 나비,김정호,1.0
첫눈에,윤하(Younha/ユンナ),1.0
Endless,고유진(플라워),1.0
하얀 마법 속삭임,줄리아 하트(Julia Hart),1.0
Electronic Girl (feat. Sugar Flow),허밍 어반 스테레오(Humming Urban Stereo),1.0
Do It..,거미,1.0
My Girl (두근두근 쿵쿵) (With 애즈원),신건,1.0
첫눈 오는 그 날에,달빛요정역전만루홈런,1.0
My Love,머쉬멜로우,1.0
My Love,이승철,1.0
Tonight '우성 Solo',노을,1.0
바보,혜령,1.0
제주도의 푸른 밤,성시경,1.0
눈이 오는 날이면 (With 나희경),셀로판리버(Cellophane River),1.0
사르륵,시크릿(Secret),1.0
삶의 향기 (Soul Flower),t윤미래,1.0
"눈, 코, 입",태양,1.0
상처투성이,먼데이 키즈(Monday Kiz),1.0
상큼한 사랑,쟈크와 래미(Zac & Lemi),1.0
새들처럼,FTISLAND(에프티 아일랜드),1.0
노래할게요 (feat. Christian Kim),박새별,1.0
네 집을 보여줄래,가인 [브라운아이드걸스],1.0
널 차라리 몰랐다면,김연우,1.0
서로 다른 길 (duet with 정재형),린애,1.0
넌 할 수 있어,강산에,1.0
서운한 마음에 (feat. PK헤만),오윤혜,1.0
서쪽 하늘,울랄라세션(Ulala Session),1.0
넌 내꺼 넌 내 남자 (feat. 파니니),마끼아또,1.0
넌 내 애인이고 사랑이고 운명이야,블루베리 [여자],1.0
눈물이 주룩주룩,박정현,1.0
니가 너무,먼데이 키즈(Monday Kiz),1.0
달리 되었더라면,멜로 브리즈(Melo' Breeze),1.0
니가 빈 자리,신용재 [4men],1.0
사랑치,신승훈,1.0
사랑하고 싶었어,엠씨 더 맥스(M.C the Max),1.0
사랑하기 때문에,유재하,1.0
사랑하나요,이승환,1.0
다시 찾은 겨울,장혜진,1.0
사랑한다 사랑해,컬투(Cultwo),1.0
다소,메이비(MayBee),1.0
사랑할 땐 몰랐던 것들,성시경,1.0
다른 안녕,이석훈 [SG워너비],1.0
사랑해,김우주,1.0
사랑해,민경훈,1.0
사랑해 (feat. 윤은혜),마이티 마우스(Mighty Mouth),1.0
사랑해 U,서인국,1.0
니가 좋아 (얼짱시대 3 O.S.T) ,유사라,1.0
사랑해 사랑해,2AM,1.0
너의 의미 (feat. 김창완),아이유(IU),1.0
설렘주의,NS Yoon-G ,1.0
성메,한희정,1.0
너와 나의 프롤로그 (With Deb),나루(Naru) [솔루션스],1.0
슬픈 다짐,다비치,1.0
슬픈 다짐,서엘(SEOEL),1.0
슬픈 바보,민경훈,1.0
슬픈 사랑의 노래 (duet with 이소은),김연우,1.0
내 사람,SG워너비,1.0
내 마음에 비친 내 모습,유재하,1.0
습관 (Bye Bye),롤러코스터(Rollercoaster),1.0
시간이 흘러가도,비비안(BBAhn),1.0
시작,박기영,1.0
날개,못(Mot),1.0
시작되는 연인들을 위해 (With 이수영),이정봉(Lee Jung Bong),1.0
싫어서,제이제이(JJ) [여성],1.0
심장을 놓쳐서,환희,1.0
싸구려 커피,장기하,1.0
썸 (feat. 릴보이 Of 긱스),소유,1.0
내꺼하자,인피니트(Infinite),1.0
내사랑이기를,베이비복스(Baby V.O.X),1.0
내일을 묻는다 (Album Edit),제이레빗(J Rabbit),1.0
너를 보내고,YB,1.0
세월이 가면,최호섭,1.0
섹시한 남자,스페이스 A(Space A),1.0
너에게 (feat. 김새한길),시로스카이(Shirosky),1.0
소녀를 만나다 (With O'z),조규찬,1.0
소리쳐봐,현진영,1.0
소원,김현성,1.0
너를 너를 너를,플라이 투 더 스카이(Fly To The Sky),1.0
너 없이 안돼 (Acoustic ver.),박재범(Jay Park),1.0
소중한 너 (feat. As one),조규찬,1.0
너도 나처럼,2AM,1.0
너는 왜,철이와 미애,1.0
너는 내 맘속에,마이 앤트 메리(My Aunt Mary),1.0
너가 날 떠나면 안되는 이유 (Feat. 정표),더블케이(Double K),1.0
"수고했어, 오늘도",옥상달빛,1.0
사랑인걸,모세(Mose),1.0
사랑이야,차여울,1.0
난리나,블락비(Block B),1.0
문신처럼 새겨진 너 (사랑에 사랑을 Part.2),와이(Y),1.0
모두에게 크리스마스,성시경,1.0
봄 사랑 벚꽃 말고,하이포(HIGH4),1.0
모닝콜,피터팬 컴플렉스(Peterpan Complex),1.0
멍하니,미쓰 에이(miss A),1.0
봐봐 (feat. 계피),이호석,1.0
멈칫하던 순간,나윤권,1.0
부디,브이오에스(V.O.S.),1.0
부치지 않은 편지,김광석,1.0
먼 훗날 언젠가 (Original Ver.),넥스트(N.EX.T),1.0
먼 길을 돌아온 뒤,이적,1.0
머물고 싶은 순간,11월,1.0
맹세,렉시(Lexy),1.0
비겁한 애견생활,이승환,1.0
매력쟁이 (feat. MC 몽),린(LYn),1.0
비와 당신 (KBS 주말드라마 '부탁해요 엄마' 삽입곡),럼블 피쉬(Rumble Fish),1.0
보통여자,린(LYn),1.0
별총총,하찌와 TJ,1.0
당부,루그(Lug),1.0
별처럼 (duet with 태연 Of 소녀시대),더 원(The One),1.0
바람이 불어오는 곳,알리(Ali),1.0
발걸음,에메랄드 캐슬(Emerald Castle),1.0
방안에서,이보람 [씨야],1.0
바람,로로스(Loro's),1.0
바다 앞 언덕에,소규모 아카시아 밴드,1.0
백수가,허각,1.0
미치겠어,틴 탑(Teen Top),1.0
미워하자,박효신,1.0
미워서 (feat. 수호),솔지 [EXID],1.0
미쓰코리아,자우림(Jaurim),1.0
미소를 띄우며 나를 보낸 그 모습처럼,이은하,1.0
미로,엠씨 더 맥스(M.C the Max),1.0
물망초,장나라,1.0
별을 세던 아이는,정원영,1.0
별처럼,태연 (Taeyeon),1.0
매듭,이적,1.0
비울음,G.고릴라,1.0
비정(非情),김경호,1.0
말도 안돼 (개인의 취향 O.S.T),윤하(Younha/ユンナ),1.0
된장찌개를 좋아해,박정은,1.0
사랑은 그런 것,심현보,1.0
되돌아온 이별,김현정,1.0
동화(同化),성시경,1.0
사랑은 비를 타고,이승우 [소울스타],1.0
동네 한 바퀴,윤종신,1.0
돈이 많이 생기면,지아(Zia),1.0
독 (feat. E-Sens Of 슈프림팀),프라이머리(Primary),1.0
데이트,린(LYn),1.0
대낮에 한 이별 (feat. 선예 Of Wonder Girls),박진영,1.0
사랑이 고프다 (I Promise You),박효신,1.0
사랑이 다 그렇지,렌(Len),1.0
당신은 모르실거야,핑클(Fin.K.L),1.0
당신만이,곽진언,1.0
사랑이 술을 가르쳐 (feat. 백찬 From 8eight),이승기,1.0
사랑으로,해바라기,1.0
사랑에 지치다.. (With 김현정),신건,1.0
두근두근 (Album ver.),이바디(Ibadi),1.0
"사람, 사랑",김범수,1.0
비행기,거북이,1.0
만약에 우리,빌리어코스티(Bily Acoustie),1.0
만약에 말야 (전우성 Solo),노을,1.0
마지막 약속,포지션(Position),1.0
뽀롱뽀롱뽀로로 오프닝 (TV만화 '뽀롱뽀롱뽀로로' 주제가),Unknown,1.0
마지막 거짓말,윤상,1.0
사랑 Two,YB,1.0
둘이서 (feat. 투개월 김예림),M시그널,1.0
마법의 성 (더 클래식) ,YB,1.0
루이 (열혈남아),애즈 원(As One),1.0
떠나지마,FOLEY(폴리),1.0
"떠나는 사람, 남겨진 사람",어반 자카파(Urban Zakapa),1.0
듣는편지,40(포티),1.0
드라마를 보면,별,1.0
난치병(難治病),하림,1.0
아 외로워 (맥심 CF 삽입곡),요조(Yozoh),1.0
Track 9,이소라,1.0
울고 싶어 우는 사람이 있겠어 (Cry Mix),에이트(8Eight),1.0
웃는거야,서영은,1.0
웃어줄래,지아(Zia),1.0
웃음 (duet with Epitone Project),Lucia(심규선),1.0
고백,윤상,1.0
원하던 안 원하던,임창정,1.0
위안,박효신,1.0
고마워 고마워,라디(Ra.D),1.0
"고마운 숨 (feat. 얀키, 봉태규)",타블로(Tablo),1.0
결혼해줘 (duet with 이소은),임창정,1.0
유후,서영은,1.0
음악이 싫어졌어 (With 란),노블레스(Noblesse),1.0
겨울이 지나고 봄이 오듯이,김나영 [여성솔로],1.0
이 길 위에 서서 (feat. 조승우),이영미 [뮤지컬],1.0
이 비를 붙잡을 노래 (우중충 2) (feat. 김혜빈 Of Ebonyhill),돕선앤로직스(Dopesun & LogicX),1.0
이게 사랑이 아니면 (feat. 에일리),버벌진트(Verbal Jint),1.0
고백 (Go Back) (feat. 정인),다이나믹 듀오(Dynamic Duo),1.0
우중충 (이 비가 그치고 나면) (feat. Rhea),돕선앤로직스(Dopesun & LogicX),1.0
그 중에 그대를 만나,이선희,1.0
공원에서,유희열,1.0
욕을 해도,오윤혜,1.0
우리,이병우,1.0
우리 기쁜 날,김장훈,1.0
우리 둘만 아는 얘기,정엽,1.0
바램,노사연,1.0
우리 사랑 이대로 (duet with 이혜진),주영훈,1.0
그 날들처럼,박지윤,1.0
그 겨울의 찻집,엠씨 더 맥스(M.C the Max),1.0
우리가 있던 시간,스웨덴세탁소,1.0
우리는 어쩌면 만약에... (feat. 윤상),토이(Toy),1.0
우리다시 (duet with 김민종),이소라,1.0
귀거래사(歸去來辭),김신우,1.0
괜찮아,김사랑,1.0
우연이 준 선물,영턱스클럽(YTC),1.0
광야에서,김광석,1.0
겨울애(愛),김연우,1.0
이런 남자여서 미안해 (feat. 최정철),블랙 라벨(Black Label) ,1.0
겨울바다,푸른 하늘,1.0
겨울 선물,오션(5tion),1.0
You're My Girl,바이브(Vibe),1.0
작지만 큰 행복,김성재,1.0
You're My,태양,1.0
"잘자, 좋은 꿈 꿔 (feat. Emgee)",젠(Zen),1.0
Who Do You Love,성시경,1.0
White Mail,유영진,1.0
전설속의 누군가처럼,신승훈,1.0
White Christmas & Rockin' Around The Christmas Tree,제이레빗(J Rabbit),1.0
When You Cry When You Smile (With 차지연),김연우,1.0
Wedding Cake,이브(Eve),1.0
Viajante (Traveler / 비아잔떼),푸디토리움(Pudditorium),1.0
Um Amor (& Roberto MEnescal),보싸다방(Bossa Dabang),1.0
True Love (Guitar ver.),강세윤 [액티브],1.0
정말로 사랑한다면,버스커 버스커(Busker Busker),1.0
정원 (New),달에닿아,1.0
자장가,오르프제겐 뮤직,1.0
恨(한) (悲 愛 來),얀(Yarn),1.0
잊혀지는 것들에 대하여,성시경,1.0
개구장이,산울림,1.0
이별은 다 그런거래요,양파,1.0
겨울,정원영,1.0
겨울,M.I.S(Made In Soul) ,1.0
검은 고양이 (2008 Winter ver.),터보(Turbo),1.0
이세상 살아가다 보면,이문세,1.0
거기서거기 (Without You),다이나믹 듀오(Dynamic Duo),1.0
이젠 보낸다,노을,1.0
歸天(귀천),문차일드(Moon Child),1.0
인사 (Vocal By 김연우),토이(Toy),1.0
인연 ('왕의 남자' 버전),이선희,1.0
감기라도 걸릴까,휘성,1.0
가로수 길,박소윤,1.0
잃어버린 시간을 찾아서,양파,1.0
가난한 사랑,김종욱,1.0
그 뻔한 말,정인,1.0
외로움을 기대며,알이에프(R.ef),1.0
난 여자가 있는데,박진영,1.0
나 같은 여자,화요비,1.0
"애벌레 (feat. 부활 정동하, 희아)",원준희,1.0
꿈이라는 건,신성우,1.0
꿈을 모아서 (Just In Love),S.E.S.,1.0
꽃잎,SG워너비,1.0
꽃이 바람에게 전하는 말,박강수,1.0
까탈레나 (Catallena),오렌지캬라멜(Orange Caramel),1.0
까만안경,이루(Eru),1.0
애인이 되어줄께,포스트맨(Postmen),1.0
긴 생머리 그녀 (Miss Right),틴 탑(Teen Top),1.0
야생화,박효신,1.0
약속 (feat. 나윤선),조규찬,1.0
약한 남자,나윤권,1.0
"어느 새벽, 눈을 감을 때",노바소닉(Novasonic),1.0
기억이란 사랑보다,김종국,1.0
어떡하죠 (천국의 나무 O.S.T),신승훈,1.0
꿈일까봐 (SBS 드라마 '나도야 간다' O.S.T.),백지영,1.0
나 어떡해,산울림,1.0
그것만이 내 세상,들국화,1.0
안녕이라고 말하지마,이승철,1.0
아니야,윤하(Younha/ユンナ),1.0
나홀로 뜰 앞에서,김완선,1.0
아버지,이혁 [노라조],1.0
나의 하루,김건모,1.0
나의 꿈속에서,윤상,1.0
나와 둘이,야광토끼(Neon Bunny),1.0
나에게 쓰는 편지,신해철,1.0
나쁜 여자야,FTISLAND(에프티 아일랜드),1.0
나를 외치다,마야(Maya),1.0
나란히 걷기 (feat. J.Q) ,이현 [에이트],1.0
아픈 번호,길 (Of 리쌍),1.0
안녕,부활,1.0
나도 여자랍니다,장나라,1.0
나는 외로움 그대는 그리움,조규찬,1.0
나는 너네 옆집에 살고 싶다,로켓트리(Rockettree),1.0
어떤 약속,김수근,1.0
어떻게 사랑이 그래요,이승환,1.0
기억나지 않는 새로운,제이벨(J BEL),1.0
어제보다 슬픈 오늘,김건모,1.0
영원한 사랑,핑클(Fin.K.L),1.0
그대가 그대를,이승환,1.0
예외,윤사라,1.0
옛이야기,김규민,1.0
그대 아니었다면 (duet with 이승환),양파,1.0
그대 내 맘을,원효로1가 13-25,1.0
그대 그리고 사랑,박지윤,1.0
오늘은 가지마,임세준,1.0
오래된 노래,스탠딩 에그(Standing Egg),1.0
"오빠나빠 (Song By 제시카, 티파니, 서현 Of 소녀시대)",룸메이트(Roommate),1.0
그녀를 사랑해줘요,하동균,1.0
그녀는 날 사랑하지 않아 (Remastering ver.),제이벨(J BEL),1.0
그녀는 날 사랑하지 않아,제이벨(J BEL),1.0
올해의 끝이 올해의 피크,소심한 오빠들(Sosimboys),1.0
완벽한 날 (feat. 아이비),버벌진트(Verbal Jint),1.0
그대를 사랑하는 10가지 이유,이석훈 [SG워너비],1.0
그대를 알고,양파,1.0
연애조건,윤하(Younha/ユンナ),1.0
엄마,라디(Ra.D),1.0
어쩌다 마주친 그대,송골매,1.0
어쩌다...,윤건,1.0
언제나,허각,1.0
기다리는 아픔,조용필,1.0
기다려요,브라운 아이드 소울(Brown Eyed Soul),1.0
금요일에 만나요 (feat. 장이정 Of History),아이유(IU),1.0
그래서 그대는,얀(Yarn),1.0
연애시대 (feat. Ra.D) (Narr. 한효주),이승기,1.0
여자이니까,키스(Kiss),1.0
그래도 사랑이다 (이 죽일 놈의 사랑 O.S.T),신승훈,1.0
여전히 아름답네요 (feat. 권정열 Of 10cm),이루펀트(Eluphant),1.0
여행,제이벨(J BEL),1.0
그대죠 (duet with 신혜성),린(LYn),1.0
그대없이 난 아무것도 아니다,이기찬,1.0
힘 내! (Way To Go),소녀시대,1.0
