﻿Title,Artist,cnt
365일,알리(Ali),49.0
다시 사랑한다 말할까,김동률,47.0
생각이 나,부활,46.0
벌써 일년,브라운 아이즈(Brown Eyes),44.0
보여줄게,에일리(Ailee),42.0
저녁 하늘,에일리(Ailee),42.0
차마...,성시경,39.0
So Cool (쏘쿨),씨스타(Sistar),38.0
뜨거운 안녕 (feat. 성시경),싸이(Psy),36.0
사랑.. 그 놈,바비 킴(Bobby Kim),35.0
정말 사랑했을까,브라운 아이드 소울(Brown Eyed Soul),34.0
귀로,나얼(Na-Ul),33.0
말리꽃,이승철,32.0
기억의 습작,전람회,31.0
날 닮은 너,임창정,31.0
사랑했나봐,윤도현,30.0
Never Ending Story,부활,30.0
사랑한다는 흔한 말,김연우,29.0
연애 (feat. Hanyi),프리 스타일(Free Style),29.0
Officially Missing You,긱스(Geeks),29.0
가로수 그늘 아래 서면,장재인,29.0
죽일 놈 (Guilty),다이나믹 듀오(Dynamic Duo),28.0
갈색머리 (feat. 김연우),윤건,28.0
잔소리 (With 2AM 슬옹),아이유(IU),28.0
강남스타일,싸이(Psy),28.0
살다가,SG워너비,28.0
가끔 미치도록 네가 안고 싶어질 때가 있어,가을방학,28.0
"가을, 다시",데이브레이크(daybreak),28.0
좋을텐데,성시경,28.0
기대,나윤권,27.0
하루 끝,아이유(IU),27.0
광대 (With BMK),리쌍(Leessang),27.0
그리워 그리워,노을,27.0
"너에게 난, 나에게 넌",자전거 탄 풍경,26.0
너랑 나,아이유(IU),26.0
행복하지 말아요,엠씨 더 맥스(M.C the Max),26.0
Rain Drop,아이유(IU),26.0
여전히 아름다운지 (feat. 김연우),토이(Toy),26.0
오래된 노래,김동률,26.0
I Believe (엽기적인 그녀 O.S.T),신승훈,26.0
그땐 미처 알지 못했지,이적,26.0
빨래,이적,25.0
나였으면,나윤권,25.0
추억은 사랑을 닮아,박효신,25.0
어제보다 슬픈 오늘,김건모,25.0
Ballerino(발레리노),리쌍(Leessang),24.0
사랑 안해,백지영,24.0
잘가요,정재욱,24.0
말꼬리 (feat. 정준일 - Mate),윤종신,24.0
헤어지는 중입니다,이은미,24.0
내가 너의 곁에 잠시 살았다는 걸,김연우,24.0
그런 사람 또 없습니다,이승철,23.0
죄와 벌,SG워너비,23.0
I Need You,허각,23.0
멘트 (feat. 개코 Of Dynamic Duo),더블케이(Double K),23.0
그립고 그립고 그립다,케이윌(K.Will),22.0
너를 위해,임재범,22.0
하고 싶은 말,김태우,22.0
하늘을 달리다,이적,22.0
안아줘,정준일 [메이트],22.0
슬픔활용법,김범수,22.0
거리에서,성시경,22.0
그 노래,존 박(John Park),22.0
다행이다,이적,21.0
내 눈물모아,서지원,21.0
사랑... 다 거짓말,린(LYn),21.0
바람이 분다,이소라,21.0
니가 떠나간다,백아연,21.0
늦은 후회,보보(Bobo),21.0
"그대와 나, 설레임 (feat. 소울맨)",어쿠스틱 콜라보(Acoustic Collabo),21.0
술 한잔 해요,지아(Zia),21.0
To Heaven (천국으로 보낸 편지),조성모,20.0
다시 와주라,바이브(Vibe),20.0
내일을 묻는다 (Album Edit),제이레빗(J Rabbit),20.0
Y (Please Tell Me Why),프리 스타일(Free Style),20.0
그댄 행복에 살텐데,리즈(Leeds),20.0
벚꽃 엔딩,버스커 버스커(Busker Busker),20.0
흑백사진,KCM,20.0
그녀를 사랑해줘요,하동균,20.0
출발,김동률,20.0
동경소녀,버스커 버스커(Busker Busker),20.0
"그리고, 남겨진 것들",넬(Nell),20.0
미워도 다시 한번 (Original ver.),바이브(Vibe),19.0
낙원 (feat. 이재훈),싸이(Psy),19.0
아름다운 이별,김건모,19.0
바람이 불어오는 곳,제이레빗(J Rabbit),19.0
가을이 오면,이문세,19.0
홀로 (feat. 김나영),정키(Jung Key),19.0
두사람,성시경,19.0
그날에 우리,어반 자카파(Urban Zakapa),19.0
중독된 사랑,조장혁,19.0
오래전 그날,윤종신,19.0
눈물이 안났어,임정희,19.0
겁쟁이,버즈(Buzz),19.0
잊혀진 계절,서영은,19.0
기대해,걸스데이(Girl's Day),19.0
좋은사람,박효신,19.0
보편적인 노래,브로콜리너마저,18.0
칵테일 사랑,마로니에(Maronnier),18.0
You Are So Beautiful,윤종신,18.0
오늘 헤어졌어요,윤하(Younha/ユンナ),18.0
Lonely,투애니원(2NE1),18.0
가을방학 (Album ver.),가을방학,18.0
Replay,김동률,18.0
아무것도 아닌 듯,백지영,18.0
너에게 쓰는 편지,MC 몽,18.0
고백,델리 스파이스(Deli Spice),18.0
잊었니,에이치(H),18.0
자니 (feat. Dynamic Duo),프라이머리(Primary),18.0
나만 몰랐던 이야기,아이유(IU),18.0
결혼해줘,임창정,18.0
기다리는 이유,임창정,18.0
한여름날의 꿈 (duet with 옥주현),SG워너비,18.0
사랑이 다른 사랑으로 잊혀지네,하림,17.0
그녀가 나를 보네...,브라운 아이즈(Brown Eyes),17.0
기다리다,윤하(Younha/ユンナ),17.0
회상 (feat. 백지영),리쌍(Leessang),17.0
그땐 그땐 그땐,슈프림팀(Supreme Team),17.0
얼음요새,디어 클라우드(Dear Cloud),17.0
Timeless,SG워너비,17.0
Love Affair,임창정,17.0
사랑은 은하수 다방에서,10cm(십센치),17.0
사랑... 그게 뭔데,양파,17.0
미친거니,바이브(Vibe),17.0
늦은 후회,린(LYn),16.0
참고 살아 (be...),다이나믹 듀오(Dynamic Duo),16.0
단 한번 그대를 위한 일,린(LYn),16.0
서쪽 하늘,울랄라세션(Ulala Session),16.0
어떻게 사랑이 그래요,이승환,16.0
나를 사랑했던 사람아,허각,16.0
가을 편지,박효신,16.0
삭제,이승기,16.0
말하는 대로,처진 달팽이(유재석 & 이적),16.0
열흘만,제이(J.ae),16.0
또 한번 사랑은 가고,이기찬,16.0
Memories... (Smiling Tears),t윤미래,16.0
사랑이 늦어서 미안해,김조한,16.0
이화동 (duet with 한희정),에피톤 프로젝트(Epitone Project),16.0
너무 아픈 사랑은 사랑이 아니었음을,김광석,16.0
슬퍼지려 하기 전에,왁스(Wax),16.0
잘못된 만남,김건모,16.0
전부 너였다,노을,16.0
점점,브라운 아이즈(Brown Eyes),16.0
널 생각해,원 모어 찬스(one more chance),15.0
I'm In Love,라디(Ra.D),15.0
감사,김동률,15.0
우리는 선처럼 가만히 누워 (feat. 이상순),요조(Yozoh),15.0
가을이 아프다,에코 브릿지(Eco bridge),15.0
장가갈 수 있을까 (feat. 내리),커피소년,15.0
오랜만이야,임창정,15.0
천년의 사랑,박완규,15.0
그때 또 다시 (Again),임창정,15.0
보통날,지오디(god),15.0
Heaven (feat. MYK),에픽 하이(Epik High),15.0
라라라,SG워너비,15.0
아이처럼,김동률,15.0
"씨스루 (feat. 개코, Zion.T)",프라이머리(Primary),15.0
해줄 수 없는 일,박효신,15.0
애상,쿨(COOL),15.0
"헤어지지 못하는 여자, 떠나가지 못하는 남자 (feat. 정인)",리쌍(Leessang),15.0
체념,빅마마(Big Mama),15.0
슬픈 혼잣말,임창정,15.0
Fiction,비스트(Beast),15.0
커피를 마시고 (Reprise),어반 자카파(Urban Zakapa),15.0
다시 만난 날,휘성,15.0
발걸음,에메랄드 캐슬(Emerald Castle),15.0
내 사람,SG워너비,14.0
Only One,보아(BoA),14.0
로맨틱 겨울 (feat. 김진호 Of SG워너비),김진표(JP),14.0
아름다운 날들,장혜진,14.0
나에게로 떠나는 여행,버즈(Buzz),14.0
바보,김건모,14.0
영원한 건 없지만,로이킴,14.0
겁이 나서 (With 백지영),나윤권,14.0
시간이 달라서,스탠딩 에그(Standing Egg),14.0
소월에게 묻기를,윤상,14.0
자꾸 눈물이 납니다,알리(Ali),14.0
없는게 메리트,옥상달빛,14.0
사랑하기 좋은 계절,이지영,14.0
가을에 (10월 1일),소울스타(Soulstar),14.0
말하고 싶은 게 있어 (Spring ver.),랄라스윗(lalasweet),14.0
Thank You And I Love You,신해철,14.0
Feelings,Morris Albert(모리스 알버트),14.0
바질 (feat. BrotherSu),매드 클라운(Mad Clown),14.0
가을남자,정인,14.0
미안해,전소영,14.0
Night And Day,에코 브릿지(Eco bridge),14.0
Ex,폴킴(Paul Kim),14.0
가을이 오면,서영은,14.0
소주한잔,임창정,14.0
언제까지나 (duet with Lisa),성훈 [Brown Eyed Soul],14.0
작은 마음,언니네 이발관,14.0
내가 만일,백미현,14.0
내 눈에는 (feat. 이재훈),싸이(Psy),14.0
Espresso Macchiato,김현철,14.0
이 밤의 끝을 잡고 (R&B Ballad),솔리드(Solid),14.0
만약에 말야 (전우성 Solo),노을,14.0
"미안해, 고마워, 사랑해",먼데이 키즈(Monday Kiz),14.0
Rain,이적,14.0
걱정말아요 그대,곽진언,14.0
한때 우리는 작고 보드라운 꽃잎이었네,이지형,14.0
들었다 놨다 (Love Actually),써니힐(Sunny Hill),14.0
사랑은... 하나다,테이(Tei),14.0
해바라기 (그녀에게..),박상민,14.0
사랑해,스윗소로우(SWEET SORROW),14.0
떠나간다,노을,14.0
이별을 앞두고,윤종신,14.0
사랑합니다...,팀(Tim),14.0
Some Days I Forget,Gwyneth Herbert(기네스 허버트),14.0
그대는 눈물겹다,엠씨 더 맥스(M.C the Max),14.0
너를,브라운 아이드 소울(Brown Eyed Soul),14.0
행복한 나를,에코(ECO),14.0
사랑이란게 뭐 이래요,김그림,14.0
행복한 나를 (feat. 존박),허각,14.0
Speechless,클래지콰이(Clazziquai),14.0
둘이서,걸스데이(Girl's Day),14.0
Sunshine,클래지콰이(Clazziquai),14.0
평행세계 (feat. B-Soap & Kjun),Kricc(크릭),14.0
그때 우리처럼,장지연 [인디],14.0
잠 못 드는 밤 비는 내리고,김건모,14.0
UGLY,투애니원(2NE1),14.0
피아노,조성모,14.0
Delight (feat. Kiss The Rain),스테이트루(Staytrue),14.0
Ribbon In The Sky,나얼(Na-Ul),14.0
핑계 (Reggae),김건모,14.0
사랑해요,유리상자,14.0
I Decide,헤리티지(Heritage),14.0
소원,김현성,14.0
일년이면,휘성,14.0
향기로운 뒷모습,스토리(Story) (솔로),14.0
Round & Round,브라운 아이드 소울(Brown Eyed Soul),14.0
Um Amor (& Roberto MEnescal),보싸다방(Bossa Dabang),14.0
일과 이분의 일,투투(Two Two),14.0
인형의꿈 (Bonus Track),러브홀릭(Loveholic),14.0
그날이후,성시경,14.0
고백,이소라,14.0
가질 수 없는 너,현빈,14.0
오늘따라 (feat. 가인),팬텀,14.0
우산,윤하(Younha/ユンナ),14.0
J'S Bar 에서,전람회,14.0
Je Ne Veux Pas,빅마마(Big Mama),14.0
우산 (feat. 윤하),에픽 하이(Epik High),14.0
Just The Two Of Us,어반 자카파(Urban Zakapa),14.0
북극성,강타,14.0
사랑한다면서,김필(Kim Feel),14.0
만년설,서영은,14.0
Toast (With 허밍어반스테레오),제이(J.ae),14.0
애원,버블 시스터즈(Bubble Sisters),14.0
Lately,성시경,14.0
죽을 만큼 아파서 (feat. 멜로우),MC 몽,14.0
아마추어,이승철,14.0
가수가 된 이유,신용재 [4men],14.0
별 짓 다해봤는데,알리(Ali),14.0
나의 연인(我戀),임창정,14.0
물론,지아(Zia),14.0
운명이란 뜻이죠,박효신,14.0
HER,블락비(Block B),14.0
기억을 걷는 시간,넬(Nell),14.0
Hold The Line,조pd(ZoPD),14.0
처음엔 사랑이란게,버스커 버스커(Busker Busker),14.0
서울하늘 2002 (feat. 곽윤찬),조규찬,14.0
그때 또 다시,임창정,14.0
I'm In Love (Piano RMX),라디(Ra.D),14.0
봄날은 간다 - 영화 '봄날은 간다' 中에서,김윤아,14.0
Heaven,에일리(Ailee),14.0
오늘도 대기 중,페이퍼컷 프로젝트(Papercut Project),14.0
If I,정동하,14.0
첫째 날 (With 나얼),에코 브릿지(Eco bridge),14.0
광화문연가,이수영,14.0
Inebriated Love (feat. Ritha K) (Bonus Track From Jazz Set),디제이 아키(DJ AKI),14.0
기분이 좋아,러브홀릭(Loveholic),14.0
청혼,노을,14.0
10월 October-늘 그렇듯,엄정화,14.0
늦은 얘기들,노을,14.0
너는 나의 봄이다 (Bonus Track),성시경,14.0
커피를 마시고 (Main ver.),어반 자카파(Urban Zakapa),14.0
가로수 그늘 아래서면,이문세,14.0
비오는 저녁,남예지,14.0
Annie,이승철,14.0
1분 1초 (feat. 타루),에픽 하이(Epik High),14.0
온도,이승기,14.0
The More We Try,Kenny Loggins(케니 로긴스),14.0
난 아직 모르잖아요,리즈(Leeds),14.0
저녁식사 (feat. 조원선),토이(Toy),14.0
살만찌고,포미닛(4minute),14.0
내게 오는 길 (Bonus Track),성시경,14.0
심장이 없어,에이트(8Eight),14.0
꽃피는 봄이오면,BMK,14.0
나와 같다면 (김장훈),김연우,14.0
You Mean Everything To Me,박정현,14.0
Lunch Menu (feat. 박민준(Espionne)),윤종신,14.0
상상,송 오브 루나(Song Of Luna),14.0
그게 나야,김동률,14.0
가족사진,SG워너비 김진호,14.0
담요송 (Song Blanket),라이너스의 담요(Linus' Blanket),14.0
Love Ballad,브라운 아이드 소울(Brown Eyed Soul),14.0
Love Blossom (러브블러썸),케이윌(K.Will),14.0
Love Day,양요섭 [비스트],14.0
1994년 어느 늦은 밤,장혜진,14.0
Love Love Love,에픽 하이(Epik High),14.0
새로고침 (feat. 서인국),린(LYn),14.0
카푸치노,커피소년,14.0
사랑한 후에,박효신,14.0
눈물샤워 (feat .에일리),배치기,14.0
조심하세요,팀(Tim),14.0
내가 제일 잘 나가,투애니원(2NE1),14.0
매일매일,브이오에스(V.O.S.),14.0
Beautiful Life,동방신기(TVXQ!),13.0
내가 너의 곁에 잠시 살았다는 걸 (Unplugged ver.),김연우,13.0
Amelie,포터블 그루브 나인(Portable Groove 09),13.0
미워요,정인,13.0
예술이야,싸이(Psy),13.0
Beautiful,정동하,13.0
Who Are You? (Bossa Nova ver.),윈터플레이(Winterplay),13.0
너 하나면 돼 (feat. 개코 Of 다이나믹 듀오),슈프림팀(Supreme Team),13.0
널사랑해,임헌일 [메이트],13.0
매듭,이적,13.0
Monologue,버즈(Buzz),13.0
Forever,원웨이(Oneway),13.0
정류장,버스커 버스커(Busker Busker),13.0
고별(告別),김동률,13.0
눈물 (feat. 유진 Of 더 씨야),리쌍(Leessang),13.0
1st Love,바이브(Vibe),13.0
좋겠다,가비엔제이(Gavy N.J.),13.0
"그 자리에, 그 시간에",성시경,13.0
느리게 하는 일,아이유(IU),13.0
가슴아 가슴아,손승연,13.0
붉은 노을,BIGBANG,13.0
까만안경,이루(Eru),13.0
어떡하죠 (천국의 나무 O.S.T),신승훈,13.0
It's Alright,메이트(Mate),13.0
"아버지의 사랑처럼 (feat. 이승환, 김종서, 김현철, 김동률, 김돈규, 박용찬)",윤종신,13.0
남자를 몰라,버즈(Buzz),13.0
My Story,브라운 아이드 소울(Brown Eyed Soul),13.0
너에게.. 기대,메이트(Mate),13.0
내 여친,포맨,13.0
나는 그 사람이 아프다 (feat. 타루),에피톤 프로젝트(Epitone Project),13.0
낙원,싸이(Psy),13.0
사랑비,김태우,13.0
회상 (December),터보(Turbo),13.0
돌아와줘요,김현철,13.0
Touch My Body,씨스타(Sistar),13.0
Picnic,라이너스의 담요(Linus' Blanket),13.0
가을에 만나,윤건,13.0
우리 다시 사랑할 수 있도록,김광진,13.0
Every Sweet Day,아이유(IU),13.0
난 늘 혼자였죠,페이지(Page),12.0
미로,솔루션스(THE SOLUTIONS),12.0
옛사랑,이문세,12.0
멀어진다,정동하,12.0
맘이 너무 아프다,신재,12.0
가을 우체국 앞에서,윤도현,12.0
WHAT SHOULD I DO (feat. 짙은),Lucia(심규선),12.0
아프고 아픈 이름...,앤(Ann),12.0
가지 말라고,진주,12.0
늦가을 (feat. 규현),윤종신,12.0
잘 가..지 마,지아(Zia),12.0
내꺼하자,인피니트(Infinite),12.0
잠이 늘었어,조규찬,12.0
비켜줄께,브라운 아이드 소울(Brown Eyed Soul),12.0
정,영턱스클럽(YTC),12.0
Forever With You (천사의 시),양파,12.0
제발,김범수,12.0
Love In The Ice,동방신기(TVXQ!),12.0
친구라도 될 걸 그랬어,거미,12.0
시간과 낙엽,악동뮤지션(AKMU),12.0
별 빛이 내린다,안녕 바다,12.0
죽겠네 (Album ver.),10cm(십센치),12.0
애수(哀愁),지오디(god),12.0
촛불 하나,지오디(god),12.0
It Was You (Ra.D Remix) ,브라더수(BrotherSu),12.0
봉숙이,장미여관,12.0
순정(純情) (London Boys의 I'm Gonna Give My Heart 전주 인용),코요태,12.0
다가와서,브라운 아이드 걸스,12.0
사람냄새,정인,12.0
속마음,참깨와 솜사탕,12.0
내일할일 (feat. 성시경),윤종신,12.0
너를 사랑하고도,서영은,12.0
자꾸만 자꾸만,신용재 [4men],12.0
여자이니까,키스(Kiss),12.0
예뻐졌다 (feat. 지코 Of 블락비),박보람,12.0
사랑하오,알렉스(Alex) [클래지콰이],12.0
신데렐라,서인영,12.0
결혼 (feat. 가인 For Brown Eyed Girls),최정철,12.0
넋,40(포티),12.0
Right Now,싸이(Psy),12.0
이별시작,나얼(Na-Ul),12.0
독 (feat. E-Sens Of 슈프림팀),프라이머리(Primary),12.0
편지,김광진,12.0
너 때문에,브라운 아이즈(Brown Eyes),12.0
Real Love (feat. 샛별),크루셜스타(Crucial Star),12.0
여행,제이벨(J BEL),11.0
그녀는 날 사랑하지 않아 (Remastering ver.),제이벨(J BEL),11.0
가을 인사 (feat. 이적),루시드 폴(Lucid Fall),11.0
솔직하게,토마스 쿡(Thomas Cook),11.0
기억나지 않는 새로운,제이벨(J BEL),11.0
그대 없는 내가 그렇죠,애즈 원(As One),11.0
어떤날,테이(Tei),11.0
손잡고 허밍 (With Yozoh),재주소년,11.0
꽃,랄라스윗(lalasweet),11.0
곁에 (드라마 '트리플' 삽입곡),짙은(Zitten),11.0
꽃보다 그대가 (feat. Simon D),영준 [Brown Eyed Soul],11.0
그게 아니고,10cm(십센치),11.0
시계 태엽,임정희,11.0
그날 이후로,나윤권,11.0
꿈에,박정현,11.0
난 사랑에 빠졌죠,박지윤,11.0
결혼까지 생각했어,휘성,11.0
가을목이 (Acoustic ver.),소란(Soran),11.0
그녀가 웃잖아,김형중,11.0
그녀는 날 사랑하지 않아,제이벨(J BEL),11.0
고해성사,하림,11.0
고백,정준일 [메이트],11.0
Roly-Poly,티아라(T-ara),11.0
What's Love (feat. Soul One),비프리(B-Free),11.0
사랑한번 눈물나게,오현란,11.0
참 바보 같죠,화요비,11.0
Night In Camp Nou (feat. 정엽),박주원,11.0
내가 니 편이 되어줄게 (feat. 하은),커피소년,11.0
Twinkle,소녀시대-태티서(Girls' Generation-TTS),11.0
바다,고찬용,11.0
Idealistic Real,제이벨(J BEL),11.0
이별을 건너다,어반 자카파(Urban Zakapa),11.0
Again,스페이스 A(Space A),11.0
I Love You,포지션(Position),11.0
바래진 기억에,박지윤,11.0
One Love,원타임(1TYM),11.0
Secret Waltz (feat. 이승열),이바디(Ibadi),11.0
사랑은 언제나 목마르다,유미,11.0
1999 사랑 (부제: 흑야애(黑夜愛)),제이벨(J BEL),11.0
넌 이별 난 아직 (With 한소현 Of 3rd Coast),스탠딩 에그(Standing Egg),11.0
정녕,바이브(Vibe),11.0
날개,언타이틀(Untitle),11.0
친구에서 연인으로,씨유(See U),11.0
유자차,브로콜리너마저,11.0
...안 되나요... (부제: 화양연화),휘성,11.0
International Love Song,검정치마,11.0
도시의 밤,소울라이츠(Soulights),10.0
노래가 늘었어,에일리(Ailee),10.0
더 아름다워져,성시경,10.0
사람들은 즐겁다,루시드 폴(Lucid Fall),10.0
투명인간,손담비,10.0
네가 보고파 지면,고한우,10.0
Lover Cop,DMTN,10.0
On A Sunny Day (매일 그대와),웅산,10.0
Dada La,레이디스 코드(LADIES' CODE),10.0
그대 내 맘에 들어오면은 (With 조덕배),조성모,10.0
MONSTER,BIGBANG,10.0
길,지오디(god),10.0
고양이편지,캐스커(Casker),10.0
안돼요,임정희,10.0
알아주길,윤건,10.0
Gentleman,싸이(Psy),10.0
당신과의 키스를 세어보아요,화요비,10.0
청소,더 레이(The Ray),10.0
Hello,허각,10.0
기쁜 우리,임창정,10.0
버스를 타고,모리아(Moria),10.0
방콕시티 (Bangkok City),오렌지캬라멜(Orange Caramel),10.0
좋아보여 (feat. 검정치마),버벌진트(Verbal Jint),10.0
코끝이 찡하네,하현곤,10.0
봄봄봄,로이킴,10.0
사랑.. 그 몹쓸병,휘성,10.0
그냥 가요 (feat. 조현아 Of 어반자카파),긱스(Geeks),10.0
색칠을 할까,낯선 사람들,10.0
비가 오는 날엔,비스트(Beast),10.0
"Love Seat (feat. 타루, 허밍 어반 스테레오)",휘성,10.0
그대 내게 다시,럼블 피쉬(Rumble Fish),10.0
Give It To Me,씨스타(Sistar),10.0
너에게만 반응해 (feat. 이소은),이승환,10.0
내안의 그대,이승기,10.0
시월야경,투어리스트(The Tourist),10.0
Billie Jean,윈터플레이(Winterplay),10.0
위로,정동하,10.0
원하고 원망하죠,애즈 원(As One),10.0
그대는 모르죠 (Good-Bye),플라이 투 더 스카이(Fly To The Sky),10.0
낙엽 (Fallen Leaves),JYJ,10.0
옛 사랑,이문세,10.0
우리 참 좋았는데 (duet with 박정현),성시경,10.0
환상,박지윤,10.0
9월(月),윤종신,10.0
200%,악동뮤지션(AKMU),10.0
사진은 때때로 거짓말을 한다,참깨와 솜사탕,10.0
낭만길 (Romantic St.),소녀시대,10.0
You Hoooo!!!,승리,10.0
오래오래,바이브(Vibe),10.0
이러지마 제발 (Please Don't...),케이윌(K.Will),10.0
세상의 모든 인연 (duet with 박원 Of 원모어찬스),박새별,10.0
아이스커피,반반 프로젝트,10.0
하루,박혜경,10.0
그리운 날엔 (Miss U),카라(Kara),10.0
나란 놈은 답은 너다 (feat. 하림),리쌍(Leessang),10.0
Come Back Home,투애니원(2NE1),10.0
Say Goodbye (duet with 김조한),페이지(Page),10.0
세월이 가면,박보람,10.0
너 때문이야 (feat. Soulman),슈프림팀(Supreme Team),10.0
Shocking Pink Rose,W(Where The Story Ends),10.0
그대 (Original ver.),브라운 아이드 소울(Brown Eyed Soul),9.0
안부 (feat. 나윤권),별,9.0
그리움을 사랑한 가시나무,테이(Tei),9.0
그랬나봐,김형중,9.0
뭐라할까!,브리즈(The Breeze),9.0
그리워,메이트(Mate),9.0
아프고 화나고 미안해,하은,9.0
동경소녀 (feat. 옥상달빛 김윤주),요조(Yozoh),9.0
후회없는 사랑 (Remix ver.),터보(Turbo),9.0
버스 안에서,자자(Zaza),9.0
Eclipse (feat. 한희정),테테(Tete),9.0
헤어진 첫날,지아(Zia),9.0
그대를 사랑하는 10가지 이유,이석훈 [SG워너비],9.0
Falling,존 박(John Park),9.0
똑같은 사랑 똑같은 이별,어반 자카파(Urban Zakapa),9.0
텅 빈 거리에서,공일오비(015B),9.0
바보 (With 정용화 Of CNBLUE),JUNIEL(주니엘),9.0
"Falling, Falling",정동하,9.0
그런가봐요...,브이원 (V.One),9.0
Go Away,투애니원(2NE1),9.0
Falling In Love,제이레빗(J Rabbit),9.0
그리고 사랑해,이수영,9.0
딱 한잔만,윤건,9.0
난 좋아,성시경,9.0
Khor Ba,정동하,9.0
담담하게,Lucia(심규선),9.0
사랑하오 (duet with 김현철),윤상,9.0
소주 한 잔,임창정,9.0
출국(出國),하림,9.0
같이 걸을까,이적,9.0
Suddenly,제이워크(J-Walk),9.0
나에게 쓰는 편지,신해철,9.0
이게 사랑일까 (feat. 하은),커피소년,9.0
Tears,이소라,9.0
Thank You ,성시경,9.0
Tik Tok,leeSA(리싸),9.0
너의 뒤에서,팀(Tim),9.0
가을이 오면 (New ver. : 추억),서영은,9.0
내 마음에 비친 내 모습,유재하,9.0
내 마음 깊은 곳의 너,신해철,9.0
가을에,로이킴,9.0
우리 둘만 아는 얘기,정엽,9.0
요즘 너 말야 (Album Edit),제이레빗(J Rabbit),9.0
오늘 이 노래,코쿤벨즈(Cocoon Bells),9.0
오랜 이별뒤에,신승훈,9.0
잊혀진 계절,이용,9.0
She Got,정동하,9.0
부른다 (Calling You),케이윌(K.Will),9.0
손대지마,에일리(Ailee),9.0
달콤하게 (feat. 한소아),토이멜라(Toymela),9.0
천만에요,애즈 원(As One),9.0
괜찮아,정준일 [메이트],9.0
손편지,에피톤 프로젝트(Epitone Project),9.0
빗속의 여인,김건모,9.0
인형의 꿈,러브홀릭(Loveholic),9.0
나 돌아가,박진영,9.0
사랑은 창밖에 빗물 같아요,지아(Zia),8.0
선물,유엔(UN),8.0
날 사랑한다면,로이킴,8.0
바램 (feat. 변재원),토이(Toy),8.0
미녀와 야수 (OK? OK!),SAT,8.0
보고 싶어... 운다,린(LYn),8.0
미소를 띄우며 나를 보낸 그 모습처럼,웅산,8.0
다시 사랑한다면,도원경,8.0
기다리다,패닉(Panic),8.0
너의 뒤에서,박진영,8.0
복숭아,아이유(IU),8.0
봄바람,버스커 버스커(Busker Busker),8.0
사랑했지만,김광석,8.0
사랑해,포맨,8.0
대화가 필요해,바닐라 어쿠스틱(Vanilla Acoustic),8.0
빠빠빠,크레용팝(Crayon Pop),8.0
내게 남은 사랑을 다 줄께,왁스(Wax),8.0
니가 좋아 (feat. 요셉 Of 유니블렌드),루아민,8.0
나 어릴적 꿈,터보(Turbo),8.0
그런일은,화요비,8.0
바람만바람만,김종국,8.0
널 사랑한다,박효신,8.0
"비오는 날의 수채화 (feat. 가비앤제이(정혜민), Misty)",럼블 피쉬(Rumble Fish),8.0
노스텔지아 (feat. 에릭),가인 [브라운아이드걸스],8.0
사랑아,더 원(The One),8.0
나쁜자식,은미(Eunmi),8.0
너는 날 녹여 (With 노블레스),서영은,8.0
넌 친구? 난 연인!,유엔(UN),8.0
못해 (feat. 美),포맨,8.0
The Water Is Wide,웅산,8.0
Let There Be Love ('경남 아너스빌' 광고 - 배용준 주연),Westlife(웨스트라이프),8.0
자기야 여보야 사랑아,린(LYn),8.0
자유인,원 모어 찬스(one more chance),8.0
외국인의 고백,악동뮤지션(AKMU),8.0
Baby Love (feat. Humming Girl & Brown Bunny),허밍 어반 스테레오(Humming Urban Stereo),8.0
향수,버스커 버스커(Busker Busker),8.0
잘못된 만남,Iconiq(아이코닉),8.0
전활 거네,버스커 버스커(Busker Busker),8.0
가슴이 뛴다,케이윌(K.Will),8.0
광화문 연가,이문세,8.0
공원에서,유희열,8.0
하루는,우주히피(Cosmos Hippie),8.0
골목길 어귀에서,버스커 버스커(Busker Busker),8.0
Say I Love You,포맨,8.0
핑계 (feat. 칸토 Of 트로이),박혜경,8.0
오늘 같은 밤,이수영,8.0
집시의 시간,박주원,8.0
End... And (Radio Edit),딕펑스(Dick Punks),8.0
처음 그 느낌처럼,솔지 [EXID],8.0
천생연분,캐스커(Casker),8.0
감사 (Bonus Track),김동률,8.0
컬러링,WINNER,8.0
첫사랑,이승환,8.0
Happy Beanth Day,젠틀 레인(Gentle Rain),8.0
Good Day,존 박(John Park),8.0
안녕 여자친구,딕펑스(Dick Punks),8.0
잘 알지도 못하면서,김예림 [투개월],8.0
그녀와의 이별,김현정,8.0
Want You Hear (하나와 앨리스),러브홀릭(Loveholic),8.0
Think About' Chu,아소토 유니온(Asoto Union),8.0
Tell Me Tell Me,레인보우(Rainbow),8.0
아름다운 구속,서영은,8.0
그대와 둘이,브라운 아이드 소울(Brown Eyed Soul),8.0
으르렁 (Growl),EXO,8.0
우린 지금 어디쯤에 있는 걸까,랄라스윗(lalasweet),8.0
그대만 있다면,러브홀릭(Loveholic),8.0
그대는 다르겠죠,쿨(COOL),8.0
Track 10,이소라,8.0
우리가 있던 시간,스웨덴세탁소,8.0
그대네요,성시경,8.0
카페에 앉아,원 모어 찬스(one more chance),8.0
인연 (동녘바람),이선희,8.0
7년간의 사랑,규현(KYUHYUN),8.0
Abracadabra,브라운 아이드 걸스,8.0
가려진 시간 사이로,윤상,7.0
잔소리,김건모,7.0
다른 누구도 아닌 너에게,장재인,7.0
가장 아픈 사랑,파니핑크(Fanny Fink) ,7.0
천(天)의 안부,엠씨 더 맥스(M.C the Max),7.0
Tomorrow,웅산,7.0
Where U At? (Solo Simon D),슈프림팀(Supreme Team),7.0
남자도 우나요,다비치,7.0
난,환희,7.0
나비효과,신승훈,7.0
보이나요?,루시드 폴(Lucid Fall),7.0
다짐 (feat. 황종률),보싸다방(Bossa Dabang),7.0
유년에게,재주소년,7.0
보고싶은 날엔..,브이오에스(V.O.S.),7.0
사진,데이브레이크(daybreak),7.0
날아라 병아리,넥스트(N.EX.T),7.0
부탁 (Acoustic),비스윗(Besweet),7.0
잠시만 안녕 (Original),엠씨 더 맥스(M.C the Max),7.0
가시리 (With KCM),SG워너비,7.0
녹(祿),테이(Tei),7.0
아 외로워 (맥심 CF 삽입곡),요조(Yozoh),7.0
비원(悲願),김민종,7.0
제자리,몽니(Monni),7.0
"Untouchable (With SG 워너비, MTOM)",김종국,7.0
Love You (feat. Piano By Eco Bridge),정엽,7.0
좋아 (JOAH),박재범(Jay Park),7.0
Just The Way You Are,스탠딩 에그(Standing Egg),7.0
Promise U,바이브(Vibe),7.0
Songs Of Colored Love ,윈터플레이(Winterplay),7.0
나는 나비,YB,7.0
We Call It Love,여울 [인디],7.0
Just The Way You Are,엔오케이(NOK),7.0
너를 품에 안으면,컬트(Cult),7.0
사랑할수록,부활,7.0
So Good Bye,소규모 아카시아 밴드,7.0
나는 고양이로소이다,2스토리(2story),7.0
안녕 보헤미안,나겸 [아가톤],7.0
어떤가요,화요비,7.0
둘이 아닌가 봐 (With 크리스티나 러브 리),스탠딩 에그(Standing Egg),7.0
광(狂),SG워너비,7.0
수필과 자동차,공일오비(015B),7.0
한사람을 위한 마음,럼블 피쉬(Rumble Fish),7.0
"떠나가요, 떠나지마요",더 크로스(The Cross),7.0
애인이 생기면 하고 싶은 일 (With 비),지나(G.NA),7.0
미치겠어,틴 탑(Teen Top),7.0
Ariel,검정치마,7.0
안녕,신해철,7.0
프렐류드의 삼바 (feat. 이상순),나희경 [Jazz],7.0
"? (물음표) (feat. 최자 Of 다이나믹듀오, Zion.T)",프라이머리(Primary),7.0
휴일,윤종신,7.0
흐린 가을 하늘에 편지를 써,동물원,7.0
1994년 어느 늦은 밤,김범수,7.0
흐린 가을하늘에 편지를 써,유리상자,7.0
멀어지다,넬(Nell),7.0
흐릿해져,노리플라이(no reply),7.0
실화,린(LYn),7.0
그댈 마주하는건 힘들어 (그마힘),버스커 버스커(Busker Busker),7.0
Dash,백지영,7.0
라디오를 켜봐요,신승훈,7.0
FANTASTIC BABY,BIGBANG,7.0
Easy,프렐류드(Prelude),7.0
"소박했던, 행복했던... (feat. 성시경)",토이(Toy),7.0
여성시대,씨야(SeeYa),7.0
Everyday,마루마루,7.0
페이지원,옥주현,7.0
Gee,소녀시대,7.0
나 같은 여자,화요비,7.0
Smile Again,소심한 오빠들(Sosimboys),6.0
사랑이 찾아오면,커피소년,6.0
Something,걸스데이(Girl's Day),6.0
For You (돌아가줘),브라운 아이즈(Brown Eyes),6.0
Je T'aime,해이(Hey),6.0
사랑은...향기를 남기고,테이(Tei),6.0
사랑이라고 말하는 마음의 병 Part 2 (feat. Bora),MC 한새(MC haNsAi),6.0
2년만에,김동률,6.0
천일동안,이승환,6.0
후회한다,포맨,6.0
Sexy Love,티아라(T-ara),6.0
For You,브라운 아이즈(Brown Eyes),6.0
먼지가 되어,로이킴,6.0
흐린 가을 하늘에 편지를 써,홍경민,6.0
사랑이라는 이유로,이소은,6.0
다시 사랑하기엔,2AM,6.0
이제야 비로소 사랑을 말할 수 있다,브라운 아이드 걸스,6.0
너 사용법,에디킴,6.0
이별후애(愛),린애,6.0
물어 본다,이승환,6.0
월화수목금토일,럼블 피쉬(Rumble Fish),6.0
이리도,닥터심슨(Dr.Simpson),6.0
보란듯이,아이비(IVY),6.0
...이에게 (feat. 서령),알앤피(RNP),6.0
물끄러미,지아(Zia),6.0
사랑하지 말아요,거미,6.0
모르지 (내 맘을 알리가 없지),이수영,6.0
Fly Me To The Moon (J.lady's ver.),제이레이디즈(J.lady's),6.0
너무 아픈 사랑은 사랑이 아니었음을 (With 김광석),바이브(Vibe),6.0
사랑은 왜 언제나 (feat. 김지영 & 낯선),이그나이트(Ignite),6.0
Always,Atlantic Starr(아틀란틱 스타),6.0
바람이 좋은 날,나윤권,6.0
Darling,걸스데이(Girl's Day),6.0
챔피언,싸이(Psy),6.0
동네 한 바퀴,윤종신,6.0
비가 내리면 (Vocal 이아람),람다(Ramda),6.0
틈,소유,6.0
비로 뒤덮인 세상,이바디(Ibadi),6.0
다른 사람 곁은 찬란한가요,비스윗(Besweet),6.0
비오는 거리,장혜진,6.0
눈물나는 날에는,김연우,6.0
바람이 불어오는 곳,알리(Ali),6.0
바람이 되어 (feat. 서령),알앤피(RNP),6.0
Butterfly (영화 '국가대표' OST 삽입곡),러브홀릭스(Loveholics),6.0
I Hate You (Vocal By 유효림),공일오비(015B),6.0
재즈 카페,신해철,6.0
해요,정인호,6.0
"바람, 어디에서 부는지",김연우,6.0
취중고백,필(Feel),6.0
잔소리,더 넛츠(The Nuts),6.0
립스틱 (Lipstick),오렌지캬라멜(Orange Caramel),6.0
No.1,보아(BoA),6.0
미쳐서 너를 불러,테이(Tei),6.0
미쳐보려 해도,알렉스(Alex) [클래지콰이],6.0
"사랑, 참...",홍경민,6.0
천생연분 (Rave),솔리드(Solid),6.0
미운오리새끼,손승연,6.0
태양계,성시경,6.0
Happy Ever After,여진(Yeo Jin),6.0
그땐,박지윤,6.0
슬픈 언약식,김정민,6.0
왜 벌써가 (Be My Brownie) (feat. Bumky),다이나믹 듀오(Dynamic Duo),6.0
우리 사랑 영원하길,김연우,6.0
나 그대에게 모두 드리리 (feat. 정인),리쌍(Leessang),6.0
나 돌아가,임정희,6.0
걱정이죠,쿨(COOL),6.0
아파 아이야,양파,6.0
애벌레,정동하,6.0
외로운 사람 힘든 사람 슬픈 사람 - 안나를 위하여,김광진,6.0
나를 사랑하지 않는 그대 (feat. 나원주),유열,6.0
안 울어,영지(버블시스터즈),6.0
나를 안아 ('05 Home Recording),디어 클라우드(Dear Cloud),6.0
남자가 여자를 사랑할 때,나윤권,6.0
그녀에게,3호선 버터플라이(3호선 Butterfly),6.0
끝나지 않은 노래,노리플라이(no reply),6.0
오래된 노래,스탠딩 에그(Standing Egg),6.0
안녕이라고 말하지마,다비치,6.0
가시,버즈(Buzz),6.0
세상에 뿌려진 사랑만큼,이승환,6.0
날 그만 잊어요 (Acoustic ver.) (Bonus Track),거미,6.0
난치병(難治病),하림,6.0
가을이 오네요,김지수,6.0
옛날 여자,간미연,6.0
가을 아침,양희은,6.0
그 아픔까지 사랑한거야,조정현,6.0
가을날의 동화 (With 타우),데이라이트(Daylight),6.0
What A Wonderful World,윤서진 [Jazz],6.0
가을날의 동화,변진섭,6.0
내가 아는 그대,서후,6.0
Valenti,보아(BoA),6.0
Until The Last Moment,사피에르(Saphier),6.0
시청앞 지하철 역에서,동물원,6.0
골목길,버스커 버스커(Busker Busker),6.0
Twist King,터보(Turbo),6.0
고백받은 날,하리(Hari),6.0
어제와 다른 오늘,JC지은,6.0
그래서 미안합니다 (Since You've Gone),강타,6.0
심장병,이승환,6.0
어땠을까 (feat. 박정현),싸이(Psy),6.0
아버지,인순이,6.0
어제처럼,제이(J.ae),6.0
어느 가을,한희정,6.0
길에서,나비(Navi),6.0
속아도 꿈결,가을방학,6.0
양화대교,Zion.T,6.0
감기,이기찬,5.0
같은 생각,신혜성,5.0
옆사람 (Stand By),보아(BoA),5.0
Baby Baby,포맨,5.0
Candy (캔디),H.O.T.,5.0
끝났어,정엽,5.0
가장 보통의 존재,언니네 이발관,5.0
가질 수 없는 너,뱅크(Bank),5.0
뒷모습,나윤권,5.0
선인장,성시경,5.0
슬픈 표정 하지 말아요,신해철,5.0
하지 못한 말,오현란,5.0
I'm In Love (With 정성하),나르샤 [브라운아이드걸스],5.0
"지금 시각, 그대 마음 4시 50분",더필름(The Film),5.0
오늘 (Song By 심규선),에피톤 프로젝트(Epitone Project),5.0
석봉아,불나방스타쏘세지클럽,5.0
헤어지는 날 바로 오늘,3호선 버터플라이(3호선 Butterfly),5.0
듣고 있어?,스윙스(Swings),5.0
첫사랑,나비효과,5.0
Come Back To Me,메이트(Mate),5.0
"Here, I Stand For You (Original ver.)",넥스트(N.EX.T),5.0
걱정말아요 그대 ('응답하라 1988' 삽입곡),전인권,5.0
고백,뜨거운 감자(Hot Potato),5.0
약속해,나인(Nine9),5.0
어쩌면...,버즈(Buzz),5.0
못다한 내마음을... (inst.),봄여름가을겨울,5.0
대낮에 한 이별 (feat. 선예 Of Wonder Girls),박진영,5.0
Bike Riding,베란다 프로젝트(Verandah Project),5.0
걸음이 느린 아이,고유진(플라워),5.0
For Your Soul (슬픈 영혼식),조성모,5.0
커플 (Couple),젝스키스(Sechs Kies),5.0
Goldie,허밍 어반 스테레오(Humming Urban Stereo),5.0
Before The Rain,버나드박,5.0
라라라,이수영,5.0
추억에 살아 (feat. 이영현),포맨,5.0
별빛달빛,시크릿(Secret),5.0
행복했다...안녕,김연우,5.0
슬픈 초대장,한경일,5.0
여전히 난,나얼(Na-Ul),5.0
길에서 만나다,토이(Toy),5.0
보석 같은,허민,5.0
그 때 그 노래,장기하와 얼굴들,5.0
데려다 줄게 (feat. Ven),우탄(Wu-Tan),5.0
소리 (feat. 박아셀),박지윤,5.0
소리없는 새벽 (feat. 타루),용원,5.0
따끔,거미,5.0
죽고 싶단 말 밖에,허각,5.0
아시나요,조성모,5.0
잊혀지는 것들에 대하여,성시경,5.0
좋은 사람 있으면 소개시켜줘 (윤아),소녀시대,5.0
"아파도, 그래도...",신승훈,5.0
아틀란티스 소녀,보아(BoA),5.0
시시콜콜한 이야기,이소라,5.0
일상으로의 초대,신해철,5.0
사랑노래,20세기 소년,5.0
Romeo N Juliet,클래지콰이(Clazziquai),5.0
With You (언제나 그대와) (feat. 인화),키덜트(Kidult) [인디락],5.0
매력쟁이 (feat. MC 몽),린(LYn),5.0
그대 돌아오면..,거미,5.0
내 맘 같지 않던 그 시절,마이 앤트 메리(My Aunt Mary),5.0
인사 (Vocal By 김연우),토이(Toy),5.0
아주 오래된 연인들,공일오비(015B),5.0
익숙한 새벽 3시,오지은,5.0
Paradise,더 멜로디(The Melody),5.0
내 삶의 반,한경일,5.0
먼지가 되어,김광석,5.0
이제와,정엽,5.0
사랑해도 될까요,애즈 원(As One),5.0
내가 그댈,세븐데이즈(7Dayz),5.0
Spring I Love You Best,빅 베이비 드라이버(Big Baby Driver),5.0
신(新) 인류의 사랑,공일오비(015B),5.0
사랑하게 될 줄 알았어,신효범,5.0
그대에게,신해철,5.0
흔한 노래,임창정,5.0
"TV를 껐네... (feat. t윤미래, 권정열 Of 10cm)",리쌍(Leessang),5.0
아름다운 것,언니네 이발관,5.0
사랑한다는 말,김동률,5.0
Tic Toc,매드 클라운(Mad Clown),5.0
Part 2,넬(Nell),5.0
잊을께,YB,5.0
Moon Lover,블록(Block),5.0
네게 난,주영(JooYoung),5.0
느림보,SG워너비,5.0
좋은 사람 Sad Story (feat. 이승환),토이(Toy),5.0
좋은 날,아이유(IU),5.0
약한 여자,지민 [곽지민],5.0
그곳에 네가 서 있기를,문명진,5.0
서랍,블록(Block),5.0
미인(美人),휘성,5.0
헤어지러 가는 길 (feat. 조권),임정희,5.0
미워도 사랑하니까,다비치,5.0
비와 당신 (영화 '라디오 스타 '삽입곡),럼블 피쉬(Rumble Fish),5.0
안되는데,포맨,5.0
Aqua Man,빈지노(Beenzino),5.0
전활 받지 않는 너에게,2AM,5.0
Only You,2PM,5.0
오늘까지만,김조한,5.0
You Know I Love You,피터팬 컴플렉스(Peterpan Complex),5.0
홍삼맛 캔디,바닐라 어쿠스틱(Vanilla Acoustic),5.0
날 위한 이별,김혜림,5.0
남자답게,플라이 투 더 스카이(Fly To The Sky),5.0
넌 나를 왜 (feat. 정엽),길미,5.0
시선 (feat. 윤종신),가인 [브라운아이드걸스],5.0
Only U,박효신,5.0
오르막길 (feat. 정인),윤종신,5.0
New Soul (LG전자 엑스노트X300 광고) (Remake ver.),Yael Naim(야엘 나임),5.0
사진을 보다가,바이브(Vibe),5.0
화양연화,이승환,4.0
민물 장어의 꿈,신해철,4.0
해에게서 소년에게,넥스트(N.EX.T),4.0
바람기억,나얼(Na-Ul),4.0
슬픔 속에 그댈 지워야만 해,이현우,4.0
민물장어의 꿈,신해철,4.0
"바람, 그대",성시경,4.0
시청 앞 지하철역에서,김범수,4.0
슬픈 인연,공일오비(015B),4.0
미스터,카라(Kara),4.0
흉터 ,먼데이 키즈(Monday Kiz),4.0
바람 불어 좋은 날,보드카 레인(Vodka Rain),4.0
위태로운 이야기 (Acoustic ver.),박정현,4.0
바람아 불어라,레드애플(Led apple),4.0
욕심쟁이,김동률,4.0
완벽한 순간,랄라스윗(lalasweet),4.0
자유시대,모자이크,4.0
사랑 참 어렵다,이승철,4.0
사랑 하나면 돼,백지영,4.0
요즘 너 말야,제이레빗(J Rabbit),4.0
잊을게,허윤아,4.0
"입장정리 (feat. 최자 Of 다이나믹듀오, Simon D Of 슈프림팀)",프라이머리(Primary),4.0
일상으로의 초대 (Radio Mix),신해철,4.0
일기,몽니(Monni),4.0
인형의 기사 Part Ⅱ,넥스트(N.EX.T),4.0
사진,드래곤플라이(Dragonfly),4.0
인사,옥주현,4.0
어둠이 잊혀지기 전에 Let's Fall In Love,솔리드(Solid),4.0
우리 사랑하게 됐어요,가인 [브라운아이드걸스],4.0
우리 앞의 생이 끝나갈때,무한궤도,4.0
사랑이 멈췄다,워렌(Warren),4.0
우리 정말 사랑했어요 (With 케이윌),나비(Navi),4.0
이상형,버스커 버스커(Busker Busker),4.0
사랑할 땐 몰랐던 것들,성시경,4.0
우리가 이별할 때 (duet with 백지영),소울스타(Soulstar),4.0
이별을 배우다,팀(Tim),4.0
이미 넌 고마운 사람,김연우,4.0
사랑하기 때문에,이기찬,4.0
우울한 편지,나얼(Na-Ul),4.0
빨간자동차 (With 김건모),이효리,4.0
새벽녘,에피톤 프로젝트(Epitone Project),4.0
정말로 사랑한다면,버스커 버스커(Busker Busker),4.0
오늘밤은 어둠이 무서워요,10cm(십센치),4.0
바래다 주는 길,바이브(Vibe),4.0
소풍,도로시밴드(Dorothy Band),4.0
바보 (feat. Bumkey),에픽 하이(Epik High),4.0
언젠가 너로 인해,가을방학,4.0
얼음들,악동뮤지션(AKMU),4.0
여우야,성시경,4.0
추억#1,조규찬,4.0
별하나 사랑둘,샵(S#arp),4.0
추억 그리고..,별,4.0
여행길 (feat. 윤도현),부가킹즈(Buga Kingz),4.0
소나기 (주르르루),버스커 버스커(Busker Busker),4.0
연극속에서,신해철,4.0
사랑하지 않으니까요,김동률,4.0
예쁘다,미키드(에어플레인),4.0
진심 (feat. 임세준),정키(Jung Key),4.0
서쪽 하늘 (원곡가수 이승철),윤하(Younha/ユンナ),4.0
즉흥여행 (feat. MC몽),윤종신,4.0
좋은 사람 만나요 (feat. 환희),메이비(MayBee),4.0
서른 즈음에,김광석,4.0
비밀,박정현,4.0
조별과제,CHEEZE,4.0
샤르르 (For Daling),달샤벳(Dal★shabet),4.0
정전,leeSA(리싸),4.0
세월의 흔적 다 버리고,공일오비(015B),4.0
힘겨워하는 연인들을 위하여,넥스트(N.EX.T),4.0
Sad Goodbye (Acoustic ver.),지영선,4.0
계절이 돌아오듯이,성시경,4.0
니가 싫어,어반 자카파(Urban Zakapa),4.0
그대가 그대를,이승환,4.0
Kissing U,린(LYn),4.0
Blind,정기고(Junggigo),4.0
Left Lady,흑꼬,4.0
그남자 그여자 (feat. 장혜진),바이브(Vibe),4.0
그 사람이 나를 사랑해요,씨야(SeeYa),4.0
다시 사랑할 수 있을까,포맨,4.0
달라 ,김범수,4.0
B.B.B (Big Baby Baby),달샤벳(Dal★shabet),4.0
You're My Lady,알렉스(Alex) [클래지콰이],4.0
결혼도 못하고...,김현철,4.0
Lovepotion,반시(Vansy),4.0
당신만이,곽진언,4.0
당신은 천사와 커피를 마셔본 적이 있습니까,김성호,4.0
가을을 남기고 간 사랑,손승연,4.0
My Song,박선주,4.0
도시인,넥스트(N.EX.T),4.0
가만히 눈을 감고,정재욱,4.0
가로수 그늘 아래 서면,임재범,4.0
그러고도 남자야 (feat. 쇼리 Of 마이티마우스),가비엔제이(Gavy N.J.),4.0
Insomnia,허밍 어반 스테레오(Humming Urban Stereo),4.0
그런 여자이니까,앤비(N.B),4.0
그렇게 너를 사랑해 (전지현 CF삽입곡),자전거 탄 풍경,4.0
Do You Love Me,투애니원(2NE1),4.0
내가 야! 하면 넌 예! (duet with Lyn),김태우,4.0
내가 그대 없이 (When We'll Be Together),동방신기(TVXQ!),4.0
Evergreen,Susan Jacks(수잔 잭스),4.0
내 마음은,김동률,4.0
너를 향한 마음,이승환,4.0
Goodbye,라디(Ra.D),4.0
Goodbye,손성제,4.0
너의 꿈을 꿨어 (Acoustic ver.),제이에이(JA),4.0
나무,김민종,4.0
Chega De Saudade,효기(Hyoki) [Jazz],4.0
나 없이 행복할 널 위해,김범수,4.0
"Here, I Stand For You",신해철,4.0
네온사인,버스커 버스커(Busker Busker),4.0
기억의 습작,김동률,4.0
I Don't Care,투애니원(2NE1),4.0
기다려주세요,버스커 버스커(Busker Busker),4.0
그렇게 사랑하고 그렇게 웃었습니다,버블 시스터즈(Bubble Sisters),4.0
Breeze,어반 자카파(Urban Zakapa),4.0
Never Leave You,포맨,4.0
Love Letter (언약),투샤이(2Shai),4.0
Take Me Hands (두손) (feat. Clu),Polaris 이정민,4.0
라푼젤,클래지콰이(Clazziquai),4.0
Sweetheart,린(LYn),4.0
마음이 다쳐서 (feat. Crown J),나비(Navi),4.0
Ribbon In The Sky,윤한(Yoonhan),4.0
Sorrow (feat. 지아),은표,4.0
또 다른 시작,서지원,4.0
Trouble Maker,트러블메이커(Troublemaker),4.0
Someday,트랙 마켓(Track Market),4.0
Ohio,혁오(hyukoh),4.0
P.S. I Love You,박정현,4.0
You,푸딩(Pudding),4.0
드라이브,스윗소로우(SWEET SORROW),4.0
Touch Me,아이비(IVY),4.0
막잔하고 나갈게 (Lost One),다이나믹 듀오(Dynamic Duo),4.0
먼 훗날 언젠가,신해철,4.0
먼 훗날 언젠가 (Original Ver.),넥스트(N.EX.T),4.0
Stay,넬(Nell),4.0
잃어버린 우산,조성모,3.0
길 위에서,신해철,3.0
첫사랑 자전거,아침(Achime),3.0
Hot Summer,에프엑스(f(x)),3.0
끝사랑,김범수,3.0
Remember,유엔(UN),3.0
I Do,더 원(The One),3.0
순간에서 영원까지,은휼,3.0
외눈박이 소녀의 이야기,두번째 달,3.0
천둥,FTISLAND(에프티 아일랜드),3.0
나 이런사람이야,DJ DOC,3.0
Raindrops Keep Falling On My Head,박라온,3.0
있을 때 잘할걸,벤,3.0
시작되는 연인들을 위해,이원진,3.0
시작,박기영,3.0
그리고 그려 그리고 픈,스웨터(Sweater),3.0
In My Tin Case,루싸이트 토끼,3.0
기다려,그루브 올스타즈(Groove All Stars),3.0
있는듯 없는듯,곽푸른하늘,3.0
기다리다 (Acoustic ver.),윤하(Younha/ユンナ),3.0
기억 속의 먼 그대에게,박효신,3.0
기억속으로,이은미,3.0
슬픈 계절에 만나요,딕펑스(Dick Punks),3.0
기억은 소리부터 사라져 간다,박아셀,3.0
스치듯 안녕,이수영,3.0
천국을 걷다,더 원(The One),3.0
소원 (Hwany Solo),플라이 투 더 스카이(Fly To The Sky),3.0
나비 (Fly Away),어반 자카파(Urban Zakapa),3.0
소망,바이브(Vibe),3.0
Happening,민설,3.0
사랑하면 할수록,이수영,3.0
내가 없어도,린애,3.0
Enjoy The Sense Of Freedom,애시드 하이(Acid high),3.0
인형 (duet with 신혜성),이지훈,3.0
SILLY,데이브레이크(daybreak),3.0
파핑파핑 바나나 (배스킨라빈스 31 CF 삽입곡),허밍 어반 스테레오(Humming Urban Stereo),3.0
파라다이스 (Paradise),인피니트(Infinite),3.0
Shining The Morning,장세용,3.0
Enter Sandman,나윤선,3.0
사랑합니다,이재훈 ,3.0
Feel So Good,아이유(IU),3.0
키스미,참깨와 솜사탕,3.0
Fish Soul,데이라이트(Daylight),3.0
Free Hug,세렝게티(Serengeti),3.0
살다가 한번쯤,포맨,3.0
Good Love (feat. BSK A.k.a 김범수),다이나믹 듀오(Dynamic Duo),3.0
Starman,자우림(Jaurim),3.0
날 위한 이별,성시경,3.0
Good Night,10cm(십센치),3.0
날 사랑하는게 아니고,오지은,3.0
난 그대만을,공일오비(015B),3.0
선물,박기영,3.0
세글자,엠투엠(M To M),3.0
초콜릿,데이라이트(Daylight),3.0
세상의 문 앞에서 (duet with 신해철),전람회,3.0
이별의 온도,윤종신,3.0
신 인류의 사랑,공일오비(015B),3.0
나비,자우림(Jaurim),3.0
이별은 멀었죠,한경일,3.0
잊혀지는 이별,임창정,3.0
쓰여지지 않은 삶,스웨덴세탁소,3.0
잊혀지다 (feat. 양다일),정키(Jung Key),3.0
Nike Shoes (feat. Dynamic Duo),빈지노(Beenzino),3.0
언젠가 설명이 필요한 밤,안녕하신가영,3.0
종이 심장 (Paper Heart),에프엑스(f(x)),3.0
언젠가는,이상은(Lee Tzsche),3.0
LoveSick,산이(San E),3.0
여자,리사(Lisa),3.0
거리에서,리즈(Leeds),3.0
Miss You,브라운 아이즈(Brown Eyes),3.0
연애해볼까,박혜경,3.0
영원,최진영 [SKY],3.0
Moon & Sunrise,보아(BoA),3.0
Moon River,조아혜,3.0
간지럽게,스윗소로우(SWEET SORROW),3.0
Now We Go,페퍼톤스(Peppertones),3.0
Mr.Mr.,소녀시대,3.0
가을여행,이한진 밴드,3.0
언제나 그랬죠,브라운 아이즈(Brown Eyes),3.0
Yesterday,웅산,3.0
"가슴으로 운다 (feat. 아이린, 윤미)",디셈버(December),3.0
오늘부터 1일 (Day 1),케이윌(K.Will),3.0
가슴 아파도,플라이 투 더 스카이(Fly To The Sky),3.0
오래된 커플,가을방학,3.0
My Swing,임영일,3.0
왼쪽가슴,케이윌(K.Will),3.0
외톨이,바비 킴(Bobby Kim),3.0
오래전 그날 (With 이적),윤종신,3.0
오랜만이다,헤르쯔 아날로그(Herz Analog),3.0
오필리아 (Ophelia),Lucia(심규선),3.0
Night Whale,나루(Naru) [솔루션스],3.0
왜 나만 아프죠,장혜진,3.0
[동상] 너의 기억,임헌일 [메이트],3.0
언제나 사랑해,제이세라(J-Cera),3.0
고마워,성시경,3.0
The Ocean : 불멸에 관하여,넥스트(N.EX.T),3.0
아직도 그대가 익숙해,디어 클라우드(Dear Cloud),3.0
차라리,이수영,3.0
왜 전화했어... (SBS '패밀리가 떴다' 삽입곡),신혜성,3.0
쓸쓸하고 씁쓸하고,아키버드(Aquibird),3.0
"씨스루 (feat. Zion.T, 개코 Of 다이나믹듀오)",프라이머리(Primary),3.0
그대와 나,10cm(십센치),3.0
지금이 아니면,타루(Taru),3.0
Kiss You,타루(Taru),3.0
잊혀진 계절,동방신기(TVXQ!),3.0
그대네요 (duet with 아이유) (Bonus Track),성시경,3.0
아이보리,가을방학,3.0
울다,이승환,3.0
Peter Pan,(핫펠트)예은 [원더걸스],3.0
"Lazenca, Save Us",넥스트(N.EX.T),3.0
People,윤하(Younha/ユンナ),3.0
아프고 아파도,솔플라워(Sol' Flower),3.0
어쩌다가 (Acoustic ver.),란(Ran),3.0
그는 오지 않았다,피비스(PB's),3.0
그놈의 결혼식,김현정,3.0
Lip,디어 클라우드(Dear Cloud),3.0
안녕 (feat. 신해철),피터팬 컴플렉스(Peterpan Complex),3.0
우울한 너에게,메이트(Mate),3.0
알 수 없는 인생,이문세,3.0
그 사랑이 뭔데,왁스(Wax),3.0
우울시계 (feat. 종현 Of SHINee),아이유(IU),3.0
너 맘에 들어,트리탑스(Tritops),3.0
좋아합니다,디에스 커넥션(DS_Connexion),3.0
공원여행 (Vocal By 현민),페퍼톤스(Peppertones),3.0
Love Shine,검정치마,3.0
어른병 (feat. Mr.Room9),배치기,3.0
우리들의 행복한 시간 (feat. Joo / Narr. 안혜경),타우(Taw),3.0
사랑하기 때문에,유재하,3.0
I Do (duet with 성진환 - Sweet Sorrow),박기영,3.0
배가 불렀지 (feat. GaeKo Of DYNAMIC DUO),슈프림팀(Supreme Team),3.0
빨주노초파남보,옥상달빛,3.0
4년전 5월 그때의 우리,강아솔,3.0
마지막 춤은 나와 함께,재주소년,3.0
바보,혜령,3.0
혼자만의 사랑 (R&B Ballad),김건모,3.0
사랑은 이별보다 빨라서,BMK,3.0
Blue Sky,박기영,3.0
한번만...,혜령,3.0
동경,박효신,3.0
A Night In Seoul,토이(Toy),3.0
Dancing Queen,크레용팝(Crayon Pop),3.0
Banana Shake,허밍 어반 스테레오(Humming Urban Stereo),3.0
"사랑은 왜 언제나 (feat. 김지영, 낯선)",이그나이트(Ignite),3.0
러브 레시피,거미,3.0
Constant No.1,바닐라 어쿠스틱(Vanilla Acoustic),3.0
Act 5,넬(Nell),3.0
"Baby, Don't Cry (인어의 눈물)",EXO,3.0
너무 늦지않았죠 (feat. 김하나),나몰라패밀리N,3.0
별(別),팀(Team),3.0
화창한 봄날에 (feat. Kuan),제리케이(Jerry. K),3.0
떠나지마,브라운 아이즈(Brown Eyes),3.0
별이 진다네,여행스케치,3.0
사랑과 우정사이,박혜경,3.0
Autumn Leaves,신은성,3.0
눈물연못,케이윌(K.Will),3.0
너에게 들려주고 싶은 이야기,공일오비(015B),3.0
한참을 울었어,일렉트로보이즈(ELECTRO BOYZ),3.0
눈부신 고백,성시경,3.0
혼자만의 사랑,김건모,3.0
마지막 축제,서태지와 아이들,3.0
흐르는 강물처럼,박기영,3.0
너를 원해 (feat. Beenzino),정기고(Junggigo),3.0
봄 눈,박지윤,3.0
한때 (feat. 노블레스),예인,3.0
당신은 참..,성시경,3.0
너란 여자 때문에,이현 [에이트],3.0
농담 반 진담 반,슈가볼(Sugarbowl),3.0
벌써 일년,왁스(Wax),3.0
네모의 꿈,화이트(W.H.I.T.E.),3.0
발이 무겁습니다,제이투엠(J2M),3.0
피아노,김건모,3.0
니가 진짜로 원하는게 머야,신해철,3.0
비오는 압구정,브라운 아이즈(Brown Eyes),3.0
혼자,커피소년,3.0
너에게 원한건,노이즈(Noise),3.0
As for me,스웨덴세탁소,3.0
사랑의 숲에서 길을 잃다 (With 임창정),제드(Jed),3.0
부탁해 (Acoustic ver.),우은미,3.0
닮은 사람,테이(Tei),3.0
사랑을 놓치다 (Acoustic ver.),에디(Eddie),3.0
니가 아니면 안될것 같은데.. (미녀와 야수),스맥스(S'Max),3.0
종로에서 (feat. PK 헤만),솔지 [EXID],2.0
Mr.Chu,에이핑크(Apink),2.0
Melody,조규찬,2.0
갈색 추억,벤,2.0
별똥별,전기뱀장어,2.0
당신만이,벗님들,2.0
여행 (feat. 조규찬),빅뱅(방승철) [Solo],2.0
거짓말,지오디(god),2.0
Maldive,푸딩(Pudding),2.0
걸어온다,진운,2.0
절망에 관하여,신해철,2.0
Lovely Day,에이핑크(Apink),2.0
별 헤는 밤,40(포티),2.0
같은 베개...,테이(Tei),2.0
March,짙은(Zitten),2.0
여행을 떠나자,이지영,2.0
여자친구가 생겼으면 좋겠다 (feat. 쇼코),소심한 오빠들(Sosimboys),2.0
Loving U (러빙유),씨스타(Sistar),2.0
너는 왜,철이와 미애,2.0
별이 빛나는 밤에,바이브(Vibe),2.0
좋아해,하이투힘(Hi to him),2.0
"그 밤, 별은 부서져","바이루피타(Bye, Lupita)",2.0
보통,백지영,2.0
다시 만난 날,다비,2.0
"알로하, 기분 좋은 인사",우쿨렐레 피크닉(Ukulele Picnic),2.0
알고 싶어요,서영은,2.0
다섯시 반,브로콜리너마저,2.0
안아줘요,10cm(십센치),2.0
안아줘,줄리아 하트(Julia Hart),2.0
그건 말야,김동률,2.0
사랑인가요,박새별,2.0
그까짓 사랑 참... (feat. MC한새),란(Ran),2.0
그날 이후,코요태,2.0
Long-D,야광토끼(Neon Bunny),2.0
Because I..,헤븐노우즈(HeavenKnows),2.0
안녕,KCM,2.0
그 곳,장재인,2.0
귓속말,한소아,2.0
별이 빛나는 밤에 (feat. 강선아),매드 클라운(Mad Clown),2.0
귀천도애(歸天道哀),김민종,2.0
Love Song,장윤주,2.0
어쩌죠 (Remake ver.) ,우이경,2.0
허공,조용필,2.0
저 남자가 내꺼였으면,하와이,2.0
고백 (Produced By Vibe 윤민수),포맨,2.0
어이 (Uh-ee),크레용팝(Crayon Pop),2.0
고양이 효과,두번째 달,2.0
고작,SG워너비,2.0
단 한번의 여행 (feat. 나인 From Dear Cloud),몽니(Monni),2.0
단 한 번도 넌,스웨덴세탁소,2.0
공허해,WINNER,2.0
어디쯤 있나요,알레그로(Allegrow),2.0
다음 사람에게는,먼데이 키즈(Monday Kiz),2.0
좋아해,프롬(Fromm),2.0
귀여운 남자,JUNIEL(주니엘),2.0
고백,메이트(Mate),2.0
My Song And...,윤하(Younha/ユンナ),2.0
Arabian Night (아라비안 나이트),김준선(Kim June Sun),2.0
우주... 별.. 콩. (For H.G),송광식,2.0
이게 나예요,SAT,2.0
Please (R&B Ballad),이기찬,2.0
That's All,허소영,2.0
Piano Riding (inst.) (진보라 폰음악 원곡),에코 브릿지(Eco bridge),2.0
위잉위잉,혁오(hyukoh),2.0
The Lady (feat. Bumkey(범키) & Dok2(도끼)),투엘슨(2LSON),2.0
4월 이야기,슬로우 쥰(Slow 6),2.0
우울한 편지,유재하,2.0
밤하늘의 별을 3 (feat. 김하늘),양정승(Kiroy Y),2.0
마음이 먼저,박정현,2.0
리코타 치즈 샐러드,소란(Soran),2.0
A Bitter Day (feat. 용준형 & G.NA),현아 [포미닛],2.0
우아 (Oo-ah),슈가볼(Sugarbowl),2.0
Tonight,권순관,2.0
우린 제법 잘 어울려요,성시경,2.0
Acoustic Breath,한희정,2.0
이게 사랑인가요,고유진(플라워),2.0
미운 열두살,재주소년,2.0
이등병의 편지,박혜경,2.0
1월부터 6월까지 (feat. 윤종신),공일오비(015B),2.0
흩어져 (Eternal Sunshine),은표,2.0
Sheer Voyage,BN옴니버스,2.0
무표정한 발걸음,아침(Achime),2.0
Round Midnight,최선배,2.0
일년 후 (feat. 요조) (Accoustic ver.),마이큐(MY-Q),2.0
멍투성이,오윤혜,2.0
River,어반 자카파(Urban Zakapa),2.0
물이 되는 꿈,루시드 폴(Lucid Fall),2.0
Sweet Day,바람에 오르다,2.0
잃어버린 것들,성시경,2.0
12月,윤종신,2.0
이별은 (feat. DC) (Song Mad Clown),매드 클라운(Mad Clown),2.0
미소속에 비친 그대,신승훈,2.0
매일 매일 기다려,티삼스,2.0
말꼬리 (feat. 정준일 Of Mate),윤종신,2.0
우리가 사랑했다면,하울(HowL),2.0
Once Again (Bonus Track),윤한(Yoonhan),2.0
또 고마워서 만든 노래 (Cinema ver.),옥상달빛,2.0
잘 들어가고 있나요 (feat. 조정치),달콤한 소금,2.0
동감,나윤권,2.0
바보야 (duet with 손호영),길건,2.0
더 늦기 전에 (Theme Song),넥스트(N.EX.T),2.0
잘못,비스윗(Besweet),2.0
My Soul,줄라이(July) [뉴에이지],2.0
다 그런거죠 (Vocal By 김지영),이그나이트(Ignite),2.0
가슴으로 외쳐 (feat. Rhymer) ,먼데이 키즈(Monday Kiz),2.0
잘못했나요,세이(Say),2.0
오늘만,윤하(Younha/ユンナ),2.0
가슴이 차가운 남자 (Let You Go),트랙스(Trax),2.0
잠시 길을 잃다 (feat. 치열),공일오비(015B),2.0
"가을로 (feat. 프리스타일 미노, Daylight, 이상)",타우(Taw),2.0
My Prayer (기도),보아(BoA),2.0
발자국,먼데이 키즈(Monday Kiz),2.0
장가갈 수 있을까,커피소년,2.0
오르막길,정인,2.0
오버액션 맨,비트겐슈타인(Wittgenstein),2.0
Viajante (Traveler / 비아잔떼),푸디토리움(Pudditorium),2.0
와일드 (Wild),나인뮤지스(Nine Muses),2.0
"작년, 오늘",쿨(COOL),2.0
When I fall,애프터 스쿨(After School) ,2.0
화장을 고치고,왁스(Wax),2.0
Yet,나루(Naru) [솔루션스],2.0
요즘 가끔 머리속에 드는 생각인데 말이야,오지은,2.0
바람을 타고 온 편지,앨리스 인 네버랜드(Alice In Neverland),2.0
화분 (알렉스 ver.) ('우리 결혼했어요' 삽입곡),알렉스(Alex) [클래지콰이],2.0
외길,빅마마(Big Mama),2.0
홈런 (feat. 옥주현),MC 몽,2.0
왜 하늘은...,이지훈,2.0
Amorejo,제이레빗(J Rabbit),2.0
동경소녀,김광진,2.0
바람인가요,브라운 아이드 소울(Brown Eyed Soul),2.0
바래다 주고,유(U),2.0
잔향,김동률,2.0
"봄, 여름 그 사이",박지윤,2.0
그곳에 서서,박효신,2.0
(이런 XX) 뭐야 이건,지니(Geenie),2.0
하지마,히트(HITT),2.0
Fool,어른아이(Adultchild),2.0
빗물이 내려서 ,김태우,2.0
"비타민 (With 정연, 승연) (김태희 요정송, 파리바게뜨 CF 삽입곡)",박학기,2.0
노래가 되어,성시경,2.0
내 심장과 네 심장이 같았더라면 (Acoustic ver.),술제이(SOOL J),2.0
한계,넬(Nell),2.0
술이야,바이브(Vibe),2.0
슈게이저,미스티 블루(Misty Blue),2.0
스물 아홉 문득,3호선 버터플라이(3호선 Butterfly),2.0
한낮의 천문학,가을방학 김재훈,2.0
사랑해서 사랑해서,박완규,2.0
너를 좋아하니까,뷰티핸섬(BeautyHandsome),2.0
너를 위해,수경 [빨간의자],2.0
슬픈 선물,김장훈,2.0
한번만 더,나얼(Na-Ul),2.0
슬픈 운명,김돈규,2.0
내 친구야 (Believe In Vision),소울맨(Soulman),2.0
기분 좋은 날 (웅진 쿠첸 광고 삽입곡),알렉스(Alex) [클래지콰이],2.0
기분 좋은 날,김건모,2.0
Goodbye (Original Mix),라디(Ra.D),2.0
눈물만 고이죠,리즈(Leeds),2.0
비오는 날,루싸이트 토끼,2.0
사랑해,김우주,2.0
창문을 열어놓고,별,2.0
사랑을 외치다,빅마마(Big Mama),2.0
시계,브라운 아이드 소울(Brown Eyed Soul),2.0
피크닉 데이,서영은,2.0
기억이 시간보다 느려서,곰PD,2.0
너를 처음 본 순간,러브앤팝(Love & Pop),2.0
피크닉,차태현,2.0
내 눈물이 하는 말,견우,2.0
난 좋아,정준일 [메이트],2.0
너에게,서태지와 아이들,2.0
낙엽(落葉),김동률,2.0
추억 만들기,린(LYn),2.0
Goodbye Mr.Trouble,신해철,2.0
너와 나 어디쯤 (Song By Day),더 그랜드(The Grand),2.0
Gypsy Girl (집시 걸),윈터플레이(Winterplay),2.0
Click Me (feat. Dok2),Zion.T,2.0
넌 나를 좋아하게 될거야 (넌.좋.될),소심한 오빠들(Sosimboys),2.0
넌 어디에,블락비(Block B),2.0
HUSH,에이핑크(Apink),2.0
소녀에게 (Hey Girl),신승훈,2.0
난리나,블락비(Block B),2.0
Good-bye Baby,미쓰 에이(miss A),2.0
날 떠나지마,박진영,2.0
Good Night (feat. TIDY),씨에스피(CSP) [크리스피 크런치],2.0
넌 친구 난 연인!,김건모,2.0
사랑은 맛있다 ♡,휘성,2.0
사라지지 말아요,디어 클라우드(Dear Cloud),2.0
날아라 병아리,신해철,2.0
뽀뽀,좋아서 하는 밴드,2.0
하지 못한 말,노을,2.0
산책 (영화 '참을 수 없는.' 삽입곡),이바디(Ibadi),2.0
꿈의 대화 (Acoustic ver.),SG워너비,2.0
꿈에 들어와,서울 전자 음악단,2.0
네가 좋아 (feat. 박원 Of 원모어찬스),안녕하신가영,2.0
솜사탕,네미시스(Nemesis),2.0
사랑의 첫 단계,피터팬 컴플렉스(Peterpan Complex),2.0
I'll Be There (feat. 박재범),스윙스(Swings),2.0
그리워서 (feat. 진주 & 프리스타일 미노),파스텔블루(Pastel Blue),2.0
Blue Eyes,쿨(COOL),2.0
그대에게,넥스트(N.EX.T),2.0
부탁해요,왁스(Wax),2.0
아마도 사랑이겠죠,장나라,2.0
Isn't She Lovely,David Sanborn(데이빗 샌본),2.0
그대랑,이적,2.0
Bubble Pop!,현아 [포미닛],2.0
아스피린 소년,이진우 [인디],2.0
그대가 분다,엠씨 더 맥스(M.C the Max),2.0
아이러니,뜨거운 감자(Hot Potato),2.0
부디,브이오에스(V.O.S.),2.0
사랑하면 할수록,한성민,2.0
봄의 왈츠를 위한 시계,미스티 블루(Misty Blue),2.0
Intro,토이(Toy),2.0
니가좋아,조은경,2.0
아침,디어 클라우드(Dear Cloud),2.0
아침 눈물,아이유(IU),2.0
아침 먹고 땡,요조(Yozoh),2.0
Lean On Me (feat. 에디킴 & TUNE From 노리플라이),닥터심슨(Dr.Simpson),2.0
너는 초콜렛 (feat. Soulrain),루앤(Luanne),2.0
아파 (Slow),투애니원(2NE1),2.0
그대 내게 올 때,커피소년,2.0
아파도 괜찮아,비스콜릿(Biscolate),2.0
그대 내게 다시 (Guitar ver.),럼블 피쉬(Rumble Fish),2.0
닐리리맘보,블락비(Block B),2.0
내사람: Partner For Life,SG워너비,2.0
그대는 나무 같아,박지윤,2.0
비가 내려 (Homage To Sting),마이 앤트 메리(My Aunt Mary),2.0
Endless (Special Edit),플라워(Flower),2.0
한숨이 늘었어 (duet with 이진우),에피톤 프로젝트(Epitone Project),2.0
비상,임재범,2.0
비를 내려줘요,린(LYn),2.0
사랑한다면 (Bonus Track),임재범,2.0
참 다행이야,왁스(Wax),2.0
해바라기,SG워너비,2.0
신부에게,서영은,2.0
퍼피,전기뱀장어,2.0
해바라기,롤러코스터(Rollercoaster),2.0
비 내리던 날,이영훈 [인디],2.0
너를 만나러 가는 길,달콤한 소금,2.0
Cloud Avenue,디어 클라우드(Dear Cloud),2.0
늪 (2005),매슬로(Maslo),2.0
내가 있을께,조(Jo),2.0
Break Away (Accoustic ver.) (Bonus Track),빅마마(Big Mama),2.0
커피를 마시고 (Crystal S. Remix) (Arpeggio ver.),어반 자카파(Urban Zakapa),1.0
프란다스의 개,이오공감,1.0
"1991年, 찬바람이 불던 밤....",박효신,1.0
Dream,Priscilla Ahn(프리실라 안),1.0
Fly,윤하(Younha/ユンナ),1.0
Don't Be Afraid (feat. 하림),제이독(J-DOGG),1.0
100일째 만남,룰라(Roo'Ra),1.0
편지,김우주,1.0
Goodbye,김사랑,1.0
"Officially Missing You, Too",긱스(Geeks),1.0
잊어야 한다는 마음으로,김광석,1.0
필로소피,Lucia(심규선),1.0
O My Baby,윤종신,1.0
잊어야 한다는 마음으로,10cm(십센치),1.0
힘 내! (Way To Go),소녀시대,1.0
편지,브로콜리너마저,1.0
흐린 기억속의 그대 (Club Remix),현진영,1.0
SAVIOR,Lucia(심규선),1.0
흐린 가을 하늘에 편지를 써,김광석,1.0
풍선,다섯손가락,1.0
텅빈 거리에서,뷰티풀 데이즈(Beautiful Days),1.0
From Mark,하동균,1.0
Romantico,테테(Tete),1.0
Galaxy Tourist (Vocal By 연진 Of 라이너스의 담요),페퍼톤스(Peppertones),1.0
Going Home,김윤아,1.0
Feel Good Music,드렁큰 타이거(Drunken Tiger),1.0
"1, 2, 3 (원 투 쓰리)",윤하(Younha/ユンナ),1.0
Promise You,애니밴드(Anyband),1.0
잊혀진 계절 (Remake Op.1),김범수,1.0
...사랑했잖아... (2014 Live ver.),린(LYn),1.0
2년 6개월,유영석,1.0
"Good Bye Sadness, Hello Happiness",t윤미래,1.0
잊혀진다는 거,노을,1.0
Corcovado,효기(Hyoki) [Jazz],1.0
폭설 (Piano ver.),네스티요나(Nastyona),1.0
One Night,DJ DOC,1.0
일탈,자우림(Jaurim),1.0
Life Streamin',데미캣(Demicat),1.0
Nobody,김동률,1.0
헤어져야 사랑을 알죠,리사(Lisa),1.0
Boogie On & On,빈지노(Beenzino),1.0
좋아 좋아,서영은,1.0
집이 돼줄게,범키(Bumkey),1.0
차 마실래?,헬로비너스(HELLOVENUS),1.0
Love Story(러브 스토리),지플라(G.Fla),1.0
허수아비,이하이,1.0
If I Die Tomorrow,빈지노(Beenzino),1.0
추억 사랑만큼 (feat. 강현정 Of Bubble Sisters),브라운 아이드 소울(Brown Eyed Soul),1.0
제주도의 푸른밤,남아스떼(男兒's 떼),1.0
창문 너머 어렴풋이 옛 생각이 나겠지요,스프링롤(Springloll),1.0
Luv Party (feat. 장혜진) (Remastering),스페이스카우보이(Space Cowboy),1.0
Astral Plane,써드코스트(3rd Coast),1.0
I'm Your Man,존 박(John Park),1.0
"Mine Tonight (feat. Jinbo, Dok2)",프라이머리(Primary),1.0
Insomnia (불면증),휘성,1.0
진짜일 리 없어,임정희,1.0
지울꺼야,이수영,1.0
지붕 위의 고양이 (feat. 장윤주),정재형,1.0
지독하게,FTISLAND(에프티 아일랜드),1.0
좋아해,요조(Yozoh),1.0
좋아해 사랑해,홍채린,1.0
행복했을까 (feat.구혜선),서인국,1.0
좋은 날,이승환,1.0
좋은 사람 (Good Person),슈퍼주니어(Super Junior),1.0
Kiss할까요,성시경,1.0
"Lazenca, Save Us",신해철,1.0
Love Box (feat. 타루),Maximilian Hecker(막시밀리안 헤커),1.0
Love,조장혁,1.0
Be Mine,Lucia(심규선),1.0
좋은걸 어떡해,블랙펄(Black Pearl),1.0
좋은일이 있을거야,제이레빗(J Rabbit),1.0
처음 뵙겠습니다 (With 휘성),지나(G.NA),1.0
I Loved You,캐스커(Casker),1.0
Missing You,플라이 투 더 스카이(Fly To The Sky),1.0
첫사랑 보관소,어쿠스틱 콜라보(Acoustic Collabo),1.0
Alone Again (Gilbert O'Sullivan),이소라,1.0
Goodbye To Romance,써니힐(Sunny Hill),1.0
Always,강우진,1.0
청소하던 날,김연우,1.0
Hands Up,2PM,1.0
"Never, Ever...",은지원,1.0
잘 된 일이야,나비(Navi),1.0
Change,조장혁,1.0
첫사랑이죠,아이유 ＆ 나윤권,1.0
첫사랑의 일기장 (feat. 스타 러브 피쉬),어쿠스틱 콜라보(Acoustic Collabo),1.0
하리오,케이윌(K.Will),1.0
혼자서 극장에,심현보,1.0
혼자만의 사랑 (2009 Re-Mastering ver.),김건모,1.0
첫사랑의 멜로디,어쿠스틱 콜라보(Acoustic Collabo),1.0
C'est La Vie,하와이,1.0
Missing You (feat. 김윤아 Of 자우림),G-DRAGON,1.0
High High,G-DRAGON,1.0
Begging You (Full ver. 2013) (feat. 효빈),투엘슨(2LSON),1.0
호랑나비,나얼(Na-Ul),1.0
첫 이별 그날 밤,아이유(IU),1.0
Hot Baby,베스티(BESTie),1.0
인형의 꿈,유리상자,1.0
My My,에이핑크(Apink),1.0
My Everything,브라운 아이드 소울(Brown Eyed Soul),1.0
장미,신해철,1.0
재회,어반 자카파(Urban Zakapa),1.0
헤어진 다음날,이현우,1.0
I Feel So Nice,포맨,1.0
Bye By Bye,클린치(Clinch),1.0
Moai,서태지,1.0
"첫느낌 (feat. B. L. X, Cubic)",바스코(Vasco),1.0
못나고 못난,윤종신,1.0
SOFA,크러쉬(Crush),1.0
내사랑 울보,SG워너비,1.0
내 쓸쓸한 일요일,진호,1.0
사랑해 사랑해,2AM,1.0
사랑해 봤나요?,엠씨 더 맥스(M.C the Max),1.0
내 여자,더 원(The One),1.0
내 친구야 (Believe In Vision) (inst.),Unknown,1.0
사랑합니다,에이블(A-ble),1.0
내가 너의 곁에 잠시 살았다는 걸,성시경,1.0
내가 아는 한 가지,홍경민,1.0
내가 없는 하루,이지형,1.0
사랑한다는 말로도 위로가 되지 않는,브로콜리너마저,1.0
내가 웃고 있어요 (가인),브라운 아이드 걸스,1.0
내께 아니잖아,김동희,1.0
사랑하지 말것을,애프터 레인(After Rain),1.0
내사랑 내곁에,김현식,1.0
내일 아침 헤어지자 해야겠다,이호석,1.0
널 위한 거짓말,문명진,1.0
사랑일뿐야,김범수,1.0
너니까 (I Got Your Love),민경훈,1.0
사랑이 지나가면,아이유(IU),1.0
사랑이 또 될까요,바닐라 어쿠스틱(Vanilla Acoustic),1.0
너를 업던 기억,김창완 밴드(Kim Chang Wan Band),1.0
사랑의 대화 (duet with 이정석),조갑경,1.0
사랑은 창밖에 빗물 같아요 (Remake),브이원 (V.One),1.0
너를 향한 마음,리즈(Leeds),1.0
너만 모르는 이야기 (Song 유연),은초(Eun Cho),1.0
사랑에 빠져본 적 있나요 (With Ra.D) (Acoustic ver.),스탠딩 에그(Standing Egg),1.0
너뿐이야 (You're The One),박진영,1.0
넌 감동이었어,성시경,1.0
사랑 빛,씨엔블루(CNBLUE),1.0
널 사랑하겠어,서영은,1.0
사랑해요,이소은,1.0
내 사랑 내 곁에,박기영,1.0
사랑했나봐,장혜진,1.0
사랑했잖아 + 사랑했잖아 Part.2 (A-LIVE),린(LYn),1.0
"손만 잡고 잘께 (feat. Kuan, 샛별)",피노다인(Pinodyne),1.0
꿍따리 샤바라,클론(Clon),1.0
끝난 건가요,장혜진,1.0
나 요즘,바닐라 어쿠스틱(Vanilla Acoustic),1.0
소요유(逍遙遊),클릭비(Click-B),1.0
나가면 고생이야 (feat. Beenzino) (Come To My Crib),케이윌(K.Will),1.0
나락(奈落),휘성,1.0
나만 몰랐던 이야기 (With Pianist 김광민),아이유(IU),1.0
"소년, 소녀 (With 토마스쿡)",정은채 [배우],1.0
"소녀, 사랑을 만나다 (With 소녀시대 티파니)",케이윌(K.Will),1.0
세수,서인영,1.0
나와 같다면,김장훈,1.0
나의 옛날 이야기,홍경민,1.0
세상 누구도,HITCHHIKER (히치하이커),1.0
나의 절망을 바라는 당신에게,못(Mot),1.0
서툴렀던 사랑,민해경,1.0
난 네게 (Acoustik RMX) (feat. Inbar),라디(Ra.D),1.0
난 아직도,하유진 ,1.0
서시,마야(Maya),1.0
난 행복해 (Remake),빈티지 블루(Vintage Blue),1.0
날 그만 잊어요,거미,1.0
날 떠난 이유,왁스(Wax),1.0
날 울리지마,신승훈,1.0
삶은 여행,이상은(Lee Tzsche),1.0
날마다 타인,한희정,1.0
날아라 병아리 (feat. 윤도현),넥스트(N.EX.T),1.0
낡은 배낭을 메고,노리플라이(no reply),1.0
내 가슴이 운다,케이윌(K.Will),1.0
내 꿈에서라도,G.O(지오) [엠블랙],1.0
널 사랑해,조규찬,1.0
빨개요,현아 [포미닛],1.0
기차를 타고,아이유(IU),1.0
루아흐 (Ruach),브라운 아이즈(Brown Eyes),1.0
반달: Man On The Moon,마이노스 인 뉴올(Minos In Nuol),1.0
더딘 사랑,은휼,1.0
바보,박효신,1.0
돈키호테 (feat. 휘성),피타입,1.0
돌이킬 수 없는 사랑,소호대,1.0
두 번 헤어지는 일,다비치,1.0
둘이서 좋아 (feat. 구자창),동경소녀,1.0
바람이 불어오는 곳,김광석,1.0
듣고 있나요,이승철,1.0
...사랑했잖아...,린(LYn),1.0
떠나지마,FOLEY(폴리),1.0
바람과 함께 사라지다,임창정,1.0
똑같은 이별은 없다,민경훈,1.0
바라만 봐도 좋은데,노리플라이(no reply),1.0
미칠 것 같아,길구봉구,1.0
빗속에서,존 박(John Park),1.0
마지막 약속,포지션(Position),1.0
만나러 가는 길,박정현,1.0
만약에,준(June),1.0
미운오리,아이유(IU),1.0
미운사람,애즈 원(As One),1.0
미안해요,김건모,1.0
망설이지 마요,몽니(Monni),1.0
먼곳에서,박효신,1.0
먼지가 되어,마호가니 킹(Mahogany King),1.0
멀어 (feat. Beenzino),프라이머리(Primary),1.0
물병자리 (feat. 주영),이루펀트(Eluphant),1.0
모노드라마 (With 유승우),허각,1.0
무릎담요,지아(Zia),1.0
목소리 (feat. 개리 Of 리쌍),백지영,1.0
대박사건 (Crash),B.A.P,1.0
밤하늘의 별을.. (With KCM & No Noo),양정승(Kiroy Y),1.0
백색왜성,넬(Nell),1.0
담배가게 아가씨,브라운 아이드 소울(Brown Eyed Soul),1.0
비처럼 음악처럼,신문희(Moony),1.0
비처럼 음악처럼,김현식,1.0
놀러와,러브홀릭(Loveholic),1.0
비와 당신의 이야기 (feat. 박완규),김경호,1.0
눈물,리아(Riaa),1.0
눈물만 눈물만,왁스(Wax),1.0
비오는 거리,서영은,1.0
비스듬히 걸쳐 (Rebirth) (feat. Donutman),크루셜스타(Crucial Star),1.0
눈물의 성분 (feat. 조정치),윤종신,1.0
비가 오는 날에는,파티스트릿(Party Street),1.0
늦가을 (feat. 규현 Of Super Junior),윤종신,1.0
비 눈물,뜨거운 감자(Hot Potato),1.0
붉은 노을,이문세,1.0
불멸의 사랑,조성모,1.0
니 이름이 뭐니?,루나플라이(Lunafly),1.0
봄처럼,김보경,1.0
봄을 그리다,어반 자카파(Urban Zakapa),1.0
봄날은 간다,스웨터(Sweater),1.0
본능적으로 (feat. Swings),윤종신,1.0
다른 사람들처럼 (Vocal By 김지영),이그나이트(Ignite),1.0
보이지 않아도 사랑은 알아요,수경 [빨간의자],1.0
단발머리,공일오비(015B),1.0
보고 싶다,김범수,1.0
병원에 가다 (이별..),강민경 [다비치],1.0
달리 되었더라면,멜로 브리즈(Melo' Breeze),1.0
별사탕 (feat. Bumkey),이루펀트(Eluphant),1.0
달리기,S.E.S.,1.0
별(別) - Dejavu,리브가,1.0
달팽이,W & Whale(더블유 앤 웨일),1.0
꼭은 아니더라도,FTISLAND(에프티 아일랜드),1.0
송곳니,전기뱀장어,1.0
She Is Not Following You (feat. 지은),이루펀트(Eluphant),1.0
가을 사랑,SG워너비,1.0
When October Goes,신해철,1.0
With Me,휘성,1.0
가끔,크러쉬(Crush),1.0
완벽한 봄날 (feat. 소심한 오빠들),동경소녀,1.0
온통,해브어티(Have A Tea),1.0
가끔 네가 그리울 때가 있어 (feat. 단비),미드나잇 램프,1.0
가끔 이런 날,해브어티(Have A Tea),1.0
가난한 기도,이수영,1.0
가만히 눈을 감고 (New ver.),정재욱,1.0
가슴에 살아 (feat. 나르샤 Of Brown Eyed Girls),언터쳐블,1.0
오늘은 간다,봄(Bom),1.0
오늘은 (Acoustic ver.),팔드로(8Dro),1.0
오늘만 놀아요,네이브로(NeighBro.),1.0
가을 겨울 봄 여름 (Album ver.),가을방학,1.0
가을바람,장윤주,1.0
여행,김동률,1.0
"오, 사랑",루시드 폴(Lucid Fall),1.0
오 나의 여신님,성시경,1.0
가을이 불어온다,주보라,1.0
가장 듣고 싶은 말,이아립,1.0
가족,이승환,1.0
가질수 없는 너,뱅크(Bank),1.0
예럴랄라,강산에,1.0
예감 좋은 날,럼블 피쉬(Rumble Fish),1.0
영화처럼,어쿠스틱 콜라보(Acoustic Collabo),1.0
감동이 중요해 (feat. 한해 Of 팬텀),JUNIEL(주니엘),1.0
감자탕집 아들,수경 [빨간의자],1.0
연인,김연우,1.0
연애는 어떻게 하는 거였더라,요조(Yozoh),1.0
같은 이별이겠죠,한경일,1.0
우리 둘,카라(Kara),1.0
Whatever You Do (feat. Gray),크러쉬(Crush),1.0
Voice (feat. Swings),김예림 [투개월],1.0
우리 이렇게,슈가볼(Sugarbowl),1.0
Slowly,A.T(에이티),1.0
Somebody,푸디토리움(Pudditorium),1.0
이젠 없다,2AM,1.0
이사(移徙),윤상,1.0
이불을 빨았어,태원(TaeOne),1.0
이별택시,김연우,1.0
Story,메이랜드(Mayland),1.0
Sweet Dream,성시경,1.0
Sweet Dream,장나라,1.0
이미 오래전 이야기,디어 클라우드(Dear Cloud),1.0
Tales Of The Wind,최지훈 트리오,1.0
이노래,2AM,1.0
Tears,소찬휘,1.0
이 정도,양양(YangYang),1.0
Tears (Vocal ver.),프렐류드(Prelude),1.0
Tell Me (Sampling From 'Two Of Hearts'),원더걸스(Wonder Girls),1.0
Thank You,페퍼톤스(Peppertones),1.0
유난히 (feat. 신예원),김진표(JP),1.0
The Gift,남경윤,1.0
The Load Out/Stay,Jackson Browne(잭슨 브라운),1.0
웃는다,커피소년,1.0
Timeless (feat. Xiah),장리인,1.0
"Tomorrow Sucks (Bonus Mix) (feat. Sean2slow, Beenzino)",데미캣(Demicat),1.0
Tonight (feat. 샛별),크루셜스타(Crucial Star),1.0
우린 1년을 만났죠,박혜경,1.0
Track 9,이소라,1.0
Train,베란다 프로젝트(Verandah Project),1.0
U-Go-Girl (With 낯선),이효리,1.0
Vessel,레비 파티(LEVIPARTY),1.0
같이 걷고 싶었어,이지형,1.0
거위의 꿈,인순이,1.0
송인(送人),쿨(COOL),1.0
그런니가 좋아 (feat. 선경 & Black Bulls),D. Pec,1.0
그대가 그대가,이석훈 [SG워너비],1.0
아무말이나 해,어반 코너(Urban Corner),1.0
그대만의 것,소울맨(Soulman),1.0
아마도 그건,박혜경,1.0
아름다운 이별 (Song By 옥주현),김형석,1.0
그대와 함께,더 블루(The Blue),1.0
그댈 위한 사랑,이정,1.0
아껴둔 사랑을 위해,이주원,1.0
그댈 잊는법,테이(Tei),1.0
"그래, 너",스탠딩 에그(Standing Egg),1.0
싸구려 커피,장기하,1.0
그랬으면,영준 [Brown Eyed Soul],1.0
그런 너 (Disturbance),보아(BoA),1.0
실편백나무,Lucia(심규선),1.0
그리움만 쌓이네,조규찬,1.0
여전히 아름다운지 (Blue ver.),페이지(Page),1.0
시를 위한 시,신혜성,1.0
그립고... 그리운...,박효신,1.0
시간이 필요해 (feat. 박정현),김진표(JP),1.0
그저 그런 하루,노리플라이(no reply),1.0
슬픈언약식 (Russian National Orchestra),김정민,1.0
슬픈 휴식,김건모,1.0
기억상실,거미,1.0
"스케치북 (feat. 윤종신, 김장훈)",토이(Toy),1.0
스쳐간다,로이킴,1.0
기억을 걷다보면,디셈버(December),1.0
순애보 (Narr. 김정은),최재훈,1.0
숙녀가 못 돼 (Damaged Lady),카라(Kara),1.0
수줍은 내사랑,어쿠스틱 콜라보(Acoustic Collabo),1.0
"수고했어, 오늘도",옥상달빛,1.0
그대 슬픔까지 사랑해 (Remake),백지영,1.0
아주 오래전 일,이적,1.0
아직도 여전히 (Vocal 원웅),코튼 팩토리(Cotton Factory),1.0
그대 돌아오면,거미,1.0
거짓말,BIGBANG,1.0
여인,노을,1.0
거짓말 거짓말 거짓말,이적,1.0
"걷자, 집앞이야 (feat. 주예인)",스무살,1.0
여름날 (feat. 페퍼톤스 신재평),유희열,1.0
여드름,커피소년,1.0
엄마 (Vocal By 박수민),디스토리(D.Story),1.0
겨울밤,장재인,1.0
언젠가는,나얼(Na-Ul),1.0
언제나,허각,1.0
못 본 사이에 (feat. 물만난물고기),디셈버(December),1.0
고백,한소아,1.0
골든 글러브 (CF '박카스 - 비즈니스맨 야근 편'),마이 앤트 메리(My Aunt Mary),1.0
어디선가 나의 노랠 듣고 있을 너에게,공일오비(015B),1.0
괜찮아,짙은(Zitten),1.0
궁금해 (Curious About You) ,이경현,1.0
야광별,안녕 바다,1.0
애원,이기찬,1.0
그 뻔한 말,정인,1.0
압구정 날라리,처진 달팽이(유재석 & 이적),1.0
그 아픔까지 사랑한거야,조성모,1.0
그게 정말이니?,장나라,1.0
"안녕, 안녕",Lucia(심규선),1.0
안녕 사랑아,박효신,1.0
그냥 니 생각이 나,정기고(Junggigo),1.0
그녀의 연인에게,K2(김성면),1.0
안녕,박혜경,1.0
그대,이문세,1.0
아프게 희망하기 (With 이루마),테이(Tei),1.0
계절이 바뀌어도,하은,1.0
