﻿Title,Artist,cnt
고백,뜨거운 감자(Hot Potato),45.0
봄이 와 (feat. 롤러코스터),김현철,45.0
가슴이 뛴다,케이윌(K.Will),43.0
다행이다,이적,42.0
봄을 그리다,어반 자카파(Urban Zakapa),42.0
Officially Missing You,긱스(Geeks),41.0
내 눈물모아,서지원,38.0
출발,김동률,37.0
Bike Riding,베란다 프로젝트(Verandah Project),36.0
봄봄봄,루싸이트 토끼,34.0
Never Ending Story,부활,33.0
사랑은 봄비처럼... 이별은 겨울비처럼,임현정,33.0
기억을 걷는 시간,넬(Nell),33.0
청혼,노을,33.0
다시 사랑한다 말할까,김동률,31.0
사랑할수록,부활,30.0
향수,버스커 버스커(Busker Busker),30.0
봄바람,버스커 버스커(Busker Busker),30.0
아름다운 이별,김건모,30.0
이상형,버스커 버스커(Busker Busker),30.0
넌 감동이었어,성시경,30.0
전활 거네,버스커 버스커(Busker Busker),30.0
골목길 어귀에서,버스커 버스커(Busker Busker),30.0
고백,델리 스파이스(Deli Spice),29.0
감사 (Bonus Track),김동률,29.0
봄이왔다,타루(Taru),29.0
살랑살랑,조원선,28.0
보여줄게,에일리(Ailee),28.0
기억의 습작,전람회,28.0
봄이다 (임수정 주연 화장품 CF '비욘드' 배경음악),두번째 달,28.0
저녁 하늘,에일리(Ailee),28.0
그대 내품에,유재하,28.0
꿈에,박정현,28.0
유난히 (feat. 신예원),김진표(JP),28.0
Hello My Barista (드라마 '커피프린스 1호점' 삽입곡),이지형,28.0
사랑.. 그 놈,바비 킴(Bobby Kim),28.0
첫 데이트,스윗소로우(SWEET SORROW),28.0
외로움증폭장치 (브래드 드럼 한판 쉬기),버스커 버스커(Busker Busker),28.0
애인이 생기면 하고 싶은 일 (With 비),지나(G.NA),28.0
그댈 마주하는건 힘들어 (그마힘),버스커 버스커(Busker Busker),28.0
I GOT A BOY,소녀시대,28.0
Beautiful Day,어반 자카파(Urban Zakapa),28.0
Sweety,클래지콰이(Clazziquai),28.0
귀여워 (With 권정열 Of 10cm),별,28.0
사랑은 은하수 다방에서,10cm(십센치),27.0
"어떤 날도, 어떤 말도",Lucia(심규선),27.0
UGLY,투애니원(2NE1),27.0
좋다,데이브레이크(daybreak),27.0
널 생각해,원 모어 찬스(one more chance),27.0
널 사랑하겠어,동물원,27.0
To Heaven (천국으로 보낸 편지),조성모,26.0
Picnic,라이너스의 담요(Linus' Blanket),26.0
공원여행 (Vocal By 현민),페퍼톤스(Peppertones),26.0
봄이 왔네 (feat. 캡틴락 '크라잉넛'),유발이의 소풍,25.0
사랑비,김태우,25.0
FANTASTIC BABY,BIGBANG,25.0
이별택시,김연우,25.0
봄봄,양양(YangYang),25.0
공원에서,유희열,25.0
바야흐로 사랑의 계절 (With 박새별),이한철,25.0
우산 (feat. 윤하),에픽 하이(Epik High),25.0
Love Day,양요섭 [비스트],25.0
Lonely,투애니원(2NE1),25.0
죽을 만큼 아파서 (feat. 멜로우),MC 몽,25.0
하늘을 달리다,이적,25.0
사랑했지만,김광석,24.0
벌써 일년,브라운 아이즈(Brown Eyes),24.0
그랬나봐,김형중,24.0
달아요,박정현,24.0
"? (물음표) (feat. 최자 Of 다이나믹듀오, Zion.T)",프라이머리(Primary),24.0
소풍,도로시밴드(Dorothy Band),24.0
속아도 꿈결,가을방학,24.0
붉은 노을,BIGBANG,24.0
칵테일 사랑,마로니에(Maronnier),23.0
산들산들,언니네 이발관,23.0
전활 받지 않는 너에게,2AM,23.0
I Love You,포지션(Position),23.0
사랑한다는 흔한 말,김연우,23.0
귀로,나얼(Na-Ul),23.0
사랑스러워,김종국,23.0
두사람,성시경,23.0
그대네요,성시경,23.0
봄처럼,김보경,22.0
봄날은 간다 - 영화 '봄날은 간다' 中에서,김윤아,22.0
좋을텐데,성시경,22.0
바라만 봐도 좋은데,노리플라이(no reply),22.0
동경소녀,버스커 버스커(Busker Busker),22.0
친구라도 될 걸 그랬어,거미,22.0
낙원 (feat. 이재훈),싸이(Psy),22.0
파리에 부친 편지,장윤주,22.0
행복한 나를 (feat. 존박),허각,22.0
BLUE,BIGBANG,22.0
"봄날, 벚꽃 그리고 너",에피톤 프로젝트(Epitone Project),22.0
I'm In Love,나르샤 [브라운아이드걸스],22.0
편지,김광진,21.0
사랑 빛,씨엔블루(CNBLUE),21.0
좋은 사람 있으면 소개시켜줘,럼블 피쉬(Rumble Fish),21.0
너는 나의 봄이다 (Bonus Track),성시경,21.0
좋아해,요조(Yozoh),21.0
바보 (With 정용화 Of CNBLUE),JUNIEL(주니엘),21.0
촛불 하나,지오디(god),21.0
이밤을 다시 한번,조하문,21.0
Sunday Brunch,박정현,21.0
자니 (feat. Dynamic Duo),프라이머리(Primary),20.0
좋아 좋아,일기예보,20.0
So Cool (쏘쿨),씨스타(Sistar),20.0
벚꽃 엔딩,버스커 버스커(Busker Busker),20.0
정말 사랑했을까,브라운 아이드 소울(Brown Eyed Soul),20.0
비와 당신 (영화 '라디오 스타 '삽입곡),럼블 피쉬(Rumble Fish),19.0
Je T'aime,해이(Hey),19.0
잘못된 만남,김건모,19.0
다시 사랑 할 수 있을까 (feat. 다비치),포맨,19.0
나 매력없니.. (feat. 상추(MM)),박혜경,19.0
봄,낭만유랑악단,19.0
사랑보다 깊은 상처 (duet with 임재범),박정현,19.0
I Believe (엽기적인 그녀 O.S.T),신승훈,19.0
365일,알리(Ali),19.0
골목길,버스커 버스커(Busker Busker),19.0
키친,이소은,19.0
생각이 나,부활,19.0
걷기 좋은 날씨,아키버드(Aquibird),19.0
이미 슬픈 사랑,야다(Yada),19.0
Baby Baby,포맨,19.0
사랑합니다...,팀(Tim),18.0
좋아요~,불독맨션(Bulldogmansion),18.0
미워도 다시 한번 (Original ver.),바이브(Vibe),18.0
Hello,허각,18.0
본능적으로 (feat. Swings),강승윤 [WINNER],18.0
산책,이지형,18.0
My Soul,줄라이(July) [뉴에이지],18.0
너무 아픈 사랑은 사랑이 아니었음을,김광석,18.0
별 빛이 내린다,안녕 바다,18.0
그대 (CF ver.) (feat. 한효주),브라운 아이드 소울(Brown Eyed Soul),18.0
Lemon Tree,박혜경,18.0
Sunshine,짙은(Zitten),18.0
여우야,성시경,18.0
정류장,버스커 버스커(Busker Busker),17.0
"조금씩, 천천히, 너에게 (With 타루)",노리플라이(no reply),17.0
여전히 아름다운지 (feat. 김연우),토이(Toy),17.0
봄이 오면,허민,17.0
Feel So Good,아이유(IU),17.0
Lovey-Dovey,티아라(T-ara),17.0
어느 봄날,2AM,17.0
결국 봄 (feat. 장필순),윤종신,17.0
사랑하기 때문에,유재하,17.0
하루 끝,아이유(IU),16.0
하고 싶은 말,김태우,16.0
사랑이 다른 사랑으로 잊혀지네,하림,16.0
Love Affair (Piano ver.) (영화 '러브 어페어' 주제곡),Ennio Morricone(엔니오 모리꼬네),16.0
사랑인가요,박새별,16.0
Love Song,범키(Bumkey),16.0
I Need You,허각,16.0
팅커벨,재주소년,16.0
해요,정인호,16.0
광대 (With BMK),리쌍(Leessang),16.0
아이보리,가을방학,16.0
그런날엔,솔솔부는 봄바람,16.0
예뻐요,스윗소로우(SWEET SORROW),16.0
언젠가는,이상은(Lee Tzsche),16.0
출국(出國),하림,16.0
남과 여 (feat. 김범수),박선주,16.0
고해,임재범,16.0
일년이면,휘성,16.0
Click Me (feat. Dok2),Zion.T,16.0
Nike Shoes (feat. Dynamic Duo),빈지노(Beenzino),16.0
스무살,이진우 [인디],16.0
가질 수 없는 너,뱅크(Bank),16.0
제발,김범수,16.0
넌 이별 난 아직 (With 한소현 Of 3rd Coast),스탠딩 에그(Standing Egg),15.0
내 눈에는 (feat. 이재훈),싸이(Psy),15.0
Little Star,스탠딩 에그(Standing Egg),15.0
그때 또 다시 (Again),임창정,15.0
그땐 그땐 그땐,슈프림팀(Supreme Team),15.0
오랜만이야,임창정,15.0
기억의 습작,김동률,15.0
행복한 나를,에코(ECO),15.0
꿈에선 놀아줘,루싸이트 토끼,15.0
너를 사랑해 (feat. 하대환),S.E.S.,15.0
Couple Song (feat. Kelley),라디(Ra.D),15.0
Just A Feeling,어반 자카파(Urban Zakapa),15.0
꽃처럼 한 철만 사랑해 줄 건가요?,Lucia(심규선),15.0
사랑한대 (With Windy),스탠딩 에그(Standing Egg),15.0
One Fine Day,모리(Morrie),15.0
봄눈,루시드 폴(Lucid Fall),15.0
비처럼 음악처럼,김현식,15.0
내꺼중에 최고,이현 [에이트],15.0
드라이브,스윗소로우(SWEET SORROW),15.0
너를 위해,임재범,15.0
아틀란티스 소녀,보아(BoA),15.0
Gone (feat. 주희 - 에이트),다이나믹 듀오(Dynamic Duo),15.0
...사랑했잖아...,린(LYn),15.0
그대만이 (MBC '우리 결혼했어요' 알렉스 & 신애 테마곡),김종욱,15.0
샤이보이 (Shy Boy),시크릿(Secret),15.0
아파 (Slow),투애니원(2NE1),15.0
기다려주세요,버스커 버스커(Busker Busker),14.0
나 어릴적 꿈,터보(Turbo),14.0
내가 사랑하는 그녀는,지퍼,14.0
Only U,박효신,14.0
Rain,이적,14.0
Maldive,푸딩(Pudding),14.0
너를 사랑하고도,전유나,14.0
동경소녀 (feat. 옥상달빛 김윤주),요조(Yozoh),14.0
달리 되었더라면,멜로 브리즈(Melo' Breeze),14.0
동화처럼,러브홀릭(Loveholic),14.0
Spring,2AM,14.0
그대와 나,10cm(십센치),14.0
Show Me Love,라이너스의 담요(Linus' Blanket),14.0
미소를 띄우며 나를 보낸 그 모습처럼,웅산,14.0
Paradise,더 멜로디(The Melody),14.0
Poison,엄정화,14.0
너를 읽어보다,2AM,14.0
모닝콜,10cm(십센치),14.0
마지막 내 숨소리,엠씨 더 맥스(M.C the Max),14.0
나 항상 그대를,이선희,14.0
바람 불어 좋은 날,보드카 레인(Vodka Rain),14.0
Love Is... (3+3=0),터보(Turbo),14.0
그땐 그랬지,카니발(Carnival),14.0
Love Is So Amazing,제이레빗(J Rabbit),14.0
My Prayer (기도),보아(BoA),14.0
그런 사람이기를,브라운 아이드 소울(Brown Eyed Soul),14.0
반짝반짝 빛나는 (Song By 조예진),에피톤 프로젝트(Epitone Project),14.0
담배 피는 여자 (New ver.),란(Ran),14.0
Spring I Love You Best,빅 베이비 드라이버(Big Baby Driver),14.0
그댄 달라요,버스커 버스커(Busker Busker),14.0
남자가 여자를 사랑할 때,나윤권,14.0
내 여자친구가 되어줄래 (Song By 이승환 & 이소은),내추럴(Natural),14.0
내가 너의 곁에 잠시 살았다는 걸,김연우,14.0
STEP,카라(Kara),14.0
다시 사랑할 수 있을까,포맨,14.0
그대랑,이적,14.0
My Angel (feat. 윤후),포맨,14.0
Rainy Day,나윤선,14.0
내가 되었으면,노리플라이(no reply),14.0
Oh Yeah (feat. 박봄),G-DRAGON,14.0
그립고 그립고 그립다,케이윌(K.Will),14.0
다시,지오디(god),14.0
날 위한 이별,김혜림,14.0
Novabossa,클래지콰이(Clazziquai),14.0
기대해,걸스데이(Girl's Day),14.0
봄을 노래하다,40(포티),14.0
고마워 그리고 행복해,차태현,14.0
거기서거기 (Without You),다이나믹 듀오(Dynamic Duo),14.0
좋아 좋아,서영은,14.0
거리에서,성시경,14.0
거북이,다비치,14.0
잔소리 (With 2AM 슬옹),아이유(IU),14.0
잊을께,YB,14.0
일생을,김현철,14.0
일산호수공원 (duet with 이루마),더필름(The Film),14.0
Clap Clap Clap,젠틀 레인(Gentle Rain),14.0
Coffeetalgia (duet with 성시경),해이(Hey),14.0
안부 (feat. 나윤권),별,14.0
이별 여행,원미연,14.0
이런 여자,이수영,14.0
이게 아닌데,아이유(IU),14.0
외톨이야,씨엔블루(CNBLUE),14.0
오늘은 맑음,상상밴드,14.0
Feel So Good,엠알제이(MRJ),14.0
어떻게 사랑이 그래요,이승환,14.0
어느 파도,클로버(Clover) [남성솔로],14.0
곳에 따라 비,가을방학,14.0
좋은사람,박효신,14.0
Ballerino(발레리노),리쌍(Leessang),14.0
Baby You Are Beautiful,성시경,14.0
지붕 위의 고양이 (feat. 장윤주),정재형,14.0
희나리,구창모 ,14.0
100% 로맨틱,민설,14.0
화장을 고치고,왁스(Wax),14.0
U-Go-Girl (With 낯선),이효리,14.0
하루 하루,김보경,14.0
2HOT,지나(G.NA),14.0
피어나,가인 [브라운아이드걸스],14.0
텅 빈 거리에서,공일오비(015B),14.0
A,레인보우(Rainbow),14.0
Twosome,짙은(Zitten),14.0
가끔 미치도록 네가 안고 싶어질 때가 있어,가을방학,14.0
춘천 가는 기차,남예지,14.0
초대,엄정화,14.0
첫사랑,버스커 버스커(Busker Busker),14.0
Antonio's Song,라-듀오(La-Duo),14.0
천일동안,이승환,14.0
BK Love,MC 스나이퍼(MC Sniper),14.0
처음처럼 그때처럼 (feat. 강민경 From Davichi),이승기,14.0
가로수 그늘아래 서면,이문세,14.0
애상,쿨(COOL),14.0
오래도록 고맙도록,브라운 아이드 소울(Brown Eyed Soul),14.0
기분 좋은 날 (웅진 쿠첸 광고 삽입곡),알렉스(Alex) [클래지콰이],14.0
Heartbreaker,G-DRAGON,14.0
서쪽 하늘,울랄라세션(Ulala Session),14.0
사람이 꽃보다 아름다워,안치환,14.0
사랑 참...,디셈버(December),14.0
It Might Be You,Cheryl Bentyne(셰릴 벤틴),14.0
서울의 달,김건모,14.0
서른 즈음에,김광석,14.0
사랑은 맛있다 ♡,휘성,14.0
High High,G-DRAGON,14.0
샤랄라 숑,메이비(MayBee),14.0
사랑을 믿지 말자 (feat. 제이스),비비안(BBAhn),14.0
사랑이 떠나가네,김건모,14.0
그 아픔까지 사랑한거야,조정현,14.0
"그녀를 잡아요 (feat. 서동욱, 김진표)",카니발(Carnival),14.0
사랑해,스윗소로우(SWEET SORROW),14.0
사랑한다는 말,스탠딩 에그(Standing Egg),14.0
선인장 (Duet),우현 [인피니트],14.0
사랑인걸,모세(Mose),14.0
Stay,넬(Nell),14.0
Let It Rain,어반 자카파(Urban Zakapa),14.0
세월이 가면,최호섭,14.0
빨주노초파남보,옥상달빛,14.0
Windy Spring,여미,14.0
Kissing U,린(LYn),14.0
"비타민 (With 정연, 승연) (김태희 요정송, 파리바게뜨 CF 삽입곡)",박학기,14.0
설레임,그린티(The Green Tea),14.0
그대 내 마음에,데이라이트(Daylight),14.0
술을 못해요,베이지(Beige),14.0
시간이 달라서,스탠딩 에그(Standing Egg),14.0
커피를 마시고 (Reprise),어반 자카파(Urban Zakapa),13.0
천생연분 (Rave),솔리드(Solid),13.0
천년의 사랑,박완규,13.0
"Ready, Get Set, Go! (Full ver.) (Vocal By Deb)",페퍼톤스(Peppertones),13.0
Love U,디어(d.ear),13.0
길,지오디(god),13.0
비상,임재범,13.0
햇살에 그린 시(詩),리즈(Leeds),13.0
With Me,휘성,13.0
크림소스 파스타,윤하(Younha/ユンナ),13.0
봄 (feat. 다현),메이팝(Maypop),13.0
I'm Leaving Here Now,빅 베이비 드라이버(Big Baby Driver),13.0
그럴때마다,토이(Toy),13.0
아침햇살 같은 그대,리오(Leeo),13.0
집에 가지마,G-DRAGON,13.0
Chocolate Drive,모이다 밴드(Moida Band),13.0
아시나요,조성모,13.0
시작이 좋아 (feat. 강민희 Of 미스에스),버벌진트(Verbal Jint),13.0
달콤하게 (feat. 한소아),토이멜라(Toymela),13.0
없다...,솔비,13.0
여행길 (feat. 윤도현),부가킹즈(Buga Kingz),13.0
연애의 시작,이석훈 [SG워너비],13.0
Nostalgia ,요조(Yozoh),13.0
손편지,에피톤 프로젝트(Epitone Project),13.0
Somebody,"15&(박지민, 백예린)",13.0
못해 (feat. 美),포맨,13.0
네가 불던 날,성시경,13.0
그 곳,장재인,13.0
중독된 사랑,조장혁,13.0
아이처럼,김동률,13.0
좋은 사람 (feat. 김형중),토이(Toy),13.0
좋아보여 (feat. 검정치마),버벌진트(Verbal Jint),13.0
CHU! POP! CHU!,린(LYn),13.0
미친거니,바이브(Vibe),13.0
One Love (봄의 왈츠),러브홀릭(Loveholic),13.0
데이트 해줘요,린(LYn),13.0
그대 있음에 (feat. MC 몽),이채(Ich'e),12.0
그댄 행복에 살텐데,리즈(Leeds),12.0
Sunshine,몽니(Monni),12.0
You Make Me Smile,김민준,12.0
괜찮아,짙은(Zitten),12.0
"그대와 나, 설레임 (feat. 소울맨)",어쿠스틱 콜라보(Acoustic Collabo),12.0
가로수 그늘 아래 서면,장재인,12.0
가수가 된 이유,신용재 [4men],12.0
With Coffee...,브라운 아이즈(Brown Eyes),12.0
Hopelandic,코쿤벨즈(Cocoon Bells),12.0
사진을 보다가,바이브(Vibe),12.0
좋아요,좋아서 하는 밴드,12.0
봄이준 선물,스윙체어(Swingchair),12.0
비오는 거리,이승훈 [발라드],12.0
사고쳤어요,다비치,12.0
사랑하길 정말 잘했어요,SG워너비,12.0
I Love You,투애니원(2NE1),12.0
I Do,비(Rain),12.0
산책,흐른,12.0
Love Valentine,어쿠스틱 콜라보(Acoustic Collabo),12.0
술 한잔하면 (Your Wedding),허각,12.0
습관 (Bye Bye),롤러코스터(Rollercoaster),12.0
아름다운 날들,장혜진,12.0
Fresh Woman,비(Rain),12.0
어느 째즈바...,터보(Turbo),12.0
Driving To You,어반 자카파(Urban Zakapa),12.0
우리들 이야기,임인건,12.0
봄의 기적,이지형,12.0
이 밤의 끝을 잡고 (R&B Ballad),솔리드(Solid),12.0
누구보다 널 사랑해,디셈버(December),12.0
독백,NY 물고기,12.0
날짜 변경선,클래지콰이(Clazziquai),12.0
포근해,성진환 [스윗소로우],12.0
나만 몰랐던 이야기,아이유(IU),12.0
다 예뻐,한선화 [시크릿],12.0
취중진담(醉中眞談),전람회,12.0
천사의 오후,파스텔 오션(Pastel Ocean),12.0
행복하니 (feat. 조현아 Of 어반자카파),배치기,12.0
먼지가 되어,로이킴,12.0
Baby You (feat. 나비),포맨,12.0
Running,정재형,12.0
화창한 봄날에 (feat. Kuan),제리케이(Jerry. K),12.0
토요일 오후에,라즈베리필드,12.0
재회,바람에 오르다,11.0
겨울밤,장재인,11.0
잘 된 일이야,나비(Navi),11.0
가지마 가지마,브라운 아이즈(Brown Eyes),11.0
전부 너였다,노을,11.0
전화번호,지누션(Jinusean),11.0
주르륵,휘성,11.0
출발,신치림(信治琳),11.0
처음 사랑하는 연인들을 위해 (반말송),정용화(Jung Yong Hwa),11.0
제주도의 푸른 밤,성시경,11.0
인형의 꿈,일기예보,11.0
죽일 놈 (Guilty),다이나믹 듀오(Dynamic Duo),11.0
좋은날이 올거야 (The Day) (Acoustic ver.),로맨틱 펀치(Romantic Punch),11.0
기분이 좋아,러브홀릭(Loveholic),11.0
어제처럼,제이(J.ae),11.0
미안해요,김건모,11.0
꽃피는 봄이오면,BMK,11.0
나른한 이별 (feat. 조원선),윤종신,11.0
나비야,하동균,11.0
너에게 가는 길,박지윤,11.0
다시 피운 꽃,러브홀릭(Loveholic),11.0
다짐 (feat. 김구),조성모,11.0
듣는편지,40(포티),11.0
또 왜 그래,이상순 ,11.0
바래진 기억에,박지윤,11.0
야상곡(夜想曲),김윤아,11.0
바보,커피소년,11.0
복고풍 로맨스,김민규 [스위트피],11.0
봄의 멜로디,에피톤 프로젝트(Epitone Project),11.0
봄이 오면 (Piano ver.),김윤아,11.0
봄타령,양빛나라,11.0
기억의 초원,하비누아주(Ravie Nuage),11.0
솔직하게,토마스 쿡(Thomas Cook),11.0
술이야,바이브(Vibe),11.0
비행소녀,마망,11.0
('Cause) I'm Your Girl,S.E.S.,11.0
Twist King,터보(Turbo),11.0
International Love Song,검정치마,11.0
Aqua Man,빈지노(Beenzino),11.0
Gravity (Eng ver.),해이(Hey),11.0
"1,2,3,4 (원,투,쓰리,포)",이하이,11.0
Butterfly (feat. Jin Jung),G-DRAGON,11.0
"Good Bye Sadness, Hello Happiness",t윤미래,11.0
1440,허각,11.0
Everlasting Sunset,JUNIEL(주니엘),11.0
Loving You,장세용,11.0
Officially Missing You,악동뮤지션(AKMU),11.0
Piano Riding (inst.) (진보라 폰음악 원곡),에코 브릿지(Eco bridge),11.0
Ride,에픽 하이(Epik High),11.0
Tell Me Tell Me,레인보우(Rainbow),10.0
MONSTER,BIGBANG,10.0
아메리카노,10cm(십센치),10.0
꽃 내리는 불면의 밤,랄라스윗(lalasweet),10.0
립스틱 (Lipstick),오렌지캬라멜(Orange Caramel),10.0
술 한잔 해요,지아(Zia),10.0
Can't Stop,비스윗(Besweet),10.0
I'm In Love,라디(Ra.D),10.0
그대와 함께,몽니(Monni),10.0
넋,40(포티),10.0
죽도록 사랑해 (feat. 박정현),MC 몽,10.0
Morning Coffee,루체(Luce),10.0
간지럽게,스윗소로우(SWEET SORROW),10.0
Cappuccino,윤한(Yoonhan),10.0
총 맞은 것처럼,백지영,10.0
기다려,랄라스윗(lalasweet),10.0
Picnic (feat. Sweet Sorrow),라이너스의 담요(Linus' Blanket),10.0
The Boy From Wonderland,두번째 달,10.0
함께 걷는 이 길 (feat. 정윤호),오드(Ode),10.0
오늘 그댈 사랑합니다,JK 김동욱,10.0
사랑이 술을 가르쳐 (feat. 백찬 From 8eight),이승기,10.0
Change (feat. 용준형 From Beast),현아 [포미닛],10.0
그리워 그리워,노을,10.0
우리 처음 만난 날,한희정,10.0
내사랑 내곁에,김현식,10.0
그대 (Original ver.),브라운 아이드 소울(Brown Eyed Soul),10.0
다시 사랑한다면,도원경,10.0
눈물이 안났어,임정희,10.0
팔베개,뜨거운 감자(Hot Potato),10.0
살콤한 상상,성시경,10.0
You,푸딩(Pudding),10.0
"씨스루 (feat. Zion.T, 개코 Of 다이나믹듀오)",프라이머리(Primary),10.0
Beautiful Day,스프링롤(Springloll),10.0
직감,씨엔블루(CNBLUE),10.0
우리 사랑하게 됐어요,가인 [브라운아이드걸스],10.0
나혼자 (Alone),씨스타(Sistar),10.0
봄날의 사케 (feat. Sugar Flow),허밍 어반 스테레오(Humming Urban Stereo),10.0
얼음연못,두번째 달,10.0
OHEYO,박소유,10.0
모노드라마 (With 유승우),허각,10.0
결혼해 줄래 (feat. Bizniz) (2009년 발매 / 디지털 싱글),이승기,9.0
서른 한번째 봄,에코 브릿지(Eco bridge),9.0
소망,H2가인(歌人),9.0
Snowing (베스킨라빈스 CF 삽입곡),어반 자카파(Urban Zakapa),9.0
Mr. Flower,조성모,9.0
그날에 우리,어반 자카파(Urban Zakapa),9.0
그남자 그여자 (feat. 장혜진),바이브(Vibe),9.0
그녀의 웃음소리뿐,이문세,9.0
Beatles Cream Soup (With 연진) (Acoustic),이지형,9.0
팝콘,데이브레이크(daybreak),9.0
럭셔리 버스,원 모어 찬스(one more chance),9.0
"고백 (feat. 이진우, 조예진 From 루싸이트 토끼)",에피톤 프로젝트(Epitone Project),9.0
그대 날 잊어줘,더더(THETHE),9.0
"I Love U, Oh Thank U (feat. 김태우)",MC 몽,9.0
똑같다면,브라운 아이드 소울(Brown Eyed Soul),9.0
애상,10cm(십센치),9.0
Don't You Know (With 노리플라이),한효주,9.0
Kiss할까요,성시경,9.0
떠난 내 님은,라디(Ra.D),9.0
Tonight,BIGBANG,9.0
나비가 앉은 자리,가을방학,9.0
처음,성시경,9.0
봄이 와 (Reprise),김현철,9.0
Twinkle,소녀시대-태티서(Girls' Generation-TTS),9.0
지금인가요,조이락,9.0
미워요,정인,9.0
Love Blossom (러브블러썸),케이윌(K.Will),9.0
Go Away,투애니원(2NE1),9.0
Jump,김동률,9.0
망고,CHEEZE,9.0
Miss You (feat. 타루),센티멘탈 시너리(Sentimental Scenery),9.0
나른한 오후에 취해,러브앤팝(Love & Pop),9.0
헤어지러 가는 길 (feat. 조권),임정희,9.0
기다리다,윤하(Younha/ユンナ),9.0
감기,이기찬,9.0
Touch,미쓰 에이(miss A),9.0
인연 (동녘바람),이선희,9.0
What Is Right,BIGBANG,9.0
"너에게 난, 나에게 넌",자전거 탄 풍경,9.0
솜사탕 (feat. 루시드폴),박새별,9.0
함께라면 (feat. 김진표) (JTBC 드라마 '우리 결혼할 수 있을까' 삽입),클래지콰이(Clazziquai),9.0
봄의 언어,미스티 블루(Misty Blue),9.0
Blowin' My Mind,브라운 아이드 소울(Brown Eyed Soul),9.0
그게 아니고,10cm(십센치),9.0
Cafe,BIGBANG,9.0
Paris Paris! (문근영의 KTF TV CF '선물'편 배경음악),몽라(Monla/夢兒),9.0
차마...,성시경,9.0
한번만 더,나얼(Na-Ul),9.0
이상하다 (Acoustic ver.),박효신,9.0
Brunch,가인 [브라운아이드걸스],8.0
눈을 감으면,펄스데이(Pearl's Day),8.0
All The Things You Are,지브라(Zebra),8.0
On A Sunny Day (매일 그대와),웅산,8.0
사랑시 고백구 행복동,제이세라(J-Cera),8.0
다시 (Acoustic ver.) (드라마 '커피프린스 1호점' 삽입곡),클라우드 쿠쿠랜드(Cloud Cuckoo Land),8.0
사랑 참 어렵다,이승철,8.0
봄날의 고백,비스콜릿(Biscolate),8.0
내겐 너무 멋진 그대,씨야(SeeYa),8.0
그녀와의 이별,김현정,8.0
내가 당신을 사랑하는 이유,왁스(Wax),8.0
Missing You (feat. 김윤아 Of 자우림),G-DRAGON,8.0
Love Love Love,에픽 하이(Epik High),8.0
금지된 사랑,김경호,8.0
I'm In Love (Piano RMX),라디(Ra.D),8.0
원하고 원망하죠,애즈 원(As One),8.0
Bad Girl Good Girl,미쓰 에이(miss A),8.0
두 사람,최예나,8.0
사랑이 방울지네,10cm(십센치),8.0
Remember Me,이효리,8.0
낡은 배낭을 메고,노리플라이(no reply),8.0
춥다 (feat. 이하이),에픽 하이(Epik High),8.0
사랑합니다,이재훈 ,8.0
당신은 참..,성시경,8.0
즉흥여행,윤종신,8.0
취중고백,필(Feel),8.0
사랑이란 (feat. 김희선),마이티 마우스(Mighty Mouth),8.0
Abracadabra,브라운 아이드 걸스,8.0
봄,하유진 ,8.0
Lover,이브(Eve),8.0
쓰담쓰담,밀크티(Milktea),8.0
눈물은 모르게,엠씨 더 맥스(M.C the Max),8.0
라라라,SG워너비,8.0
1월부터 6월까지 (feat. 윤종신),공일오비(015B),8.0
프랑지파니 (Vocal By 유희열),토이(Toy),8.0
Missing You,플라이 투 더 스카이(Fly To The Sky),8.0
That's All,허소영,8.0
누구보다 널 사랑해,비쥬(Bijou),8.0
Gavial,국카스텐(Guckkasten),8.0
이게 사랑이 아니면 (feat. 에일리),버벌진트(Verbal Jint),8.0
소풍,성시경,8.0
겨울은 가고,롤러코스터(Rollercoaster),8.0
걷다,윤건,8.0
봄의 사진,재주소년,8.0
말해줘 (feat. 엄정화),지누션(Jinusean),8.0
노스텔지아 (feat. 에릭),가인 [브라운아이드걸스],8.0
El Dia Que Me Quieras (영화 '내 머리속의 지우개' 삽입곡),오리엔탱고(Orientango),8.0
서울사람들,버스커 버스커(Busker Busker),8.0
행복하지 말아요,엠씨 더 맥스(M.C the Max),8.0
이노래,2AM,8.0
이러지마 제발 (Please Don't...),케이윌(K.Will),8.0
Missing You,델리 스파이스(Deli Spice),8.0
아로하,쿨(COOL),8.0
미인(美人),이기찬,8.0
Yesterday (Trio ver.) (Bonus Track),웅산,8.0
100% 로맨틱 ('우리 결혼했어요' 삽입곡),민설,8.0
Wish You're My Girl,앤드(And),8.0
환상 속의 그대 (feat. 최자 Of 다이나믹듀오) (Hey You),케이윌(K.Will),8.0
훗 (Hoot),소녀시대,8.0
Wanting What I Need,Clara C(클라라 씨),8.0
너랑 나,아이유(IU),8.0
Falling In Love (Re-Recording),로지 피피(RossyPP),8.0
R.E.A.L,원더걸스(Wonder Girls),8.0
"TV를 껐네... (feat. t윤미래, 권정열 Of 10cm)",리쌍(Leessang),8.0
우리 사랑 이대로 (duet with 이혜진),주영훈,8.0
From. Paris,스웨덴세탁소,8.0
From Paris To Amsterdam,윤한(Yoonhan),8.0
High Tention,트랙 마켓(Track Market),8.0
Can't Stop Loving You,브라운 아이드 소울(Brown Eyed Soul),7.0
Say You Love Me,Various Artists,7.0
My Soul,써드코스트(3rd Coast),7.0
Trouble Maker,트러블메이커(Troublemaker),7.0
Once I Loved,웅산,7.0
나랑 같이 해줄래,스윗소로우(SWEET SORROW),7.0
대화가 필요해,바닐라 어쿠스틱(Vanilla Acoustic),7.0
대답,Fesure Native(페셔네이티브),7.0
사랑의 롤러코스터 (With 소규모 아카시아 밴드),요조(Yozoh),7.0
Sweetest Name,클래지콰이(Clazziquai),7.0
기분 좋은 상상,여행스케치,7.0
봄은 찾아오는데 (feat. Amy Boat),옐로우 페인트(Yellow Paint),7.0
뻔한 사랑 노래,창민,7.0
뻔한 멜로디 (feat. Crush),Zion.T,7.0
굿모닝 (feat. 권정열 Of 10cm),버벌진트(Verbal Jint),7.0
Sweet Dream,장나라,7.0
Don't Stop The Music (Bonus Track),투애니원(2NE1),7.0
위안,테이(Tei),7.0
에너지 (feat. 선예),마이티 마우스(Mighty Mouth),7.0
내가 없는 하루,이지형,7.0
You,토이(Toy),7.0
Byebyebye,정기고(Junggigo),7.0
You Know I Love You More Everyday,루체(Luce),7.0
끝사랑,김범수,7.0
Good Day,존 박(John Park),7.0
Boo,아이유(IU),7.0
널 사랑하겠어,서영은,7.0
봄,봄(Bom),7.0
Y (Please Tell Me Why),프리 스타일(Free Style),7.0
Baby Good Night,G-DRAGON,7.0
comma,노리플라이(no reply),7.0
Cat Bossa,클래지콰이(Clazziquai),7.0
노래가 되어,성시경,7.0
바닐라 봉봉,맹유나(Kikiyuna),7.0
I Don't Care,투애니원(2NE1),7.0
아저씨 (feat. 제이레빗),김진표(JP),7.0
같이 걸을까,이적,7.0
2시 20분 (카누 CF 삽입곡),박경환,7.0
"Ready, Get Set, Go! (Radio Edit) (Vocal By Deb)",페퍼톤스(Peppertones),7.0
Once Upon A Time In The City (inst.),에코 브릿지(Eco bridge),7.0
발걸음,에메랄드 캐슬(Emerald Castle),7.0
Last Train,데미캣(Demicat),7.0
약속해 약속해 2012 (feat. 조현아 Of 어반 자카파),버벌진트(Verbal Jint),7.0
One Love,엠씨 더 맥스(M.C the Max),7.0
미소,마이큐(MY-Q),7.0
Acoustic Breath,한희정,7.0
Better,메이트(Mate),7.0
요즘 너 말야 (Album Edit),제이레빗(J Rabbit),7.0
듣고 있나요,이승철,7.0
I Need A Girl (feat. G-Dragon),태양,7.0
선인장 (Vocal 차세정),에피톤 프로젝트(Epitone Project),7.0
고백 (Produced By Vibe 윤민수),포맨,7.0
몽환의 숲 (feat. 이루마),키네틱플로우(K-Flow),7.0
듣고 있어?,스윙스(Swings),7.0
그대와 같아,주영(JooYoung),7.0
곁에 (드라마 '트리플' 삽입곡),짙은(Zitten),7.0
Rose Day,포터블 그루브 나인(Portable Groove 09),7.0
마지막 춤은 나와 함께,재주소년,7.0
Angel's Disguise (코리아나 화장품 '오브로' CF 삽입곡),제이(J.ae),7.0
Boogie On & On,빈지노(Beenzino),7.0
사랑해요,이소은,7.0
친해지고 싶어서,스티(STi),7.0
변해가네 (feat. 정인),리쌍(Leessang),7.0
봄바람 났네,해랑(Haerang) [재즈],7.0
막걸리나,버스커 버스커(Busker Busker),7.0
Life Streamin',데미캣(Demicat),7.0
와,이정현,7.0
그런 일은,화요비,7.0
봄을 생각해,앨리스 스마일(Alice Smile),7.0
Beautiful Life (feat. 빅마마),MC 몽,7.0
청소,더 레이(The Ray),7.0
괜찮아요 (feat. 정수욱),박새별,7.0
Party Fantasy,이바디(Ibadi),7.0
오르막길,정인,6.0
다시 내게로 돌아와 (feat. 개리),김종국,6.0
내게 다시,더더(THETHE),6.0
Beautiful Part II,마리앤베리(Marie'n Berry),6.0
봄이 왔어요,솔솔부는 봄바람,6.0
Because Of You (Acoustic ver.),김보경,6.0
눈물샤워 (feat .에일리),배치기,6.0
난 너에게,다비치,6.0
난 좋아,정준일 [메이트],6.0
Les Amants (The Lovers),Enrico Pieranunzi(엔리코 피에라눈치),6.0
좋아합니다,디에스 커넥션(DS_Connexion),6.0
날씨 맑음 (미스티 블루 Cover Song),타루(Taru),6.0
빗속의 여인,김건모,6.0
"Reunion (feat. B-Soap, The Quiett, Verbal Jint & 조현아)",Kricc(크릭),6.0
연인,김연우,6.0
너야,신용재 [4men],6.0
연인선언 (With 성유리),팀(Tim),6.0
내 마음 깊은 곳의 너,신해철,6.0
주문을 걸어,박혜경,6.0
너를 따라서,앨리스 스마일(Alice Smile),6.0
오늘같은 밤이면,먼데이 키즈(Monday Kiz),6.0
너와 함께 있음을,라디(Ra.D),6.0
So I Go In Pain,샘 리(Sam Lee),6.0
Romantic Kiss,코지카페(Cozy Cafe),6.0
태양 에너지,김현정,6.0
바보,박효신,6.0
Hello (With 요조),세렝게티(Serengeti),6.0
공원에서 만나요,박지혜 [인디],6.0
평생 (For KISS Me),유키스(U-KISS),6.0
Sweety,샵(S#arp),6.0
러브 레시피,클래지콰이(Clazziquai),6.0
4월 아침,벨 에포크(Belle Epoque),6.0
그XX,G-DRAGON,6.0
그대 내 맘을,원효로1가 13-25,6.0
러브 레시피,거미,6.0
약속,임병수,6.0
정,영턱스클럽(YTC),6.0
산들산들,다람(Daram),6.0
그냥 니가 좋아,홍대광,6.0
I Decide,헤리티지(Heritage),6.0
커피를 마시고 (Main ver.),어반 자카파(Urban Zakapa),6.0
He And She,DJ 소울스케이프(DJ Soulscape),6.0
안녕 나야,포맨,6.0
소녀시대 (Girls' Generation),소녀시대,6.0
마지막 인사,BIGBANG,6.0
시간이 흐른 뒤 (As Time Goes By),t윤미래,6.0
홀로 (feat. 김나영),정키(Jung Key),6.0
You Mean Everything To Me,박정현,6.0
믿겨지지 않는 이야기,MC 한새(MC haNsAi),6.0
汝歌(여가),장연주,6.0
망설이지 마요,몽니(Monni),6.0
1분 1초 (feat. 타루),에픽 하이(Epik High),6.0
가질 수 없는 것,몽라(Monla/夢兒),6.0
Track 3,이소라,6.0
바람,스웨터(Sweater),6.0
Ma Boy 2 (feat. 효린),일렉트로보이즈(ELECTRO BOYZ),6.0
거짓말,BIGBANG,6.0
한숨만,이정,6.0
The Song Of You,BN옴니버스,6.0
Gentle Rain,클래지콰이(Clazziquai),6.0
그대 걷던 길,노리플라이(no reply),6.0
뜨거운 안녕 (feat. 성시경),싸이(Psy),6.0
그대 내게 다시,럼블 피쉬(Rumble Fish),6.0
그럴때마다,윤종신,6.0
우린 제법 잘 어울려요,성시경,6.0
Romeo N Juliet,클래지콰이(Clazziquai),6.0
나 가거든 (명성왕후 OST),김범수,6.0
사랑아 사랑아...,예인,6.0
사랑에 빠져본 적 있나요 (With Ra.D) (Acoustic ver.),스탠딩 에그(Standing Egg),6.0
사랑에 빠지고 싶다,김조한,6.0
April Funk (June Mix) (Vocal By Deb),페퍼톤스(Peppertones),6.0
April (feat. 연진 Of 라이너스의 담요),슬로우 쥰(Slow 6),6.0
사랑의 향기는 설레임을 타고 온다,임현정,6.0
또 한번 사랑은 가고 (Noel Live Remix),노을,6.0
독 (feat. E-Sens Of 슈프림팀),프라이머리(Primary),6.0
기대,나윤권,6.0
If I Die Tomorrow,빈지노(Beenzino),6.0
Shocking Pink Rose,W(Where The Story Ends),6.0
그런가봐요...,브이원 (V.One),6.0
그땐 미처 알지 못했지,이적,6.0
사랑했잖아 + 사랑했잖아 Part.2 (A-LIVE),린(LYn),6.0
Stargirl 내사랑을 받아다오!,불독맨션(Bulldogmansion),6.0
Moonlight Melody,아워멜츠(Hourmelts) ,6.0
그대여 (duet with 하유진),마이큐(MY-Q),6.0
Someday,트랙 마켓(Track Market),6.0
봄이 오면 (Guitar ver.),김윤아,6.0
두근두근,브로콜리너마저,6.0
베란다에서,조원선,6.0
노래편지,린(LYn),5.0
못된여자 (feat. 서인영),원투(Onetwo),5.0
Like You (feat. 아이유),원티드(Wanted),5.0
"Coffee Break (feat. Bizzy, DJ Freekey)",비프리(B-Free),5.0
Metro (Re: ver.),Glen Check(글렌체크),5.0
봄날,정엽,5.0
네게 간다 (Piano ver.),캐스커(Casker),5.0
잘가요,정재욱,5.0
이런날,펑키 브라운(Funky Brown),5.0
똑같은 사랑 똑같은 이별,어반 자카파(Urban Zakapa),5.0
들었다 놨다,데이브레이크(daybreak),5.0
머리 어깨 무릎 발까지,소울스타(Soulstar),5.0
보고 싶은데,쿨(COOL),5.0
바람에 오르다,바람에 오르다,5.0
Breathe,미쓰 에이(miss A),5.0
마음을 잃다,넬(Nell),5.0
다 줄거야,이승기,5.0
바보 (feat. Bumkey),에픽 하이(Epik High),5.0
봄이 오는 동안,재주소년,5.0
My Everything,브라운 아이드 소울(Brown Eyed Soul),5.0
당신에겐 특별한 뭔가가 있어요,성시경,5.0
만약에 말야 (전우성 Solo),노을,5.0
보통날,지오디(god),5.0
Moonlight Punch Romance,넬(Nell),5.0
Love Solstice,써드코스트(3rd Coast),5.0
니가 좋아,자전거 탄 풍경,5.0
Loving You,김현철,5.0
나는 그 사람이 아프다 (feat. 타루),에피톤 프로젝트(Epitone Project),5.0
널 위한 거야,미스 미스터(Mis=Mr),5.0
사랑의 시,엠씨 더 맥스(M.C the Max),5.0
그런 사람 또 없습니다,이승철,5.0
사랑하는 일,성시경,5.0
Tonight (feat. 샛별),크루셜스타(Crucial Star),5.0
초록비,비쥬(Bijou),5.0
"그리고, 남겨진 것들",넬(Nell),5.0
같은 생각 (feat. 허각),지나(G.NA),5.0
긍정의 힘,버벌진트(Verbal Jint),5.0
기다리다 (Acoustic ver.),윤하(Younha/ユンナ),5.0
언젠가 우리 다시 만나면 (feat. 김연우),토이(Toy),5.0
사랑의 時,엠씨 더 맥스(M.C the Max),5.0
그래도 좋아,스탠딩 에그(Standing Egg),5.0
Trip,Funny Powder(퍼니 파우더),5.0
행복을 주는 사람,이상(E.Sang),5.0
첫 데이트를 마치고,루빈(Ruvin),5.0
가만히 눈을 감고 (New ver.),정재욱,5.0
12월 32일,별,5.0
Gossip Girl,레인보우(Rainbow),5.0
사랑은 언제나 목마르다,유미,5.0
얼음꽃 (feat. 김세황),아이유(IU),5.0
꽃놀이,이바디(Ibadi),5.0
So Fresh (feat. 김태우) (위대한 캣츠비 OST 삽입곡),MC 몽,5.0
어디쯤 있나요,알레그로(Allegrow),5.0
꽃보다 그대가 (Original ver.),영준 [Brown Eyed Soul],5.0
8282,다비치,5.0
서시,신성우,5.0
안을까 말까,of 비스트(윤두준 & 이기광 & 용준형),5.0
광화문연가,이수영,5.0
피아노,조성모,5.0
3月 (feat. 조규찬),라즈베리필드,5.0
하늘을 달리다,허각,5.0
애정표현,플라워(Flower),5.0
키작은 하늘,장혜진,5.0
키스미,참깨와 솜사탕,5.0
칵테일 사랑 (feat. 김연우),서영은,5.0
사랑한다 외쳐요 (feat. 미료 From 브라운 아이드 걸스),제이워크(J-Walk),5.0
A Walk (Voice By 새롬),유니크-쉐도우(Unique-Shadow),5.0
ABC (With Arina Of Mocca),페퍼톤스(Peppertones),5.0
소주 한 잔,임창정,5.0
사랑해도 될까요?,유리상자,5.0
Spring Spring (feat. MayBee),조pd(ZoPD),5.0
그대를 만나고 그대와 사랑하고,카페모카,5.0
취중진담,김동률,5.0
사랑해 그리고 생각해,김진표(JP),5.0
Airbag (feat. 나얼),타블로(Tablo),5.0
Baby Baby,조규찬,5.0
천사,서영은,5.0
나 너를 사랑하나봐 (duet with 공효진),마이큐(MY-Q),5.0
Unspoken Love,Kricc(크릭),5.0
빙빙,캐스커(Casker),5.0
아마추어,이승철,5.0
죽겠네 (Album ver.),10cm(십센치),5.0
Yellow Train (feat. 조예진 From 루싸이트 토끼),빅뱅(방승철) [Solo],5.0
내가 아는 한가지,이덕진 프로젝트 밴드,5.0
내가 야! 하면 넌 예! (duet with Lyn),김태우,5.0
내게 오는 길,성시경,5.0
오키나와에 사는 듀공씨에게,신나는섬,5.0
"Good Night (feat. Junggigo, Elly)",피노다인(Pinodyne),5.0
비가 오는 날엔,비스트(Beast),5.0
연애,김현철,5.0
붙잡고도,노을,5.0
Who Are You? (Bossa Nova ver.),윈터플레이(Winterplay),5.0
왠지 느낌이 좋아,여행스케치,5.0
Promise U,바이브(Vibe),5.0
분홍자전거,권진원,5.0
너에게 고백하는 노래,SG워너비,5.0
Bike (Vocal By Westwind),페퍼톤스(Peppertones),5.0
Walk,라이너스의 담요(Linus' Blanket),5.0
봄이여 오라 (feat. 유리),MC 스나이퍼(MC Sniper),5.0
연애 (feat. Hanyi),프리 스타일(Free Style),5.0
Thank You,넬(Nell),5.0
즉흥여행 (feat. MC몽),윤종신,5.0
지나간다,김범수,5.0
go,루싸이트 토끼,5.0
질주,클릭비(Click-B),5.0
Falling Stars,두번째 달,5.0
슬픈 언약식,김정민,5.0
You Are My Lady,정엽,5.0
여행 (feat. 조규찬),빅뱅(방승철) [Solo],5.0
연날리기,9와 숫자들,5.0
Romantico,투개월,5.0
나쁜여자,레이디스 코드(LADIES' CODE),5.0
나였으면,나윤권,5.0
Kiss,조규찬,5.0
나는 사랑이 뭔지 모르나봐요,김연우,5.0
"헤어지지 못하는 여자, 떠나가지 못하는 남자 (feat. 정인)",리쌍(Leessang),5.0
지금 나의 노래가 들린다면 (Vocal By 이선),페퍼톤스(Peppertones),5.0
아가에게,넥스트(N.EX.T),4.0
스치듯 안녕,이수영,4.0
Heavy Sun Heavy Moon,페퍼톤스(Peppertones),4.0
소년의 고향,재주소년,4.0
신부에게,서영은,4.0
Day By Day,애즈 원(As One),4.0
소망,바이브(Vibe),4.0
솜사탕,대성,4.0
Coffee Is... (드라마 '커피프린스 1호점' 삽입곡),클라우드 쿠쿠랜드(Cloud Cuckoo Land),4.0
December,짙은(Zitten),4.0
아침식사,검정치마,4.0
아니면서,성시경,4.0
아주 오래된 연인들,박혜경,4.0
HUSH,에이핑크(Apink),4.0
Love Song,에릭남,4.0
Hello (With 나얼),돈 스파이크,4.0
"알로하, 기분 좋은 인사",우쿨렐레 피크닉(Ukulele Picnic),4.0
봄날 (How great is your love),소녀시대,4.0
It Had To Be You,웅산,4.0
Love Is A Song,윤석철 트리오(SC Yun's Trio),4.0
여전히 아름답네요 (feat. 10cm 권정열),이루펀트(Eluphant),4.0
사랑 안해,백지영,4.0
Love Is,타블로+페니(이터널 모닝),4.0
오늘밤은 어둠이 무서워요,10cm(십센치),4.0
오래된 노래,김동률,4.0
온 세상에 눈이 내리면 (feat. The Black),동경소녀,4.0
와줘..,세븐(SE7EN),4.0
비밀 (Special Vocal 박완규),부활,4.0
Like You All,Lasse Lindh(라쎄린드),4.0
분홍꽃잎 (Vocal 혜야),플랜더블유(Plan.W),4.0
외워 두세요,성시경,4.0
Dressing Room (Acoustic) (Re: ver.),Glen Check(글렌체크),4.0
봄 눈,박지윤,4.0
Insomnia (불면증),휘성,4.0
Love Mode (feat. Tablo),클래지콰이(Clazziquai),4.0
월화수목 금토일 (feat. 아이유),수호,4.0
샐러드 기념일,허밍 어반 스테레오(Humming Urban Stereo),4.0
상처투성이,민경훈,4.0
살빼지 마요,소란(Soran),4.0
사랑했나봐,윤도현,4.0
위로 (드라마 '커피프린스 1호점' 삽입곡),미스티 블루(Misty Blue),4.0
For Your Love,대니 정(Danny Jung),4.0
Flat Shoes (feat. Lovey),크루셜스타(Crucial Star),4.0
Inevitability,어반 자카파(Urban Zakapa),4.0
봄이라서 좋아,김형중,4.0
웃으며 넘길래,제이레빗(J Rabbit),4.0
어쩐지,베란다 프로젝트(Verandah Project),4.0
Inebriated Love (feat. Ritha K) (Bonus Track From Jazz Set),디제이 아키(DJ AKI),4.0
사랑을 시작하다,에코 브릿지(Eco bridge),4.0
"Love Seat (feat. 타루, 허밍 어반 스테레오)",휘성,4.0
이사(移徙),윤상,4.0
힘든가요 (Morning Mix),제이레빗(J Rabbit),4.0
니가 좀 짱인듯 (Re-Record),하리(Hari),4.0
조깅,재주소년,4.0
그래도 될까?,샵(S#arp),4.0
Ooh La-La!,소녀시대,4.0
그들의 Blues (feat. 한대수),이승열,4.0
Somethin',어바노(Urbano),4.0
취미는 사랑 (Album ver.),가을방학,4.0
그대와 둘이,브라운 아이드 소울(Brown Eyed Soul),4.0
놀러와 (싱글즈),러브홀릭(Loveholic),4.0
놀자병,하와이,4.0
Stardust,W & Whale(더블유 앤 웨일),4.0
카페라떼,요술당나귀,4.0
니가 있어야 할 곳,지오디(god),4.0
Can't Stop Thinking About You,야광토끼(Neon Bunny),4.0
다시 와주라,바이브(Vibe),4.0
4년전 5월 그때의 우리,강아솔,4.0
굿모닝 레이디,바닐라 어쿠스틱(Vanilla Acoustic),4.0
No Break ,박정현,4.0
공항 가는 길,마이 앤트 메리(My Aunt Mary),4.0
재회,포지션(Position),4.0
심장병,이승환,4.0
Tears,소찬휘,4.0
고양이편지,캐스커(Casker),4.0
잠이솔솔,제이레빗(J Rabbit),4.0
Snow Drop,도나웨일(Donawhale),4.0
All About You,316,4.0
넌 그날 (feat. 유인나),허밍 어반 스테레오(Humming Urban Stereo),4.0
너의 뒤에서,이승기,4.0
나비 (Fly Away),어반 자카파(Urban Zakapa),4.0
Road Fighter,젝스키스(Sechs Kies),4.0
나를 외치다,마야(Maya),4.0
내 귀에 캔디 (feat. 택연 Of 2PM),백지영,4.0
내가 너의 곁에 잠시 살았다는 걸 (Unplugged ver.),김연우,4.0
내가 더 사랑하니까,차호석,4.0
기적 (duet with 이소은),김동률,4.0
내가 말한 적 없나요,이적,4.0
Rain Drop (With G.고릴라),휘성,4.0
Beautiful,비스트(Beast),4.0
첫사랑,장필순,4.0
Shining The Morning,장세용,4.0
너 때문이야 (feat. Soulman),슈프림팀(Supreme Team),4.0
Signal Waltz,라이너스의 담요(Linus' Blanket),4.0
청혼,이소라,4.0
"좋은 아침이야, 점심을 먹자",가을방학,4.0
너를 사랑해,한동준,4.0
첼로,The Finnn,4.0
좋은 날,아이유(IU),4.0
좋았던 순간은 늘 잔인하다,에피톤 프로젝트(Epitone Project),4.0
너의 뒤에서,박진영,4.0
"고속도로 로망스 (feat. 박효신, 윤도현, 김종국 & 조PD) (Acoustic ver.)",김장훈,4.0
Roly-Poly,티아라(T-ara),4.0
매력쟁이 (feat. MC 몽),린(LYn),4.0
2407,스윗소로우(SWEET SORROW),4.0
가끔 미치도록 네가 안고 싶어질 때가 있어,가을방학 김재훈,4.0
가니,진주,4.0
가리워진 길,유재하,4.0
마음으로 하는 말 (feat. Hanyi),프리 스타일(Free Style),4.0
한여름날의 꿈 (duet with 옥주현),SG워너비,4.0
러브레시피 II - 요즘 사람들,거미,4.0
멀어지다,넬(Nell),4.0
행운을 빌어요,페퍼톤스(Peppertones),4.0
가식걸,씨스타(Sistar),4.0
잔소리,더 넛츠(The Nuts),4.0
멀어 (feat. Beenzino),프라이머리(Primary),4.0
잊어야 한다는 마음으로,김광석,4.0
맑음 70%,메론씨,4.0
The Best,유진 [S.E.S],4.0
같이 살게 되었어요,아워멜츠(Hourmelts) ,4.0
Morning Star,W & Whale(더블유 앤 웨일),4.0
Mint Morning,Ed.C,4.0
Cheek To Cheek,하젤(Hajel),4.0
Close Up The World,페퍼톤스(Peppertones),4.0
언제나 그랬죠,브라운 아이즈(Brown Eyes),3.0
기분이 좋아,문샤이너스(Moonshiners),3.0
가끔 이런 날,해브어티(Have A Tea),3.0
Short Cake,허밍 어반 스테레오(Humming Urban Stereo),3.0
청춘,라이너스의 담요(Linus' Blanket),3.0
가질수 없는 너,뱅크(Bank),3.0
행복을 주는 사람,해바라기,3.0
체념,빅마마(Big Mama),3.0
수취인불명,프리 스타일(Free Style),3.0
순간,코쿤벨즈(Cocoon Bells),3.0
Secret,짙은(Zitten),3.0
소나기 (주르르루),버스커 버스커(Busker Busker),3.0
사랑을 시작해도 되겠습니까,모던쥬스(Modern Juice),3.0
천천히... 천천히,정원영,3.0
시청앞 지하철 역에서,동물원,3.0
지하철에서,모세(Mose),3.0
시청 앞 지하철역에서,강민경 [다비치],3.0
이쁜이,네미시스(Nemesis),3.0
Just A Feeling (Original Ver.),S.E.S.,3.0
진심 (feat. 임세준),정키(Jung Key),3.0
시작,박기영,3.0
나 돌아가,임정희,3.0
챔피언,싸이(Psy),3.0
Sauriez Vous Me Dire? (Would You Tell Me?),푸디토리움(Pudditorium),3.0
꽃처럼 한 철만 사랑해 줄 건가요? (Sakura Moment),Lucia(심규선),3.0
처음 뵙겠습니다 (With 휘성),지나(G.NA),3.0
후회 王 (Vocal: 김연우),윤종신,3.0
화분 (Bonus Track),알렉스(Alex) [클래지콰이],3.0
꽃,랄라스윗(lalasweet),3.0
긴 생머리 그녀 (Miss Right),틴 탑(Teen Top),3.0
시간을 거슬러,원 모어 찬스(one more chance),3.0
사랑은 창밖에 빗물 같아요,지아(Zia),3.0
얼마나 좋을까,루나플라이(Lunafly),3.0
Good Morning,클럼지(Clumsy),3.0
100년 동안의 진심,언니네 이발관,3.0
I'm Your Man,존 박(John Park),3.0
사랑을 느낄때... (feat. Koffee),버벌진트(Verbal Jint),3.0
Fine Thank You And You?,10cm(십센치),3.0
어디까지 왔을까,아키버드(Aquibird),3.0
사랑하기 좋은 날 (영화 'B형 남자친구' 삽입곡),장나라,3.0
편지할께요,카라(Kara),3.0
통화 연결음,써니힐(Sunny Hill),3.0
그 사람이라서,윤한(Yoonhan),3.0
새들처럼,FTISLAND(에프티 아일랜드),3.0
새로고침 (feat. 서인국),린(LYn),3.0
그 날은 비가 왔어..,선율(旋律) [발라드],3.0
소풍가는 길 (Intro),유발이의 소풍,3.0
Highway Star,신화,3.0
그 끝엔 너 (feat. 윤상),토이(Toy),3.0
하루하루,BIGBANG,3.0
Gee,소녀시대,3.0
Thank You ,성시경,3.0
겨울잠,김동률,3.0
"Take Me Back (feat. Julie, MINI)",김디지(Deegie) [트레블러],3.0
Tango Toy,캐스커(Casker),3.0
결혼해 줄래 (feat. Bizniz),이승기,3.0
서쪽 하늘에,두번째 달,3.0
선물 (feat. 은지원),케이윌(K.Will),3.0
"안녕 (Good-bye, Hello)",소녀시대-태티서(Girls' Generation-TTS),3.0
피너츠 송,상상밴드,3.0
세상에서 가장 슬픈 말,나윤권,3.0
지난 봄 어느 날,하림,3.0
그건 말야,김동률,3.0
Holiday (홀리데이),씨스타(Sistar),3.0
살다가 한번쯤,포맨,3.0
아직 못다한 이야기 (feat. BMK),김진표(JP),3.0
I'll Be Back (Club Mix),2PM,3.0
Flyin' High,도로시밴드(Dorothy Band),3.0
사랑할 수 있을때 (feat. 정인 Of G-Fla),바비 킴(Bobby Kim),3.0
"수고했어, 오늘도",옥상달빛,3.0
함께라면 (feat. 김진표) (jTBC 드라마 '우리 결혼할 수 있을까' 삽입),클래지콰이(Clazziquai),3.0
I Go,럼블 피쉬(Rumble Fish),3.0
어느 멋진 날,신승훈,3.0
한 장의 추억,쿨(COOL),3.0
Speechless,클래지콰이(Clazziquai),3.0
그대라서,어쿠스틱 콜라보(Acoustic Collabo),3.0
손잡고 허밍 (feat. 요조) (Album ver.),재주소년,3.0
한 남자,김종국,3.0
하루하루,문명진,3.0
사진,어쿠스틱 콜라보(Acoustic Collabo),3.0
사진 (Outro),패닉(Panic),3.0
그게 사랑,달콤한 소금,3.0
소풍같은 그대,주형진,3.0
산책,박기영,3.0
나를 사랑했던 사람아,허각,3.0
달을 녹이네,좋아서 하는 밴드,3.0
Let There Be Love (영화 '미술관 옆 동물원'),Nat King Cole(냇 킹 콜),3.0
우리 만난적 있나요,유희열,3.0
러브앤피스,페퍼톤스(Peppertones),3.0
잊은 만큼 후회해,김범수,3.0
눈물이 말랐대 (With 윤하),소울 다이브(Soul Dive),3.0
눈물이 나 (Rearranged),몽니(Monni),3.0
잊었니,에이치(H),3.0
우리 사랑이 뭐 이래요,서영은,3.0
"좋겠다 (feat. 오지은, 정준일, Peppertones) (Bonus Track)",스윗소로우(SWEET SORROW),3.0
녹차우유곽 (Vocal Lucia(심규선)),헤르쯔 아날로그(Herz Analog),3.0
바바바 (부제: 화해송) (feat. 이상순),윤종신,3.0
네가 없는,이적,3.0
매일매일,브이오에스(V.O.S.),3.0
좋아 (JOAH),박재범(Jay Park),3.0
봄이 오면 (inst.),허민,3.0
Bo Peep Bo Peep,티아라(T-ara),3.0
널 사랑한다,박효신,3.0
별똥별,전기뱀장어,3.0
바람은 차고 우리는 따뜻하니,푸디토리움(Pudditorium),3.0
Over (feat. 가요코) (Korea ver.),에디(Eddie),3.0
"바람, 그대",성시경,3.0
Let Me Be The One,어반 자카파(Urban Zakapa),3.0
우리가 다시 만날 날 (연주. 이루마),바이브(Vibe),3.0
우리만나요 (샤이니의 월드데이트 삽입곡),가내수공업,3.0
자가회복,Kricc(크릭),3.0
Love Affair,임창정,3.0
잠 못 드는 밤 비는 내리고 (박광현 <잠도 오지 않는 밤에> 삽입),김건모,3.0
보이나요?,루시드 폴(Lucid Fall),3.0
더 좋아,김지수,3.0
Mr.Lonely (feat. After School 베카) (Rap ver.),테이(Tei),3.0
우울한 편지,나얼(Na-Ul),3.0
잔인한 사월,브로콜리너마저,3.0
두근두근 (feat. 박정현),김진표(JP),3.0
다음날 아침 (duet with 한희정),에피톤 프로젝트(Epitone Project),3.0
"다시, 봄",스웨덴세탁소,3.0
벗어나기,윤종신,3.0
우린 달라졌을까 (With John Park),윤하(Younha/ユンナ),3.0
"Officially Missing You, Too",긱스(Geeks),3.0
제발,들국화,3.0
다가와,슬로우잼(Slow Jam),3.0
다 좋아,슈가버블(Sugar Bubble),3.0
들어줄래,스탠딩 에그(Standing Egg),3.0
봄바람 (feat. 이종현),이푸름,3.0
Right Now,싸이(Psy),3.0
Love Ballad (Piano ver.),브라운 아이드 소울(Brown Eyed Soul),3.0
Lemond,젠틀 레인(Gentle Rain),3.0
"별이 빛나는 밤에 (feat. Mad Clown, 강선아 Of Downstream)",소리헤다,3.0
매직 카펫 라이드,자우림(Jaurim),3.0
오빠는 열아홉 (feat. 자두),데프콘(Defconn),3.0
Melancholy Train,에스트래직 비츠(Estraziq Beats) ,3.0
내가 아는 그댄,페이지(Page),3.0
명륜동,재주소년,3.0
이런 남자 없나요,이소은,3.0
오늘같이 좋은 날 (MBC 이소라의 '오후의 발견' 토요일 오후 엔딩곡),몽라(Monla/夢兒),3.0
빗소리,B.A.P,3.0
빗소리,윤하(Younha/ユンナ),3.0
이밤의 끝을 잡고,플라이 투 더 스카이(Fly To The Sky),3.0
준비없는 이별,녹색지대,3.0
미아(迷兒),박정현,3.0
이별뒤에 처음 내린 비,테이(Tei),3.0
내 눈을 보아도 (박민혜 솔로),빅마마(Big Mama),3.0
Regrets,캐스커(Casker),3.0
미련,김건모,3.0
"Baby, It's You",허소영,3.0
뽀뽀,좋아서 하는 밴드,3.0
날씨,검정치마,3.0
멍,김현정,3.0
Raindrops Keep Fallin' On My Head,젠틀 레인(Gentle Rain),3.0
너 떠나버린 그 집 앞,몽니(Monni),3.0
좋은 오빠 동생으로만,바이브(Vibe),3.0
내게로 온다,2AM,3.0
미워하면 닮는다 (feat. Soulman),궐(Geol),3.0
일기,몽니(Monni),3.0
Black & White,지나(G.NA),3.0
Marry Me,양파,3.0
비오는 거리,서영은,3.0
미인아 (Bonamana),슈퍼주니어(Super Junior),3.0
너를 사랑해 (Love Is...),FTISLAND(에프티 아일랜드),3.0
일과 이분의 일,투투(Two Two),2.0
"씨스루 (feat. 개코, Zion.T)",프라이머리(Primary),2.0
"악어새 (feat. 김박첼라, 수다쟁이, Huckleberry P)",소리헤다,2.0
하늘을 날아,메이트(Mate),2.0
1 Step,이진성 [먼데이 키즈],2.0
잘 지내니,실루엣,2.0
일요일 맑음,러브홀릭(Loveholic),2.0
힘 내! (Way To Go),소녀시대,2.0
안녕이라고 말하지마,다비치,2.0
일기,버즈(Buzz),2.0
안부 (duet with 나윤권),별,2.0
Dalmoon,옥상달빛,2.0
아침 10시,메이비(MayBee),2.0
이 밤이 지나면,임재범,2.0
회상,산울림,2.0
으쌰! 으쌰!,신화,2.0
하드코어 인생아,옥상달빛,2.0
화분 (알렉스 ver.) ('우리 결혼했어요' 삽입곡),알렉스(Alex) [클래지콰이],2.0
이 밤이 지나고 나면 (feat. 211),팔로알토(Paloalto),2.0
행복한 나를,t윤미래,2.0
헤븐 (단 한번의 사랑),언니네 이발관,2.0
위로,김범수,2.0
Capuccino,장세용,2.0
아름다운 것,언니네 이발관,2.0
아침,다비,2.0
허밍,스프링롤(Springloll),2.0
Counting Pulses,넬(Nell),2.0
유채꽃,에피톤 프로젝트(Epitone Project),2.0
연못 속의 호수 그리는 물고기,조규찬,2.0
우리의 대화는 섬과 섬 사이의 심해처럼 알 수 없는 짧은 단어들로 이루어지고 있었다,푸른새벽,2.0
피아노 5중주 퓨전힙합 'Good Morning',스티(STi),2.0
G.N.O.,원더걸스(Wonder Girls),2.0
어색한 로맨스 (feat. 전제덕),어반 자카파(Urban Zakapa),2.0
초콜릿 트러플,클래지콰이(Clazziquai),2.0
왜 내가,더필름(The Film),2.0
왜 그래,김현철,2.0
완벽한 봄날 (feat. 소심한 오빠들),동경소녀,2.0
좋은날,유리상자,2.0
좋은하루 (feat. Elena),러브피쉬 프로젝트(LoveFish_Project),2.0
첫째 날 (With 나얼),에코 브릿지(Eco bridge),2.0
오렌지 마말레이드,자우림(Jaurim),2.0
Another Day,옥상달빛,2.0
오래된 커플,가을방학,2.0
언젠가는,나얼(Na-Ul),2.0
오늘의 날씨 (feat. 클래지콰이),윤종신,2.0
오늘은 가지마,임세준,2.0
Babay (feat. Gaeko),Zion.T,2.0
준비된 사랑 (그래도 된다면...),신효범,2.0
에구구구,요조(Yozoh),2.0
영화처럼,어쿠스틱 콜라보(Acoustic Collabo),2.0
처음 만난 자유,라즈베리필드,2.0
에메랄드 물결,지오(Geo) [일렉트로니카],2.0
짝사랑 (산들 Solo),비원에이포(B1A4),2.0
여수 밤바다,버스커 버스커(Busker Busker),2.0
짐작할 뿐이죠 (feat. 조정치),시와(Siwa),2.0
Fiance,박기영,2.0
연애담,슈가볼(Sugarbowl),2.0
Flower Lady,동방신기(TVXQ!),2.0
Fly Away,장윤주,2.0
Blue Marble,자우림(Jaurim),2.0
야상곡,테테(Tete),2.0
웃는다,커피소년,2.0
안아줘,정준일 [메이트],2.0
잡음,에피톤 프로젝트(Epitone Project),2.0
장마,정인,2.0
"3호선 매봉역 (feat. Paloalto, Beenzino)",프라이머리(Primary),2.0
Can't Nobody,투애니원(2NE1),2.0
Bye Bye,WHOwho(후후),2.0
점점,브라운 아이즈(Brown Eyes),2.0
애송이의 사랑,양파,2.0
4월,수상한 커튼,2.0
타임포스트는 잊지 말아요,스웨터(Sweater),2.0
약속,김범수,2.0
춘천 가는 기차,김현철,2.0
키세스해줘♡,루이비(Louis.B),2.0
크레용 (Crayon),G-DRAGON,2.0
커플 (Couple),젝스키스(Sechs Kies),2.0
카페에 앉아 (First Album ver.),원 모어 찬스(one more chance),2.0
종로에서 명동까지 (feat. 서영은),노블레스(Noblesse),2.0
치카치카,박정현,2.0
종이날개,수상한 커튼,2.0
Forever (feat. 김범수),대니 정(Danny Jung),2.0
Bon Voyage (feat. Beenzino),케이윌(K.Will),2.0
출발 (feat. 하림),김동률,2.0
요술공주,데이라이트(Daylight),2.0
Coffee House,5mg,2.0
Kiss Kiss,타루(Taru),2.0
실화,린(LYn),2.0
바보,브라운 아이드 소울(Brown Eyed Soul),2.0
복숭아,아이유(IU),2.0
그런다면서,지아(Zia),2.0
"별, 바람, 햇살 그리고 사랑",김종국,2.0
LoveSick,산이(San E),2.0
Loving U (러빙유),씨스타(Sistar),2.0
Sky,러브홀릭(Loveholic),2.0
그리고 사랑해,이수영,2.0
Lullaby,모리(Morrie),2.0
그리움의 숲,9와 숫자들,2.0
봄날은 간다,스웨터(Sweater),2.0
그리워,메이트(Mate),2.0
바람을 타고 온 편지,앨리스 인 네버랜드(Alice In Neverland),2.0
바다를 찾아서,이적,2.0
금요일의 Blues,클래지콰이(Clazziquai),2.0
민물 장어의 꿈,신해철,2.0
미친거니 (feat. 방용국),송지은 [시크릿],2.0
미안해 사랑해서... (feat. 케이윌),길미,2.0
미아,아이유(IU),2.0
그래도 이별은 지나간다,달콤한 소금,2.0
봄바람 따라간 여인,뜨거운 감자(Hot Potato),2.0
기필코,베란다 프로젝트(Verandah Project),2.0
비오는 날,루싸이트 토끼,2.0
빨간우산,김건모,2.0
Sweet,파니핑크(Fanny Fink) ,2.0
빨간 운동화,박혜경,2.0
빗 속에서,듀스(Deux),2.0
그곳에 서서,박효신,2.0
L.O.V.E,최고은,2.0
비오는 압구정,브라운 아이즈(Brown Eyes),2.0
Sweet,마이 앤트 메리(My Aunt Mary),2.0
LaLaLa,윤하(Younha/ユンナ),2.0
봄비,이은하,2.0
비밀번호 486,윤하(Younha/ユンナ),2.0
Promise You,브라운 아이드 소울(Brown Eyed Soul),2.0
그대.. 잘했어요,고은(Goeun),2.0
"그대는 어디에 (feat. 한희정) ('지붕뚫고 하이킥' 정음, 지훈 회상씬 삽입곡)",에피톤 프로젝트(Epitone Project),2.0
Something About You,Martin Solveig(마틴 솔베이그),2.0
Look (feat. 조현아),펜토(Pento),2.0
Someone's Childhood,메인 스트릿(Main Street),2.0
Lounge People,허밍 어반 스테레오(Humming Urban Stereo),2.0
기억할게,이승열,2.0
깊은 밤을 날아서,조성모,2.0
그 노래,존 박(John Park),2.0
내 안에 하늘과 숲과 그대를,원 모어 찬스(one more chance),2.0
My Little Princess (Acappella),동방신기(TVXQ!),2.0
닿을 수 있다면 (Bonus Track),더 콰이엇(The Quiett),2.0
담요송 (Song Blanket),라이너스의 담요(Linus' Blanket),2.0
달빛소년,체리필터(Cherry Filter),2.0
No.5 (Rap feat. 은지원),제이(J.ae),2.0
Nothing Without You,10cm(십센치),2.0
다시 처음으로 (Snow ver.),진주,2.0
다시 시작해도 될까요,성시경,2.0
Real Love (feat. 샛별),크루셜스타(Crucial Star),2.0
나비 무덤,테이크(Take),2.0
다 줄꺼야,이승기,2.0
"내 여자친구가 되어줄래 (feat. 이승환, 이소은)",내추럴(Natural),2.0
내 여친,포맨,2.0
널 위해 부르는 노래,티아라(소연),2.0
내일할일 (feat. 성시경),윤종신,2.0
너 하나면 돼 (feat. 개코 Of 다이나믹 듀오),슈프림팀(Supreme Team),2.0
너는 내 마음 속에 남아,루시드 폴(Lucid Fall),2.0
너에게 하고픈 말,테이(Tei),2.0
나빗가루 립스틱,몽구스(Mongoose),2.0
돌고래 자리,이상은(Lee Tzsche),2.0
무지개,박혜경,2.0
마지막 약속,포지션(Position),2.0
까망비,달콤한 소금,2.0
모닝 스타 (Album ver.) (영화 '아내가 결혼했다' 뮤직비디오 삽입곡),요조(Yozoh),2.0
꽃들이 피웠네,하찌와애리(Hachi&Eri;),2.0
꽃송이가,버스커 버스커(Busker Busker),2.0
Say Goodbye,상상밴드,2.0
Sakura Date (inst.),하마가파우치(Hamagapouch),2.0
마지막곡,보싸다방(Bossa Dabang),2.0
SIGMA,Fesure Native(페셔네이티브),2.0
Running (드라마 '커피프린스 1호점' 삽입곡),도나웨일(Donawhale),2.0
나만 모르게 (feat. T),슈프림팀(Supreme Team),2.0
나는 열일곱살이에요,차은주,2.0
러브119 (Love119) (feat. MC몽),케이윌(K.Will),2.0
떠나간다,하와이,2.0
나를 떠나가던,몽니(Monni),2.0
동화 (초록빛 당신의 세상은...),박혜경,2.0
나를 미치게 하는 것 (feat. Illinit),화요비,2.0
동쪽으로,조동익,2.0
나를 잊지마요,걸스데이(Girl's Day),2.0
그 아픔까지 사랑한 거야,성시경,2.0
너에게 간다,윤종신,2.0
Happy Bubble (하우젠 CF 삽입곡),윈터플레이(Winterplay),2.0
겨울의 끝,수상한 커튼,2.0
Happy Things,제이레빗(J Rabbit),2.0
사랑해,포맨,2.0
Goodbye,라디(Ra.D),2.0
사랑한단 이유로,태인,2.0
거울아 거울아,포미닛(4minute),2.0
In The Morning,에이트(8Eight),2.0
결혼,ASHGRAY(애쉬그레이),2.0
겨울 이야기,조관우,2.0
Whoz That Girl,EXID(이엑스아이디),2.0
서랍을 열다,에피톤 프로젝트(Epitone Project),2.0
사랑이 올까요,마이티 마우스(Mighty Mouth),2.0
Isn't She Lovely,David Sanborn(데이빗 샌본),2.0
I'm So Sorry,하이투힘(Hi to him),2.0
사랑하고 싶어,왁스(Wax),2.0
Winter Memory (feat. Annie),하우스 룰즈(House Rulez),2.0
고백,장나라,2.0
걱정이죠,쿨(COOL),2.0
산책,온유(On.U) [발라드],2.0
습관,모닝(Morning),2.0
시작은 왈츠로,스웨터(Sweater),2.0
거리에서,김광석,2.0
시계 태엽,임정희,2.0
W.H.I.T.E.,화이트(W.H.I.T.E.),2.0
시간의 향기,시베리안허스키(Siberian Husky),2.0
Just Let It Go,리딤(Riddim),2.0
시간을 찾아서 (feat. 적),김진표(JP),2.0
Undo,캐스커(Casker),2.0
You (대단한 우연),스윗소로우(SWEET SORROW),2.0
사랑병 ,비투비(BTOB),2.0
사랑해.. 기억해..,ASHGRAY(애쉬그레이),2.0
가잖아,신승훈,2.0
가을의 전설,뱅크(Bank),2.0
Hate You,투애니원(2NE1),2.0
illa illa (일라 일라),JUNIEL(주니엘),1.0
You're My Everything,바비 킴(Bobby Kim),1.0
가려진 시간 사이로,윤상,1.0
챠우챠우 - 아무리 애를 쓰고 막아 보려 해도 너의 목소리가 들려,델리 스파이스(Deli Spice),1.0
참고 살아 (be...),다이나믹 듀오(Dynamic Duo),1.0
가슴 시린 이야기 (feat. 용준형 Of Beast),휘성,1.0
꿈에,조덕배,1.0
Try To Remember,성시경,1.0
가르쳐 줘요,슬로우잼(Slow Jam),1.0
True Romance (feat. T),드렁큰 타이거(Drunken Tiger),1.0
1년 정거장,G-DRAGON,1.0
짝사랑,딕펑스(Dick Punks),1.0
천국에서 내린 비,듀크(Duke),1.0
깜빡 (feat. Zion.T & Crucial Star),GRAY(그레이) [힙합],1.0
까짓 사랑을 (Natural ver.),제이심포니(J-symphony),1.0
가시,버즈(Buzz),1.0
해바라기 (그녀에게..),박상민,1.0
Top Girl,지나(G.NA),1.0
Anthropology,트램폴린(Trampauline),1.0
U & I,비투비(BTOB),1.0
Take It Slow Way,사비나앤드론즈(Savina & Drones),1.0
Baby Love,FTISLAND(에프티 아일랜드),1.0
내 봄으로,피아(Pia),1.0
We're In Love,제이레빗(J Rabbit),1.0
준비된 어깨,소란(Soran),1.0
내 사랑 못난이,윤종신,1.0
휠릴리,이수영,1.0
휴식,스탠딩 에그(Standing Egg),1.0
흔들려요,마야(Maya),1.0
죽고 싶단 말 밖에,허각,1.0
Waterfalls,정기고(Junggigo),1.0
내가 갈게 (I'll be there),보이프렌드(Boyfriend),1.0
내가 제일 잘 나가,투애니원(2NE1),1.0
내가 힘들고 지칠때,심재준,1.0
Rain,박혜경,1.0
내꺼하자,인피니트(Infinite),1.0
너 때문에 미쳐,티아라(T-ara),1.0
너도 그랬을까,썸머드레스(Summer Dress),1.0
When You Cry When You Smile (With 차지연),김연우,1.0
Rest In Peace (나의 품에 안겨 편히 쉬어요),송용창 쿼텟,1.0
나는 왜,못(Mot),1.0
쥴리엣,스탠딩 에그(Standing Egg),1.0
You Got Me,브라더수(BrotherSu),1.0
You & Me,나얼(Na-Ul),1.0
혜화동,성시경,1.0
호흡과다,가을방학,1.0
지우개,알리(Ali),1.0
You & I (feat. JD),프리 스타일(Free Style),1.0
Baby Ma Baby,소심한 오빠들(Sosimboys),1.0
You,브라운 아이드 소울(Brown Eyed Soul),1.0
U R Man,더블에스501(SS501),1.0
Winter Story,사계절 정원,1.0
나에게로의 초대,정경화,1.0
난 좋아,성시경,1.0
날 닮은 너,임창정,1.0
날 위한 여행,라디(Ra.D),1.0
환생,윤종신,1.0
Seasky,박새별,1.0
그저 바라볼 수만 있어도,노사연,1.0
Second First Date (feat. Ritha K) (Bonus Track From Jazz Set),디제이 아키(DJ AKI),1.0
30분 전 (feat. 임정희),이현 [에이트],1.0
클로즈,못(Mot),1.0
그녀가 웃잖아,김형중,1.0
고백,박혜경,1.0
고백,메이트(Mate),1.0
그녀를 사랑해줘요,하동균,1.0
"쿠키, 커피",바닐라 어쿠스틱(Vanilla Acoustic),1.0
831 8,제이(J.ae),1.0
Sunshine,주석(Joosuc),1.0
Separation Anxiety,넬(Nell),1.0
커프러버튼,커프러버튼(Couple Of Button),1.0
하나의 사랑,박상민,1.0
Step By Me,에프엑스(f(x)),1.0
하늘 아래서 (New ver.),김민종,1.0
그대 내게 다시,변진섭,1.0
카페인,못(Mot),1.0
하늘만 허락한 사랑,엄정화,1.0
그냥 걸었어,임종환,1.0
그냥 가요 (feat. 조현아 Of 어반자카파),긱스(Geeks),1.0
7년간의 사랑,규현(KYUHYUN),1.0
그것만이 내 세상,들국화,1.0
괜찮아,정준일 [메이트],1.0
편한 사이 (With Windy) ,스탠딩 에그(Standing Egg),1.0
구두,씨야(SeeYa),1.0
"Sweet Thing (feat. Dynamic Duo, Epik High)",브라운 아이드 소울(Brown Eyed Soul),1.0
그 남자 그 여자,포맨,1.0
고양이 효과,두번째 달,1.0
프로포즈,이동건,1.0
고백,한소아,1.0
튤립 (Re-Recording),로지 피피(RossyPP),1.0
그 여자의 하루,럼블 피쉬(Rumble Fish),1.0
5월의 연인,서영은,1.0
7Days,휘성,1.0
태엽장치 돌고래,패닉(Panic),1.0
그 후로 오랫동안,신승훈,1.0
피노키오 (Danger),에프엑스(f(x)),1.0
Stay Cool (feat. Zion T),Simon Dominic(사이먼 도미닉),1.0
고등어,루시드 폴(Lucid Fall),1.0
친구에게,이현도(=D.O),1.0
추격자,인피니트(Infinite),1.0
그럴 때마다 (inst.),유희열,1.0
The Days Of Wine And Roses,웅산,1.0
초원사진관,신나는섬,1.0
한결같이...,한충완,1.0
그리고 그리고 그리다.,임현기,1.0
걷고 싶은 거리,보드카 레인(Vodka Rain),1.0
한사람을 위한 마음,럼블 피쉬(Rumble Fish),1.0
청혼 (드라마 '장난스런 키스' 삽입 원곡),안녕 바다,1.0
거짓말처럼,김현정,1.0
Sketch Of Miles & Gil ,이우창,1.0
청춘 (feat. 옥상달빛),타바코쥬스(Tobacco Juice),1.0
평행세계 (feat. B-Soap & Kjun),Kricc(크릭),1.0
한참동안,내가그린(Naega Green),1.0
기억속으로,이은미,1.0
할 수 있어 (With 이루마),MC 스나이퍼(MC Sniper),1.0
겨울에 멈춰서,번아웃하우스,1.0
그래도 우리의 날들,20세기 소년,1.0
친구를 말하다,주형진,1.0
그땐 그랬지,알리(Ali),1.0
결혼해줘 (duet with 이소은),임창정,1.0
그대라면,알렉스(Alex) [클래지콰이],1.0
그대만 있다면 (어느 멋진 날),러브홀릭(Loveholic),1.0
Spring Fever,미스티 블루(Misty Blue),1.0
Special (feat. Jennie Kim Of YG New Artist),이하이,1.0
결혼해줘,임창정,1.0
충분히 예뻐 (feat. 산체스 Of 팬텀),버벌진트(Verbal Jint),1.0
결혼까지 생각했어,휘성,1.0
그댄 봄비를 무척 좋아하나요,배따라기,1.0
출첵 (feat. 나얼 Of Browneyed Soul),다이나믹 듀오(Dynamic Duo),1.0
하루 (M/V ver.),김범수,1.0
24시간후,투빅(2BiC),1.0
Somebody,푸디토리움(Pudditorium),1.0
Adios (feat. 미스터 타이푼 (Mr.Tyfoon)),은지원,1.0
After Love,클래지콰이(Clazziquai),1.0
그대 아니었다면,양파,1.0
재 (feat. 방탄소년단),임정희,1.0
너뿐이야 (You're The One),박진영,1.0
여드름,커피소년,1.0
사랑 +,애즈 원(As One),1.0
사랑 그 몹쓸 병,휘성,1.0
사랑 따위,백지영,1.0
Kiss,스탠딩 에그(Standing Egg),1.0
사랑과 우정 사이 (With 김연우) (피노키오),김경호,1.0
여인의 향기,에일리(Ailee),1.0
Jealousy,Martin Solveig(마틴 솔베이그),1.0
여보세요 (feat. Annie),자미 소울(Jami Soul),1.0
여름별,이상은(Lee Tzsche),1.0
사랑앓이,FTISLAND(에프티 아일랜드),1.0
"사라지지 않는, 밤",네스티요나(Nastyona),1.0
에라 모르겠다,데이브레이크(daybreak),1.0
사랑에 빠져본 적 있나요,스탠딩 에그(Standing Egg),1.0
사랑은 MOVE,시크릿(Secret),1.0
Fiction,비스트(Beast),1.0
사랑은 봄을 타고,해금,1.0
"사랑은 쿵쿵쿵 (Song By 담희, Rap By MK)",커피브로스(Coffee Bros),1.0
사랑은...향기를 남기고,테이(Tei),1.0
사랑을 말해요,브라운 아이즈(Brown Eyes),1.0
사랑이 늦어서 미안해,김조한,1.0
사람들은 즐겁다,루시드 폴(Lucid Fall),1.0
Kiss (Acoustic ver.),레인보우(Rainbow),1.0
어쩌다,브라운 아이드 걸스,1.0
Viajante (Traveler / 비아잔떼),푸디토리움(Pudditorium),1.0
비오는 날에 (Love Ballad),박미경,1.0
비오는 밤,도나웨일(Donawhale),1.0
End... And,딕펑스(Dick Punks),1.0
오래오래,바이브(Vibe),1.0
Eridanus,두번째 달,1.0
비의 랩소디 (Live),최재훈,1.0
비타민 (VITAMIN),소녀시대,1.0
Kissing You,와이제이 패밀리(YJ Family),1.0
오늘은 가지마,벤,1.0
오늘도 굿나잇,커피소년,1.0
Excuses (feat. MYK),에픽 하이(Epik High),1.0
오늘같은 이런 창밖이 좋아,신승훈,1.0
빗속에서 (feat. 알리),리쌍(Leessang),1.0
오늘 헤어졌어요,윤하(Younha/ユンナ),1.0
오늘 서울은 하루종일 맑음 (Vocal By 윤하),토이(Toy),1.0
"오, 사랑",루시드 폴(Lucid Fall),1.0
Excuse Me (Piano feat. 지호),브랜뉴직(Brand Newjiq),1.0
예감 좋은 날,럼블 피쉬(Rumble Fish),1.0
빨간우산,럼블 피쉬(Rumble Fish),1.0
Kiss (feat. Hey),조규찬,1.0
어쩜 좋아,메이비(MayBee),1.0
사랑일뿐야,김민우,1.0
오아시스,김범수,1.0
순수,죠앤(Joanne),1.0
세월이 가면 (New Ballad ver.),최호섭,1.0
소녀,이문세,1.0
소년이여,G-DRAGON,1.0
소망 (Desire),신화,1.0
속도 모르고,바이브(Vibe),1.0
Happy Beanth Day,젠틀 레인(Gentle Rain),1.0
손해 (損害),박정현,1.0
수줍은 고백송,밀크티(Milktea),1.0
수줍은 내사랑,어쿠스틱 콜라보(Acoustic Collabo),1.0
순정(純情) (London Boys의 I'm Gonna Give My Heart 전주 인용),코요태,1.0
세월이 가면 ,윈터플레이(Winterplay),1.0
Good Bye,베란다 프로젝트(Verandah Project),1.0
술과 순정 (feat. 은지원),제이(J.ae),1.0
"아무도, 아무것도",랄라스윗(lalasweet),1.0
"Grand Final (feat. 정인, MC 날유)",리쌍(Leessang),1.0
아마도 그건,최용준,1.0
아리따운 걸,제국의아이들[ZE:A],1.0
슬픔활용법,김범수,1.0
Good-bye Baby,미쓰 에이(miss A),1.0
아까워,재지팩트(Jazzyfact),1.0
"안녕, 윌슨 (feat. 유연 Of 아키버드)",아날로그 소년,1.0
안부,옥상달빛,1.0
사랑하기 좋은 날,죠앤(Joanne),1.0
야경,윤종신,1.0
어때 (feat. 하림),긱스(Geeks),1.0
사랑하면 안 되니,김남길,1.0
사랑한다는 말,김동률,1.0
I Think I,별,1.0
어느 멋진 날 (2013 Acoustic Ver.) (With Kim Park Chella),카말(Kamaal),1.0
사랑해 U (Lovely ver.),서인국,1.0
I Can't,2PM,1.0
French Virgin Party,Glen Check(글렌체크),1.0
Hot Summer,에프엑스(f(x)),1.0
Hot Issue,포미닛(4minute),1.0
선인장 (Song By 심규선),에피톤 프로젝트(Epitone Project),1.0
삶의 향기 (Soul Flower),t윤미래,1.0
애원,이승환,1.0
애원,버블 시스터즈(Bubble Sisters),1.0
새,전람회,1.0
샤워를 하다가,인소윤,1.0
Hello (feat. 조은희),나원주,1.0
앓이 (With Windy),스탠딩 에그(Standing Egg),1.0
Hello (feat. 인광),스윗바이러스(Sweet Virus),1.0
서울하늘,조규찬,1.0
비오는 날 (Piano ver.),줄라이(July) [뉴에이지],1.0
오후에야,달콤한 소금,1.0
너의 꿈을 꿨어 (feat. 이아람),제이에이(JA),1.0
라떼처럼,윤건,1.0
잠못드는 밤 비는 내리고 (feat. Funny Funkiz),이재훈 ,1.0
잠도 못자 (feat. Roydo),트라이엄프(Triump),1.0
잘못된 약속,김민종,1.0
돌이킬 수 없는,클라우드 쿠쿠랜드(Cloud Cuckoo Land),1.0
동감,나윤권,1.0
동화 (My Child),소녀시대,1.0
두비두바,베베미뇽(BeBe Mignon),1.0
"떠나는 사람, 남겨진 사람",어반 자카파(Urban Zakapa),1.0
자기야 여보야 사랑아,린(LYn),1.0
러비듀,바닐라 어쿠스틱(Vanilla Acoustic),1.0
Good Night,10cm(십센치),1.0
로맨틱하게,블락비(Block B),1.0
"있잖아, (feat. 김영우 Of Sweet Sorrow)",라즈베리필드,1.0
있다 없으니까 (Gone Not Around Any Longer),씨스타19(Sistar 19),1.0
마지막 콘서트,이승철,1.0
일생을 (Remake),휘성,1.0
말을 해줘,휘성,1.0
말해줄게 (우일 추천),조규찬,1.0
머물러요,정기고(Junggigo),1.0
멈추지 않는 시간의 끝,허민,1.0
잠시 길을 잃다,유성은,1.0
My My,에이핑크(Apink),1.0
몰라 Ing (feat. 2AM),메이다니(Maydoni),1.0
눈물뿐인 바보,BIGBANG,1.0
너의 리듬,이랑,1.0
P.S. I Love You,박정현,1.0
넌 나를 왜 (feat. 정엽 Of Brown Eyed Soul),길미,1.0
One Sweet Day,장연주,1.0
네가 너무 그리울때,피아노 I,1.0
노랑불빛,바이 바이 배드맨(Bye Bye Badman),1.0
눈 내리던 어느 날 ,윈터플레이(Winterplay),1.0
눈 코 입 (feat. 4MEN),선우 ,1.0
눈물,리아(Riaa),1.0
니가있어,애즈 원(As One),1.0
My Soul (inst.) (Bonus Track),줄라이(July) [뉴에이지],1.0
조금씩 다가와줘,야광토끼(Neon Bunny),1.0
다른 누구도 아닌 너에게,장재인,1.0
다섯째 손가락,아이유(IU),1.0
정원,달에닿아,1.0
Butterfly,소규모 아카시아 밴드,1.0
Buy Myself A Goodbye,희영(Hee Young),1.0
다줄꺼야 - 조규만,Merian 프로젝트,1.0
Nothing Better (서울무림전 OST ver.),정엽,1.0
쟈크와 래미 이야기,쟈크와 래미(Zac & Lemi),1.0
모든 토요일,캐스커(Casker),1.0
익숙한 새벽 3시,오지은,1.0
Lalala,스탠딩 에그(Standing Egg),1.0
우리 비 그치면 산책할까?,스웨터(Sweater),1.0
봄비 (With 알리),김장훈,1.0
우리는 없다,정엽,1.0
우리가 있던 시간,스웨덴세탁소,1.0
봄비가 내리는 제주시청 어느 모퉁이의 자취방에서...,재주소년,1.0
우리 참 좋았는데 (duet with 박정현),성시경,1.0
우리 정말 사랑했어요 (With 케이윌),나비(Navi),1.0
우리 잘 될것 같아 (feat. G.NA),BB.BOYS(비비 보이즈),1.0
봄의 고백,이영훈 [인디],1.0
Lisa,그로칼랭(Gros-Calin),1.0
봄이 오면,바람에 오르다,1.0
Love Is On (Smooth ver.),소울맨(Soulman),1.0
Lie,화요비,1.0
Let Me Love U,도끼(Dok2),1.0
Lazy Sunday Morning,클래지콰이(Clazziquai),1.0
부디 (Album ver.),Lucia(심규선),1.0
북극성,강타,1.0
불러보지만,비스트(Beast),1.0
비가와,최정철,1.0
비를 내려줘요,린(LYn),1.0
비바 내 사랑,이기찬,1.0
"우리들의 행복한 시간 (feat. Joo) (Narr. 안혜경, 미노 Of 프리스타일)",타우(Taw),1.0
Love Me Love Me,이지혜,1.0
뫼비우스의 띠 (Original),젝스키스(Sechs Kies),1.0
Magic,시크릿(Secret),1.0
물고기자리,이안,1.0
뭐 할래요,비원에이포(B1A4),1.0
"이뻐, 바뻐",9초(Nine Seconds),1.0
Milky Way,보아(BoA),1.0
Constant No.1,바닐라 어쿠스틱(Vanilla Acoustic),1.0
미워도 사랑하니까,다비치,1.0
이바보,원더걸스(Wonder Girls),1.0
믿음,이소라,1.0
밑바닥에서 (feat. Bumkey),타블로(Tablo),1.0
바람,로로스(Loro's),1.0
보낼 수 없는 너,박효신,1.0
"바람, 어디에서 부는지",루시드 폴(Lucid Fall),1.0
바람이 분다,이소라,1.0
Destiny,불독맨션(Bulldogmansion),1.0
이 모양 이 꼴로...,신지,1.0
Diva,애프터 스쿨(After School) ,1.0
바보에게... 바보가,박명수,1.0
반지,파이브(F-IV),1.0
위대한 유산,애즈 원(As One),1.0
변해가네,유리상자,1.0
Until You Come Back To Me,Kentaro Takizawa(켄타로 타키자와),1.0
