﻿Artist,cnt
성시경,2893.0
아이유(IU),1970.0
김동률,1723.0
버스커 버스커(Busker Busker),1461.0
어반 자카파(Urban Zakapa),1382.0
바이브(Vibe),1310.0
브라운 아이즈(Brown Eyes),1300.0
김범수,1288.0
쿨(COOL),1235.0
휘성,1229.0
브라운 아이드 소울(Brown Eyed Soul),1221.0
싸이(Psy),1212.0
박효신,1129.0
김건모,1111.0
에피톤 프로젝트(Epitone Project),1076.0
프라이머리(Primary),1062.0
투애니원(2NE1),1060.0
리쌍(Leessang),1040.0
포맨,1031.0
김연우,1014.0
토이(Toy),989.0
10cm(십센치),977.0
이적,965.0
BIGBANG,892.0
박정현,888.0
윤종신,878.0
임창정,860.0
SG워너비,848.0
다이나믹 듀오(Dynamic Duo),843.0
린(LYn),839.0
노을,836.0
씨스타(Sistar),773.0
윤하(Younha/ユンナ),718.0
이승철,709.0
럼블 피쉬(Rumble Fish),707.0
부활,706.0
나얼(Na-Ul),705.0
클래지콰이(Clazziquai),689.0
케이윌(K.Will),685.0
이소라,680.0
제이레빗(J Rabbit),646.0
스탠딩 에그(Standing Egg),640.0
엠씨 더 맥스(M.C the Max),622.0
G-DRAGON,618.0
지오디(god),614.0
임재범,607.0
MC 몽,605.0
넬(Nell),603.0
노리플라이(no reply),600.0
가을방학,599.0
소녀시대,588.0
에픽 하이(Epik High),586.0
거미,584.0
나윤권,582.0
버벌진트(Verbal Jint),579.0
이승기,574.0
이승환,570.0
김광석,556.0
서영은,548.0
허각,541.0
조성모,538.0
다비치,536.0
빈지노(Beenzino),513.0
슈프림팀(Supreme Team),506.0
라디(Ra.D),505.0
비스트(Beast),496.0
이수영,495.0
터보(Turbo),492.0
러브홀릭(Loveholic),490.0
신승훈,485.0
백지영,471.0
페퍼톤스(Peppertones),468.0
별,467.0
이문세,463.0
어쿠스틱 콜라보(Acoustic Collabo),462.0
박혜경,458.0
지아(Zia),457.0
화요비,441.0
티아라(T-ara),440.0
스윗소로우(SWEET SORROW),438.0
박지윤,426.0
재주소년,422.0
요조(Yozoh),419.0
옥상달빛,416.0
전람회,413.0
원 모어 찬스(one more chance),413.0
데이브레이크(daybreak),405.0
에일리(Ailee),404.0
프리 스타일(Free Style),404.0
플라이 투 더 스카이(Fly To The Sky),403.0
테이(Tei),401.0
커피소년,397.0
알리(Ali),391.0
브로콜리너마저,389.0
바비 킴(Bobby Kim),386.0
이기찬,386.0
윤건,383.0
공일오비(015B),379.0
루시드 폴(Lucid Fall),378.0
델리 스파이스(Deli Spice),378.0
버즈(Buzz),377.0
하림,369.0
2AM,366.0
애즈 원(As One),365.0
브라운 아이드 걸스,363.0
t윤미래,360.0
빅마마(Big Mama),358.0
제이(J.ae),357.0
김태우,355.0
팀(Tim),353.0
짙은(Zitten),353.0
긱스(Geeks),343.0
장혜진,342.0
루싸이트 토끼,337.0
코요태,336.0
유재하,336.0
임정희,335.0
양파,334.0
왁스(Wax),331.0
포지션(Position),331.0
바닐라 어쿠스틱(Vanilla Acoustic),327.0
캐스커(Casker),327.0
유희열,322.0
김윤아,318.0
이선희,316.0
정인,316.0
김종국,314.0
카라(Kara),310.0
김현철,309.0
조규찬,308.0
이지형,307.0
엄정화,303.0
보아(BoA),301.0
이은미,296.0
정준일 [메이트],291.0
박기영,286.0
유엔(UN),284.0
웅산,280.0
윈터플레이(Winterplay),280.0
한희정,278.0
김현정,277.0
박진영,275.0
Lucia(심규선),273.0
허밍 어반 스테레오(Humming Urban Stereo),273.0
S.E.S.,268.0
몽니(Monni),268.0
타루(Taru),268.0
가인 [브라운아이드걸스],267.0
라이너스의 담요(Linus' Blanket),267.0
정엽,266.0
시크릿(Secret),264.0
걸스데이(Girl's Day),258.0
윤상,258.0
지나(G.NA),257.0
자우림(Jaurim),257.0
리즈(Leeds),256.0
윤도현,256.0
자전거 탄 풍경,255.0
조장혁,255.0
동방신기(TVXQ!),254.0
울랄라세션(Ulala Session),253.0
인피니트(Infinite),251.0
신해철,251.0
김진표(JP),251.0
에이핑크(Apink),250.0
마이티 마우스(Mighty Mouth),249.0
장재인,247.0
정재욱,246.0
언니네 이발관,244.0
원더걸스(Wonder Girls),241.0
씨엔블루(CNBLUE),240.0
DJ DOC,239.0
존 박(John Park),239.0
장나라,238.0
에프엑스(f(x)),237.0
박새별,228.0
메이트(Mate),225.0
40(포티),221.0
김조한,218.0
두번째 달,217.0
알렉스(Alex) [클래지콰이],215.0
베란다 프로젝트(Verandah Project),215.0
하동균,211.0
김광진,207.0
서지원,206.0
악동뮤지션(AKMU),205.0
해이(Hey),205.0
로이킴,204.0
오렌지캬라멜(Orange Caramel),202.0
더 원(The One),201.0
유리상자,200.0
랄라스윗(lalasweet),192.0
지누션(Jinusean),191.0
보보(Bobo),187.0
정키(Jung Key),187.0
소란(Soran),185.0
Zion.T,184.0
박선주,183.0
제이벨(J BEL),180.0
임현정,180.0
에코(ECO),179.0
패닉(Panic),178.0
에코 브릿지(Eco bridge),178.0
애프터 스쿨(After School) ,178.0
스웨덴세탁소,178.0
유미,177.0
아이비(IVY),176.0
나르샤 [브라운아이드걸스],175.0
박완규,175.0
샵(S#arp),175.0
윤한(Yoonhan),174.0
BMK,174.0
버블 시스터즈(Bubble Sisters),174.0
보드카 레인(Vodka Rain),174.0
뜨거운 감자(Hot Potato),174.0
뱅크(Bank),171.0
현아 [포미닛],171.0
김형중,171.0
미쓰 에이(miss A),170.0
한경일,169.0
영턱스클럽(YTC),167.0
검정치마,165.0
먼데이 키즈(Monday Kiz),161.0
써니힐(Sunny Hill),161.0
이바디(Ibadi),160.0
더 클래식(The Classic),159.0
솔리드(Solid),157.0
레인보우(Rainbow),157.0
쥬얼리(Jewelry),156.0
소찬휘,155.0
핑클(Fin.K.L),154.0
양요섭 [비스트],152.0
블락비(Block B),152.0
거북이,151.0
이한철,150.0
브이원 (V.One),148.0
룰라(Roo'Ra),148.0
이정현,147.0
배치기,146.0
디제이 아키(DJ AKI),145.0
MC 스나이퍼(MC Sniper),145.0
디어 클라우드(Dear Cloud),145.0
트러블메이커(Troublemaker),144.0
포미닛(4minute),142.0
신용재 [4men],141.0
신화,140.0
정기고(Junggigo),140.0
롤러코스터(Rollercoaster),140.0
더 넛츠(The Nuts),139.0
김현식,139.0
박명수,138.0
토마스 쿡(Thomas Cook),138.0
젝스키스(Sechs Kies),137.0
일기예보,137.0
비(Rain),135.0
장윤주,134.0
투엘슨(2LSON),133.0
야다(Yada),133.0
김민종,132.0
여행스케치,131.0
박미경,131.0
마로니에(Maronnier),128.0
에이트(8Eight),128.0
YB,128.0
나비(Navi),128.0
이루(Eru),128.0
소규모 아카시아 밴드,127.0
JUNIEL(주니엘),127.0
이효리,127.0
2PM,126.0
달콤한 소금,126.0
넥스트(N.EX.T),125.0
씨야(SeeYa),125.0
유피(UP),124.0
이상은(Lee Tzsche),122.0
김경호,121.0
아소토 유니온(Asoto Union),120.0
동경소녀,119.0
줄라이(July) [뉴에이지],118.0
조원선,118.0
젠틀 레인(Gentle Rain),117.0
박재범(Jay Park),117.0
주영(JooYoung),116.0
조관우,116.0
김장훈,116.0
슈퍼주니어(Super Junior),116.0
서태지와 아이들,114.0
디바(Diva),114.0
정동하,113.0
푸딩(Pudding),113.0
포스트맨(Postmen),113.0
모리(Morrie),111.0
하우스 룰즈(House Rulez),111.0
라즈베리필드,111.0
좋아서 하는 밴드,111.0
서연,111.0
이소은,110.0
클론(Clon),110.0
김지수,110.0
헤르쯔 아날로그(Herz Analog),108.0
크루셜스타(Crucial Star),107.0
마이 앤트 메리(My Aunt Mary),107.0
태양,107.0
우쿨렐레 피크닉(Ukulele Picnic),107.0
동물원,106.0
플라워(Flower),106.0
더 레이(The Ray),105.0
이하이,105.0
스윙스(Swings),105.0
슈가볼(Sugarbowl),105.0
자자(Zaza),104.0
안녕 바다,103.0
아키버드(Aquibird),103.0
허민,103.0
이아립,101.0
도나웨일(Donawhale),101.0
주(Joo),101.0
김현성,100.0
인디고(Indigo),100.0
강타,98.0
고유진(플라워),98.0
써드코스트(3rd Coast),98.0
브이오에스(V.O.S.),98.0
크레용팝(Crayon Pop),98.0
레이디스 코드(LADIES' CODE),98.0
원타임(1TYM),97.0
장세용,97.0
산이(San E),97.0
참깨와 솜사탕,96.0
박지헌,96.0
이석훈 [SG워너비],95.0
스프링롤(Springloll),95.0
처진 달팽이(유재석 & 이적),94.0
정재형,93.0
영준 [Brown Eyed Soul],93.0
조정현,93.0
스웨터(Sweater),93.0
EXID(이엑스아이디),92.0
조규만,92.0
엠투엠(M To M),91.0
매드 클라운(Mad Clown),91.0
소울스타(Soulstar),90.0
유아시대,90.0
몽라(Monla/夢兒),90.0
푸디토리움(Pudditorium),89.0
이정,89.0
카니발(Carnival),88.0
디셈버(December),87.0
아이유 ＆ 나윤권,87.0
에이오에이(AOA),86.0
양양(YangYang),86.0
나희경 [Jazz],86.0
비쥬(Bijou),86.0
김돈규,85.0
도원경,85.0
미스터 투(Mr.2),85.0
신성우,84.0
W & Whale(더블유 앤 웨일),83.0
에메랄드 캐슬(Emerald Castle),83.0
네미시스(Nemesis),83.0
디어(d.ear),83.0
더 멜로디(The Melody),82.0
혜령,81.0
란(Ran),81.0
이재훈 ,81.0
서인국,80.0
듀스(Deux),80.0
태연 (Taeyeon),79.0
허소영,79.0
크러쉬(Crush),79.0
코쿤벨즈(Cocoon Bells),79.0
벨 에포크(Belle Epoque),79.0
프렐류드(Prelude),78.0
야광토끼(Neon Bunny),78.0
바람에 오르다,78.0
제이워크(J-Walk),78.0
문명진,77.0
불독맨션(Bulldogmansion),77.0
리사(Lisa),77.0
진주,77.0
러브앤팝(Love & Pop),77.0
씨스타19(Sistar 19),76.0
손담비,76.0
규현(KYUHYUN),76.0
더필름(The Film),76.0
오지은,75.0
세븐데이즈(7Dayz),75.0
헤리티지(Heritage),75.0
H.O.T.,75.0
조pd(ZoPD),74.0
CHEEZE,73.0
손성제,73.0
비스윗(Besweet),73.0
양정승(Kiroy Y),73.0
서인영,72.0
네스티요나(Nastyona),72.0
조용필,72.0
포터블 그루브 나인(Portable Groove 09),71.0
모세(Mose),71.0
하울(HowL),70.0
KCM,70.0
딕펑스(Dick Punks),70.0
스윙체어(Swingchair),70.0
나인뮤지스(Nine Muses),70.0
김우주,70.0
소울맨(Soulman),69.0
코나(Kona),69.0
Glen Check(글렌체크),69.0
테이크(Take),69.0
페이지(Page),68.0
곰PD,68.0
최재훈,68.0
키네틱플로우(K-Flow),67.0
박보람,67.0
피노다인(Pinodyne),67.0
소울라이츠(Soulights),67.0
홍대광,67.0
샤이니(SHINee),67.0
빅 베이비 드라이버(Big Baby Driver),67.0
김보경,67.0
장필순,66.0
테테(Tete),66.0
클로버(Clover) [남성솔로],66.0
피터팬 컴플렉스(Peterpan Complex),66.0
더블케이(Double K),65.0
앤(Ann),65.0
원티드(Wanted),65.0
달샤벳(Dal★shabet),65.0
강승윤 [WINNER],65.0
JK 김동욱,65.0
정인호,65.0
가비엔제이(Gavy N.J.),65.0
인순이,65.0
미스티 블루(Misty Blue),64.0
모이다 밴드(Moida Band),64.0
장연주,64.0
신예원,63.0
이지훈,63.0
김정민,63.0
이루펀트(Eluphant),63.0
소심한 오빠들(Sosimboys),62.0
메이비(MayBee),62.0
이원진,62.0
옥주현,61.0
데이라이트(Daylight),61.0
심현보,60.0
손승연,60.0
틴 탑(Teen Top),60.0
알레그로(Allegrow),60.0
정용화(Jung Yong Hwa),60.0
남예지,59.0
밀크티(Milktea),59.0
화이트(W.H.I.T.E.),59.0
홍경민,58.0
안치환,58.0
박상민,58.0
디아(Dia) [키스 & 크라이],58.0
브라더수(BrotherSu),58.0
더 블루(The Blue),58.0
트랙 마켓(Track Market),58.0
시와(Siwa),57.0
보싸다방(Bossa Dabang),57.0
FTISLAND(에프티 아일랜드),57.0
캔(Can),57.0
장미여관,57.0
재지팩트(Jazzyfact),57.0
창민,57.0
소유,56.0
에디킴,56.0
에이치(H),56.0
양빛나라,56.0
푸른 하늘,56.0
윤현상,55.0
박정운,55.0
마이큐(MY-Q),55.0
강수지,55.0
제이에스(JS) [여성듀오],55.0
투투(Two Two),55.0
EXO,55.0
Kricc(크릭),54.0
하와이,54.0
노이즈(Noise),54.0
로지 피피(RossyPP),53.0
필(Feel),53.0
상상밴드,53.0
베이비복스(Baby V.O.X),53.0
도로시밴드(Dorothy Band),53.0
센티멘탈 시너리(Sentimental Scenery),53.0
원투(Onetwo),53.0
K2(김성면),53.0
에릭남,53.0
성훈 [Brown Eyed Soul],52.0
조정치,52.0
박주원,52.0
해브어티(Have A Tea),52.0
HITCHHIKER (히치하이커),51.0
리치(Rich),51.0
국카스텐(Guckkasten),51.0
유발이의 소풍,51.0
권순관,51.0
윤민수,51.0
소울크라이(SoulCry),50.0
박학기,50.0
신효범,50.0
브리즈(The Breeze),50.0
더블에스501(SS501),50.0
WINNER,50.0
슬로우 쥰(Slow 6),50.0
소녀시대-태티서(Girls' Generation-TTS),49.0
이그나이트(Ignite),49.0
박봄,49.0
이현 [에이트],48.0
수상한 커튼,48.0
솔솔부는 봄바람,48.0
변진섭,48.0
"15&(박지민, 백예린)",48.0
한동준,47.0
제리케이(Jerry. K),47.0
오션(5tion),47.0
W(Where The Story Ends),47.0
스윗바이러스(Sweet Virus),47.0
최호섭,47.0
신혜성,47.0
JYJ,47.0
양희은,47.0
업타운(UPT),46.0
DJ 소울스케이프(DJ Soulscape),46.0
아이 투 아이(Eye To Eye),46.0
더 콰이엇(The Quiett),46.0
나루(Naru) [솔루션스],45.0
잠바(Jamba),45.0
김성호,45.0
로맨틱 펀치(Romantic Punch),45.0
카밀라(Camilla),45.0
문차일드(Moon Child),45.0
소울사이어티(Soulciety),45.0
유승준,45.0
내추럴(Natural),45.0
나윤선,44.0
김그림,44.0
박경환,44.0
슈가버블(Sugar Bubble),44.0
하이투힘(Hi to him),44.0
강균성 [노을],44.0
드렁큰 타이거(Drunken Tiger),44.0
한충완,43.0
그린티(The Green Tea),43.0
더더(THETHE),43.0
에디(Eddie),43.0
길미,43.0
Nat King Cole(냇 킹 콜),43.0
이현우,43.0
김형석,43.0
체리필터(Cherry Filter),43.0
언타이틀(Untitle),42.0
멜로 브리즈(Melo' Breeze),42.0
이정봉(Lee Jung Bong),42.0
폴킴(Paul Kim),42.0
포이트리(Poetree),42.0
김종욱,41.0
Various Artists,41.0
리아(Riaa),41.0
아침(Achime),41.0
다니엘(Daniel) [DMTN],41.0
Ab 에비뉴,41.0
알이에프(R.ef),40.0
김동희,40.0
녹색지대,40.0
모던쥬스(Modern Juice),40.0
Unknown,40.0
주윤하 [보드카레인],40.0
노블레스(Noblesse),40.0
강아솔,40.0
이영현,40.0
Martin Solveig(마틴 솔베이그),39.0
원써겐(1sagain),39.0
흐른,39.0
수호,38.0
언터쳐블,38.0
클릭비(Click-B),38.0
혁오(hyukoh),38.0
이상순 ,38.0
견우,38.0
구혜선,38.0
벤,38.0
타블로(Tablo),38.0
김민우,38.0
장기하와 얼굴들,38.0
컨츄리 꼬꼬(Country Kkokko),38.0
타샤니(Tashannie),38.0
316,38.0
GG(박명수 & G-Dragon),37.0
봄(Bom),37.0
김혜림,37.0
마야(Maya),37.0
한효주,37.0
렉시(Lexy),37.0
Ennio Morricone(엔니오 모리꼬네),37.0
이오공감,36.0
조덕배,36.0
채연,36.0
현진영,36.0
일락(一樂),36.0
비원에이포(B1A4),36.0
부가킹즈(Buga Kingz),36.0
채정안,36.0
어쿠루브(Acourve),35.0
파티스트릿(Party Street),35.0
브랜뉴직(Brand Newjiq),35.0
재즈홀릭(Jazzholic),35.0
4-49(포포리나인),35.0
팔로알토(Paloalto),35.0
선민(Sunmin),35.0
간미연,35.0
하은,35.0
앨리스 인 네버랜드(Alice In Neverland),35.0
투개월,35.0
이진우 [인디],34.0
Simon Dominic(사이먼 도미닉),34.0
이승훈 [발라드],34.0
반반 프로젝트,34.0
투빅(2BiC),34.0
NY 물고기,34.0
페이퍼컷 프로젝트(Papercut Project),34.0
티오(T.O),34.0
9와 숫자들,34.0
범키(Bumkey),33.0
백아연,33.0
키스 미 조이(Kiss Me Joy),33.0
에스프레소(Espresso),33.0
현빈,33.0
of 비스트(윤두준 & 이기광 & 용준형),33.0
노라조,33.0
팀(Team),33.0
제이에이(JA),32.0
메이팝(Maypop),32.0
스티(STi),32.0
민설,32.0
무한궤도,32.0
마망,32.0
전기뱀장어,32.0
크리스피 로즈(Crispy Rhodes),32.0
최정철,32.0
바다,32.0
스페이스 A(Space A),32.0
해랑(Haerang) [재즈],32.0
투샤이(2Shai),32.0
불나방스타쏘세지클럽,31.0
김예림 [투개월],31.0
엠스트리트(M.Street),31.0
이예린,31.0
어반스페이스(Urbanspace),31.0
한소아,31.0
XIA(준수),31.0
하이포(HIGH4),31.0
데미캣(Demicat),31.0
민경훈,31.0
이지영,31.0
인피니트 H,31.0
러브홀릭스(Loveholics),30.0
양혜승,30.0
인스턴트 로맨틱 플로어(Instant Romantic Floor),30.0
SG워너비 김진호,30.0
베이지(Beige),30.0
정지찬 [원모어찬스],30.0
김연지,30.0
키스(Kiss),30.0
B.A.P,30.0
강우진,30.0
오현란,30.0
앤드(And),30.0
못(Mot),30.0
정경화,30.0
스무살,29.0
소히(Sorri),29.0
H-유진,29.0
레비 파티(LEVIPARTY),29.0
이용,29.0
라-듀오(La-Duo),29.0
일렉트로보이즈(ELECTRO BOYZ),29.0
낭만유랑악단,29.0
곽진언,29.0
클라우드 쿠쿠랜드(Cloud Cuckoo Land),29.0
고현욱,29.0
화접몽 밴드,29.0
스컬&하하(Skull&Haha;),28.0
더 크로스(The Cross),28.0
차가운 체리(Cold Cherry),28.0
하찌와 TJ,28.0
박소유,28.0
임종환,28.0
강희수,28.0
Gwyneth Herbert(기네스 허버트),28.0
리나(Lina),28.0
수경 [빨간의자],28.0
레드애플(Led apple),28.0
흠(Heum),28.0
산울림,28.0
정은채 [배우],27.0
이안,27.0
더 네임(The Name),27.0
엠포(M4),27.0
루그(Lug),27.0
레이디 제인(Lady Jane),27.0
스타 러브 피쉬(Star Love Fish),27.0
아워멜츠(Hourmelts) ,27.0
SAT,27.0
코지카페(Cozy Cafe),27.0
블루앤블루(Blue & Blue),27.0
신재,26.0
트리플 이펙트(Triple Effect),26.0
SMTown,26.0
블록(Block),26.0
클린치(Clinch),26.0
조하문,26.0
에스트래직 비츠(Estraziq Beats) ,26.0
Caramel espreSSo(카라멜 에스프레소),26.0
몰릭(MhOlic),26.0
커먼 그라운드(Common Ground),26.0
어바노(Urbano),26.0
하유진 ,26.0
제이세라(J-Cera),26.0
원웨이(Oneway),26.0
옥수사진관,26.0
빅뱅(방승철) [Solo],25.0
주영훈,25.0
빛과 소금,25.0
7공주,25.0
신치림(信治琳),25.0
토이멜라(Toymela),25.0
에스파파(S.Papa.),25.0
서울 전자 음악단,25.0
송 오브 루나(Song Of Luna),25.0
안재욱,24.0
환희,24.0
소울라임(SouLime),24.0
임세준,24.0
주형진,24.0
투어리스트(The Tourist),24.0
유열,24.0
린애,24.0
송지은 [시크릿],24.0
루나플라이(Lunafly),23.0
보이(VOY),23.0
지영선,23.0
미스 미스터(Mis=Mr),23.0
주니퍼(Junyfore),23.0
크라잉넛(Crying Nut),23.0
달에닿아,23.0
남경윤,23.0
여울 [인디],23.0
여진(Yeo Jin),23.0
솔루션스(THE SOLUTIONS),23.0
장리인,23.0
김민규 [스위트피],23.0
김필(Kim Feel),22.0
루머스(Rumors),22.0
정원영,22.0
비프리(B-Free),22.0
정재일,22.0
어른아이(Adultchild),22.0
멜로우이어(Mellowyear),22.0
제국의아이들[ZE:A],22.0
Susan Jacks(수잔 잭스),22.0
들국화,22.0
파니핑크(Fanny Fink) ,22.0
솔비,22.0
이은하,22.0
컬투(Cultwo),22.0
이승열,22.0
사피에르(Saphier),22.0
흑꼬,22.0
하리(Hari),22.0
세븐(SE7EN),22.0
뉴욕 러브 다이어리(Newyork Love Diry),21.0
박라온,21.0
다비,21.0
leeSA(리싸),21.0
러블리벗(Lovelybut),21.0
닥터심슨(Dr.Simpson),21.0
리오 케이코아(Leo Kekoa),21.0
포츈 쿠키(Fortune Cookie),21.0
솔지 [EXID],21.0
비바 소울(Viva Soul),21.0
나원주,21.0
더 캔버스(The Canvas),21.0
EXO-K(엑소케이),21.0
아톰북(Atombook),20.0
비투비(BTOB),20.0
빌리어코스티(Bily Acoustie),20.0
권진원,20.0
김사랑,20.0
안녕하신가영,20.0
펄스데이(Pearl's Day),20.0
하루(Haroo),20.0
벅(Buck),20.0
차호석,20.0
자화상,20.0
한선화 [시크릿],20.0
유성은,20.0
말로(Malo),20.0
3호선 버터플라이(3호선 Butterfly),20.0
이브(Eve),20.0
크리스탈 레인(Crystal Rain) ,20.0
이지엠(EZ'M),20.0
유브이(UV),20.0
얀(Yarn),19.0
도끼(Dok2),19.0
우주히피(Cosmos Hippie),19.0
"S (강타, 신혜성, 이지훈)",19.0
반시(Vansy),19.0
블루베리 [여자],19.0
캔디맨(Candyman),19.0
라니아(Rania),19.0
20세기 소년,19.0
백청강,19.0
썸피플(Sumpeople),19.0
차태현,19.0
박광현,19.0
Iconiq(아이코닉),19.0
하하,19.0
올라이즈 밴드(All Lies Band),18.0
달빛요정역전만루홈런,18.0
하나(Hana) [타이푼],18.0
타블로+페니(이터널 모닝),18.0
유진 [S.E.S],18.0
박시후 ,18.0
에스더(Esther),18.0
박아셀,18.0
카나리아 살롱(Canaria Salon),18.0
카페모카,18.0
임헌일 [메이트],18.0
이채(Ich'e),18.0
에레나(Elena),18.0
성제 [초신성],18.0
용감한 녀석들,18.0
비비(B.B),18.0
아미(A-Mi),17.0
구창모 ,17.0
트랙스(Trax),17.0
가을방학 김재훈,17.0
킹스턴 루디스카(Kingston Rudieska),17.0
차은주,17.0
Stay [심태윤],17.0
보이스원(Voice One),17.0
타우(Taw),17.0
Westlife(웨스트라이프),17.0
봄여름가을겨울,17.0
비비안(BBAhn),17.0
가희,17.0
Olivia(올리비아) [보사노바],17.0
MC 한새(MC haNsAi),17.0
하비누아주(Ravie Nuage),17.0
네이브로(NeighBro.),17.0
성진환 [스윗소로우],17.0
루체(Luce),17.0
에보니힐(Ebonyhill),17.0
인광,17.0
슈퍼키드(SuperKidd),17.0
Laurent Voulzy(로랑 불지),17.0
Ed.C,17.0
온유(On.U) [발라드],17.0
솔플라워(Sol' Flower),17.0
텐시러브(Tensi Love),16.0
빅스(VIXX),16.0
디에스 커넥션(DS_Connexion),16.0
에이프릴(April),16.0
세 개의 시선,16.0
한민규,16.0
라 벤타나(La Ventana),16.0
소설,16.0
로로스(Loro's),16.0
손성훈,16.0
예민,16.0
보니(Boni),16.0
서문탁,16.0
JC지은,16.0
비욘드(Beyond),16.0
파인애플(Pineapple),16.0
Naomi & Goro(나오미 앤 고로),16.0
티아라 With 다비치,16.0
사운디스트(SOUNDist),16.0
사준,16.0
낯선 사람들,16.0
제이독(J-DOGG),16.0
푸른새벽,16.0
박준혁,16.0
생각의 여름,16.0
정예경,16.0
철이와 미애,16.0
스토리(Story) (솔로),16.0
술탄 오브 더 디스코(Sultan Of The Disco),15.0
머쉬멜로우,15.0
DMTN,15.0
Achordion(아코디언),15.0
혜지,15.0
원미연,15.0
팬텀,15.0
Kentaro Takizawa(켄타로 타키자와),15.0
우현 [인피니트],15.0
아침(Achim) [듀오],15.0
김민석 [트리오로그],15.0
브라이언(Brian),15.0
베스티(BESTie),15.0
김수철,15.0
이정아(Lee Jung-Ah),15.0
최용준,15.0
이진아,15.0
와이제이 패밀리(YJ Family),15.0
고한우,15.0
론리 하츠 클럽(Lonely Hearts Club),15.0
모노토이(Monotoi),15.0
엠알제이(MRJ),15.0
고유비,15.0
옐로우 몬스터즈(Yellow Monsters),15.0
걸프렌즈(Girl Friends),15.0
유키스(U-KISS),15.0
은휼,15.0
모카(Mocca),15.0
알앤피(RNP),15.0
앤덥(Andup),15.0
언노운 피플(UKP),14.0
루이비(Louis.B),14.0
Indecent Obsession(인디센트 옵세션),14.0
장지연 [인디],14.0
장혜리,14.0
하지원,14.0
샤프(Sharp),14.0
노브레인(No Brain),14.0
노드 플루(Nord Plue),14.0
James Blunt(제임스 블런트),14.0
마루마루,14.0
전유나,14.0
스테이트루(Staytrue),14.0
Kenny Loggins(케니 로긴스),14.0
정슬기,14.0
프린세스 디지즈(Princess Disease),14.0
Laurel Music(로렐 뮤직),14.0
전소영,14.0
세렝게티(Serengeti),14.0
하키(Hockee),14.0
스몰오(Small O),14.0
히트(HITT),14.0
휘(徽),14.0
몽구스(Mongoose),14.0
효기(Hyoki) [Jazz],14.0
러브피쉬 프로젝트(LoveFish_Project),14.0
여미,14.0
오리엔탱고(Orientango),14.0
Andy Williams(앤디 윌리암스),14.0
Atlantic Starr(아틀란틱 스타),14.0
CMYK(씨엠와이케이),14.0
유(U),14.0
유니크-쉐도우(Unique-Shadow),14.0
Cheryl Bentyne(셰릴 벤틴),14.0
세이(Say),14.0
드라마틱스(Dramatics),14.0
나겸 [아가톤],14.0
이호석,14.0
성현주,14.0
오지은과 늑대들,14.0
하현곤,14.0
임병수,14.0
나드(Nard),14.0
이랑,14.0
지나(Gina),14.0
김경록 [V.O.S],14.0
김민준,14.0
강채이,14.0
지브라(Zebra),14.0
파니니(Panini),14.0
지퍼,14.0
메이크어위시 합창단,14.0
요술당나귀,14.0
우이경,14.0
박지혜 [인디],14.0
베리굿(Berry Good),14.0
김부용,14.0
비스콜릿(Biscolate),14.0
아낌없이 주는 나무,14.0
철싸(노홍철 & 싸이),14.0
청춘학개론,14.0
추성훈,14.0
공기남녀,14.0
씨유(See U),14.0
Travis(트래비스),14.0
Tommy Page(토미 페이지),14.0
메론씨,14.0
아일랜드 기타(Island Guitar),14.0
김지호 ,14.0
조은(Cho Eun),14.0
클럼지(Clumsy),14.0
김진우,14.0
박한별,14.0
박혜영,14.0
백미현,14.0
김상민(Kim SangMin),14.0
앨리스 스마일(Alice Smile),14.0
신비,14.0
Morris Albert(모리스 알버트),14.0
정성하,13.0
은미(Eunmi),13.0
Karrin Allyson(캐린 앨리슨),13.0
그루(GRU),13.0
선데이 선셋(Sunday Sunset),13.0
강민경 [다비치],13.0
페일그레이(Pale Grey),13.0
Davink(다빈크),13.0
모자이크,13.0
엔알지(N.R.G),13.0
영지(버블시스터즈),13.0
전인권,13.0
정민아,13.0
예인,13.0
마호가니 킹(Mahogany King),13.0
원효로1가 13-25,13.0
이치원(EachONE),13.0
윈터플레이 혜원,13.0
조이 [알트리퍼],13.0
쟈크와 래미(Zac & Lemi),13.0
로코베리(Rocoberry),13.0
팔드로(8Dro),13.0
빈티지 블루(Vintage Blue),13.0
리오(Leeo),13.0
아메리카노,12.0
이루마(Yiruma),12.0
시로스카이(Shirosky),12.0
이승우 [소울스타],12.0
유이 [애프터 스쿨],12.0
엔오케이(NOK),12.0
용원,12.0
할라맨(Halla Man),12.0
이정석,12.0
우은미,12.0
실루엣,12.0
오종혁(OJ),12.0
임인건,12.0
파스텔 오션(Pastel Ocean),12.0
하젤(Hajel),12.0
자미 소울(Jami Soul),12.0
신세경,12.0
조문근,12.0
이한진 밴드,12.0
힐링프로젝트(Healing Project),12.0
리드미스트(Rhythmist),12.0
Luis Mariano(루이즈 마리아노),12.0
소이,12.0
메이랜드(Mayland),12.0
남아스떼(男兒's 떼),12.0
박정수 [어덜트 컨템포러리],12.0
강토(Kangto),12.0
2스토리(2story),12.0
고찬용,12.0
뎁인뎁쇼,12.0
소울 커넥션(Soul Connection),12.0
모든(Moden),12.0
누보두(Nouveau Deux),12.0
나인(Nine9),11.0
정혜담,11.0
김디지(Deegie) [트레블러],11.0
헤븐 [솔로],11.0
포스티노(Postino),11.0
곽푸른하늘,11.0
수퍼러너(Superrunner),11.0
웅산 With DJ Okawari,11.0
저스트(Just),11.0
박준하,11.0
헬로비너스(HELLOVENUS),11.0
키비(Kebee) [이루펀트],11.0
최예나,11.0
원 펀치(One Punch),11.0
BGH to,11.0
악퉁(Achtung),11.0
디제이 와사(DJ Wasa),11.0
긱스(Gigs),11.0
스트로베리 레인(Strawberry Rain),11.0
하이디,11.0
김창완 밴드(Kim Chang Wan Band),11.0
노민우,11.0
바스코(Vasco),11.0
송광식,11.0
워렌(Warren),11.0
이영미 [뮤지컬],11.0
그루브 올스타즈(Groove All Stars),11.0
줄리아 하트(Julia Hart),11.0
이해완 [보드카레인],11.0
이태권,10.0
튠(TUNE),10.0
마더컨트리,10.0
루다(Ruda),10.0
아지아틱스(AZIATIX),10.0
승리,10.0
제이켠(J'Kyun) [럭키제이],10.0
Landon Pigg(랜던 피그),10.0
한소현,10.0
드린지 오(Dringe Augh),10.0
G.고릴라,10.0
트램폴린(Trampauline),10.0
카피머신(Copy Machine),10.0
이영훈 [인디],10.0
이루리 프로젝트,10.0
Karla Bonoff(칼라 보노프),10.0
로맨틱 가든(Romantic Garden),10.0
스카이 하이(Sky High),10.0
옐로우 페인트(Yellow Paint),10.0
소냐(Sonya),10.0
NS Yoon-G ,10.0
Michael Buble(마이클 부블레),10.0
황규영,10.0
어떤날,10.0
Air Supply(에어 서플라이),10.0
장범준,10.0
오세준,10.0
꽃잠 프로젝트(GGot Jam Project),10.0
육각수밴드,10.0
숄(Sol),10.0
문용(Moonyong),10.0
리미와 감자,10.0
M.I.B(Most Incredible Busters),10.0
태인,10.0
노매드(Nomad),10.0
모리아(Moria),10.0
알버트 주(Albert Joo),10.0
오드(Ode),10.0
김효진 [배우],10.0
유잔Q,10.0
미나,10.0
초콜렛 박스(Chocolate Box),9.0
뷰티풀 데이즈(Beautiful Days),9.0
김은태,9.0
조(Jo),9.0
H2가인(歌人),9.0
플라스틱(Plastic),9.0
로맨틱멜로디초비,9.0
Yael Naim(야엘 나임),9.0
406호 프로젝트,9.0
JUUNO,9.0
조이락,9.0
Michael Franks(마이클 프랭스),9.0
바나나보트(Banana Boat),9.0
보이프렌드(Boyfriend),9.0
콩나물(Bean Sprouts),9.0
썸데이(Someday),9.0
레드소울(Redsoul),9.0
Robbie Williams(로비 윌리암스),9.0
하늘 [그룹],9.0
태사비애,9.0
이수,9.0
유재석,9.0
피플 크루(People Crew),9.0
플럭서스 보이시스,9.0
The Finnn,9.0
사비나앤드론즈(Savina & Drones),9.0
서태지,9.0
미카엘 밴드(Michael Band),9.0
Blee(블리),9.0
오후만 있던 일요일,9.0
스테이튠(Stay Tune),9.0
미드 타운 밴드(Mid Town Band),9.0
미(MIIII),9.0
Dreamhouse,9.0
이퍼블릭(E-Public),9.0
나비효과,9.0
가리나 프로젝트(Garina Project),9.0
루앤(Luanne),9.0
MIWOO(미우),9.0
Tamia(타미아),9.0
이지혜,9.0
미선이,9.0
Port Of Notes(포트 오브 노츠),9.0
시인과 촌장,9.0
Fesure Native(페셔네이티브),9.0
애프터스쿨 Blue,9.0
S.M. The Ballad '제규종지',9.0
이종현 [CNBLUE],9.0
신나는섬,9.0
아이엠(iM),8.0
루빈(Ruvin),8.0
M시그널,8.0
징고(Zingo) [슈퍼키드],8.0
어반 코너(Urban Corner),8.0
Y2K,8.0
천상지희 더 그레이스(天上智喜 The Grace),8.0
Lasse Lindh(라쎄린드),8.0
루아민,8.0
Kurt Bestor(커트 베스터),8.0
컬트(Cult),8.0
프리키(Freaky),8.0
구피(Goofy),8.0
파스텔블루(Pastel Blue),8.0
곽은기,8.0
베이시스(Basis),8.0
브라우니 스픽스(Brownie Speaks),8.0
아웃사이더(Outsider),8.0
구본승,8.0
백동우,8.0
프린지(Pringe),8.0
하찌와애리(Hachi&Eri;),8.0
아날로그 소년,8.0
한영애,8.0
타바코쥬스(Tobacco Juice),8.0
스푸키 프로젝트(Spooky Project),8.0
샤크라(Chakra),8.0
Clara C(클라라 씨),8.0
지선(Jisun) ,8.0
투앤비(2NB),8.0
제아 [브라운 아이드 걸스],8.0
BN옴니버스,8.0
투나잇(Tonight),8.0
더 젬(The Gem),8.0
Tama Rhodes(타마 로즈),8.0
스맥스(S'Max),8.0
세븐스 플로어(The 7th Floor),8.0
대니 정(Danny Jung),8.0
Alexander Dolsky,8.0
숙희,8.0
나일론에세이(Nylon Essay),8.0
ASHGRAY(애쉬그레이),8.0
홀린(Hlin),8.0
토리 [인디],8.0
소방차,8.0
장동건,8.0
소울 다이브(Soul Dive),8.0
전영진,8.0
소울원(Soul One),8.0
이푸름,8.0
핸섬피플(Handsome People),8.0
조아혜,8.0
신은성,8.0
렌(Len),8.0
이상(E.Sang),8.0
바닐라시티(Vanila City),8.0
건휘,8.0
민효린,8.0
에스프레소(금석균),8.0
이오스(E.O.S),8.0
빨간의자,8.0
박진혁,8.0
드래곤플라이(Dragonfly),8.0
한성민,8.0
FOLEY(폴리),8.0
한기란 [와인루프],8.0
Funny Powder(퍼니 파우더),8.0
키덜트(Kidult) [인디락],8.0
머쉬룸즈(Mushru:ms),7.0
맹유나(Kikiyuna),7.0
최영준 [체스],7.0
유민지,7.0
Tony Orlando & Dawn(토니 올란도 앤드 던),7.0
연진,7.0
The Papers,7.0
모노토닉(Monotonik),7.0
어 모던(A Modern),7.0
칵스(THE KOXX),7.0
권소영,7.0
엄브렐라 스탠드(Umbrella Stand),7.0
트리탑스(Tritops),7.0
"바이루피타(Bye, Lupita)",7.0
오윤혜,7.0
와이케이(YK),7.0
트리-비(Tri-be),7.0
파파야(Papaya),7.0
유앤러브앤마마(YouAndLovE & MAMA),7.0
Sound Providers(사운드 프로바이더스),7.0
PK 헤만(PK Heman),7.0
투 체어스(Two Chairs),7.0
권인하,7.0
키스위치,7.0
지플라(G.Fla),7.0
조윤성,7.0
플랩(Flap),7.0
이범학,7.0
C-CLOWN(씨클라운),7.0
이병우,7.0
씨에스피(CSP) [크리스피 크런치],7.0
John Pizzarelli(존 피자렐리),7.0
남준봉 [여행스케치],7.0
블루파프리카(Bluepaprika),7.0
람다(Ramda),7.0
조준프로젝트,7.0
정민경 ['2010],7.0
Janis Ian(재니스 이안),7.0
라임버스(Rhyme Bus),7.0
JJ Project(제이제이 프로젝트),7.0
리딤(Riddim),7.0
김원준,7.0
김정균 (a.k.a 김거지),7.0
김종서,7.0
한살차이,7.0
듀크(Duke),7.0
시드 사운드(SID-Sound),7.0
더 그랜드(The Grand),7.0
정준영,7.0
스핏 파이어(Spit Fire),7.0
허쉬(Hush),7.0
서후,7.0
다방(D'avant),7.0
피리과(Pirigwa),7.0
이란,7.0
은지원,7.0
유정균 [세렝게티],7.0
네온스(Neons),7.0
애프터 레인(After Rain),7.0
그로칼랭(Gros-Calin),7.0
애시드 하이(Acid high),7.0
전영록,7.0
윤석철 트리오(SC Yun's Trio),7.0
1984,7.0
천상혁,7.0
브라운브레스(Brownbreath),7.0
벗님들,7.0
프롬(Fromm),7.0
Le Blanc & Carr(르 블랑 & 카),7.0
제다이(Jediii),7.0
소리헤다,7.0
늦봄,7.0
전효성 [시크릿],7.0
뷰티핸섬(BeautyHandsome),7.0
안경은오형,7.0
송재호,7.0
아이리쉬 커피(Irish Coffee),7.0
낯선(Nassun),6.0
네임리스(Nameless),6.0
오키(Oki),6.0
정하윤,6.0
닥터 레게(Dr. Reggae),6.0
일단은 준석이들,6.0
대호(Daeho),6.0
오소영,6.0
태빈(Taebin),6.0
임주연,6.0
다람(Daram),6.0
최성원,6.0
김태영,6.0
제이레이디즈(J.lady's),6.0
규원,6.0
윤대장,6.0
윤서진 [Jazz],6.0
윤스 다이어리(Yoon's Diary),6.0
마르코(Marco) [힙합],6.0
은표,6.0
이가희,6.0
마리앤베리(Marie'n Berry),6.0
김동욱,6.0
이덕진,6.0
이동건,6.0
지애 [태사비애],6.0
걸(Girl),6.0
김소정,6.0
김승후,6.0
우재,6.0
김재석 [원티드],6.0
이주미,6.0
이진성 [먼데이 키즈],6.0
돈 스파이크,6.0
김지연,6.0
데프콘(Defconn),6.0
제이로직(Jay Logic),6.0
대성,6.0
염따(YumDDa),6.0
배따라기,6.0
박소윤,6.0
Oe,6.0
아이라인(Eyeline),6.0
Daniel Powter(다니엘 파우터),6.0
샘 리(Sam Lee),6.0
한지혜 ,6.0
살찐고양이,6.0
시베리안허스키(Siberian Husky),6.0
피비스(PB's),6.0
Enrico Pieranunzi(엔리코 피에라눈치),6.0
피타입,6.0
Five(파이브),6.0
G.O(지오) [엠블랙],6.0
에스제이(SJ) [Jazz],6.0
블랙펄(Black Pearl),6.0
바닐라 유니티(Vanilla Unity),6.0
바른생활,6.0
Jackson Browne(잭슨 브라운),6.0
슌(Shoon),6.0
비돌스(B.Dolls),6.0
셀로판리버(Cellophane River),6.0
애쉬(Ash),6.0
수지 [miss A],6.0
Merian 프로젝트,6.0
문샤이너스(Moonshiners),6.0
무한걸스,6.0
앤디(Andy),6.0
파탈(擺脫/Fatal),6.0
11월,6.0
Maximilian Hecker(막시밀리안 헤커),6.0
쉐로(Cherot) [블루아일리즈],6.0
알비-프리 코드 콤비네이션(rb-free code combination),6.0
포니테일(Ponytail),6.0
소유(So-U),6.0
피아노(Piano) [남자듀오],5.0
지니(Geenie),5.0
주석(Joosuc),5.0
Josh Groban(조쉬 그로반),5.0
그레이스(Grace),5.0
레드락(Red-Roc),5.0
지민 [곽지민],5.0
프라이머리 스코어(Primary Score),5.0
이보람 [씨야],5.0
버나드박,5.0
M.I.S(Made In Soul) ,5.0
Keri Noble(케리 노블),5.0
태원(TaeOne),5.0
아서라 이그(Asra IG),5.0
플랜더블유(Plan.W),5.0
아이니(i-ny),5.0
애니밴드(Anyband),5.0
조현아 [어반자카파],5.0
진보(Jinbo),5.0
부티끄 나인(Boutique 9),5.0
아프로디노(Afrodino),5.0
천사(1004),5.0
이덕진 프로젝트 밴드,5.0
로꼬(Loco),5.0
비다로카(Vida Loca),5.0
스타리-아이드(Starry-Eyed),5.0
선우정아(Sunwoojunga),5.0
성수진,5.0
일렉 쿠키(Elec Cookie),5.0
성진우,5.0
세인트(Saint),5.0
슈가(Sugar),5.0
달파란,5.0
세하(Seha),5.0
달총 [CHEEZE],5.0
달어쿠스틱(Dalacoustic),5.0
홍갑,5.0
5mg,5.0
니콜,5.0
소수빈,5.0
히나인(Heenain),5.0
인디언 수니(Indian Soonie),5.0
제시(Jessi) [럭키제이],5.0
라이머(Rhymer),5.0
Christina Aguilera(크리스티나 아길레라),5.0
김완선,5.0
김용준 [SG 워너비],5.0
GRAY(그레이) [힙합],5.0
김재중,5.0
반광옥,5.0
사운드샤워(Sound Shower),5.0
이정열,5.0
신건,5.0
이지라이프(Ez-Life),5.0
한스밴드(Han's Band),5.0
시나코완 트리오(SinaKowan Trio),5.0
슬림(S.L.I.M),5.0
한효주 With 브로콜리너마저,5.0
David Sanborn(데이빗 샌본),5.0
더하이라이츠(The Hi-Lites),5.0
신조음계(Sinzo Eumke),5.0
재즈오텍(Jazzotheque),5.0
키미 피에스타(Kimy Fiesta),5.0
유니,5.0
강준하,5.0
티라미슈,5.0
Shay(셰이),5.0
크레파스,5.0
박강수,5.0
오태호,5.0
틴틴 파이브,5.0
치즈가몽키(Cheeze Ga Monkey),5.0
우탄(Wu-Tan),5.0
크라운 제이(Crown J),5.0
유승우,5.0
최진영 [SKY],5.0
강산에,5.0
파란(Paran),5.0
최백호,5.0
펑키 브라운(Funky Brown),5.0
Michael Jackson(마이클 잭슨),5.0
마마무(Mamamoo),5.0
코코넛(Coconut),5.0
궐(Geol),5.0
몽실이 시스터즈,5.0
미스티 아이드 걸(Misty-Eyed Girl),5.0
가이아(Gaia) [아트록],5.0
박정은,5.0
스페이스카우보이(Space Cowboy),4.0
메이다니(Maydoni),4.0
슬로우잼(Slow Jam),4.0
트랜스픽션(Trans Fixion),4.0
시계태엽오렌지(Orange Clockwork),4.0
돕선(Dopesun),4.0
클로버(Clover),4.0
스피카(SPICA),4.0
Ruby Star(루비스타),4.0
디갈로(Degalo),4.0
우연주,4.0
시애나(Siaena),4.0
매슬로(Maslo),4.0
이지(EG),4.0
티라미스(Tiramisu),4.0
사계절 정원,4.0
티아(Tia) ,4.0
티아라(소연),4.0
앰프(Amp),4.0
조동진,4.0
Priscilla Ahn(프리실라 안),4.0
워킹 디스 플래닛(Walking This Planet),4.0
Gregory Alan Isakov,4.0
Ilona(일로나),4.0
민들레 [가요],4.0
리디아(Lydia),4.0
해바라기,4.0
이현도(=D.O),4.0
가내수공업,4.0
엘피지(LPG),4.0
술제이(SOOL J),4.0
타이푼,4.0
모노리드(Monolead),4.0
셰인(Shayne),4.0
뮤직페이스,4.0
45알피엠(45RPM),4.0
장기호(Kio),4.0
내일 (2011),4.0
소요,4.0
2YOON(포미닛 투윤),4.0
손지연,4.0
장현승 [비스트],4.0
노사연,4.0
오후(5Who),4.0
멜로위치(Mellowitch),4.0
Awa(아와),4.0
미스틱 퍼즐(Mystic Puzzle) ,4.0
서은,4.0
제아(브라운 아이드 걸스) ＆ 지오(엠블랙),4.0
미키드(에어플레인),4.0
미씽 아일랜드(Missing Island),4.0
하모하모(Hamohamo),4.0
김하늘(로티플 스카이),4.0
인디언 팜(Indian Palm),4.0
트래져 아일랜드,4.0
허윤아,4.0
더 자두(The Jadu),4.0
정태우,4.0
스왈로우(Swallow),4.0
더 비(The Bee),4.0
Sara Bareilles(사라 바렐리스),4.0
김신우,4.0
신촌 블루스,4.0
마이티 코알라,4.0
이상우,4.0
LPG Loves 래피,4.0
Lyrical D,4.0
Placido Domingo(플라시도 도밍고),4.0
얼스(Earls),4.0
윈디시티(Windy City),4.0
김란영,4.0
Peggy Lee(페기 리),4.0
백현수(Baek Hyun Soo),4.0
아마도이자람밴드,4.0
플랫핏(Flat Feet),4.0
링크(Link),4.0
브롤리(Brolly),4.0
지현,4.0
지현우,4.0
어쿠스틱 콰이어,4.0
라임어택(RHYME-A-),4.0
베니(Venny),4.0
박꽃별,4.0
베베미뇽(BeBe Mignon),4.0
챔프온뮤직(Champon Music),4.0
진호,4.0
박성신,4.0
플라스틱 케이스(Plastic Case),4.0
프롬유(From. U),4.0
이규호,4.0
채영재,4.0
마끼아또,4.0
차지연,4.0
길건,4.0
박솔 [솔루션스],4.0
마스코타 블루(Mascota Blue),4.0
창고,4.0
레이지본(Lazybone),4.0
러브송(Love Song),4.0
러브시티(LoveCity),4.0
앤비(N.B),4.0
하늘달리기,4.0
고은(Goeun),4.0
케미(Kemi),4.0
하늘해,4.0
리나(Lina) [발라드],4.0
고니,4.0
팔로(FarLaw),4.0
이선행(Sunhang Lee),4.0
싸지타(Sagitta),4.0
줄리엣(Juliet),4.0
Jinny,4.0
Polaris 이정민,4.0
레일로드(Railroad),4.0
류시원,4.0
11시11분,3.0
최고은,3.0
힐링미(Healing Me),3.0
태사자,3.0
THEY 2010,3.0
나인 스트릿(9th STREET),3.0
황미영,3.0
정시로 [뱅크],3.0
New Jack,3.0
VEN(벤) [힙합],3.0
Mia Doi Todd(미아 도이 토드),3.0
Morten Harket(모튼 하켓),3.0
네오 트래디셔널 재즈 트리오(Neo Traditional Jazz Trio),3.0
Tommy Bolin(토미 볼린),3.0
전자양,3.0
홍은희 [배우],3.0
태륜,3.0
6月엔 UFO가 온다,3.0
황세옥,3.0
타코앤제이형(Tako & J Hyung),3.0
정혜민 [가비앤제이],3.0
나몰라패밀리N,3.0
지마스타(G-Masta),3.0
제이투엠(J2M),3.0
제인(Jane),3.0
핑크 엘리펀트(Pink Elephant),3.0
제펫(Jeppet),3.0
주주 클럽(Juju Club),3.0
고재근,3.0
김종찬,3.0
개구장애,3.0
하늘樂(락) 프로젝트,3.0
김성규 [인피니트],3.0
김성재,3.0
GMB,3.0
하이브리파인(HybRefine),3.0
코코어(Cocore),3.0
게으른 오후,3.0
지기 펠라즈(Jiggy Fellaz),3.0
김종환,3.0
나몰라 패밀리 TKO,3.0
간종욱,3.0
가다,3.0
BGH4,3.0
차수경 [Daisy],3.0
플라스틱 피플(Plastic People),3.0
파이브(F-IV),3.0
가리온(Garion),3.0
허밍제이(Humming.J),3.0
가비퀸즈(Gavy Queens),3.0
제드(Jed),3.0
지훈(Zi Hoon),3.0
카이,3.0
플레이밍 스타(Flaming Star),3.0
제이심포니(J-symphony),3.0
칸토 [트로이],3.0
지서련,3.0
태완(C-Luv),3.0
(핫펠트)예은 [원더걸스],3.0
재즈파크 빅밴드(Jazzpark Bigband),3.0
데니안(Ahn Danny),3.0
바람꽃,3.0
에니악(Eniac),3.0
어퍼스케리(Aposcary) ,3.0
어느하루,3.0
라킨라드(LaKinRad),3.0
이어부스(Earbooth),3.0
박혜민,3.0
앤썸(Anthem),3.0
배장은 트리오(Jangeun Bae Trio),3.0
배철수,3.0
유익종,3.0
이우창,3.0
안은정,3.0
이이언(eAeon),3.0
아티슨비츠(Artisan Beats),3.0
디제이 렉스(DJ Wreckx),3.0
변재원,3.0
아이씨사이다(Icycider),3.0
브레이브걸스(Brave Girls),3.0
아웃포스트(Outpost),3.0
디스토리(D.Story),3.0
아날로그숲(ANALOgSOOp),3.0
블랙넛(Black Nut),3.0
동요나라,3.0
데일리노트(DailyNote),3.0
에세이(sA'),3.0
엑스오(XO),3.0
엑스틴(X-Teen),3.0
원준희,3.0
룸메이트(Roommate),3.0
리트머스(Litmus),3.0
윤사라,3.0
유소라,3.0
마로니에 걸즈(Maronie Girls),3.0
유니파이밴드(Uni-Fi Band),3.0
마리서사(Mary 敍事),3.0
위퍼(Weeper),3.0
마술모자 퍼레이드,3.0
원택,3.0
마이노스 인 뉴올(Minos In Nuol),3.0
마이노스(Minos) [이루펀트],3.0
엠쓰리(M3),3.0
원우 [알앤비],3.0
마일스톤(Milestone),3.0
마지못해민트초코,3.0
매드 소울 차일드(Mad Soul Child),3.0
와이낫?(Ynot?),3.0
명인희,3.0
모노(Mono),3.0
옆집 남자(A Boy Next Door),3.0
몽키즈(Monkeyz),3.0
여훈민,3.0
뮤직스트릿,3.0
심신,3.0
백지웅,3.0
스프링쿨러(Sprinkler),3.0
소소한 프로젝트,3.0
삐삐밴드,3.0
사랑을 만드는 사람들,3.0
서진영,3.0
신고은,3.0
사이포디아즈(Psypodias),3.0
뉴튼(Newton),3.0
새바람이 오는 그늘,3.0
신태권,3.0
스피넬(SpinEL),3.0
스니커버드(Sneaker Bird),3.0
더 스토리(T.H.E. Story),3.0
선율(旋律) [발라드],3.0
임성은,3.0
스위티(Swi.T),3.0
수니(Soonie),3.0
신문희(Moony),3.0
데니스 프로젝트(Denis Project),3.0
수연,3.0
장지영,3.0
이현욱,3.0
임영일,3.0
솔리스트(Soliste),3.0
숨의숲,3.0
빌리브(V.elieve),3.0
타이키즈(Tykeys),2.0
우수(Woosoo) [남성솔로],2.0
감성파장,2.0
감성다락방,2.0
갈릭스(Garlixx),2.0
태하,2.0
왓위민원트(What Women Want),2.0
메이커슬(Makustle),2.0
메이트리(Maytree),2.0
홍인성,2.0
9초(Nine Seconds),2.0
A.T(에이티),2.0
WHOwho(후후),2.0
메인 스트릿(Main Street),2.0
멘사(Mensa),2.0
오! 부라더스(Oh! Brothers),2.0
모닝(Morning),2.0
오석준,2.0
매직플로우(Mazik Flow),2.0
비트윈어스(Between Us),2.0
강촌사람들,2.0
공CD,2.0
유영진,2.0
소울컴퍼니(Soul Company),2.0
소울맨 앤 마이노스(Soulman & Minos) ,2.0
손호영,2.0
희영(Hee Young),2.0
추천음악프로젝트,2.0
솔리스츠(Solist),2.0
카말(Kamaal),2.0
마리오(Mario),2.0
휴먼레이스(Human Race),2.0
3월의 토끼,2.0
황혜정,2.0
홍채린,2.0
송용창 쿼텟,2.0
케이넌(Canaan),2.0
케이준(K Jun),2.0
고두림,2.0
송크라이(SongCry),2.0
술제이 인 어메이징 뮤직(Sool J In Amazing Music),2.0
마인드 컴바인드(Mind Combined),2.0
송희원,2.0
화나(FANA),2.0
쿼트로코드(Quattro Code),2.0
개인플레이(Gainplay),2.0
Unlimit,2.0
민트그레이(Mintgray),2.0
여하,2.0
토스티(Toastie),2.0
해금,2.0
애쉬(Ash) [R&B;],2.0
Delicat X Stally,2.0
알엔제이(R&J;),2.0
프라이머리 스쿨(Primary Skool),2.0
안상수,2.0
시노(Cino),2.0
벨벳글로브(Velvet Glove),2.0
시울,2.0
아스트로비츠(Astro Bits),2.0
피쉬(Fish) [락],2.0
피에스타(FIESTAR),2.0
하이진(Hyejin),2.0
블레스(Bless),2.0
Julienne Taylor(줄리언 테일러),2.0
필베이(Feelbay),2.0
씨리얼(C-Real),2.0
써클(Circle),2.0
싱스(Sings),2.0
비오아이(B.O.I),2.0
하마가파우치(Hamagapouch),2.0
ILLIONAIRE RECORDS(일리네어 레코즈),2.0
비트겐슈타인(Wittgenstein),2.0
해빗(Habit),2.0
펜토(Pento),2.0
배다해,2.0
티삼스,2.0
세도나,2.0
Silvio Rodriguez(실비오 로드리게즈),2.0
엔젤(Enjel) [채은정],2.0
Sendyou,2.0
성태,2.0
"하이 미스터 메모리(Hi, Mr. Memory)",2.0
트레스패스(Trespass),2.0
에이알티(A.R.T),2.0
티모시,2.0
티블루(T-Blue),2.0
헤븐노우즈(HeavenKnows),2.0
서엘(SEOEL),2.0
티티마(T.T.Ma),2.0
BNR(Brand New Radio),2.0
박경원,2.0
어쿠스틱 코어(Acoustic Core),2.0
파이브돌스(F-ve Dolls),2.0
어반플래닛(Urbanplanet),2.0
박수진,2.0
양수경,2.0
박태영 [보이스 코리아],2.0
Mike Goudreau & Friends,2.0
최선배,2.0
Yerim,2.0
이상민 ,2.0
더 준(The Jun),2.0
레인보우 커피(Rainbow Coffee),2.0
제이 킴(Jay Kim),2.0
더폼프로젝트(The ForM Project),2.0
김바다,2.0
익사이트(Excite),2.0
김민지 [보이스코리아],2.0
레트로 바이러스(Retro Virus),2.0
정혜원,2.0
이부영,2.0
이병헌 [배우],2.0
인소윤,2.0
지오(Geo) [일렉트로니카],2.0
나미,2.0
더 씨야(The Seeya),2.0
꽃미남 주식회사,2.0
김두수,2.0
지요(G.Yo),2.0
김동욱 (2011),2.0
꽃별(Ccotbyel),2.0
이능룡,2.0
진운,2.0
진원,2.0
이뉴(Enue),2.0
정일영,2.0
김창완,2.0
준잭(Jun Jack),2.0
레이디 컬렉션(Lady Collection),2.0
김사월,2.0
디헤븐,2.0
디즈(Deez),2.0
조동익,2.0
이예준,2.0
이장우,2.0
조윤채,2.0
이장혁,2.0
조은경,2.0
조갑경,2.0
초콜릿 소울(Chocolate Soul),2.0
젠(Zen),2.0
이아레,2.0
드로플렛(Droplet) [리퀴드],2.0
랍티미스트(Loptimist),2.0
이지연,2.0
제이티엘(JTL),2.0
죠앤(Joanne),2.0
돕선앤로직스(Dopesun & LogicX),2.0
김새한길,2.0
도트(Dot),2.0
주보라,2.0
김준선(Kim June Sun),2.0
김사월X김해원,2.0
나무자전거,2.0
디피(DP),2.0
은초(Eun Cho),2.0
자람 프로젝트(Jaram Project),2.0
로퀜스(Loquence) ,2.0
로스 아미고스(Los Amigos),2.0
음란소년,2.0
나폴레옹 다이나마이트(Napoleon Dynamite),2.0
은비 [발라드],2.0
길 (Of 리쌍),2.0
채동하,2.0
김경민 [재즈],2.0
장기하,2.0
루이 (긱스),2.0
누빔,2.0
로켓트리(Rockettree),2.0
네이쳐(Nature),2.0
높은음자리,2.0
다나 더 그레이스,2.0
전철,2.0
니케아(Nickea),2.0
하루(Haru) [여성],1.0
장미하관 (노홍철 & 장미여관),1.0
하비티(HavyT),1.0
심성락,1.0
니모(Ne;MO),1.0
제이제이(JJ) [여성],1.0
심수봉,1.0
김창남,1.0
블루 스프링(Blue Spring),1.0
씨비 매스(CB Mass),1.0
썸머드레스(Summer Dress),1.0
솜사탕,1.0
쏠라티(Solati),1.0
송골매,1.0
제이엔씨(JNC),1.0
블링 더 캐쉬(Bling The Cash),1.0
김진엽,1.0
심재준,1.0
황보(Hwang Bo),1.0
하라소라(Harasora),1.0
이츠(it's),1.0
헨미(Henmi),1.0
효빈,1.0
블루 샤벳(Blue Sorbet),1.0
솔튼페이퍼(SALTNPAPER),1.0
번아웃하우스,1.0
잼(Zam),1.0
쟈스민 [알앤비],1.0
노룬산 프로젝트,1.0
노블레스 ＆ 어쿠스틱콜라보 ,1.0
베베퀸,1.0
소울 트로닉(Soul Tronik),1.0
베이식(Basick),1.0
프리픽스(Prepix),1.0
아카시아(AcAciA),1.0
김정은,1.0
아이돌(Idol),1.0
김정호,1.0
Ku Il Oh Trio(쿠일오 트리오),1.0
조PD VS. Postino,1.0
이주원,1.0
디스코트럭,1.0
브이(V) [프로젝트그룹],1.0
블랙 라벨(Black Label) ,1.0
아루앤폴(Aroo N Paul),1.0
플레이트(Plate),1.0
아라 [인디],1.0
전영세 트리오,1.0
블랙 스트라이크(Black Strike),1.0
후레쉬 보이즈(Fresh Boyz),1.0
후(吼/Hoo),1.0
피아(Pia),1.0
피아노 I,1.0
씨팍(Ssipak),1.0
하상규,1.0
송영주(JuJu Song),1.0
이혁 [노라조],1.0
하예나,1.0
햇빛촌,1.0
수와 진,1.0
홀리 가든(Holly Garden),1.0
샛별,1.0
스패로우,1.0
수정선,1.0
혜이니(Heyne),1.0
다혜,1.0
형용돈죵 (정형돈 & G-Dragon),1.0
D. Pec,1.0
서브웨이(Subway),1.0
Club505(클럽505),1.0
더 버드(The Bird),1.0
스텔라(Stellar),1.0
임상아,1.0
스타아트(Starart),1.0
비육일이(B612),1.0
형돈이와 대준이,1.0
허니 패밀리(Honey In Honey Family),1.0
서지영,1.0
정재원(a.k.a 적재),1.0
선데이 시크릿,1.0
슈퍼스타 K 2,1.0
선우 ,1.0
나몰라패밀리 JW,1.0
BB.BOYS(비비 보이즈),1.0
임현기,1.0
더 골드(The Gold),1.0
성심당 악단,1.0
헬프미(Help Me),1.0
나오미(Naomi),1.0
다이아(Dia),1.0
한채윤 [인디],1.0
스피캣(Speakat),1.0
정형돈,1.0
데미안더밴드(DEMIAN THE BAND),1.0
비즈니즈(Bizniz),1.0
헤윰(Heyum),1.0
Goodbye Sadness 구정현,1.0
4번출구,1.0
제이니루즈(Zany Rouge),1.0
내가그린(Naega Green),1.0
Gazebo(가제보),1.0
GOT7,1.0
빨간머리앤,1.0
신지,1.0
익스(Ex),1.0
사람과 나무,1.0
신소희,1.0
Fool's Garden(풀스 가든),1.0
한강의 기적,1.0
인공위성,1.0
한국인 [우주히피],1.0
더 크래용스(The Crayons),1.0
신도영,1.0
김현주,1.0
다섯손가락,1.0
Eva(에바),1.0
시진,1.0
백현진,1.0
더 카(The Car),1.0
다소니(Dasoni),1.0
사탕고래,1.0
다이스(D.I.C.E),1.0
유채영,1.0
김수근,1.0
푸푸엘라(PoohPuella),1.0
우주빌리브러브(UZU Believe Luv),1.0
우림프로젝트,1.0
클레오(Cleo),1.0
강백수,1.0
강세윤 [액티브],1.0
클라우댄서(Cloudancer),1.0
이나래 [알앤비],1.0
크리스탈 [f(x)],1.0
로빈(Robbin),1.0
우노(Uno) [댄스팝],1.0
망각화,1.0
김동완,1.0
개코,1.0
만쥬한봉지,1.0
김도연 [인디],1.0
우효(Oohyo),1.0
쿤타(Koonta),1.0
진선(JinSun),1.0
메건리(Megan Lee),1.0
모모(Momo) [여성],1.0
오프스텝(Off Step),1.0
로맨티스코(Romantisco),1.0
태무,1.0
오수민,1.0
태군,1.0
이매진(I:magine),1.0
모노 다이어리(Mono Diary),1.0
타이(Tie),1.0
노바소닉(Novasonic),1.0
이동원,1.0
Youn Woo Park Trio(박윤우 트리오),1.0
로맨틱 모먼트(Romantic Moment),1.0
올드피쉬(Oldfish),1.0
메이크라인(Makeline),1.0
와이(Y),1.0
로맨틱 사운드 드라이브(Romantic Sound Drive),1.0
로맨틱 소울(Romantic Soul),1.0
이규호(Kyo),1.0
코튼 팩토리(Cotton Factory),1.0
마지막 토스트(Lastoast),1.0
권영찬,1.0
채환,1.0
유근호,1.0
카모(Kamo),1.0
권성연,1.0
유사라,1.0
윤제(Yunje),1.0
윤성기 [휴먼레이스],1.0
최지훈 트리오,1.0
차여울,1.0
권은지 [Ballad],1.0
유승찬,1.0
리코(Rico),1.0
리브가,1.0
유영석,1.0
최신인기동요,1.0
류석원,1.0
위치스(Witches),1.0
캐비넷 싱얼롱즈(Cabinet Singalongs),1.0
곽윤찬 With Brian McKnight,1.0
로빈이 토끼란 사실을 알고 있었나?,1.0
김남길,1.0
마이콜(Mycoll),1.0
코인,1.0
이경현,1.0
코멘트라이즈(Commentlize),1.0
김나영 [여성솔로],1.0
김규민,1.0
고서이,1.0
찬스(Chance),1.0
길구봉구,1.0
마스터 케이지(Master Kz),1.0
커피브로스(Coffee Bros),1.0
커프러버튼(Couple Of Button),1.0
고호경,1.0
골든팝스(Golden Pops),1.0
오르프제겐 뮤직,1.0
몸과마음,1.0
Lenka(렌카),1.0
죠리(Joe Rhee),1.0
박신혜 [배우],1.0
어느새,1.0
조혜원,1.0
OK PUNK!,1.0
어바날로그(Urbanalog),1.0
김소리,1.0
박남정,1.0
PD블루,1.0
팝시클(Popsicle ),1.0
파리돼지앵(정형돈 & 정재형),1.0
량현량하,1.0
박강성,1.0
바이 바이 배드맨(Bye Bye Badman),1.0
에네스 그레이(Eness Gray),1.0
바버렛츠,1.0
티지어스(Tgus),1.0
팝레코드하우스(Pop Record House),1.0
박정아,1.0
김만희 [CCM],1.0
배장은,1.0
라디오맨,1.0
알케미스트(R★Chemist),1.0
애인(Ayn),1.0
MJ(써니사이드),1.0
Masta Wu,1.0
백재아,1.0
김영훈,1.0
Michael Bolton(마이클 볼튼),1.0
락스톤(Rockstone),1.0
이예린 [인디팝],1.0
이영준,1.0
방용국,1.0
조이프로젝트(ZOY Project),1.0
김송이,1.0
Mondo Grosso(몬도 그로소),1.0
팻두(FatDoo),1.0
바람을 가르고(Untouched Wind),1.0
티엘(T.L) [Acoustic],1.0
레시피밴드(Recipe Band),1.0
김민기,1.0
투아(TOA),1.0
엘리카(Elika),1.0
엠&엔(M&N;),1.0
미남오빠,1.0
이상한 나라의 달리스,1.0
투 로맨스(To Romance),1.0
엠씨 메타와 디제이 렉스(MC META & DJ WRECKX),1.0
문선(Moonsun),1.0
Red Velvet(레드벨벳),1.0
김명주,1.0
이상의날개,1.0
연륜,1.0
무가당(舞歌黨),1.0
지니어스디(Genius D),1.0
터치(Touch),1.0
이상엽,1.0
쥬비(Jubi),1.0
미노(Mino) [프리스타일],1.0
Script(스크립트),1.0
Savina Yannatou(사비나 야나투),1.0
바닐라 루시(Vanilla Lucy),1.0
김보령,1.0
에스진(S.Jin),1.0
민해경,1.0
에이블(A-ble),1.0
김범룡,1.0
민트비(Mint.B),1.0
준(June),1.0
S.M. THE BALLAD,1.0
에이투씨(A2C),1.0
믹스프레소(Mixpresso),1.0
미드나잇 램프,1.0
김박첼라,1.0
트라이엄프(Triump),1.0
이성우 [나잇어클락],1.0
소호대,1.0
