,Original,Logit,O_Correct,L_Correct,noIntersect,Date
0,0.0810810810811,0.0526315789474,15,10,4,2012-01-01
1,0.0810810810811,0.0309278350515,15,6,4,2012-01-02
2,0.0752688172043,0.0416666666667,14,8,5,2012-01-03
3,0.0752688172043,0.0582010582011,14,11,5,2012-01-04
4,0.0695187165775,0.0695187165775,13,13,6,2012-01-05
5,0.0471204188482,0.0526315789474,9,10,4,2012-01-06
6,0.0471204188482,0.0582010582011,9,11,4,2012-01-07
7,0.0695187165775,0.063829787234,13,12,6,2012-01-08
8,0.0416666666667,0.0582010582011,8,11,5,2012-01-09
9,0.0362694300518,0.0526315789474,7,10,4,2012-01-10
10,0.0416666666667,0.063829787234,8,12,5,2012-01-11
11,0.0152284263959,0.025641025641,3,5,2,2012-01-12
12,0.0309278350515,0.0471204188482,6,9,3,2012-01-13
13,0.0362694300518,0.0416666666667,7,8,4,2012-01-14
14,0.0309278350515,0.0582010582011,6,11,4,2012-01-15
15,0.0204081632653,0.0471204188482,4,9,3,2012-01-16
16,0.0152284263959,0.0416666666667,3,8,2,2012-01-17
17,0.0204081632653,0.0362694300518,4,7,3,2012-01-18
18,0.025641025641,0.0362694300518,5,7,3,2012-01-19
19,0.0204081632653,0.0362694300518,4,7,3,2012-01-20
20,0.0204081632653,0.0471204188482,4,9,1,2012-01-21
21,0.025641025641,0.0204081632653,5,4,2,2012-01-22
22,0.0362694300518,0.0362694300518,7,7,5,2012-01-23
23,0.0471204188482,0.0989010989011,9,18,5,2012-01-24
24,0.0204081632653,0.0152284263959,4,3,2,2012-01-25
25,0.025641025641,0.0869565217391,5,16,2,2012-01-26
26,0.0152284263959,0.0869565217391,3,16,2,2012-01-27
27,0.0152284263959,0.0362694300518,3,7,2,2012-01-28
28,0.0204081632653,0.0471204188482,4,9,3,2012-01-29
29,0.0152284263959,0.0309278350515,3,6,2,2012-01-30
30,0.0204081632653,0.0810810810811,4,15,3,2012-01-31
31,0.0204081632653,0.0416666666667,4,8,3,2012-02-01
32,0.0204081632653,0.0416666666667,4,8,3,2012-02-02
33,0.0152284263959,0.0810810810811,3,15,3,2012-02-03
34,0.0152284263959,0.0869565217391,3,16,3,2012-02-04
35,0.010101010101,0.025641025641,2,5,2,2012-02-05
36,0.010101010101,0.0869565217391,2,16,2,2012-02-06
37,0.0362694300518,0.104972375691,7,19,5,2012-02-07
38,0.0989010989011,0.111111111111,18,20,17,2012-02-08
39,0.0869565217391,0.0928961748634,16,17,15,2012-02-09
40,0.111111111111,0.136363636364,20,24,12,2012-02-10
41,0.149425287356,0.162790697674,26,28,23,2012-02-11
42,0.156069364162,0.149425287356,27,26,22,2012-02-12
43,0.123595505618,0.123595505618,22,22,20,2012-02-13
44,0.117318435754,0.111111111111,21,20,17,2012-02-14
45,0.117318435754,0.0989010989011,21,18,16,2012-02-15
46,0.111111111111,0.0928961748634,20,17,15,2012-02-16
47,0.117318435754,0.104972375691,21,19,16,2012-02-17
48,0.123595505618,0.117318435754,22,21,17,2012-02-18
49,0.142857142857,0.136363636364,25,24,20,2012-02-19
50,0.142857142857,0.136363636364,25,24,20,2012-02-20
51,0.136363636364,0.136363636364,24,24,19,2012-02-21
52,0.0869565217391,0.197604790419,16,33,15,2012-02-22
53,0.0695187165775,0.0752688172043,13,14,8,2012-02-23
54,0.0695187165775,0.0869565217391,13,16,10,2012-02-24
55,0.0810810810811,0.0869565217391,15,16,10,2012-02-25
56,0.0752688172043,0.0810810810811,14,15,9,2012-02-26
57,0.0869565217391,0.0869565217391,16,16,10,2012-02-27
58,0.063829787234,0.0695187165775,12,13,8,2012-02-28
59,0.063829787234,0.0752688172043,12,14,8,2012-02-29
60,0.0695187165775,0.063829787234,13,12,8,2012-03-01
61,0.0695187165775,0.0989010989011,13,18,9,2012-03-02
62,0.0582010582011,0.0869565217391,11,16,5,2012-03-03
63,0.0752688172043,0.0989010989011,14,18,9,2012-03-04
64,0.063829787234,0.0989010989011,12,18,8,2012-03-05
65,0.063829787234,0.0869565217391,12,16,7,2012-03-06
66,0.0526315789474,0.104972375691,10,19,6,2012-03-07
67,0.063829787234,0.142857142857,12,25,7,2012-03-08
68,0.063829787234,0.136363636364,12,24,7,2012-03-09
69,0.063829787234,0.149425287356,12,26,7,2012-03-10
70,0.0582010582011,0.129943502825,11,23,7,2012-03-11
71,0.0582010582011,0.136363636364,11,24,7,2012-03-12
72,0.0526315789474,0.136363636364,10,24,6,2012-03-13
73,0.063829787234,0.136363636364,12,24,9,2012-03-14
74,0.063829787234,0.136363636364,12,24,10,2012-03-15
75,0.063829787234,0.0752688172043,12,14,11,2012-03-16
76,0.0471204188482,0.063829787234,9,12,8,2012-03-17
77,0.063829787234,0.136363636364,12,24,10,2012-03-18
78,0.063829787234,0.129943502825,12,23,10,2012-03-19
79,0.0582010582011,0.129943502825,11,23,9,2012-03-20
80,0.0582010582011,0.117318435754,11,21,9,2012-03-21
81,0.0526315789474,0.0989010989011,10,18,8,2012-03-22
82,0.0582010582011,0.063829787234,11,12,8,2012-03-23
83,0.0698924731183,0.130681818182,13,23,9,2012-03-24
84,0.063829787234,0.117318435754,12,21,8,2012-03-25
85,0.0473684210526,0.124293785311,9,22,7,2012-03-26
86,0.0473684210526,0.111731843575,9,20,7,2012-03-27
87,0.0473684210526,0.0364583333333,9,7,4,2012-03-28
88,0.0473684210526,0.0418848167539,9,8,3,2012-03-29
89,0.0364583333333,0.0473684210526,7,9,4,2012-03-30
90,0.0364583333333,0.0756756756757,7,14,5,2012-03-31
91,0.0310880829016,0.0756756756757,6,14,4,2012-04-01
92,0.025641025641,0.0416666666667,5,8,3,2012-04-02
93,0.0309278350515,0.0416666666667,6,8,4,2012-04-03
94,0.0362694300518,0.0416666666667,7,8,3,2012-04-04
95,0.0416666666667,0.0752688172043,8,14,6,2012-04-05
96,0.0204081632653,0.0582010582011,4,11,3,2012-04-06
97,0.0204081632653,0.0526315789474,4,10,3,2012-04-07
98,0.025641025641,0.0416666666667,5,8,2,2012-04-08
99,0.0204081632653,0.0416666666667,4,8,1,2012-04-09
100,0.0416666666667,0.0416666666667,8,8,5,2012-04-10
101,0.0309278350515,0.0309278350515,6,6,3,2012-04-11
102,0.0309278350515,0.0416666666667,6,8,4,2012-04-12
103,0.025641025641,0.0362694300518,5,7,3,2012-04-13
104,0.0309278350515,0.117318435754,6,21,4,2012-04-14
105,0.025641025641,0.117318435754,5,21,4,2012-04-15
106,0.025641025641,0.111111111111,5,20,4,2012-04-16
107,0.0364583333333,0.0473684210526,7,9,4,2012-04-17
108,0.0756756756757,0.0934065934066,14,17,12,2012-04-18
109,0.0869565217391,0.104972375691,16,19,14,2012-04-19
110,0.104972375691,0.117318435754,19,21,17,2012-04-20
111,0.11797752809,0.0934065934066,21,17,14,2012-04-21
112,0.14367816092,0.11797752809,25,21,18,2012-04-22
113,0.150289017341,0.0994475138122,26,18,11,2012-04-23
114,0.130681818182,0.0815217391304,23,15,11,2012-04-24
115,0.137142857143,0.124293785311,24,22,16,2012-04-25
116,0.129943502825,0.0928961748634,23,17,16,2012-04-26
117,0.136363636364,0.123595505618,24,22,21,2012-04-27
118,0.123595505618,0.129943502825,22,23,19,2012-04-28
119,0.149425287356,0.162790697674,26,28,23,2012-04-29
120,0.156069364162,0.176470588235,27,30,25,2012-04-30
121,0.149425287356,0.117318435754,26,21,13,2012-05-01
122,0.111111111111,0.111111111111,20,20,12,2012-05-02
123,0.0869565217391,0.111111111111,16,20,10,2012-05-03
124,0.0869565217391,0.0989010989011,16,18,13,2012-05-04
125,0.0928961748634,0.0989010989011,17,18,13,2012-05-05
126,0.0928961748634,0.0928961748634,17,17,12,2012-05-06
127,0.0989010989011,0.0928961748634,18,17,12,2012-05-07
128,0.0928961748634,0.0928961748634,17,17,11,2012-05-08
129,0.0810810810811,0.0928961748634,15,17,9,2012-05-09
130,0.0695187165775,0.0810810810811,13,15,8,2012-05-10
131,0.0695187165775,0.162790697674,13,28,6,2012-05-11
132,0.063829787234,0.197604790419,12,33,6,2012-05-12
133,0.0752688172043,0.204819277108,14,34,8,2012-05-13
134,0.0752688172043,0.0869565217391,14,16,7,2012-05-14
135,0.0473684210526,0.156976744186,9,27,5,2012-05-15
136,0.0471204188482,0.149425287356,9,26,4,2012-05-16
137,0.0526315789474,0.156069364162,10,27,6,2012-05-17
138,0.0416666666667,0.063829787234,8,12,6,2012-05-18
139,0.0582010582011,0.0695187165775,11,13,9,2012-05-19
140,0.0582010582011,0.0695187165775,11,13,9,2012-05-20
141,0.0582010582011,0.0810810810811,11,15,9,2012-05-21
142,0.0471204188482,0.0695187165775,9,13,7,2012-05-22
143,0.063829787234,0.129943502825,12,23,7,2012-05-23
144,0.0526315789474,0.0869565217391,10,16,5,2012-05-24
145,0.0526315789474,0.063829787234,10,12,7,2012-05-25
146,0.0526315789474,0.063829787234,10,12,6,2012-05-26
147,0.0582010582011,0.360544217687,11,53,10,2012-05-27
148,0.0582010582011,0.379310344828,11,55,10,2012-05-28
149,0.0582010582011,0.063829787234,11,12,6,2012-05-29
150,0.0526315789474,0.0752688172043,10,14,6,2012-05-30
151,0.0582010582011,0.0582010582011,11,11,4,2012-05-31
152,0.0526315789474,0.25786163522,10,41,8,2012-06-01
153,0.0526315789474,0.0471204188482,10,9,7,2012-06-02
154,0.0526315789474,0.26582278481,10,42,8,2012-06-03
155,0.0416666666667,0.25786163522,8,41,7,2012-06-04
156,0.0362694300518,0.0416666666667,7,8,6,2012-06-05
157,0.0416666666667,0.0471204188482,8,9,6,2012-06-06
158,0.0362694300518,0.0416666666667,7,8,6,2012-06-07
159,0.0362694300518,0.0869565217391,7,16,7,2012-06-08
160,0.0364583333333,0.0529100529101,7,10,5,2012-06-09
161,0.0418848167539,0.0641711229947,8,12,6,2012-06-10
162,0.0418848167539,0.0698924731183,8,13,6,2012-06-11
163,0.0418848167539,0.0698924731183,8,13,5,2012-06-12
164,0.0473684210526,0.0756756756757,9,14,6,2012-06-13
165,0.047619047619,0.0879120879121,9,16,7,2012-06-14
166,0.03125,0.0702702702703,6,13,4,2012-06-15
167,0.0364583333333,0.14367816092,7,25,6,2012-06-16
168,0.0421052631579,0.14450867052,8,25,7,2012-06-17
169,0.0260416666667,0.119318181818,5,21,4,2012-06-18
170,0.03125,0.106145251397,6,19,5,2012-06-19
171,0.0366492146597,0.14450867052,7,25,6,2012-06-20
172,0.0421052631579,0.151162790698,8,26,7,2012-06-21
173,0.0473684210526,0.11797752809,9,21,7,2012-06-22
174,0.0364583333333,0.150289017341,7,26,6,2012-06-23
175,0.0418848167539,0.150289017341,8,26,7,2012-06-24
176,0.0364583333333,0.137142857143,7,24,6,2012-06-25
177,0.0364583333333,0.137142857143,7,24,7,2012-06-26
178,0.0529100529101,0.150289017341,10,26,9,2012-06-27
179,0.0641711229947,0.150289017341,12,26,10,2012-06-28
180,0.0815217391304,0.111731843575,15,20,11,2012-06-29
181,0.0989010989011,0.0989010989011,18,18,14,2012-06-30
182,0.111111111111,0.111111111111,20,20,13,2012-07-01
183,0.111111111111,0.111111111111,20,20,13,2012-07-02
184,0.104972375691,0.129943502825,19,23,15,2012-07-03
185,0.104972375691,0.0928961748634,19,17,12,2012-07-04
186,0.104972375691,0.142857142857,19,25,15,2012-07-05
187,0.104972375691,0.156069364162,19,27,16,2012-07-06
188,0.111111111111,0.0752688172043,20,14,13,2012-07-07
189,0.129943502825,0.0928961748634,23,17,13,2012-07-08
190,0.136363636364,0.0810810810811,24,15,12,2012-07-09
191,0.123595505618,0.156069364162,22,27,19,2012-07-10
192,0.0989010989011,0.129943502825,18,23,16,2012-07-11
193,0.0869565217391,0.123595505618,16,22,14,2012-07-12
194,0.063829787234,0.0752688172043,12,14,7,2012-07-13
195,0.0752688172043,0.117318435754,14,21,11,2012-07-14
196,0.0928961748634,0.123595505618,17,22,13,2012-07-15
197,0.0989010989011,0.136363636364,18,24,14,2012-07-16
198,0.0989010989011,0.136363636364,18,24,14,2012-07-17
199,0.0869565217391,0.111111111111,16,20,12,2012-07-18
200,0.0869565217391,0.0989010989011,16,18,12,2012-07-19
201,0.0810810810811,0.0526315789474,15,10,8,2012-07-20
202,0.063829787234,0.0526315789474,12,10,7,2012-07-21
203,0.0869565217391,0.0928961748634,16,17,12,2012-07-22
204,0.0810810810811,0.0810810810811,15,15,10,2012-07-23
205,0.063829787234,0.0695187165775,12,13,8,2012-07-24
206,0.0471204188482,0.0695187165775,9,13,6,2012-07-25
207,0.0471204188482,0.136363636364,9,24,8,2012-07-26
208,0.0362694300518,0.0695187165775,7,13,6,2012-07-27
209,0.0362694300518,0.0810810810811,7,15,6,2012-07-28
210,0.0416666666667,0.0810810810811,8,15,6,2012-07-29
211,0.0416666666667,0.0471204188482,8,9,4,2012-07-30
212,0.0471204188482,0.0989010989011,9,18,7,2012-07-31
213,0.0526315789474,0.104972375691,10,19,8,2012-08-01
214,0.0471204188482,0.0989010989011,9,18,8,2012-08-02
215,0.0471204188482,0.0989010989011,9,18,8,2012-08-03
216,0.0526315789474,0.111111111111,10,20,9,2012-08-04
217,0.0471204188482,0.0869565217391,9,16,7,2012-08-05
218,0.0526315789474,0.0869565217391,10,16,8,2012-08-06
219,0.0582010582011,0.0362694300518,11,7,6,2012-08-07
220,0.0582010582011,0.0869565217391,11,16,9,2012-08-08
221,0.0582010582011,0.0810810810811,11,15,9,2012-08-09
222,0.0526315789474,0.0362694300518,10,7,6,2012-08-10
223,0.063829787234,0.0695187165775,12,13,9,2012-08-11
224,0.0526315789474,0.0526315789474,10,10,7,2012-08-12
225,0.0416666666667,0.0471204188482,8,9,5,2012-08-13
226,0.0471204188482,0.0526315789474,9,10,6,2012-08-14
227,0.063829787234,0.063829787234,12,12,7,2012-08-15
228,0.0582010582011,0.0582010582011,11,11,8,2012-08-16
229,0.0526315789474,0.0582010582011,10,11,7,2012-08-17
230,0.0473684210526,0.0756756756757,9,14,6,2012-08-18
231,0.0418848167539,0.0815217391304,8,15,6,2012-08-19
232,0.0364583333333,0.0756756756757,7,14,6,2012-08-20
233,0.0418848167539,0.0934065934066,8,17,7,2012-08-21
234,0.0471204188482,0.0928961748634,9,17,8,2012-08-22
235,0.0471204188482,0.0582010582011,9,11,8,2012-08-23
236,0.0416666666667,0.0752688172043,8,14,7,2012-08-24
237,0.0471204188482,0.0582010582011,9,11,4,2012-08-25
238,0.0416666666667,0.0526315789474,8,10,7,2012-08-26
239,0.0364583333333,0.0473684210526,7,9,6,2012-08-27
240,0.0582010582011,0.0695187165775,11,13,8,2012-08-28
241,0.063829787234,0.0752688172043,12,14,9,2012-08-29
242,0.0526315789474,0.063829787234,10,12,7,2012-08-30
243,0.0526315789474,0.0471204188482,10,9,6,2012-08-31
244,0.0416666666667,0.0471204188482,8,9,5,2012-09-01
245,0.0582010582011,0.0416666666667,11,8,5,2012-09-02
246,0.0416666666667,0.0582010582011,8,11,5,2012-09-03
247,0.0416666666667,0.0362694300518,8,7,4,2012-09-04
248,0.0529100529101,0.0698924731183,10,13,6,2012-09-05
249,0.0810810810811,0.104972375691,15,19,11,2012-09-06
250,0.0989010989011,0.123595505618,18,22,13,2012-09-07
251,0.104972375691,0.190476190476,19,32,17,2012-09-08
252,0.129943502825,0.149425287356,23,26,16,2012-09-09
253,0.0989010989011,0.149425287356,18,26,14,2012-09-10
254,0.111111111111,0.162790697674,20,28,14,2012-09-11
255,0.111111111111,0.162790697674,20,28,14,2012-09-12
256,0.123595505618,0.298701298701,22,46,19,2012-09-13
257,0.117318435754,0.307189542484,21,47,18,2012-09-14
258,0.0989010989011,0.156069364162,18,27,13,2012-09-15
259,0.111111111111,0.298701298701,20,46,19,2012-09-16
260,0.0989010989011,0.25,18,40,17,2012-09-17
261,0.0928961748634,0.149425287356,17,26,12,2012-09-18
262,0.0810810810811,0.129943502825,15,23,11,2012-09-19
263,0.0752688172043,0.169590643275,14,29,12,2012-09-20
264,0.063829787234,0.0810810810811,12,15,7,2012-09-21
265,0.0471204188482,0.156069364162,9,27,8,2012-09-22
266,0.0582010582011,0.0928961748634,11,17,7,2012-09-23
267,0.0473684210526,0.130681818182,9,23,7,2012-09-24
268,0.0473684210526,0.130681818182,9,23,7,2012-09-25
269,0.0309278350515,0.0989010989011,6,18,5,2012-09-26
270,0.0362694300518,0.117318435754,7,21,6,2012-09-27
271,0.0416666666667,0.0471204188482,8,9,2,2012-09-28
272,0.0473684210526,0.0364583333333,9,7,3,2012-09-29
273,0.0641711229947,0.137142857143,12,24,8,2012-09-30
274,0.0698924731183,0.0756756756757,13,14,10,2012-10-01
275,0.0529100529101,0.11797752809,10,21,7,2012-10-02
276,0.0641711229947,0.137142857143,12,24,8,2012-10-03
277,0.0695187165775,0.0695187165775,13,13,6,2012-10-04
278,0.0582010582011,0.117318435754,11,21,7,2012-10-05
279,0.0695187165775,0.123595505618,13,22,11,2012-10-06
280,0.0810810810811,0.162790697674,15,28,12,2012-10-07
281,0.0869565217391,0.162790697674,16,28,12,2012-10-08
282,0.0869565217391,0.117318435754,16,21,12,2012-10-09
283,0.0810810810811,0.0695187165775,15,13,4,2012-10-10
284,0.0752688172043,0.149425287356,14,26,11,2012-10-11
285,0.0810810810811,0.162790697674,15,28,12,2012-10-12
286,0.0989010989011,0.183431952663,18,31,14,2012-10-13
287,0.0869565217391,0.176470588235,16,30,13,2012-10-14
288,0.0810810810811,0.162790697674,15,28,11,2012-10-15
289,0.0752688172043,0.129943502825,14,23,10,2012-10-16
290,0.0756756756757,0.0257731958763,14,5,2,2012-10-17
291,0.0815217391304,0.124293785311,15,22,10,2012-10-18
292,0.0815217391304,0.11797752809,15,21,9,2012-10-19
293,0.0928961748634,0.129943502825,17,23,11,2012-10-20
294,0.0928961748634,0.0362694300518,17,7,7,2012-10-21
295,0.0810810810811,0.0471204188482,15,9,6,2012-10-22
296,0.0810810810811,0.0989010989011,15,18,9,2012-10-23
297,0.0810810810811,0.0928961748634,15,17,9,2012-10-24
298,0.0752688172043,0.0810810810811,14,15,8,2012-10-25
299,0.063829787234,0.0362694300518,12,7,4,2012-10-26
300,0.0526315789474,0.063829787234,10,12,7,2012-10-27
301,0.063829787234,0.0810810810811,12,15,8,2012-10-28
302,0.0416666666667,0.0695187165775,8,13,6,2012-10-29
303,0.0471204188482,0.0362694300518,9,7,5,2012-10-30
304,0.0529100529101,0.177514792899,10,30,8,2012-10-31
305,0.0471204188482,0.0471204188482,9,9,7,2012-11-01
306,0.0416666666667,0.0471204188482,8,9,7,2012-11-02
307,0.0362694300518,0.0416666666667,7,8,5,2012-11-03
308,0.0362694300518,0.0526315789474,7,10,7,2012-11-04
309,0.025641025641,0.169590643275,5,29,5,2012-11-05
310,0.0362694300518,0.162790697674,7,28,7,2012-11-06
311,0.0416666666667,0.0309278350515,8,6,5,2012-11-07
312,0.0362694300518,0.0752688172043,7,14,5,2012-11-08
313,0.0362694300518,0.0810810810811,7,15,6,2012-11-09
314,0.0416666666667,0.0362694300518,8,7,6,2012-11-10
315,0.0582010582011,0.0695187165775,11,13,8,2012-11-11
316,0.0416666666667,0.063829787234,8,12,7,2012-11-12
317,0.0526315789474,0.0695187165775,10,13,8,2012-11-13
318,0.0416666666667,0.0928961748634,8,17,7,2012-11-14
319,0.0310880829016,0.0585106382979,6,11,6,2012-11-16
320,0.0645161290323,0.0939226519337,12,17,9,2012-11-17
321,0.0819672131148,0.229813664596,15,37,13,2012-11-18
322,0.0760869565217,0.112359550562,14,20,10,2012-11-19
323,0.0645161290323,0.253164556962,12,40,12,2012-11-20
324,0.0698924731183,0.23602484472,13,38,12,2012-11-21
325,0.0756756756757,0.0698924731183,14,13,9,2012-11-22
326,0.0874316939891,0.259493670886,16,41,15,2012-11-23
327,0.0934065934066,0.259493670886,17,41,14,2012-11-24
328,0.0994475138122,0.11797752809,18,21,12,2012-11-25
329,0.0934065934066,0.111731843575,17,20,9,2012-11-26
330,0.0994475138122,0.220858895706,18,36,13,2012-11-27
331,0.0934065934066,0.124293785311,17,22,10,2012-11-28
332,0.0869565217391,0.136363636364,16,24,9,2012-11-29
333,0.0810810810811,0.0810810810811,15,15,8,2012-11-30
334,0.0928961748634,0.0928961748634,17,17,13,2012-12-01
335,0.117318435754,0.117318435754,21,21,16,2012-12-02
336,0.111111111111,0.0869565217391,20,16,10,2012-12-03
337,0.0752688172043,0.0989010989011,14,18,11,2012-12-04
338,0.0582010582011,0.0869565217391,11,16,7,2012-12-05
339,0.0526315789474,0.0869565217391,10,16,7,2012-12-06
340,0.0362694300518,0.0869565217391,7,16,4,2012-12-07
341,0.0310880829016,0.0698924731183,6,13,6,2012-12-08
342,0.0364583333333,0.0698924731183,7,13,6,2012-12-09
343,0.0364583333333,0.0698924731183,7,13,6,2012-12-10
344,0.0259067357513,0.0588235294118,5,11,4,2012-12-11
345,0.0257731958763,0.0585106382979,5,11,4,2012-12-12
346,0.0309278350515,0.063829787234,6,12,5,2012-12-13
347,0.0362694300518,0.0989010989011,7,18,7,2012-12-14
348,0.0526315789474,0.0695187165775,10,13,3,2012-12-15
349,0.063829787234,0.104972375691,12,19,10,2012-12-16
350,0.0416666666667,0.0471204188482,8,9,5,2012-12-17
351,0.0526315789474,0.0471204188482,10,9,6,2012-12-18
352,0.0471204188482,0.0416666666667,9,8,5,2012-12-19
353,0.0204081632653,0.025641025641,4,5,1,2012-12-20
354,0.0362694300518,0.0928961748634,7,17,5,2012-12-21
355,0.0362694300518,0.0362694300518,7,7,5,2012-12-22
356,0.0526315789474,0.0471204188482,10,9,7,2012-12-23
357,0.0471204188482,0.104972375691,9,19,6,2012-12-24
358,0.0471204188482,0.104972375691,9,19,5,2012-12-25
359,0.0471204188482,0.0362694300518,9,7,5,2012-12-26
360,0.0471204188482,0.0416666666667,9,8,6,2012-12-27
361,0.0526315789474,0.142857142857,10,25,8,2012-12-28
362,0.0471204188482,0.149425287356,9,26,8,2012-12-29
363,0.063829787234,0.162790697674,12,28,11,2012-12-30
364,0.063829787234,0.0869565217391,12,16,11,2012-12-31
365,0.0702702702703,0.131428571429,13,23,11,2013-01-01
366,0.0641711229947,0.0874316939891,12,16,11,2013-01-02
367,0.0582010582011,0.0810810810811,11,15,10,2013-01-03
368,0.0582010582011,0.0810810810811,11,15,10,2013-01-04
369,0.0526315789474,0.0752688172043,10,14,6,2013-01-05
370,0.063829787234,0.0695187165775,12,13,5,2013-01-06
371,0.0695187165775,0.0810810810811,13,15,11,2013-01-07
372,0.0695187165775,0.104972375691,13,19,11,2013-01-08
373,0.0526315789474,0.117318435754,10,21,10,2013-01-09
374,0.0526315789474,0.111111111111,10,20,9,2013-01-10
375,0.0471204188482,0.0810810810811,9,15,7,2013-01-11
376,0.0471204188482,0.0471204188482,9,9,3,2013-01-12
377,0.0582010582011,0.0752688172043,11,14,7,2013-01-13
378,0.0526315789474,0.0582010582011,10,11,6,2013-01-14
379,0.0752688172043,0.0752688172043,14,14,9,2013-01-15
380,0.0810810810811,0.0416666666667,15,8,4,2013-01-16
381,0.0928961748634,0.0752688172043,17,14,9,2013-01-17
382,0.0869565217391,0.0752688172043,16,14,9,2013-01-18
383,0.0989010989011,0.0869565217391,18,16,11,2013-01-19
384,0.111111111111,0.0928961748634,20,17,12,2013-01-20
385,0.0810810810811,0.176470588235,15,30,14,2013-01-21
386,0.0810810810811,0.183431952663,15,31,14,2013-01-22
387,0.0989010989011,0.169590643275,18,29,15,2013-01-23
388,0.0810810810811,0.0582010582011,15,11,4,2013-01-24
389,0.0810810810811,0.0526315789474,15,10,8,2013-01-25
390,0.0869565217391,0.0582010582011,16,11,9,2013-01-26
391,0.0928961748634,0.063829787234,17,12,10,2013-01-27
392,0.0810810810811,0.0582010582011,15,11,8,2013-01-28
393,0.063829787234,0.0810810810811,12,15,5,2013-01-29
394,0.063829787234,0.0471204188482,12,9,7,2013-01-30
395,0.0582010582011,0.0471204188482,11,9,7,2013-01-31
396,0.0695187165775,0.0526315789474,13,10,8,2013-02-01
397,0.0869565217391,0.0695187165775,16,13,11,2013-02-02
398,0.104972375691,0.117318435754,19,21,11,2013-02-03
399,0.0752688172043,0.0928961748634,14,17,8,2013-02-04
400,0.063829787234,0.0928961748634,12,17,7,2013-02-05
401,0.0695187165775,0.0989010989011,13,18,7,2013-02-06
402,0.063829787234,0.0582010582011,12,11,9,2013-02-07
403,0.0695187165775,0.0695187165775,13,13,10,2013-02-08
404,0.0989010989011,0.111111111111,18,20,15,2013-02-09
405,0.123595505618,0.0928961748634,22,17,11,2013-02-10
406,0.142857142857,0.129943502825,25,23,18,2013-02-11
407,0.117318435754,0.111111111111,21,20,16,2013-02-12
408,0.111111111111,0.0582010582011,20,11,9,2013-02-13
409,0.0869565217391,0.104972375691,16,19,15,2013-02-14
410,0.0928961748634,0.0989010989011,17,18,14,2013-02-15
411,0.0869565217391,0.104972375691,16,19,12,2013-02-16
412,0.0928961748634,0.104972375691,17,19,12,2013-02-17
413,0.0810810810811,0.0989010989011,15,18,13,2013-02-18
414,0.0695187165775,0.0869565217391,13,16,11,2013-02-19
415,0.0526315789474,0.0810810810811,10,15,9,2013-02-20
416,0.0582010582011,0.0928961748634,11,17,10,2013-02-21
417,0.0582010582011,0.0416666666667,11,8,4,2013-02-22
418,0.0695187165775,0.111111111111,13,20,12,2013-02-23
419,0.0810810810811,0.0989010989011,15,18,13,2013-02-24
420,0.0582010582011,0.0752688172043,11,14,9,2013-02-25
421,0.0695187165775,0.136363636364,13,24,12,2013-02-26
422,0.063829787234,0.123595505618,12,22,11,2013-02-27
423,0.0471204188482,0.0810810810811,9,15,8,2013-02-28
424,0.0810810810811,0.063829787234,15,12,10,2013-03-01
425,0.0752688172043,0.0989010989011,14,18,6,2013-03-02
426,0.0810810810811,0.0989010989011,15,18,6,2013-03-03
427,0.0752688172043,0.123595505618,14,22,6,2013-03-04
428,0.0641711229947,0.111731843575,12,20,6,2013-03-05
429,0.0585106382979,0.0473684210526,11,9,9,2013-03-06
430,0.0531914893617,0.157894736842,10,27,9,2013-03-07
431,0.063829787234,0.183431952663,12,31,11,2013-03-08
432,0.0582010582011,0.169590643275,11,29,10,2013-03-09
433,0.0752688172043,0.129943502825,14,23,9,2013-03-10
434,0.063829787234,0.117318435754,12,21,6,2013-03-11
435,0.0869565217391,0.111111111111,16,20,13,2013-03-12
436,0.0928961748634,0.123595505618,17,22,14,2013-03-13
437,0.0989010989011,0.162790697674,18,28,12,2013-03-14
438,0.0869565217391,0.142857142857,16,25,9,2013-03-15
439,0.0934065934066,0.130681818182,17,23,8,2013-03-17
440,0.0874316939891,0.0994475138122,16,18,12,2013-03-18
441,0.0698924731183,0.105555555556,13,19,11,2013-03-19
442,0.0585106382979,0.344594594595,11,51,10,2013-03-20
443,0.0641711229947,0.156976744186,12,27,9,2013-03-21
444,0.0641711229947,0.300653594771,12,46,10,2013-03-22
445,0.0641711229947,0.150289017341,12,26,9,2013-03-23
446,0.0874316939891,0.150289017341,16,26,10,2013-03-24
447,0.0698924731183,0.130681818182,13,23,8,2013-03-25
448,0.0815217391304,0.137142857143,15,24,10,2013-03-26
449,0.0698924731183,0.0529100529101,13,10,8,2013-03-27
450,0.0641711229947,0.0934065934066,12,17,10,2013-03-28
451,0.0582010582011,0.104972375691,11,19,7,2013-03-29
452,0.0752688172043,0.156069364162,14,27,13,2013-03-30
453,0.0928961748634,0.0869565217391,17,16,11,2013-03-31
454,0.0810810810811,0.162790697674,15,28,14,2013-04-01
455,0.0810810810811,0.176470588235,15,30,14,2013-04-02
456,0.063829787234,0.063829787234,12,12,8,2013-04-03
457,0.0695187165775,0.063829787234,13,12,9,2013-04-04
458,0.063829787234,0.0582010582011,12,11,9,2013-04-05
459,0.0928961748634,0.226993865031,17,37,16,2013-04-06
460,0.104972375691,0.226993865031,19,37,18,2013-04-07
461,0.0752688172043,0.204819277108,14,34,14,2013-04-08
462,0.063829787234,0.183431952663,12,31,12,2013-04-09
463,0.0695187165775,0.063829787234,13,12,3,2013-04-10
464,0.063829787234,0.162790697674,12,28,12,2013-04-11
465,0.0695187165775,0.0989010989011,13,18,9,2013-04-12
466,0.0810810810811,0.117318435754,15,21,13,2013-04-13
467,0.0928961748634,0.142857142857,17,25,16,2013-04-14
468,0.0928961748634,0.129943502825,17,23,15,2013-04-15
469,0.0810810810811,0.136363636364,15,24,13,2013-04-16
470,0.063829787234,0.117318435754,12,21,11,2013-04-17
471,0.0471204188482,0.104972375691,9,19,9,2013-04-18
472,0.0471204188482,0.111111111111,9,20,9,2013-04-19
473,0.0416666666667,0.0695187165775,8,13,8,2013-04-20
474,0.063829787234,0.129943502825,12,23,12,2013-04-21
475,0.0695187165775,0.123595505618,13,22,12,2013-04-22
476,0.063829787234,0.0810810810811,12,15,9,2013-04-23
477,0.063829787234,0.0989010989011,12,18,9,2013-04-24
478,0.063829787234,0.0526315789474,12,10,6,2013-04-25
479,0.0695187165775,0.117318435754,13,21,11,2013-04-26
480,0.0582010582011,0.123595505618,11,22,9,2013-04-27
481,0.063829787234,0.136363636364,12,24,10,2013-04-28
482,0.0471204188482,0.104972375691,9,19,6,2013-04-29
483,0.0471204188482,0.104972375691,9,19,8,2013-04-30
484,0.0471204188482,0.0989010989011,9,18,8,2013-05-01
485,0.0526315789474,0.025641025641,10,5,4,2013-05-02
486,0.0526315789474,0.0869565217391,10,16,8,2013-05-03
487,0.0752688172043,0.111111111111,14,20,12,2013-05-04
488,0.0928961748634,0.117318435754,17,21,13,2013-05-05
489,0.0928961748634,0.136363636364,17,24,16,2013-05-06
490,0.0695187165775,0.111111111111,13,20,12,2013-05-07
491,0.0582010582011,0.0989010989011,11,18,11,2013-05-08
492,0.0582010582011,0.129943502825,11,23,11,2013-05-09
493,0.0582010582011,0.117318435754,11,21,11,2013-05-10
494,0.063829787234,0.0869565217391,12,16,8,2013-05-11
495,0.0752688172043,0.104972375691,14,19,9,2013-05-12
496,0.0752688172043,0.0869565217391,14,16,10,2013-05-13
497,0.0752688172043,0.0810810810811,14,15,12,2013-05-14
498,0.0471204188482,0.0810810810811,9,15,8,2013-05-15
499,0.0582010582011,0.063829787234,11,12,10,2013-05-16
500,0.0989010989011,0.0869565217391,18,16,14,2013-05-17
501,0.111111111111,0.204819277108,20,34,19,2013-05-18
502,0.117318435754,0.212121212121,21,35,19,2013-05-19
503,0.0810810810811,0.063829787234,15,12,8,2013-05-20
504,0.0810810810811,0.142857142857,15,25,12,2013-05-21
505,0.0752688172043,0.0526315789474,14,10,9,2013-05-22
506,0.063829787234,0.136363636364,12,24,10,2013-05-23
507,0.063829787234,0.129943502825,12,23,10,2013-05-24
508,0.0416666666667,0.0362694300518,8,7,3,2013-05-25
509,0.0695187165775,0.0582010582011,13,11,5,2013-05-26
510,0.0695187165775,0.169590643275,13,29,12,2013-05-27
511,0.0810810810811,0.169590643275,15,29,13,2013-05-28
512,0.104972375691,0.190476190476,19,32,17,2013-05-29
513,0.0752688172043,0.0471204188482,14,9,4,2013-05-30
514,0.0869565217391,0.0416666666667,16,8,7,2013-05-31
515,0.0756756756757,0.124293785311,14,22,11,2013-06-01
516,0.0815217391304,0.170588235294,15,29,12,2013-06-02
517,0.0645161290323,0.151162790698,12,26,10,2013-06-03
518,0.0702702702703,0.192771084337,13,32,12,2013-06-04
519,0.0819672131148,0.21472392638,15,35,14,2013-06-05
520,0.0879120879121,0.2375,16,38,15,2013-06-06
521,0.0934065934066,0.213414634146,17,35,15,2013-06-07
522,0.0874316939891,0.213414634146,16,35,16,2013-06-08
523,0.0989010989011,0.212121212121,18,35,15,2013-06-09
524,0.0869565217391,0.190476190476,16,32,14,2013-06-10
525,0.0810810810811,0.0989010989011,15,18,9,2013-06-11
526,0.0752688172043,0.0989010989011,14,18,9,2013-06-12
527,0.0752688172043,0.156069364162,14,27,13,2013-06-13
528,0.0810810810811,0.169590643275,15,29,13,2013-06-14
529,0.0695187165775,0.0695187165775,13,13,7,2013-06-15
530,0.0810810810811,0.142857142857,15,25,14,2013-06-16
531,0.0752688172043,0.0869565217391,14,16,12,2013-06-17
532,0.0869565217391,0.0928961748634,16,17,13,2013-06-18
533,0.0752688172043,0.0928961748634,14,17,9,2013-06-19
534,0.0752688172043,0.0869565217391,14,16,11,2013-06-20
535,0.0752688172043,0.0928961748634,14,17,12,2013-06-21
536,0.0752688172043,0.117318435754,14,21,13,2013-06-22
537,0.0810810810811,0.0989010989011,15,18,12,2013-06-23
538,0.0928961748634,0.117318435754,17,21,14,2013-06-24
539,0.0810810810811,0.104972375691,15,19,13,2013-06-25
540,0.0810810810811,0.0869565217391,15,16,12,2013-06-26
541,0.0698924731183,0.0756756756757,13,14,10,2013-06-27
542,0.0641711229947,0.0756756756757,12,14,9,2013-06-28
543,0.0582010582011,0.0752688172043,11,14,8,2013-06-29
544,0.0810810810811,0.0810810810811,15,15,8,2013-06-30
545,0.063829787234,0.0810810810811,12,15,6,2013-07-01
546,0.0471204188482,0.0416666666667,9,8,4,2013-07-02
547,0.0526315789474,0.0695187165775,10,13,6,2013-07-03
548,0.0582010582011,0.0752688172043,11,14,8,2013-07-04
549,0.0695187165775,0.104972375691,13,19,10,2013-07-05
550,0.0695187165775,0.063829787234,13,12,4,2013-07-06
551,0.0752688172043,0.104972375691,14,19,11,2013-07-07
552,0.0526315789474,0.0695187165775,10,13,8,2013-07-08
553,0.0582010582011,0.0869565217391,11,16,10,2013-07-09
554,0.063829787234,0.0928961748634,12,17,11,2013-07-10
555,0.063829787234,0.111111111111,12,20,11,2013-07-11
556,0.063829787234,0.0989010989011,12,18,11,2013-07-12
557,0.0526315789474,0.149425287356,10,26,9,2013-07-13
558,0.0810810810811,0.190476190476,15,32,12,2013-07-14
559,0.0810810810811,0.111111111111,15,20,12,2013-07-15
560,0.0989010989011,0.212121212121,18,35,14,2013-07-16
561,0.0928961748634,0.111111111111,17,20,13,2013-07-17
562,0.0810810810811,0.204819277108,15,34,12,2013-07-18
563,0.0752688172043,0.0471204188482,14,9,4,2013-07-19
564,0.0752688172043,0.0928961748634,14,17,12,2013-07-20
565,0.0874316939891,0.0994475138122,16,18,14,2013-07-21
566,0.0815217391304,0.170588235294,15,29,12,2013-07-22
567,0.0695187165775,0.149425287356,13,26,10,2013-07-23
568,0.063829787234,0.142857142857,12,25,9,2013-07-24
569,0.063829787234,0.0309278350515,12,6,4,2013-07-25
570,0.0752688172043,0.0810810810811,14,15,8,2013-07-26
571,0.0810810810811,0.0695187165775,15,13,12,2013-07-27
572,0.104972375691,0.0928961748634,19,17,15,2013-07-28
573,0.104972375691,0.0928961748634,19,17,15,2013-07-29
574,0.0869565217391,0.0928961748634,16,17,14,2013-07-30
575,0.0810810810811,0.0869565217391,15,16,13,2013-07-31
576,0.0752688172043,0.0309278350515,14,6,5,2013-08-01
577,0.063829787234,0.0810810810811,12,15,10,2013-08-02
578,0.0471204188482,0.0582010582011,9,11,3,2013-08-03
579,0.0695187165775,0.063829787234,13,12,5,2013-08-04
580,0.0695187165775,0.0928961748634,13,17,12,2013-08-05
581,0.0869565217391,0.0989010989011,16,18,8,2013-08-06
582,0.0928961748634,0.0810810810811,17,15,9,2013-08-07
583,0.0869565217391,0.0928961748634,16,17,10,2013-08-08
584,0.0810810810811,0.0928961748634,15,17,10,2013-08-09
585,0.0760869565217,0.164705882353,14,28,11,2013-08-10
586,0.0645161290323,0.207317073171,12,34,8,2013-08-11
587,0.0588235294118,0.137931034483,11,24,9,2013-08-12
588,0.0645161290323,0.157894736842,12,27,11,2013-08-13
589,0.0819672131148,0.185628742515,15,31,14,2013-08-14
590,0.0879120879121,0.171597633136,16,29,10,2013-08-15
591,0.0994475138122,0.198795180723,18,33,16,2013-08-16
592,0.111731843575,0.111731843575,20,20,10,2013-08-18
593,0.0869565217391,0.183431952663,16,31,14,2013-08-19
594,0.0695187165775,0.156069364162,13,27,12,2013-08-20
595,0.063829787234,0.142857142857,12,25,11,2013-08-21
596,0.0582010582011,0.117318435754,11,21,10,2013-08-22
597,0.0695187165775,0.0752688172043,13,14,9,2013-08-23
598,0.0810810810811,0.142857142857,15,25,13,2013-08-24
599,0.129943502825,0.183431952663,23,31,20,2013-08-25
600,0.111111111111,0.162790697674,20,28,19,2013-08-26
601,0.0989010989011,0.136363636364,18,24,16,2013-08-27
602,0.0752688172043,0.0928961748634,14,17,12,2013-08-28
603,0.0810810810811,0.0582010582011,15,11,10,2013-08-29
604,0.0752688172043,0.0928961748634,14,17,11,2013-08-30
605,0.0810810810811,0.0928961748634,15,17,12,2013-08-31
606,0.0869565217391,0.0989010989011,16,18,11,2013-09-01
607,0.0695187165775,0.0695187165775,13,13,9,2013-09-02
608,0.0582010582011,0.0309278350515,11,6,6,2013-09-03
609,0.063829787234,0.0362694300518,12,7,6,2013-09-04
610,0.063829787234,0.0810810810811,12,15,9,2013-09-05
611,0.0582010582011,0.0752688172043,11,14,8,2013-09-06
612,0.0641711229947,0.105555555556,12,19,9,2013-09-07
613,0.0529100529101,0.0934065934066,10,17,7,2013-09-08
614,0.0418848167539,0.0934065934066,8,17,7,2013-09-09
615,0.0473684210526,0.0641711229947,9,12,7,2013-09-10
616,0.0473684210526,0.177514792899,9,30,7,2013-09-11
617,0.0471204188482,0.063829787234,9,12,7,2013-09-12
618,0.0471204188482,0.204819277108,9,34,6,2013-09-13
619,0.0471204188482,0.212121212121,9,35,5,2013-09-14
620,0.063829787234,0.142857142857,12,25,11,2013-09-15
621,0.0582010582011,0.025641025641,11,5,1,2013-09-16
622,0.0695187165775,0.149425287356,13,26,12,2013-09-17
623,0.0934065934066,0.156976744186,17,27,14,2013-09-18
624,0.117318435754,0.162790697674,21,28,15,2013-09-19
625,0.130681818182,0.198795180723,23,33,18,2013-09-20
626,0.124293785311,0.184523809524,22,31,18,2013-09-21
627,0.150289017341,0.198795180723,26,33,19,2013-09-22
628,0.137142857143,0.177514792899,24,30,18,2013-09-23
629,0.0989010989011,0.169590643275,18,29,14,2013-09-24
630,0.0869565217391,0.123595505618,16,22,12,2013-09-25
631,0.0869565217391,0.0695187165775,16,13,6,2013-09-26
632,0.0752688172043,0.0582010582011,14,11,5,2013-09-27
633,0.0695187165775,0.197604790419,13,33,10,2013-09-28
634,0.0810810810811,0.204819277108,15,34,11,2013-09-29
635,0.0869565217391,0.190476190476,16,32,11,2013-09-30
636,0.0752688172043,0.0989010989011,14,18,9,2013-10-01
637,0.0582010582011,0.0989010989011,11,18,8,2013-10-02
638,0.0582010582011,0.0869565217391,11,16,9,2013-10-03
639,0.063829787234,0.0928961748634,12,17,9,2013-10-04
640,0.0752688172043,0.104972375691,14,19,10,2013-10-05
641,0.0810810810811,0.117318435754,15,21,12,2013-10-06
642,0.0810810810811,0.111111111111,15,20,10,2013-10-07
643,0.0815217391304,0.0874316939891,15,16,7,2013-10-08
644,0.0815217391304,0.111731843575,15,20,10,2013-10-09
645,0.0815217391304,0.105555555556,15,19,11,2013-10-10
646,0.0695187165775,0.0582010582011,13,11,6,2013-10-11
647,0.0810810810811,0.149425287356,15,26,13,2013-10-12
648,0.0698924731183,0.0585106382979,13,11,6,2013-10-13
649,0.0641711229947,0.156976744186,12,27,10,2013-10-14
650,0.0756756756757,0.0529100529101,14,10,6,2013-10-15
651,0.063829787234,0.156069364162,12,27,9,2013-10-16
652,0.0810810810811,0.162790697674,15,28,11,2013-10-17
653,0.0869565217391,0.156069364162,16,27,11,2013-10-18
654,0.0582010582011,0.149425287356,11,26,8,2013-10-19
655,0.063829787234,0.149425287356,12,26,9,2013-10-20
656,0.0526315789474,0.123595505618,10,22,7,2013-10-21
657,0.0526315789474,0.123595505618,10,22,9,2013-10-22
658,0.063829787234,0.142857142857,12,25,11,2013-10-23
659,0.0529100529101,0.137142857143,10,24,9,2013-10-24
660,0.0585106382979,0.137142857143,11,24,10,2013-10-25
661,0.0529100529101,0.105555555556,10,19,7,2013-10-26
662,0.0698924731183,0.105555555556,13,19,10,2013-10-27
663,0.0585106382979,0.0994475138122,11,18,10,2013-10-28
664,0.0585106382979,0.0585106382979,11,11,4,2013-10-29
665,0.0641711229947,0.0934065934066,12,17,11,2013-10-30
666,0.0531914893617,0.137931034483,10,24,8,2013-10-31
667,0.0585106382979,0.0698924731183,11,13,9,2013-11-01
668,0.0585106382979,0.0994475138122,11,18,8,2013-11-02
669,0.0641711229947,0.177514792899,12,30,10,2013-11-03
670,0.0641711229947,0.177514792899,12,30,11,2013-11-04
671,0.0585106382979,0.170588235294,11,29,11,2013-11-05
672,0.0418848167539,0.0994475138122,8,18,7,2013-11-06
673,0.0582010582011,0.136363636364,11,24,10,2013-11-07
674,0.063829787234,0.0471204188482,12,9,7,2013-11-08
675,0.0702702702703,0.151162790698,13,26,13,2013-11-09
676,0.0698924731183,0.14367816092,13,25,12,2013-11-10
677,0.0756756756757,0.124293785311,14,22,13,2013-11-11
678,0.0641711229947,0.11797752809,12,21,11,2013-11-12
679,0.0641711229947,0.11797752809,12,21,11,2013-11-13
680,0.0698924731183,0.130681818182,13,23,12,2013-11-14
681,0.0810810810811,0.123595505618,15,22,12,2013-11-15
682,0.0928961748634,0.0810810810811,17,15,8,2013-11-16
683,0.0869565217391,0.123595505618,16,22,12,2013-11-17
684,0.0695187165775,0.190476190476,13,32,11,2013-11-18
685,0.063829787234,0.212121212121,12,35,11,2013-11-19
686,0.0582010582011,0.142857142857,11,25,11,2013-11-20
687,0.0526315789474,0.129943502825,10,23,9,2013-11-21
688,0.0362694300518,0.0989010989011,7,18,6,2013-11-22
689,0.0471204188482,0.0309278350515,9,6,3,2013-11-23
690,0.0582010582011,0.0869565217391,11,16,6,2013-11-24
691,0.0526315789474,0.0928961748634,10,17,7,2013-11-25
692,0.0582010582011,0.0810810810811,11,15,7,2013-11-26
693,0.063829787234,0.162790697674,12,28,10,2013-11-27
694,0.0526315789474,0.117318435754,10,21,9,2013-11-28
695,0.063829787234,0.117318435754,12,21,10,2013-11-29
696,0.0869565217391,0.149425287356,16,26,11,2013-11-30
697,0.0989010989011,0.219512195122,18,36,16,2013-12-01
698,0.0810810810811,0.0928961748634,15,17,10,2013-12-02
699,0.0695187165775,0.0928961748634,13,17,9,2013-12-03
700,0.0582010582011,0.197604790419,11,33,10,2013-12-04
701,0.0416666666667,0.176470588235,8,30,7,2013-12-05
702,0.0471204188482,0.0928961748634,9,17,7,2013-12-06
703,0.063829787234,0.0810810810811,12,15,6,2013-12-07
704,0.063829787234,0.176470588235,12,30,10,2013-12-08
705,0.0695187165775,0.169590643275,13,29,11,2013-12-09
706,0.0529100529101,0.0641711229947,10,12,7,2013-12-10
707,0.0529100529101,0.0934065934066,10,17,4,2013-12-11
708,0.0471204188482,0.0989010989011,9,18,3,2013-12-12
709,0.0471204188482,0.063829787234,9,12,7,2013-12-13
710,0.0752688172043,0.111111111111,14,20,7,2013-12-14
711,0.123595505618,0.117318435754,22,21,15,2013-12-15
712,0.063829787234,0.0810810810811,12,15,9,2013-12-16
713,0.0752688172043,0.0752688172043,14,14,10,2013-12-17
714,0.0471204188482,0.0989010989011,9,18,8,2013-12-18
715,0.0471204188482,0.111111111111,9,20,8,2013-12-19
716,0.0529100529101,0.111731843575,10,20,9,2013-12-20
717,0.0418848167539,0.0698924731183,8,13,6,2013-12-21
718,0.0698924731183,0.0934065934066,13,17,10,2013-12-22
719,0.0641711229947,0.0815217391304,12,15,9,2013-12-23
720,0.0310880829016,0.0473684210526,6,9,4,2013-12-24
721,0.0310880829016,0.0473684210526,6,9,4,2013-12-25
722,0.0364583333333,0.0698924731183,7,13,6,2013-12-26
723,0.0585106382979,0.0698924731183,11,13,8,2013-12-27
724,0.0756756756757,0.0641711229947,14,12,8,2013-12-28
725,0.0529100529101,0.0529100529101,10,10,5,2013-12-29
726,0.0702702702703,0.0879120879121,13,16,8,2013-12-30
727,0.0531914893617,0.0819672131148,10,15,7,2013-12-31
728,0.0645161290323,0.0939226519337,12,17,9,2014-01-01
729,0.0418848167539,0.0698924731183,8,13,6,2014-01-02
730,0.0473684210526,0.0698924731183,9,13,8,2014-01-03
731,0.0698924731183,0.0874316939891,13,16,11,2014-01-04
732,0.0815217391304,0.0874316939891,15,16,12,2014-01-05
733,0.0874316939891,0.0994475138122,16,18,13,2014-01-06
734,0.0648648648649,0.0591397849462,12,11,8,2014-01-07
735,0.0588235294118,0.0588235294118,11,11,5,2014-01-08
736,0.0531914893617,0.0702702702703,10,13,8,2014-01-09
737,0.0645161290323,0.0819672131148,12,15,10,2014-01-10
738,0.0529100529101,0.0756756756757,10,14,8,2014-01-11
739,0.0815217391304,0.0529100529101,15,10,6,2014-01-12
740,0.0756756756757,0.0874316939891,14,16,11,2014-01-13
741,0.0869565217391,0.0928961748634,16,17,12,2014-01-14
742,0.0752688172043,0.0869565217391,14,16,12,2014-01-15
743,0.0752688172043,0.0869565217391,14,16,12,2014-01-16
744,0.063829787234,0.0526315789474,12,10,9,2014-01-17
745,0.0874316939891,0.0874316939891,16,16,11,2014-01-18
746,0.111731843575,0.0994475138122,20,18,13,2014-01-19
747,0.0994475138122,0.0698924731183,18,13,9,2014-01-20
748,0.0752688172043,0.0582010582011,14,11,8,2014-01-21
749,0.063829787234,0.0695187165775,12,13,8,2014-01-22
750,0.0416666666667,0.063829787234,8,12,6,2014-01-23
751,0.0416666666667,0.0582010582011,8,11,6,2014-01-24
752,0.0582010582011,0.063829787234,11,12,7,2014-01-25
753,0.0752688172043,0.0810810810811,14,15,11,2014-01-26
754,0.0582010582011,0.063829787234,11,12,8,2014-01-27
755,0.0526315789474,0.063829787234,10,12,6,2014-01-28
756,0.0529100529101,0.0473684210526,10,9,6,2014-01-29
757,0.0529100529101,0.0529100529101,10,10,5,2014-01-30
758,0.0698924731183,0.0257731958763,13,5,4,2014-01-31
759,0.063829787234,0.111111111111,12,20,10,2014-02-01
760,0.0752688172043,0.129943502825,14,23,11,2014-02-02
761,0.0526315789474,0.0309278350515,10,6,4,2014-02-03
762,0.0526315789474,0.0362694300518,10,7,5,2014-02-04
763,0.0471204188482,0.0309278350515,9,6,5,2014-02-05
764,0.0471204188482,0.0309278350515,9,6,5,2014-02-06
765,0.0582010582011,0.0416666666667,11,8,6,2014-02-07
766,0.0695187165775,0.0582010582011,13,11,7,2014-02-08
767,0.0695187165775,0.063829787234,13,12,8,2014-02-09
768,0.0695187165775,0.0582010582011,13,11,7,2014-02-10
769,0.063829787234,0.063829787234,12,12,9,2014-02-11
770,0.063829787234,0.063829787234,12,12,9,2014-02-12
771,0.063829787234,0.0810810810811,12,15,11,2014-02-13
772,0.063829787234,0.0869565217391,12,16,12,2014-02-14
773,0.0810810810811,0.104972375691,15,19,14,2014-02-15
774,0.0989010989011,0.129943502825,18,23,18,2014-02-16
775,0.0989010989011,0.111111111111,18,20,17,2014-02-17
776,0.0752688172043,0.0869565217391,14,16,13,2014-02-18
777,0.0810810810811,0.0928961748634,15,17,14,2014-02-19
778,0.0869565217391,0.0989010989011,16,18,15,2014-02-20
779,0.0869565217391,0.111111111111,16,20,15,2014-02-21
780,0.0989010989011,0.104972375691,18,19,13,2014-02-22
781,0.14367816092,0.14367816092,25,25,20,2014-02-23
782,0.123595505618,0.129943502825,22,23,19,2014-02-24
783,0.142857142857,0.156069364162,25,27,20,2014-02-25
784,0.111111111111,0.129943502825,20,23,18,2014-02-26
785,0.129943502825,0.234567901235,23,38,23,2014-02-27
786,0.111111111111,0.0989010989011,20,18,15,2014-02-28
787,0.0928961748634,0.117318435754,17,21,7,2014-03-01
788,0.0869565217391,0.136363636364,16,24,9,2014-03-02
789,0.0752688172043,0.129943502825,14,23,7,2014-03-03
790,0.0582010582011,0.123595505618,11,22,7,2014-03-04
791,0.0582010582011,0.129943502825,11,23,7,2014-03-05
792,0.0526315789474,0.156069364162,10,27,6,2014-03-06
793,0.0582010582011,0.149425287356,11,26,8,2014-03-07
794,0.063829787234,0.156069364162,12,27,9,2014-03-08
795,0.0582010582011,0.136363636364,11,24,7,2014-03-09
796,0.0471204188482,0.149425287356,9,26,8,2014-03-10
797,0.0416666666667,0.149425287356,8,26,8,2014-03-11
798,0.0471204188482,0.0989010989011,9,18,7,2014-03-12
799,0.0416666666667,0.0752688172043,8,14,5,2014-03-13
800,0.0526315789474,0.104972375691,10,19,8,2014-03-14
801,0.0526315789474,0.0752688172043,10,14,9,2014-03-15
802,0.063829787234,0.0869565217391,12,16,10,2014-03-16
803,0.063829787234,0.104972375691,12,19,8,2014-03-17
804,0.0582010582011,0.0695187165775,11,13,5,2014-03-18
805,0.0471204188482,0.0695187165775,9,13,8,2014-03-19
806,0.0582010582011,0.0810810810811,11,15,6,2014-03-20
807,0.0471204188482,0.0695187165775,9,13,8,2014-03-21
808,0.0752688172043,0.0928961748634,14,17,12,2014-03-22
809,0.0752688172043,0.0989010989011,14,18,11,2014-03-23
810,0.0752688172043,0.0928961748634,14,17,11,2014-03-24
811,0.0698924731183,0.0585106382979,13,11,6,2014-03-25
812,0.0698924731183,0.0815217391304,13,15,9,2014-03-26
813,0.0641711229947,0.0698924731183,12,13,8,2014-03-27
814,0.0585106382979,0.0874316939891,11,16,6,2014-03-28
815,0.105555555556,0.150289017341,19,26,17,2014-03-29
816,0.11797752809,0.14367816092,21,25,17,2014-03-30
817,0.104972375691,0.0928961748634,19,17,12,2014-03-31
818,0.0810810810811,0.0526315789474,15,10,8,2014-04-01
819,0.0869565217391,0.063829787234,16,12,9,2014-04-02
820,0.0928961748634,0.136363636364,17,24,15,2014-04-03
821,0.0928961748634,0.136363636364,17,24,15,2014-04-04
822,0.0928961748634,0.129943502825,17,23,14,2014-04-05
823,0.123595505618,0.0752688172043,22,14,7,2014-04-06
824,0.104972375691,0.0928961748634,19,17,12,2014-04-07
825,0.111111111111,0.104972375691,20,19,14,2014-04-08
826,0.0989010989011,0.129943502825,18,23,13,2014-04-09
827,0.0869565217391,0.104972375691,16,19,13,2014-04-10
828,0.0810810810811,0.111111111111,15,20,12,2014-04-11
829,0.0752688172043,0.123595505618,14,22,11,2014-04-12
830,0.0869565217391,0.136363636364,16,24,13,2014-04-13
831,0.0810810810811,0.123595505618,15,22,11,2014-04-14
832,0.0810810810811,0.162790697674,15,28,12,2014-04-15
833,0.063829787234,0.136363636364,12,24,9,2014-04-16
834,0.0695187165775,0.129943502825,13,23,10,2014-04-17
835,0.063829787234,0.0928961748634,12,17,9,2014-04-18
836,0.0695187165775,0.0928961748634,13,17,10,2014-04-19
837,0.0869565217391,0.0989010989011,16,18,11,2014-04-20
838,0.0756756756757,0.0994475138122,14,18,10,2014-04-21
839,0.0756756756757,0.0934065934066,14,17,10,2014-04-22
840,0.0756756756757,0.0874316939891,14,16,10,2014-04-23
841,0.0760869565217,0.0819672131148,14,15,9,2014-04-24
842,0.0756756756757,0.0756756756757,14,14,9,2014-04-25
843,0.0869565217391,0.0752688172043,16,14,12,2014-04-26
844,0.136363636364,0.0989010989011,24,18,15,2014-04-27
845,0.0989010989011,0.0869565217391,18,16,13,2014-04-28
846,0.0810810810811,0.0869565217391,15,16,12,2014-04-29
847,0.0810810810811,0.0752688172043,15,14,11,2014-04-30
848,0.0810810810811,0.0695187165775,15,13,10,2014-05-01
849,0.0752688172043,0.136363636364,14,24,12,2014-05-02
850,0.0869565217391,0.0752688172043,16,14,11,2014-05-03
851,0.123595505618,0.117318435754,22,21,16,2014-05-04
852,0.111111111111,0.0869565217391,20,16,14,2014-05-05
853,0.136363636364,0.0989010989011,24,18,17,2014-05-06
854,0.104972375691,0.190476190476,19,32,14,2014-05-07
855,0.111111111111,0.104972375691,20,19,15,2014-05-08
856,0.0928961748634,0.0752688172043,17,14,12,2014-05-09
857,0.0869565217391,0.063829787234,16,12,10,2014-05-10
858,0.0928961748634,0.0869565217391,17,16,12,2014-05-11
859,0.063829787234,0.0869565217391,12,16,8,2014-05-12
860,0.0582010582011,0.0810810810811,11,15,5,2014-05-13
861,0.0526315789474,0.0928961748634,10,17,4,2014-05-14
862,0.0471204188482,0.0810810810811,9,15,5,2014-05-15
863,0.0582010582011,0.0526315789474,11,10,8,2014-05-16
864,0.0752688172043,0.0695187165775,14,13,11,2014-05-17
865,0.0582010582011,0.0582010582011,11,11,9,2014-05-18
866,0.0526315789474,0.0526315789474,10,10,5,2014-05-19
867,0.0526315789474,0.25,10,40,8,2014-05-20
868,0.0471204188482,0.25786163522,9,41,8,2014-05-21
869,0.0526315789474,0.0526315789474,10,10,7,2014-05-22
870,0.0526315789474,0.273885350318,10,43,9,2014-05-23
871,0.0471204188482,0.290322580645,9,45,9,2014-05-24
872,0.063829787234,0.162790697674,12,28,10,2014-05-25
873,0.0695187165775,0.149425287356,13,26,11,2014-05-26
874,0.0752688172043,0.298701298701,14,46,12,2014-05-27
875,0.063829787234,0.25786163522,12,41,11,2014-05-28
876,0.063829787234,0.219512195122,12,36,10,2014-05-29
877,0.0582010582011,0.0526315789474,11,10,8,2014-05-30
878,0.0695187165775,0.149425287356,13,26,7,2014-05-31
879,0.0695187165775,0.104972375691,13,19,8,2014-06-01
880,0.0752688172043,0.0989010989011,14,18,8,2014-06-02
881,0.0928961748634,0.0989010989011,17,18,11,2014-06-03
882,0.0810810810811,0.0989010989011,15,18,8,2014-06-04
883,0.0810810810811,0.111111111111,15,20,8,2014-06-05
884,0.0810810810811,0.123595505618,15,22,8,2014-06-06
885,0.0874316939891,0.137142857143,16,24,9,2014-06-07
886,0.0934065934066,0.111731843575,17,20,11,2014-06-08
887,0.0815217391304,0.124293785311,15,22,8,2014-06-09
888,0.0698924731183,0.163742690058,13,28,8,2014-06-10
889,0.063829787234,0.129943502825,12,23,6,2014-06-11
890,0.0752688172043,0.129943502825,14,23,8,2014-06-12
891,0.0695187165775,0.104972375691,13,19,8,2014-06-13
892,0.0752688172043,0.123595505618,14,22,9,2014-06-14
893,0.0869565217391,0.149425287356,16,26,10,2014-06-15
894,0.0869565217391,0.142857142857,16,25,11,2014-06-16
895,0.0869565217391,0.129943502825,16,23,10,2014-06-17
896,0.0928961748634,0.104972375691,17,19,11,2014-06-18
897,0.0810810810811,0.104972375691,15,19,14,2014-06-19
898,0.0928961748634,0.117318435754,17,21,16,2014-06-20
899,0.0928961748634,0.0989010989011,17,18,11,2014-06-21
900,0.0989010989011,0.123595505618,18,22,12,2014-06-22
901,0.0989010989011,0.0928961748634,18,17,10,2014-06-23
902,0.0989010989011,0.117318435754,18,21,16,2014-06-24
903,0.0695187165775,0.0928961748634,13,17,11,2014-06-25
904,0.0752688172043,0.0928961748634,14,17,12,2014-06-26
905,0.063829787234,0.0695187165775,12,13,10,2014-06-27
906,0.0585106382979,0.0756756756757,11,14,7,2014-06-28
907,0.0752688172043,0.0810810810811,14,15,9,2014-06-29
908,0.063829787234,0.0810810810811,12,15,7,2014-06-30
909,0.063829787234,0.0810810810811,12,15,7,2014-07-01
910,0.0582010582011,0.0582010582011,11,11,8,2014-07-02
911,0.063829787234,0.0695187165775,12,13,9,2014-07-03
912,0.0582010582011,0.063829787234,11,12,7,2014-07-04
913,0.0810810810811,0.0869565217391,15,16,10,2014-07-05
914,0.111111111111,0.0928961748634,20,17,12,2014-07-06
915,0.0810810810811,0.0695187165775,15,13,8,2014-07-07
916,0.0810810810811,0.063829787234,15,12,9,2014-07-08
917,0.0810810810811,0.0752688172043,15,14,8,2014-07-09
918,0.0526315789474,0.063829787234,10,12,5,2014-07-10
919,0.0695187165775,0.0695187165775,13,13,5,2014-07-11
920,0.063829787234,0.0752688172043,12,14,6,2014-07-12
921,0.0928961748634,0.0869565217391,17,16,8,2014-07-13
922,0.063829787234,0.0471204188482,12,9,3,2014-07-14
923,0.0752688172043,0.0526315789474,14,10,5,2014-07-15
924,0.0752688172043,0.0582010582011,14,11,6,2014-07-16
925,0.0928961748634,0.0752688172043,17,14,9,2014-07-17
926,0.0928961748634,0.0869565217391,17,16,11,2014-07-18
927,0.0928961748634,0.0869565217391,17,16,10,2014-07-19
928,0.0989010989011,0.0928961748634,18,17,10,2014-07-20
929,0.0989010989011,0.0810810810811,18,15,10,2014-07-21
930,0.0752688172043,0.063829787234,14,12,10,2014-07-22
931,0.0695187165775,0.0695187165775,13,13,11,2014-07-23
932,0.0695187165775,0.0695187165775,13,13,10,2014-07-24
933,0.0695187165775,0.0752688172043,13,14,10,2014-07-25
934,0.0810810810811,0.117318435754,15,21,14,2014-07-26
935,0.0869565217391,0.104972375691,16,19,11,2014-07-27
936,0.0752688172043,0.0928961748634,14,17,10,2014-07-28
937,0.0695187165775,0.0928961748634,13,17,10,2014-07-29
938,0.0526315789474,0.0695187165775,10,13,7,2014-07-30
939,0.0582010582011,0.0928961748634,11,17,10,2014-07-31
940,0.0526315789474,0.0582010582011,10,11,7,2014-08-01
941,0.063829787234,0.0582010582011,12,11,7,2014-08-02
942,0.0752688172043,0.104972375691,14,19,11,2014-08-03
943,0.0582010582011,0.0928961748634,11,17,9,2014-08-04
944,0.0416666666667,0.0416666666667,8,8,5,2014-08-05
945,0.0471204188482,0.0752688172043,9,14,7,2014-08-06
946,0.0526315789474,0.0695187165775,10,13,7,2014-08-07
947,0.0752688172043,0.0582010582011,14,11,8,2014-08-08
948,0.0928961748634,0.0869565217391,17,16,11,2014-08-09
949,0.0810810810811,0.117318435754,15,21,11,2014-08-10
950,0.0869565217391,0.0752688172043,16,14,10,2014-08-11
951,0.0989010989011,0.0695187165775,18,13,11,2014-08-12
952,0.129943502825,0.111111111111,23,20,16,2014-08-13
953,0.123595505618,0.111111111111,22,20,16,2014-08-14
954,0.117318435754,0.0869565217391,21,16,13,2014-08-15
955,0.129943502825,0.123595505618,23,22,15,2014-08-16
956,0.136363636364,0.149425287356,24,26,18,2014-08-17
957,0.111111111111,0.123595505618,20,22,15,2014-08-18
958,0.104972375691,0.111111111111,19,20,14,2014-08-19
959,0.117318435754,0.0989010989011,21,18,14,2014-08-20
960,0.0695187165775,0.0869565217391,13,16,10,2014-08-21
961,0.0582010582011,0.0810810810811,11,15,8,2014-08-22
962,0.0695187165775,0.0695187165775,13,13,10,2014-08-23
963,0.0752688172043,0.0695187165775,14,13,9,2014-08-24
964,0.063829787234,0.063829787234,12,12,8,2014-08-25
965,0.0582010582011,0.063829787234,11,12,8,2014-08-26
966,0.0582010582011,0.063829787234,11,12,8,2014-08-27
967,0.0695187165775,0.0695187165775,13,13,9,2014-08-28
968,0.0869565217391,0.0695187165775,16,13,9,2014-08-29
969,0.0869565217391,0.0810810810811,16,15,11,2014-08-30
970,0.105555555556,0.0815217391304,19,15,12,2014-08-31
971,0.0815217391304,0.105555555556,15,19,10,2014-09-01
972,0.0994475138122,0.11797752809,18,21,11,2014-09-02
973,0.104972375691,0.117318435754,19,21,12,2014-09-03
974,0.104972375691,0.136363636364,19,24,15,2014-09-04
975,0.0928961748634,0.129943502825,17,23,13,2014-09-05
976,0.063829787234,0.129943502825,12,23,10,2014-09-06
977,0.0698924731183,0.130681818182,13,23,9,2014-09-07
978,0.0752688172043,0.142857142857,14,25,10,2014-09-08
979,0.111111111111,0.156069364162,20,27,15,2014-09-09
980,0.0928961748634,0.149425287356,17,26,13,2014-09-10
981,0.0989010989011,0.156069364162,18,27,15,2014-09-11
982,0.0989010989011,0.0869565217391,18,16,10,2014-09-12
983,0.0869565217391,0.123595505618,16,22,11,2014-09-13
984,0.0994475138122,0.14367816092,18,25,16,2014-09-14
985,0.0752688172043,0.123595505618,14,22,12,2014-09-15
986,0.0695187165775,0.0752688172043,13,14,8,2014-09-16
987,0.0471204188482,0.0752688172043,9,14,7,2014-09-17
988,0.0471204188482,0.0752688172043,9,14,7,2014-09-18
989,0.063829787234,0.0989010989011,12,18,8,2014-09-19
990,0.0989010989011,0.0989010989011,18,18,9,2014-09-20
991,0.136363636364,0.123595505618,24,22,17,2014-09-21
992,0.111731843575,0.124293785311,20,22,13,2014-09-22
993,0.0815217391304,0.0994475138122,15,18,9,2014-09-23
994,0.0879120879121,0.0760869565217,16,14,8,2014-09-24
995,0.063829787234,0.0582010582011,12,11,8,2014-09-25
996,0.0582010582011,0.0695187165775,11,13,8,2014-09-26
997,0.0695187165775,0.063829787234,13,12,9,2014-09-27
998,0.0989010989011,0.104972375691,18,19,13,2014-09-28
999,0.0698924731183,0.0585106382979,13,11,6,2014-09-29
1000,0.0526315789474,0.0416666666667,10,8,4,2014-09-30
1001,0.0471204188482,0.0526315789474,9,10,5,2014-10-01
1002,0.0695187165775,0.0869565217391,13,16,10,2014-10-02
1003,0.104972375691,0.0869565217391,19,16,12,2014-10-03
1004,0.0928961748634,0.111111111111,17,20,9,2014-10-04
1005,0.0989010989011,0.129943502825,18,23,12,2014-10-05
1006,0.0928961748634,0.129943502825,17,23,11,2014-10-06
1007,0.0695187165775,0.117318435754,13,21,10,2014-10-07
1008,0.0695187165775,0.129943502825,13,23,11,2014-10-08
1009,0.0752688172043,0.156069364162,14,27,11,2014-10-09
1010,0.0695187165775,0.0752688172043,13,14,4,2014-10-10
1011,0.063829787234,0.149425287356,12,26,11,2014-10-11
1012,0.0928961748634,0.149425287356,17,26,13,2014-10-12
1013,0.0752688172043,0.123595505618,14,22,12,2014-10-13
1014,0.0869565217391,0.129943502825,16,23,13,2014-10-14
1015,0.0810810810811,0.129943502825,15,23,12,2014-10-15
1016,0.0869565217391,0.129943502825,16,23,11,2014-10-16
1017,0.0810810810811,0.0989010989011,15,18,11,2014-10-17
1018,0.0752688172043,0.0989010989011,14,18,11,2014-10-18
1019,0.0582010582011,0.0695187165775,11,13,6,2014-10-19
1020,0.063829787234,0.0471204188482,12,9,4,2014-10-20
1021,0.0752688172043,0.0695187165775,14,13,9,2014-10-21
1022,0.063829787234,0.0869565217391,12,16,10,2014-10-22
1023,0.0810810810811,0.0989010989011,15,18,13,2014-10-23
1024,0.104972375691,0.123595505618,19,22,16,2014-10-24
1025,0.149425287356,0.142857142857,26,25,19,2014-10-25
1026,0.149425287356,0.0526315789474,26,10,9,2014-10-26
1027,0.123595505618,0.117318435754,22,21,15,2014-10-27
1028,0.0883977900552,0.0883977900552,16,16,12,2014-10-28
1029,0.063829787234,0.0752688172043,12,14,11,2014-10-29
1030,0.0526315789474,0.0582010582011,10,11,7,2014-10-30
1031,0.0648648648649,0.0765027322404,12,14,9,2014-10-31
1032,0.106145251397,0.047619047619,19,9,7,2014-11-01
1033,0.0994475138122,0.11797752809,18,21,11,2014-11-02
1034,0.0928961748634,0.0989010989011,17,18,13,2014-11-03
1035,0.0585106382979,0.0641711229947,11,12,7,2014-11-04
1036,0.025641025641,0.0416666666667,5,8,3,2014-11-05
1037,0.0416666666667,0.0471204188482,8,9,6,2014-11-06
1038,0.0582010582011,0.063829787234,11,12,7,2014-11-07
1039,0.0869565217391,0.136363636364,16,24,9,2014-11-08
1040,0.123595505618,0.0928961748634,22,17,13,2014-11-09
1041,0.0869565217391,0.0582010582011,16,11,7,2014-11-10
1042,0.0928961748634,0.0869565217391,17,16,11,2014-11-11
1043,0.104972375691,0.0928961748634,19,17,13,2014-11-12
1044,0.0928961748634,0.190476190476,17,32,11,2014-11-13
1045,0.0989010989011,0.117318435754,18,21,12,2014-11-14
1046,0.0928961748634,0.25786163522,17,41,12,2014-11-15
1047,0.0928961748634,0.290322580645,17,45,12,2014-11-16
1048,0.0869565217391,0.0989010989011,16,18,11,2014-11-17
1049,0.123595505618,0.26582278481,22,42,13,2014-11-18
1050,0.104972375691,0.242236024845,19,39,12,2014-11-19
1051,0.0928961748634,0.0752688172043,17,14,8,2014-11-20
1052,0.0869565217391,0.063829787234,16,12,7,2014-11-21
1053,0.0928961748634,0.129943502825,17,23,12,2014-11-22
1054,0.111111111111,0.117318435754,20,21,9,2014-11-23
1055,0.0989010989011,0.0989010989011,18,18,7,2014-11-24
1056,0.0810810810811,0.0810810810811,15,15,7,2014-11-25
1057,0.0695187165775,0.063829787234,13,12,5,2014-11-26
1058,0.0869565217391,0.0752688172043,16,14,7,2014-11-27
1059,0.0752688172043,0.111111111111,14,20,9,2014-11-28
1060,0.0869565217391,0.0989010989011,16,18,7,2014-11-29
1061,0.0989010989011,0.0989010989011,18,18,8,2014-11-30
1062,0.063829787234,0.0752688172043,12,14,6,2014-12-01
1063,0.0418848167539,0.0874316939891,8,16,6,2014-12-02
1064,0.0416666666667,0.0810810810811,8,15,5,2014-12-03
1065,0.0416666666667,0.0695187165775,8,13,6,2014-12-04
1066,0.0810810810811,0.104972375691,15,19,11,2014-12-05
1067,0.0752688172043,0.104972375691,14,19,12,2014-12-06
1068,0.0989010989011,0.129943502825,18,23,9,2014-12-07
1069,0.0810810810811,0.142857142857,15,25,10,2014-12-08
1070,0.063829787234,0.0869565217391,12,16,9,2014-12-09
1071,0.0416666666667,0.0752688172043,8,14,7,2014-12-10
1072,0.0309278350515,0.129943502825,6,23,5,2014-12-11
1073,0.0471204188482,0.123595505618,9,22,7,2014-12-12
1074,0.0416666666667,0.0810810810811,8,15,8,2014-12-13
1075,0.0526315789474,0.123595505618,10,22,7,2014-12-14
1076,0.0471204188482,0.123595505618,9,22,7,2014-12-15
1077,0.0362694300518,0.0695187165775,7,13,6,2014-12-16
1078,0.0309278350515,0.0582010582011,6,11,4,2014-12-17
1079,0.0416666666667,0.063829787234,8,12,6,2014-12-18
1080,0.0362694300518,0.0928961748634,7,17,5,2014-12-19
1081,0.0585106382979,0.0874316939891,11,16,5,2014-12-20
1082,0.0695187165775,0.0928961748634,13,17,7,2014-12-21
1083,0.0585106382979,0.0641711229947,11,12,5,2014-12-22
1084,0.0698924731183,0.0585106382979,13,11,8,2014-12-23
1085,0.0698924731183,0.0698924731183,13,13,7,2014-12-24
1086,0.0756756756757,0.0641711229947,14,12,9,2014-12-25
1087,0.0928961748634,0.0810810810811,17,15,12,2014-12-26
1088,0.0152284263959,0.025641025641,3,5,2,2014-12-27
1089,0.0934065934066,0.0641711229947,17,12,10,2014-12-28
1090,0.0641711229947,0.0473684210526,12,9,8,2014-12-29
1091,0.0810810810811,0.0695187165775,15,13,11,2014-12-30
1092,0.0869565217391,0.0582010582011,16,11,7,2014-12-31
1093,0.106145251397,0.0760869565217,19,14,12,2015-01-01
1094,0.111731843575,0.0756756756757,20,14,12,2015-01-02
1095,0.118644067797,0.0939226519337,21,17,14,2015-01-03
1096,0.112994350282,0.0883977900552,20,16,13,2015-01-04
1097,0.0944444444444,0.0648648648649,17,12,9,2015-01-05
1098,0.0765027322404,0.0765027322404,14,14,8,2015-01-06
1099,0.0531914893617,0.0645161290323,10,12,10,2015-01-07
1100,0.047619047619,0.0702702702703,9,13,9,2015-01-08
1101,0.0645161290323,0.112359550562,12,20,11,2015-01-09
1102,0.0702702702703,0.106145251397,13,19,10,2015-01-10
1103,0.0994475138122,0.105555555556,18,19,9,2015-01-11
1104,0.0815217391304,0.0934065934066,15,17,8,2015-01-12
1105,0.0756756756757,0.0994475138122,14,18,8,2015-01-13
1106,0.0418848167539,0.0815217391304,8,15,4,2015-01-14
1107,0.0473684210526,0.0756756756757,9,14,5,2015-01-15
1108,0.0585106382979,0.0815217391304,11,15,6,2015-01-16
1109,0.0695187165775,0.0810810810811,13,15,8,2015-01-17
1110,0.0928961748634,0.104972375691,17,19,10,2015-01-18
1111,0.0752688172043,0.0928961748634,14,17,8,2015-01-19
1112,0.0810810810811,0.0928961748634,15,17,10,2015-01-20
1113,0.0928961748634,0.104972375691,17,19,10,2015-01-21
1114,0.0928961748634,0.117318435754,17,21,12,2015-01-22
1115,0.0989010989011,0.117318435754,18,21,13,2015-01-23
1116,0.0934065934066,0.124293785311,17,22,13,2015-01-24
1117,0.11797752809,0.137142857143,21,24,14,2015-01-25
1118,0.105555555556,0.14367816092,19,25,13,2015-01-26
1119,0.104972375691,0.123595505618,19,22,14,2015-01-27
1120,0.123595505618,0.123595505618,22,22,15,2015-01-28
1121,0.123595505618,0.111111111111,22,20,15,2015-01-29
1122,0.117318435754,0.117318435754,21,21,15,2015-01-30
1123,0.104972375691,0.136363636364,19,24,15,2015-01-31
1124,0.129943502825,0.123595505618,23,22,17,2015-02-01
1125,0.129943502825,0.142857142857,23,25,17,2015-02-02
1126,0.0989010989011,0.123595505618,18,22,14,2015-02-03
1127,0.0752688172043,0.129943502825,14,23,11,2015-02-04
1128,0.063829787234,0.0989010989011,12,18,9,2015-02-05
1129,0.063829787234,0.0989010989011,12,18,9,2015-02-06
1130,0.104972375691,0.156069364162,19,27,15,2015-02-07
1131,0.136363636364,0.183431952663,24,31,17,2015-02-08
1132,0.0928961748634,0.0695187165775,17,13,8,2015-02-09
1133,0.0989010989011,0.129943502825,18,23,11,2015-02-10
1134,0.0869565217391,0.104972375691,16,19,9,2015-02-11
1135,0.0810810810811,0.0989010989011,15,18,9,2015-02-12
1136,0.0752688172043,0.0989010989011,14,18,9,2015-02-13
1137,0.104972375691,0.117318435754,19,21,13,2015-02-14
1138,0.129943502825,0.324503311258,23,49,22,2015-02-15
1139,0.136363636364,0.156069364162,24,27,13,2015-02-16
1140,0.0928961748634,0.0471204188482,17,9,8,2015-02-17
1141,0.104972375691,0.0810810810811,19,15,9,2015-02-18
1142,0.0810810810811,0.0989010989011,15,18,12,2015-02-19
1143,0.105555555556,0.0994475138122,19,18,14,2015-02-20
1144,0.0994475138122,0.198795180723,18,33,12,2015-02-21
1145,0.105555555556,0.0756756756757,19,14,10,2015-02-22
1146,0.0874316939891,0.0641711229947,16,12,9,2015-02-23
1147,0.0641711229947,0.0418848167539,12,8,6,2015-02-24
1148,0.0418848167539,0.163742690058,8,28,8,2015-02-25
1149,0.0473684210526,0.156976744186,9,27,9,2015-02-26
1150,0.0364583333333,0.0257731958763,7,5,3,2015-02-27
1151,0.0529100529101,0.0364583333333,10,7,5,2015-02-28
1152,0.0815217391304,0.124293785311,15,22,9,2015-03-01
1153,0.0756756756757,0.130681818182,14,23,8,2015-03-02
1154,0.0810810810811,0.117318435754,15,21,10,2015-03-03
1155,0.0810810810811,0.149425287356,15,26,14,2015-03-04
1156,0.0810810810811,0.190476190476,15,32,13,2015-03-05
1157,0.0869565217391,0.204819277108,16,34,14,2015-03-06
1158,0.0928961748634,0.226993865031,17,37,14,2015-03-07
1159,0.129943502825,0.0989010989011,23,18,14,2015-03-08
1160,0.0928961748634,0.190476190476,17,32,13,2015-03-09
1161,0.0928961748634,0.197604790419,17,33,13,2015-03-10
1162,0.0989010989011,0.190476190476,18,32,14,2015-03-11
1163,0.0874316939891,0.150289017341,16,26,11,2015-03-12
1164,0.0756756756757,0.0698924731183,14,13,7,2015-03-13
1165,0.0994475138122,0.124293785311,18,22,8,2015-03-14
1166,0.0928961748634,0.111111111111,17,20,6,2015-03-15
1167,0.0695187165775,0.0810810810811,13,15,10,2015-03-16
1168,0.0471204188482,0.0695187165775,9,13,7,2015-03-17
1169,0.0471204188482,0.063829787234,9,12,6,2015-03-18
1170,0.0582010582011,0.0869565217391,11,16,9,2015-03-19
1171,0.0526315789474,0.0810810810811,10,15,6,2015-03-20
1172,0.0416666666667,0.0810810810811,8,15,6,2015-03-21
1173,0.0810810810811,0.104972375691,15,19,11,2015-03-22
1174,0.0582010582011,0.0989010989011,11,18,5,2015-03-23
1175,0.0362694300518,0.0989010989011,7,18,3,2015-03-24
1176,0.0309278350515,0.0810810810811,6,15,3,2015-03-25
1177,0.0362694300518,0.0695187165775,7,13,5,2015-03-26
1178,0.0418848167539,0.0756756756757,8,14,6,2015-03-27
1179,0.0815217391304,0.0934065934066,15,17,11,2015-03-28
1180,0.0928961748634,0.0869565217391,17,16,12,2015-03-29
1181,0.0928961748634,0.156069364162,17,27,13,2015-03-30
1182,0.104972375691,0.204819277108,19,34,17,2015-03-31
1183,0.104972375691,0.176470588235,19,30,17,2015-04-01
1184,0.104972375691,0.0695187165775,19,13,7,2015-04-02
1185,0.129943502825,0.104972375691,23,19,16,2015-04-03
1186,0.150289017341,0.137142857143,26,24,20,2015-04-04
1187,0.136363636364,0.117318435754,24,21,17,2015-04-05
1188,0.117318435754,0.0810810810811,21,15,14,2015-04-06
1189,0.111111111111,0.0582010582011,20,11,4,2015-04-07
1190,0.117318435754,0.063829787234,21,12,5,2015-04-08
1191,0.0989010989011,0.0582010582011,18,11,11,2015-04-09
1192,0.0810810810811,0.0582010582011,15,11,9,2015-04-10
1193,0.0810810810811,0.0582010582011,15,11,9,2015-04-11
1194,0.123595505618,0.0928961748634,22,17,14,2015-04-12
1195,0.0989010989011,0.0928961748634,18,17,9,2015-04-13
1196,0.0752688172043,0.0810810810811,14,15,8,2015-04-14
1197,0.0752688172043,0.0928961748634,14,17,9,2015-04-15
1198,0.0471204188482,0.0582010582011,9,11,3,2015-04-16
1199,0.0582010582011,0.0416666666667,11,8,7,2015-04-17
1200,0.0989010989011,0.0752688172043,18,14,13,2015-04-18
1201,0.136363636364,0.169590643275,24,29,19,2015-04-19
1202,0.111111111111,0.142857142857,20,25,16,2015-04-20
1203,0.0989010989011,0.104972375691,18,19,14,2015-04-21
1204,0.0810810810811,0.0810810810811,15,15,11,2015-04-22
1205,0.0752688172043,0.0752688172043,14,14,11,2015-04-23
1206,0.0928961748634,0.0752688172043,17,14,13,2015-04-24
1207,0.111111111111,0.0989010989011,20,18,15,2015-04-25
1208,0.117318435754,0.117318435754,21,21,17,2015-04-26
1209,0.0989010989011,0.0928961748634,18,17,14,2015-04-27
1210,0.0810810810811,0.0869565217391,15,16,10,2015-04-28
1211,0.0869565217391,0.117318435754,16,21,10,2015-04-29
1212,0.0695187165775,0.0928961748634,13,17,10,2015-04-30
1213,0.0810810810811,0.0869565217391,15,16,11,2015-05-01
1214,0.117318435754,0.149425287356,21,26,15,2015-05-02
1215,0.123595505618,0.162790697674,22,28,16,2015-05-03
1216,0.0752688172043,0.0582010582011,14,11,6,2015-05-04
1217,0.0752688172043,0.0989010989011,14,18,10,2015-05-05
1218,0.0526315789474,0.0752688172043,10,14,7,2015-05-06
1219,0.0582010582011,0.0869565217391,11,16,8,2015-05-07
1220,0.0416666666667,0.0695187165775,8,13,6,2015-05-08
1221,0.063829787234,0.0695187165775,12,13,9,2015-05-09
1222,0.0869565217391,0.0752688172043,16,14,10,2015-05-10
1223,0.0695187165775,0.0362694300518,13,7,6,2015-05-11
1224,0.0810810810811,0.0471204188482,15,9,7,2015-05-12
1225,0.0752688172043,0.0752688172043,14,14,10,2015-05-13
1226,0.063829787234,0.0471204188482,12,9,4,2015-05-14
1227,0.0752688172043,0.0695187165775,14,13,7,2015-05-15
1228,0.0869565217391,0.104972375691,16,19,13,2015-05-16
1229,0.111111111111,0.129943502825,20,23,16,2015-05-17
1230,0.0989010989011,0.123595505618,18,22,15,2015-05-18
1231,0.104972375691,0.0810810810811,19,15,8,2015-05-19
1232,0.104972375691,0.129943502825,19,23,14,2015-05-20
1233,0.0928961748634,0.117318435754,17,21,12,2015-05-21
1234,0.0810810810811,0.117318435754,15,21,12,2015-05-22
1235,0.0928961748634,0.129943502825,17,23,13,2015-05-23
1236,0.104972375691,0.123595505618,19,22,14,2015-05-24
1237,0.0989010989011,0.136363636364,18,24,15,2015-05-25
1238,0.0928961748634,0.136363636364,17,24,14,2015-05-26
1239,0.0869565217391,0.0471204188482,16,9,8,2015-05-27
1240,0.0695187165775,0.111111111111,13,20,12,2015-05-28
1241,0.0582010582011,0.0810810810811,11,15,9,2015-05-29
1242,0.0582010582011,0.0526315789474,11,10,4,2015-05-30
1243,0.0752688172043,0.0869565217391,14,16,9,2015-05-31
1244,0.0416666666667,0.169590643275,8,29,5,2015-06-01
1245,0.0362694300518,0.273885350318,7,43,6,2015-06-02
1246,0.0416666666667,0.324503311258,8,49,7,2015-06-03
1247,0.0362694300518,0.342281879195,7,51,6,2015-06-04
1248,0.0810810810811,0.104972375691,15,19,11,2015-06-05
1249,0.0695187165775,0.315789473684,13,48,8,2015-06-06
1250,0.104972375691,0.273885350318,19,43,9,2015-06-07
1251,0.0752688172043,0.0928961748634,14,17,10,2015-06-08
1252,0.0752688172043,0.0810810810811,14,15,11,2015-06-09
1253,0.0752688172043,0.0989010989011,14,18,12,2015-06-10
1254,0.0815217391304,0.0994475138122,15,18,12,2015-06-11
1255,0.0698924731183,0.0874316939891,13,16,10,2015-06-12
1256,0.0928961748634,0.123595505618,17,22,16,2015-06-13
1257,0.104972375691,0.104972375691,19,19,13,2015-06-14
1258,0.123595505618,0.123595505618,22,22,17,2015-06-15
1259,0.111111111111,0.123595505618,20,22,16,2015-06-16
1260,0.111731843575,0.124293785311,20,22,13,2015-06-17
1261,0.0994475138122,0.111731843575,18,20,15,2015-06-18
1262,0.0756756756757,0.11797752809,14,21,11,2015-06-19
1263,0.0874316939891,0.0994475138122,16,18,7,2015-06-20
1264,0.111731843575,0.267515923567,20,42,17,2015-06-21
1265,0.0874316939891,0.0874316939891,16,16,8,2015-06-22
1266,0.0994475138122,0.0934065934066,18,17,10,2015-06-23
1267,0.0928961748634,0.104972375691,17,19,10,2015-06-24
1268,0.0928961748634,0.0989010989011,17,18,11,2015-06-25
1269,0.0994475138122,0.111731843575,18,20,13,2015-06-26
1270,0.124293785311,0.130681818182,22,23,12,2015-06-27
1271,0.137142857143,0.137142857143,24,24,13,2015-06-28
1272,0.131428571429,0.112359550562,23,20,11,2015-06-29
1273,0.123595505618,0.129943502825,22,23,16,2015-06-30
1274,0.063829787234,0.0471204188482,12,9,4,2015-07-01
1275,0.0582010582011,0.0526315789474,11,10,4,2015-07-02
1276,0.063829787234,0.0309278350515,12,6,4,2015-07-03
1277,0.0752688172043,0.0471204188482,14,9,6,2015-07-04
1278,0.0526315789474,0.0526315789474,10,10,6,2015-07-05
1279,0.0695187165775,0.0526315789474,13,10,8,2015-07-06
1280,0.063829787234,0.0471204188482,12,9,7,2015-07-07
1281,0.0641711229947,0.0473684210526,12,9,7,2015-07-08
1282,0.0585106382979,0.0418848167539,11,8,5,2015-07-09
1283,0.063829787234,0.0416666666667,12,8,5,2015-07-10
1284,0.0752688172043,0.0695187165775,14,13,9,2015-07-11
1285,0.0810810810811,0.0810810810811,15,15,9,2015-07-12
1286,0.0471204188482,0.0810810810811,9,15,7,2015-07-13
1287,0.0416666666667,0.0309278350515,8,6,4,2015-07-14
1288,0.0471204188482,0.0752688172043,9,14,8,2015-07-15
1289,0.0471204188482,0.025641025641,9,5,4,2015-07-16
1290,0.025641025641,0.0152284263959,5,3,2,2015-07-17
1291,0.0362694300518,0.0869565217391,7,16,6,2015-07-18
1292,0.0309278350515,0.0928961748634,6,17,6,2015-07-19
1293,0.025641025641,0.025641025641,5,5,1,2015-07-20
1294,0.0309278350515,0.0869565217391,6,16,5,2015-07-21
1295,0.0362694300518,0.0810810810811,7,15,6,2015-07-22
1296,0.0362694300518,0.0695187165775,7,13,6,2015-07-23
1297,0.0869565217391,0.111111111111,16,20,13,2015-07-24
1298,0.0752688172043,0.0810810810811,14,15,10,2015-07-25
1299,0.0989010989011,0.0869565217391,18,16,13,2015-07-26
1300,0.0869565217391,0.0752688172043,16,14,11,2015-07-27
1301,0.0698924731183,0.0756756756757,13,14,8,2015-07-28
1302,0.0810810810811,0.117318435754,15,21,12,2015-07-29
1303,0.0695187165775,0.0810810810811,13,15,8,2015-07-30
1304,0.0695187165775,0.0928961748634,13,17,8,2015-07-31
1305,0.0752688172043,0.104972375691,14,19,10,2015-08-01
1306,0.0810810810811,0.111111111111,15,20,11,2015-08-02
1307,0.0526315789474,0.063829787234,10,12,6,2015-08-03
1308,0.063829787234,0.0582010582011,12,11,4,2015-08-04
1309,0.0471204188482,0.0471204188482,9,9,3,2015-08-05
1310,0.0582010582011,0.0810810810811,11,15,7,2015-08-06
1311,0.0526315789474,0.0989010989011,10,18,7,2015-08-07
1312,0.0362694300518,0.111111111111,7,20,7,2015-08-08
1313,0.0582010582011,0.117318435754,11,21,9,2015-08-09
1314,0.0526315789474,0.0752688172043,10,14,6,2015-08-10
1315,0.0526315789474,0.0810810810811,10,15,7,2015-08-11
1316,0.0471204188482,0.0810810810811,9,15,7,2015-08-12
1317,0.0471204188482,0.0989010989011,9,18,8,2015-08-13
1318,0.0526315789474,0.117318435754,10,21,8,2015-08-14
1319,0.0810810810811,0.142857142857,15,25,11,2015-08-15
1320,0.0869565217391,0.117318435754,16,21,11,2015-08-16
1321,0.0810810810811,0.123595505618,15,22,11,2015-08-17
1322,0.0869565217391,0.117318435754,16,21,11,2015-08-18
1323,0.0695187165775,0.0928961748634,13,17,9,2015-08-19
1324,0.0989010989011,0.104972375691,18,19,11,2015-08-20
1325,0.0810810810811,0.0989010989011,15,18,9,2015-08-21
1326,0.104972375691,0.111111111111,19,20,14,2015-08-22
1327,0.111111111111,0.117318435754,20,21,12,2015-08-23
1328,0.0928961748634,0.0989010989011,17,18,13,2015-08-24
1329,0.0989010989011,0.123595505618,18,22,14,2015-08-25
1330,0.111111111111,0.123595505618,20,22,16,2015-08-26
1331,0.0989010989011,0.104972375691,18,19,14,2015-08-27
1332,0.0989010989011,0.0928961748634,18,17,15,2015-08-28
1333,0.0928961748634,0.063829787234,17,12,12,2015-08-29
1334,0.0810810810811,0.0582010582011,15,11,11,2015-08-30
1335,0.0695187165775,0.142857142857,13,25,12,2015-08-31
1336,0.0752688172043,0.0989010989011,14,18,8,2015-09-01
1337,0.0810810810811,0.0928961748634,15,17,8,2015-09-02
1338,0.063829787234,0.0989010989011,12,18,7,2015-09-03
1339,0.0752688172043,0.123595505618,14,22,10,2015-09-04
1340,0.0928961748634,0.123595505618,17,22,11,2015-09-05
1341,0.111111111111,0.142857142857,20,25,13,2015-09-06
1342,0.0989010989011,0.111111111111,18,20,11,2015-09-07
1343,0.111111111111,0.0869565217391,20,16,10,2015-09-08
1344,0.0752688172043,0.0928961748634,14,17,9,2015-09-09
1345,0.0752688172043,0.0989010989011,14,18,9,2015-09-10
1346,0.0810810810811,0.0869565217391,15,16,9,2015-09-11
1347,0.0928961748634,0.136363636364,17,24,10,2015-09-12
1348,0.0695187165775,0.0928961748634,13,17,7,2015-09-13
1349,0.0416666666667,0.111111111111,8,20,8,2015-09-14
1350,0.0362694300518,0.0752688172043,7,14,2,2015-09-15
1351,0.0416666666667,0.0869565217391,8,16,3,2015-09-16
1352,0.0309278350515,0.0869565217391,6,16,3,2015-09-17
1353,0.0309278350515,0.0810810810811,6,15,2,2015-09-18
1354,0.0471204188482,0.129943502825,9,23,7,2015-09-19
1355,0.063829787234,0.123595505618,12,22,8,2015-09-20
1356,0.0416666666667,0.0752688172043,8,14,6,2015-09-21
1357,0.0416666666667,0.111111111111,8,20,6,2015-09-22
1358,0.063829787234,0.129943502825,12,23,8,2015-09-23
1359,0.0416666666667,0.0989010989011,8,18,5,2015-09-24
1360,0.025641025641,0.0752688172043,5,14,2,2015-09-25
1361,0.0416666666667,0.0471204188482,8,9,3,2015-09-26
1362,0.0309278350515,0.063829787234,6,12,5,2015-09-27
1363,0.0810810810811,0.111111111111,15,20,13,2015-09-28
1364,0.0416666666667,0.0810810810811,8,15,8,2015-09-29
1365,0.0928961748634,0.111111111111,17,20,14,2015-09-30
1366,0.063829787234,0.0471204188482,12,9,5,2015-10-01
1367,0.0810810810811,0.117318435754,15,21,14,2015-10-02
1368,0.123595505618,0.129943502825,22,23,18,2015-10-03
1369,0.117318435754,0.129943502825,21,23,16,2015-10-04
1370,0.0989010989011,0.0989010989011,18,18,15,2015-10-05
1371,0.0695187165775,0.104972375691,13,19,12,2015-10-06
1372,0.0869565217391,0.0416666666667,16,8,7,2015-10-07
1373,0.063829787234,0.0309278350515,12,6,5,2015-10-08
1374,0.0695187165775,0.0928961748634,13,17,10,2015-10-09
1375,0.0810810810811,0.0582010582011,15,11,7,2015-10-10
1376,0.0869565217391,0.063829787234,16,12,8,2015-10-11
1377,0.0695187165775,0.0810810810811,13,15,9,2015-10-12
1378,0.0526315789474,0.063829787234,10,12,6,2015-10-13
1379,0.0526315789474,0.162790697674,10,28,7,2015-10-14
1380,0.0471204188482,0.0526315789474,9,10,5,2015-10-15
1381,0.0416666666667,0.129943502825,8,23,5,2015-10-16
1382,0.0362694300518,0.136363636364,7,24,5,2015-10-17
1383,0.0526315789474,0.142857142857,10,25,7,2015-10-18
1384,0.0362694300518,0.149425287356,7,26,6,2015-10-19
1385,0.0526315789474,0.0309278350515,10,6,5,2015-10-20
1386,0.063829787234,0.176470588235,12,30,8,2015-10-21
1387,0.0471204188482,0.156069364162,9,27,8,2015-10-22
1388,0.0582010582011,0.0362694300518,11,7,7,2015-10-23
1389,0.0752688172043,0.0869565217391,14,16,9,2015-10-24
1390,0.0752688172043,0.0471204188482,14,9,7,2015-10-25
1391,0.0810810810811,0.0989010989011,15,18,11,2015-10-26
1392,0.0752688172043,0.104972375691,14,19,12,2015-10-27
1393,0.0874316939891,0.0529100529101,16,10,8,2015-10-28
1394,0.0752688172043,0.0989010989011,14,18,12,2015-10-29
1395,0.0752688172043,0.0752688172043,14,14,10,2015-10-30
1396,0.0934065934066,0.0874316939891,17,16,12,2015-10-31
1397,0.0810810810811,0.0869565217391,15,16,8,2015-11-01
1398,0.0752688172043,0.0471204188482,14,9,5,2015-11-02
1399,0.063829787234,0.0810810810811,12,15,8,2015-11-03
1400,0.063829787234,0.0752688172043,12,14,9,2015-11-04
1401,0.0752688172043,0.0416666666667,14,8,6,2015-11-05
1402,0.0810810810811,0.123595505618,15,22,13,2015-11-06
1403,0.0695187165775,0.117318435754,13,21,11,2015-11-07
1404,0.0582010582011,0.111111111111,11,20,9,2015-11-08
1405,0.0526315789474,0.123595505618,10,22,9,2015-11-09
1406,0.0526315789474,0.111111111111,10,20,8,2015-11-10
1407,0.0362694300518,0.0309278350515,7,6,5,2015-11-11
1408,0.0309278350515,0.0362694300518,6,7,5,2015-11-12
1409,0.0526315789474,0.176470588235,10,30,9,2015-11-13
1410,0.0695187165775,0.0416666666667,13,8,6,2015-11-14
1411,0.0695187165775,0.0582010582011,13,11,6,2015-11-15
1412,0.0695187165775,0.219512195122,13,36,13,2015-11-16
1413,0.0695187165775,0.063829787234,13,12,8,2015-11-17
1414,0.0695187165775,0.204819277108,13,34,13,2015-11-18
1415,0.063829787234,0.190476190476,12,32,12,2015-11-19
1416,0.0695187165775,0.063829787234,13,12,8,2015-11-20
1417,0.0752688172043,0.063829787234,14,12,6,2015-11-21
1418,0.0752688172043,0.162790697674,14,28,13,2015-11-22
1419,0.0752688172043,0.169590643275,14,29,13,2015-11-23
1420,0.0752688172043,0.183431952663,14,31,14,2015-11-24
1421,0.0928961748634,0.298701298701,17,46,11,2015-11-25
1422,0.063829787234,0.333333333333,12,50,12,2015-11-26
1423,0.0585106382979,0.0698924731183,11,13,2,2015-11-27
1424,0.0585106382979,0.326666666667,11,49,10,2015-11-28
1425,0.0585106382979,0.0756756756757,11,14,8,2015-11-29
1426,0.0529100529101,0.0698924731183,10,13,7,2015-11-30
1427,0.0529100529101,0.0473684210526,10,9,6,2015-12-01
1428,0.0529100529101,0.0698924731183,10,13,4,2015-12-02
1429,0.0310880829016,0.0815217391304,6,15,4,2015-12-03
1430,0.0310880829016,0.0418848167539,6,8,4,2015-12-04
1431,0.0257731958763,0.0473684210526,5,9,4,2015-12-05
1432,0.0205128205128,0.0473684210526,4,9,4,2015-12-06
1433,0.0204081632653,0.0416666666667,4,8,4,2015-12-07
1434,0.0309278350515,0.0582010582011,6,11,6,2015-12-08
1435,0.025641025641,0.0471204188482,5,9,4,2015-12-09
1436,0.0362694300518,0.0416666666667,7,8,5,2015-12-10
1437,0.0471204188482,0.0752688172043,9,14,8,2015-12-11
1438,0.0418848167539,0.0641711229947,8,12,7,2015-12-12
1439,0.0752688172043,0.0989010989011,14,18,11,2015-12-13
1440,0.0641711229947,0.130681818182,12,23,10,2015-12-14
1441,0.0815217391304,0.111731843575,15,20,13,2015-12-15
1442,0.063829787234,0.123595505618,12,22,10,2015-12-16
1443,0.063829787234,0.0989010989011,12,18,10,2015-12-17
1444,0.063829787234,0.0989010989011,12,18,10,2015-12-18
1445,0.0695187165775,0.0928961748634,13,17,10,2015-12-19
1446,0.0698924731183,0.0934065934066,13,17,10,2015-12-20
1447,0.0641711229947,0.0934065934066,12,17,7,2015-12-21
1448,0.0585106382979,0.0529100529101,11,10,5,2015-12-22
1449,0.0471204188482,0.0752688172043,9,14,7,2015-12-23
1450,0.0257731958763,0.0473684210526,5,9,4,2015-12-24
1451,0.025641025641,0.0695187165775,5,13,3,2015-12-25
1452,0.0204081632653,0.0582010582011,4,11,2,2015-12-26
1453,0.0309278350515,0.0416666666667,6,8,6,2015-12-27
1454,0.0416666666667,0.0582010582011,8,11,7,2015-12-28
1455,0.0416666666667,0.0526315789474,8,10,6,2015-12-29
1456,0.0582010582011,0.0582010582011,11,11,6,2015-12-30
1457,0.0471204188482,0.0416666666667,9,8,6,2015-12-31
